solid OpenSCAD_Model
  facet normal -0 0 -1
    outer loop
      vertex 5.68019 -22.2548 0
      vertex 4.88899 -22.4744 0
      vertex 5.10687 -20.0085 0
    endloop
  endfacet
  facet normal 0 0 -1
    outer loop
      vertex 7.3931 -21.7794 0
      vertex 7.9024 -19.0781 0
      vertex 8.78801 -21.2161 0
    endloop
  endfacet
  facet normal 0 0 -1
    outer loop
      vertex 6.52126 -19.5932 0
      vertex 7.9024 -19.0781 0
      vertex 7.3931 -21.7794 0
    endloop
  endfacet
  facet normal 0 0 -1
    outer loop
      vertex 6.52126 -19.5932 0
      vertex 7.3931 -21.7794 0
      vertex 7.26106 -21.816 0
    endloop
  endfacet
  facet normal 0 0 -1
    outer loop
      vertex 5.70554 -16.808 0
      vertex 7.9024 -19.0781 0
      vertex 6.52126 -19.5932 0
    endloop
  endfacet
  facet normal 0 0 -1
    outer loop
      vertex 5.70554 -16.808 0
      vertex 6.52126 -19.5932 0
      vertex 5.81776 -19.8135 0
    endloop
  endfacet
  facet normal 0 0 -1
    outer loop
      vertex 7.9024 -19.0781 0
      vertex 5.70554 -16.808 0
      vertex 7.56522 -16.0571 0
    endloop
  endfacet
  facet normal 0 0 -1
    outer loop
      vertex 3.77303 -17.3443 0
      vertex 5.81776 -19.8135 0
      vertex 5.10687 -20.0085 0
    endloop
  endfacet
  facet normal 0 0 -1
    outer loop
      vertex 5.81776 -19.8135 0
      vertex 3.77303 -17.3443 0
      vertex 5.70554 -16.808 0
    endloop
  endfacet
  facet normal 0 0 -1
    outer loop
      vertex 3.77303 -17.3443 0
      vertex 5.10687 -20.0085 0
      vertex 4.88899 -22.4744 0
    endloop
  endfacet
  facet normal -0 0 -1
    outer loop
      vertex 11.7262 19.7635 0
      vertex 10.5371 17.7593 0
      vertex 10.2842 20.5453 0
    endloop
  endfacet
  facet normal -0 0 -1
    outer loop
      vertex 11.7262 -19.7635 0
      vertex 10.2842 -20.5453 0
      vertex 10.5371 -17.7593 0
    endloop
  endfacet
  facet normal 0 0 -1
    outer loop
      vertex 11.7772 -16.9623 0
      vertex 14.2177 -18.0792 0
      vertex 13.0965 -18.8626 0
    endloop
  endfacet
  facet normal 0 0 -1
    outer loop
      vertex 14.2177 -18.0792 0
      vertex 12.9572 -16.0789 0
      vertex 14.4231 -17.898 0
    endloop
  endfacet
  facet normal 0 0 -1
    outer loop
      vertex 14.2177 -18.0792 0
      vertex 11.7772 -16.9623 0
      vertex 12.9572 -16.0789 0
    endloop
  endfacet
  facet normal 0 0 -1
    outer loop
      vertex 10.9723 -13.9524 0
      vertex 12.9572 -16.0789 0
      vertex 11.7772 -16.9623 0
    endloop
  endfacet
  facet normal 0 0 -1
    outer loop
      vertex 9.32831 -15.1012 0
      vertex 11.7772 -16.9623 0
      vertex 11.1642 -17.3719 0
    endloop
  endfacet
  facet normal 0 0 -1
    outer loop
      vertex 12.9572 -16.0789 0
      vertex 10.9723 -13.9524 0
      vertex 12.4762 -12.6256 0
    endloop
  endfacet
  facet normal 0 0 -1
    outer loop
      vertex 9.32831 -15.1012 0
      vertex 11.1642 -17.3719 0
      vertex 10.5371 -17.7593 0
    endloop
  endfacet
  facet normal 0 0 -1
    outer loop
      vertex 11.7772 -16.9623 0
      vertex 9.32831 -15.1012 0
      vertex 10.9723 -13.9524 0
    endloop
  endfacet
  facet normal 0 0 -1
    outer loop
      vertex 9.24329 -18.4657 0
      vertex 10.5371 -17.7593 0
      vertex 10.2842 -20.5453 0
    endloop
  endfacet
  facet normal -0 0 -1
    outer loop
      vertex 10.5371 -17.7593 0
      vertex 9.24329 -18.4657 0
      vertex 9.32831 -15.1012 0
    endloop
  endfacet
  facet normal 0 0 -1
    outer loop
      vertex 7.56522 -16.0571 0
      vertex 9.24329 -18.4657 0
      vertex 8.57831 -18.7839 0
    endloop
  endfacet
  facet normal 0 0 -1
    outer loop
      vertex 7.56522 -16.0571 0
      vertex 8.57831 -18.7839 0
      vertex 7.9024 -19.0781 0
    endloop
  endfacet
  facet normal 0 0 -1
    outer loop
      vertex 9.24329 -18.4657 0
      vertex 7.56522 -16.0571 0
      vertex 9.32831 -15.1012 0
    endloop
  endfacet
  facet normal 0 0 -1
    outer loop
      vertex 14.0713 -15.1136 0
      vertex 16.1664 -16.3599 0
      vertex 15.6532 -16.8127 0
    endloop
  endfacet
  facet normal 0 0 -1
    outer loop
      vertex 16.1664 -16.3599 0
      vertex 15.1136 -14.0713 0
      vertex 16.8085 -15.6493 0
    endloop
  endfacet
  facet normal 0 0 -1
    outer loop
      vertex 16.1664 -16.3599 0
      vertex 14.0713 -15.1136 0
      vertex 15.1136 -14.0713 0
    endloop
  endfacet
  facet normal 0 0 -1
    outer loop
      vertex 12.4762 -12.6256 0
      vertex 15.1136 -14.0713 0
      vertex 14.0713 -15.1136 0
    endloop
  endfacet
  facet normal 0 0 -1
    outer loop
      vertex 15.1136 -14.0713 0
      vertex 13.8209 -11.1376 0
      vertex 14.9891 -9.50735 0
    endloop
  endfacet
  facet normal 0 0 -1
    outer loop
      vertex 12.4762 -12.6256 0
      vertex 14.0713 -15.1136 0
      vertex 13.5229 -15.6062 0
    endloop
  endfacet
  facet normal 0 0 -1
    outer loop
      vertex 12.4762 -12.6256 0
      vertex 13.5229 -15.6062 0
      vertex 12.9572 -16.0789 0
    endloop
  endfacet
  facet normal 0 0 -1
    outer loop
      vertex 15.1136 -14.0713 0
      vertex 12.4762 -12.6256 0
      vertex 13.8209 -11.1376 0
    endloop
  endfacet
  facet normal 0 0 -1
    outer loop
      vertex 16.0789 -12.9572 0
      vertex 18.8646 -13.0979 0
      vertex 17.9088 -14.4318 0
    endloop
  endfacet
  facet normal 0 0 -1
    outer loop
      vertex 18.8646 -13.0979 0
      vertex 16.0789 -12.9572 0
      vertex 16.9623 -11.7772 0
    endloop
  endfacet
  facet normal 0 0 -1
    outer loop
      vertex 14.9891 -9.50735 0
      vertex 16.9623 -11.7772 0
      vertex 16.0789 -12.9572 0
    endloop
  endfacet
  facet normal 0 0 -1
    outer loop
      vertex 16.9623 -11.7772 0
      vertex 15.9659 -7.75575 0
      vertex 16.7389 -5.90515 0
    endloop
  endfacet
  facet normal 0 0 -1
    outer loop
      vertex 14.9891 -9.50735 0
      vertex 16.0789 -12.9572 0
      vertex 15.6062 -13.5229 0
    endloop
  endfacet
  facet normal 0 0 -1
    outer loop
      vertex 14.9891 -9.50735 0
      vertex 15.6062 -13.5229 0
      vertex 15.1136 -14.0713 0
    endloop
  endfacet
  facet normal 0 0 -1
    outer loop
      vertex 16.9623 -11.7772 0
      vertex 14.9891 -9.50735 0
      vertex 15.9659 -7.75575 0
    endloop
  endfacet
  facet normal 0 0 -1
    outer loop
      vertex 19.7558 -11.7217 0
      vertex 18.4657 -9.24329 0
      vertex 20.5548 -10.289 0
    endloop
  endfacet
  facet normal 0 0 -1
    outer loop
      vertex 19.8135 -5.81776 0
      vertex 18.2809 -2.8728 0
      vertex 18.3932 -2.83739 0
    endloop
  endfacet
  facet normal 0 0 -1
    outer loop
      vertex 18.7839 -8.57831 0
      vertex 17.2982 -3.97916 0
      vertex 18.2809 -2.8728 0
    endloop
  endfacet
  facet normal 0 0 -1
    outer loop
      vertex 18.2809 -2.8728 0
      vertex 17.2982 -3.97916 0
      vertex 18.1659 -2.89829 0
    endloop
  endfacet
  facet normal 0 0 -1
    outer loop
      vertex 18.1659 -2.89829 0
      vertex 17.2982 -3.97916 0
      vertex 18.0492 -2.91367 0
    endloop
  endfacet
  facet normal 0 0 -1
    outer loop
      vertex 18.0492 -2.91367 0
      vertex 17.2982 -3.97916 0
      vertex 17.9315 -2.9188 0
    endloop
  endfacet
  facet normal 0 0 -1
    outer loop
      vertex 17.7593 -10.5371 0
      vertex 18.4657 -9.24329 0
      vertex 19.7558 -11.7217 0
    endloop
  endfacet
  facet normal 0 0 -1
    outer loop
      vertex 16.7389 -5.90515 0
      vertex 18.4657 -9.24329 0
      vertex 17.7593 -10.5371 0
    endloop
  endfacet
  facet normal -0 0 -1
    outer loop
      vertex 17.9315 -2.9188 0
      vertex 17.2982 -3.97916 0
      vertex 17.8138 -2.91367 0
    endloop
  endfacet
  facet normal -0 0 -1
    outer loop
      vertex 17.8138 -2.91367 0
      vertex 17.2982 -3.97916 0
      vertex 17.6971 -2.89829 0
    endloop
  endfacet
  facet normal -0 0 -1
    outer loop
      vertex 17.6971 -2.89829 0
      vertex 17.2982 -3.97916 0
      vertex 17.5821 -2.8728 0
    endloop
  endfacet
  facet normal 0 0 -1
    outer loop
      vertex 16.7389 -5.90515 0
      vertex 17.7593 -10.5371 0
      vertex 17.3719 -11.1642 0
    endloop
  endfacet
  facet normal -0 0 -1
    outer loop
      vertex 17.5821 -2.8728 0
      vertex 17.2982 -3.97916 0
      vertex 17.4925 -2.84455 0
    endloop
  endfacet
  facet normal 0 0 -1
    outer loop
      vertex 16.7389 -5.90515 0
      vertex 17.3719 -11.1642 0
      vertex 16.9623 -11.7772 0
    endloop
  endfacet
  facet normal 0 0 -1
    outer loop
      vertex 18.7839 -8.57831 0
      vertex 16.7389 -5.90515 0
      vertex 17.2982 -3.97916 0
    endloop
  endfacet
  facet normal 0 0 -1
    outer loop
      vertex 19.0781 -7.9024 0
      vertex 21.6899 -7.65175 0
      vertex 21.2154 -8.7877 0
    endloop
  endfacet
  facet normal 0 0 -1
    outer loop
      vertex 21.6899 -7.65175 0
      vertex 19.5932 -6.52126 0
      vertex 21.8044 -7.2572 0
    endloop
  endfacet
  facet normal 0 0 -1
    outer loop
      vertex 19.2001 2.03053 0
      vertex 20.5317 2.20738 0
      vertex 19.2355 1.91821 0
    endloop
  endfacet
  facet normal 0 0 -1
    outer loop
      vertex 19.8135 -5.81776 0
      vertex 19.2764 -1.68646 0
      vertex 19.2815 -1.5688 0
    endloop
  endfacet
  facet normal 0 0 -1
    outer loop
      vertex 19.8135 -5.81776 0
      vertex 19.261 -1.80323 0
      vertex 19.2764 -1.68646 0
    endloop
  endfacet
  facet normal 0 0 -1
    outer loop
      vertex 19.8135 -5.81776 0
      vertex 19.2355 -1.91821 0
      vertex 19.261 -1.80323 0
    endloop
  endfacet
  facet normal 0 0 -1
    outer loop
      vertex 19.8135 -5.81776 0
      vertex 19.2001 -2.03053 0
      vertex 19.2355 -1.91821 0
    endloop
  endfacet
  facet normal 0 0 -1
    outer loop
      vertex 19.8135 -5.81776 0
      vertex 19.155 -2.13934 0
      vertex 19.2001 -2.03053 0
    endloop
  endfacet
  facet normal 0 0 -1
    outer loop
      vertex 19.8135 -5.81776 0
      vertex 19.1006 -2.2438 0
      vertex 19.155 -2.13934 0
    endloop
  endfacet
  facet normal -0 0 -1
    outer loop
      vertex 21.6899 -7.65175 0
      vertex 19.0781 -7.9024 0
      vertex 19.5932 -6.52126 0
    endloop
  endfacet
  facet normal 0 0 -1
    outer loop
      vertex 18.2809 -2.8728 0
      vertex 19.5932 -6.52126 0
      vertex 19.0781 -7.9024 0
    endloop
  endfacet
  facet normal 0 0 -1
    outer loop
      vertex 19.8135 -5.81776 0
      vertex 19.0374 -2.34313 0
      vertex 19.1006 -2.2438 0
    endloop
  endfacet
  facet normal 0 0 -1
    outer loop
      vertex 19.8135 -5.81776 0
      vertex 18.9657 -2.43657 0
      vertex 19.0374 -2.34313 0
    endloop
  endfacet
  facet normal 0 0 -1
    outer loop
      vertex 19.8135 -5.81776 0
      vertex 18.8861 -2.5234 0
      vertex 18.9657 -2.43657 0
    endloop
  endfacet
  facet normal 0 0 -1
    outer loop
      vertex 19.8135 -5.81776 0
      vertex 18.7993 -2.60296 0
      vertex 18.8861 -2.5234 0
    endloop
  endfacet
  facet normal 0 0 -1
    outer loop
      vertex 18.2809 -2.8728 0
      vertex 19.0781 -7.9024 0
      vertex 18.7839 -8.57831 0
    endloop
  endfacet
  facet normal 0 0 -1
    outer loop
      vertex 19.8135 -5.81776 0
      vertex 18.7058 -2.67466 0
      vertex 18.7993 -2.60296 0
    endloop
  endfacet
  facet normal 0 0 -1
    outer loop
      vertex 19.8135 -5.81776 0
      vertex 18.6065 -2.73794 0
      vertex 18.7058 -2.67466 0
    endloop
  endfacet
  facet normal 0 0 -1
    outer loop
      vertex 19.8135 -5.81776 0
      vertex 18.502 -2.79232 0
      vertex 18.6065 -2.73794 0
    endloop
  endfacet
  facet normal 0 0 -1
    outer loop
      vertex 16.7389 -5.90515 0
      vertex 18.7839 -8.57831 0
      vertex 18.4657 -9.24329 0
    endloop
  endfacet
  facet normal 0 0 -1
    outer loop
      vertex 19.8135 -5.81776 0
      vertex 18.3932 -2.83739 0
      vertex 18.502 -2.79232 0
    endloop
  endfacet
  facet normal 0 0 -1
    outer loop
      vertex 20.0085 -5.10687 0
      vertex 22.4146 -5.15608 0
      vertex 22.2619 -5.682 0
    endloop
  endfacet
  facet normal 0 0 -1
    outer loop
      vertex 22.4146 -5.15608 0
      vertex 20.3219 -3.66647 0
      vertex 22.5993 -4.07736 0
    endloop
  endfacet
  facet normal 0 0 -1
    outer loop
      vertex 19.2815 -1.5688 0
      vertex 20.3219 -3.66647 0
      vertex 20.0085 -5.10687 0
    endloop
  endfacet
  facet normal 0 0 -1
    outer loop
      vertex 22.4146 -5.15608 0
      vertex 20.0085 -5.10687 0
      vertex 20.3219 -3.66647 0
    endloop
  endfacet
  facet normal 0 0 -1
    outer loop
      vertex 20.5317 -2.20738 0
      vertex 22.9536 -0.819778 0
      vertex 22.8609 -2.4578 0
    endloop
  endfacet
  facet normal 0 0 -1
    outer loop
      vertex 19.2815 -1.5688 0
      vertex 20.6368 -0.737045 0
      vertex 20.5317 -2.20738 0
    endloop
  endfacet
  facet normal -0 0 -1
    outer loop
      vertex 22.9536 -0.819778 0
      vertex 20.5317 -2.20738 0
      vertex 20.6368 -0.737045 0
    endloop
  endfacet
  facet normal 0 0 -1
    outer loop
      vertex 19.2815 -1.5688 0
      vertex 20.65 0 0
      vertex 20.6368 -0.737045 0
    endloop
  endfacet
  facet normal 0 0 -1
    outer loop
      vertex 20.5317 2.20738 0
      vertex 22.9536 0.819778 0
      vertex 20.6368 0.737045 0
    endloop
  endfacet
  facet normal 0 0 -1
    outer loop
      vertex 22.9536 0.819778 0
      vertex 20.5317 2.20738 0
      vertex 22.8609 2.4578 0
    endloop
  endfacet
  facet normal 0 0 -1
    outer loop
      vertex 19.2815 1.5688 0
      vertex 20.65 0 0
      vertex 19.2815 -1.5688 0
    endloop
  endfacet
  facet normal 0 0 -1
    outer loop
      vertex 19.2815 -1.5688 0
      vertex 20.5317 -2.20738 0
      vertex 20.4398 -2.9388 0
    endloop
  endfacet
  facet normal 0 0 -1
    outer loop
      vertex 20.65 0 0
      vertex 19.2815 1.5688 0
      vertex 20.6368 0.737045 0
    endloop
  endfacet
  facet normal 0 0 -1
    outer loop
      vertex 19.2815 -1.5688 0
      vertex 20.4398 -2.9388 0
      vertex 20.3219 -3.66647 0
    endloop
  endfacet
  facet normal 0 0 -1
    outer loop
      vertex 20.6368 0.737045 0
      vertex 19.2815 1.5688 0
      vertex 20.5317 2.20738 0
    endloop
  endfacet
  facet normal 0 0 -1
    outer loop
      vertex 20.3219 3.66647 0
      vertex 22.4146 5.15608 0
      vertex 22.5993 4.07736 0
    endloop
  endfacet
  facet normal 0 0 -1
    outer loop
      vertex 20.0085 5.10687 0
      vertex 22.4146 5.15608 0
      vertex 20.3219 3.66647 0
    endloop
  endfacet
  facet normal -0 0 -1
    outer loop
      vertex 22.4146 5.15608 0
      vertex 20.0085 5.10687 0
      vertex 22.2619 5.682 0
    endloop
  endfacet
  facet normal 0 0 -1
    outer loop
      vertex 19.2764 1.68646 0
      vertex 20.5317 2.20738 0
      vertex 19.2815 1.5688 0
    endloop
  endfacet
  facet normal 0 0 -1
    outer loop
      vertex 19.2815 -1.5688 0
      vertex 20.0085 -5.10687 0
      vertex 19.8135 -5.81776 0
    endloop
  endfacet
  facet normal 0 0 -1
    outer loop
      vertex 19.261 1.80323 0
      vertex 20.5317 2.20738 0
      vertex 19.2764 1.68646 0
    endloop
  endfacet
  facet normal 0 0 -1
    outer loop
      vertex 18.2809 -2.8728 0
      vertex 19.8135 -5.81776 0
      vertex 19.5932 -6.52126 0
    endloop
  endfacet
  facet normal 0 0 -1
    outer loop
      vertex 19.2355 1.91821 0
      vertex 20.5317 2.20738 0
      vertex 19.261 1.80323 0
    endloop
  endfacet
  facet normal 0 0 -1
    outer loop
      vertex 19.5932 6.52126 0
      vertex 21.6899 7.65175 0
      vertex 21.8044 7.2572 0
    endloop
  endfacet
  facet normal 0 0 -1
    outer loop
      vertex 19.0781 7.9024 0
      vertex 21.6899 7.65175 0
      vertex 19.5932 6.52126 0
    endloop
  endfacet
  facet normal 0 0 -1
    outer loop
      vertex 19.155 2.13934 0
      vertex 20.5317 2.20738 0
      vertex 19.2001 2.03053 0
    endloop
  endfacet
  facet normal -0 0 -1
    outer loop
      vertex 20.5317 2.20738 0
      vertex 19.155 2.13934 0
      vertex 20.4398 2.9388 0
    endloop
  endfacet
  facet normal 0 0 -1
    outer loop
      vertex 19.1006 2.2438 0
      vertex 20.4398 2.9388 0
      vertex 19.155 2.13934 0
    endloop
  endfacet
  facet normal 0 0 -1
    outer loop
      vertex 19.0374 2.34313 0
      vertex 20.4398 2.9388 0
      vertex 19.1006 2.2438 0
    endloop
  endfacet
  facet normal 0 0 -1
    outer loop
      vertex 18.9657 2.43657 0
      vertex 20.4398 2.9388 0
      vertex 19.0374 2.34313 0
    endloop
  endfacet
  facet normal 0 0 -1
    outer loop
      vertex 18.8861 2.5234 0
      vertex 20.4398 2.9388 0
      vertex 18.9657 2.43657 0
    endloop
  endfacet
  facet normal -0 0 -1
    outer loop
      vertex 20.4398 2.9388 0
      vertex 18.8861 2.5234 0
      vertex 20.3219 3.66647 0
    endloop
  endfacet
  facet normal 0 0 -1
    outer loop
      vertex 21.6899 7.65175 0
      vertex 19.0781 7.9024 0
      vertex 21.2154 8.7877 0
    endloop
  endfacet
  facet normal 0 0 -1
    outer loop
      vertex 18.7993 2.60296 0
      vertex 20.3219 3.66647 0
      vertex 18.8861 2.5234 0
    endloop
  endfacet
  facet normal 0 0 -1
    outer loop
      vertex 18.7058 2.67466 0
      vertex 20.3219 3.66647 0
      vertex 18.7993 2.60296 0
    endloop
  endfacet
  facet normal 0 0 -1
    outer loop
      vertex 18.6065 2.73794 0
      vertex 20.3219 3.66647 0
      vertex 18.7058 2.67466 0
    endloop
  endfacet
  facet normal 0 0 -1
    outer loop
      vertex 18.502 2.79232 0
      vertex 20.3219 3.66647 0
      vertex 18.6065 2.73794 0
    endloop
  endfacet
  facet normal -0 0 -1
    outer loop
      vertex 20.3219 3.66647 0
      vertex 18.502 2.79232 0
      vertex 20.0085 5.10687 0
    endloop
  endfacet
  facet normal 0 0 -1
    outer loop
      vertex 18.3932 2.83739 0
      vertex 20.0085 5.10687 0
      vertex 18.502 2.79232 0
    endloop
  endfacet
  facet normal 0 0 -1
    outer loop
      vertex 18.2809 2.8728 0
      vertex 20.0085 5.10687 0
      vertex 18.3932 2.83739 0
    endloop
  endfacet
  facet normal -0 0 -1
    outer loop
      vertex 20.0085 5.10687 0
      vertex 17.2982 3.97916 0
      vertex 19.8135 5.81776 0
    endloop
  endfacet
  facet normal 0 0 -1
    outer loop
      vertex 19.8135 5.81776 0
      vertex 16.7389 5.90515 0
      vertex 19.5932 6.52126 0
    endloop
  endfacet
  facet normal -0 0 -1
    outer loop
      vertex 19.5932 6.52126 0
      vertex 16.7389 5.90515 0
      vertex 19.0781 7.9024 0
    endloop
  endfacet
  facet normal 0 0 -1
    outer loop
      vertex 16.7389 5.90515 0
      vertex 19.8135 5.81776 0
      vertex 17.2982 3.97916 0
    endloop
  endfacet
  facet normal 0 0 -1
    outer loop
      vertex 18.4657 9.24329 0
      vertex 19.7558 11.7217 0
      vertex 20.5548 10.289 0
    endloop
  endfacet
  facet normal 0 0 -1
    outer loop
      vertex 20.0085 5.10687 0
      vertex 18.2809 2.8728 0
      vertex 17.2982 3.97916 0
    endloop
  endfacet
  facet normal 0 0 -1
    outer loop
      vertex 17.2982 3.97916 0
      vertex 18.2809 2.8728 0
      vertex 18.1659 2.89829 0
    endloop
  endfacet
  facet normal 0 0 -1
    outer loop
      vertex 17.2982 3.97916 0
      vertex 18.1659 2.89829 0
      vertex 18.0492 2.91367 0
    endloop
  endfacet
  facet normal 0 0 -1
    outer loop
      vertex 17.2982 3.97916 0
      vertex 18.0492 2.91367 0
      vertex 17.9315 2.9188 0
    endloop
  endfacet
  facet normal 0 0 -1
    outer loop
      vertex 17.2982 3.97916 0
      vertex 17.9315 2.9188 0
      vertex 17.8138 2.91367 0
    endloop
  endfacet
  facet normal 0 0 -1
    outer loop
      vertex 18.4657 9.24329 0
      vertex 17.7593 10.5371 0
      vertex 19.7558 11.7217 0
    endloop
  endfacet
  facet normal 0 0 -1
    outer loop
      vertex 15.9659 7.75575 0
      vertex 19.0781 7.9024 0
      vertex 16.7389 5.90515 0
    endloop
  endfacet
  facet normal 0 0 -1
    outer loop
      vertex 17.2982 3.97916 0
      vertex 17.8138 2.91367 0
      vertex 17.6971 2.89829 0
    endloop
  endfacet
  facet normal 0 0 -1
    outer loop
      vertex 17.2982 3.97916 0
      vertex 17.6971 2.89829 0
      vertex 17.5821 2.8728 0
    endloop
  endfacet
  facet normal 0 0 -1
    outer loop
      vertex 17.2982 3.97916 0
      vertex 17.5821 2.8728 0
      vertex 17.4925 2.84455 0
    endloop
  endfacet
  facet normal -0 0 -1
    outer loop
      vertex 19.0781 7.9024 0
      vertex 15.9659 7.75575 0
      vertex 18.7839 8.57831 0
    endloop
  endfacet
  facet normal -0 0 -1
    outer loop
      vertex 18.7839 8.57831 0
      vertex 15.9659 7.75575 0
      vertex 18.4657 9.24329 0
    endloop
  endfacet
  facet normal -0 0 -1
    outer loop
      vertex 18.4657 9.24329 0
      vertex 15.9659 7.75575 0
      vertex 17.7593 10.5371 0
    endloop
  endfacet
  facet normal 0 0 -1
    outer loop
      vertex 14.9891 9.50735 0
      vertex 17.7593 10.5371 0
      vertex 15.9659 7.75575 0
    endloop
  endfacet
  facet normal 0 0 -1
    outer loop
      vertex 16.0789 12.9572 0
      vertex 18.8646 13.0979 0
      vertex 16.9623 11.7772 0
    endloop
  endfacet
  facet normal -0 0 -1
    outer loop
      vertex 18.8646 13.0979 0
      vertex 16.0789 12.9572 0
      vertex 17.9088 14.4318 0
    endloop
  endfacet
  facet normal -0 0 -1
    outer loop
      vertex 17.7593 10.5371 0
      vertex 14.9891 9.50735 0
      vertex 17.3719 11.1642 0
    endloop
  endfacet
  facet normal -0 0 -1
    outer loop
      vertex 17.3719 11.1642 0
      vertex 14.9891 9.50735 0
      vertex 16.9623 11.7772 0
    endloop
  endfacet
  facet normal 0 0 -1
    outer loop
      vertex 13.8209 11.1376 0
      vertex 16.9623 11.7772 0
      vertex 14.9891 9.50735 0
    endloop
  endfacet
  facet normal -0 0 -1
    outer loop
      vertex 16.9623 11.7772 0
      vertex 13.8209 11.1376 0
      vertex 16.0789 12.9572 0
    endloop
  endfacet
  facet normal -0 0 -1
    outer loop
      vertex 16.0789 12.9572 0
      vertex 13.8209 11.1376 0
      vertex 15.6062 13.5229 0
    endloop
  endfacet
  facet normal 0 0 -1
    outer loop
      vertex 15.1136 14.0713 0
      vertex 16.1664 16.3599 0
      vertex 16.8085 15.6493 0
    endloop
  endfacet
  facet normal 0 0 -1
    outer loop
      vertex 14.0713 15.1136 0
      vertex 16.1664 16.3599 0
      vertex 15.1136 14.0713 0
    endloop
  endfacet
  facet normal -0 0 -1
    outer loop
      vertex 16.1664 16.3599 0
      vertex 14.0713 15.1136 0
      vertex 15.6532 16.8127 0
    endloop
  endfacet
  facet normal -0 0 -1
    outer loop
      vertex 15.6062 13.5229 0
      vertex 13.8209 11.1376 0
      vertex 15.1136 14.0713 0
    endloop
  endfacet
  facet normal 0 0 -1
    outer loop
      vertex 12.4762 12.6256 0
      vertex 15.1136 14.0713 0
      vertex 13.8209 11.1376 0
    endloop
  endfacet
  facet normal -0 0 -1
    outer loop
      vertex 15.1136 14.0713 0
      vertex 12.4762 12.6256 0
      vertex 14.0713 15.1136 0
    endloop
  endfacet
  facet normal -0 0 -1
    outer loop
      vertex 14.0713 15.1136 0
      vertex 12.4762 12.6256 0
      vertex 13.5229 15.6062 0
    endloop
  endfacet
  facet normal 0 0 -1
    outer loop
      vertex 10.9723 13.9524 0
      vertex 13.5229 15.6062 0
      vertex 12.4762 12.6256 0
    endloop
  endfacet
  facet normal 0 0 -1
    outer loop
      vertex 12.9572 16.0789 0
      vertex 14.2177 18.0792 0
      vertex 14.4231 17.898 0
    endloop
  endfacet
  facet normal 0 0 -1
    outer loop
      vertex 11.7772 16.9623 0
      vertex 14.2177 18.0792 0
      vertex 12.9572 16.0789 0
    endloop
  endfacet
  facet normal -0 0 -1
    outer loop
      vertex 13.5229 15.6062 0
      vertex 10.9723 13.9524 0
      vertex 12.9572 16.0789 0
    endloop
  endfacet
  facet normal -0 0 -1
    outer loop
      vertex 14.2177 18.0792 0
      vertex 11.7772 16.9623 0
      vertex 13.0965 18.8626 0
    endloop
  endfacet
  facet normal -0 0 -1
    outer loop
      vertex 12.9572 16.0789 0
      vertex 10.9723 13.9524 0
      vertex 11.7772 16.9623 0
    endloop
  endfacet
  facet normal 0 0 -1
    outer loop
      vertex 9.32831 15.1012 0
      vertex 11.7772 16.9623 0
      vertex 10.9723 13.9524 0
    endloop
  endfacet
  facet normal -0 0 -1
    outer loop
      vertex 11.7772 16.9623 0
      vertex 9.32831 15.1012 0
      vertex 11.1642 17.3719 0
    endloop
  endfacet
  facet normal -0 0 -1
    outer loop
      vertex 11.1642 17.3719 0
      vertex 9.32831 15.1012 0
      vertex 10.5371 17.7593 0
    endloop
  endfacet
  facet normal 0 0 -1
    outer loop
      vertex 9.24329 18.4657 0
      vertex 10.5371 17.7593 0
      vertex 9.32831 15.1012 0
    endloop
  endfacet
  facet normal 0 0 -1
    outer loop
      vertex 10.5371 17.7593 0
      vertex 9.24329 18.4657 0
      vertex 10.2842 20.5453 0
    endloop
  endfacet
  facet normal 0 0 -1
    outer loop
      vertex 7.56522 16.0571 0
      vertex 9.24329 18.4657 0
      vertex 9.32831 15.1012 0
    endloop
  endfacet
  facet normal -0 0 -1
    outer loop
      vertex 9.24329 18.4657 0
      vertex 7.56522 16.0571 0
      vertex 8.57831 18.7839 0
    endloop
  endfacet
  facet normal -0 0 -1
    outer loop
      vertex 8.57831 18.7839 0
      vertex 7.56522 16.0571 0
      vertex 7.9024 19.0781 0
    endloop
  endfacet
  facet normal 0 0 -1
    outer loop
      vertex 7.9024 19.0781 0
      vertex 7.3931 21.7794 0
      vertex 8.78801 21.2161 0
    endloop
  endfacet
  facet normal 0 0 -1
    outer loop
      vertex 5.70554 16.808 0
      vertex 7.9024 19.0781 0
      vertex 7.56522 16.0571 0
    endloop
  endfacet
  facet normal 0 0 -1
    outer loop
      vertex 7.9024 19.0781 0
      vertex 6.52126 19.5932 0
      vertex 7.3931 21.7794 0
    endloop
  endfacet
  facet normal -0 0 -1
    outer loop
      vertex 7.3931 21.7794 0
      vertex 6.52126 19.5932 0
      vertex 7.26106 21.816 0
    endloop
  endfacet
  facet normal -0 0 -1
    outer loop
      vertex 7.9024 19.0781 0
      vertex 5.70554 16.808 0
      vertex 6.52126 19.5932 0
    endloop
  endfacet
  facet normal -0 0 -1
    outer loop
      vertex 6.52126 19.5932 0
      vertex 5.70554 16.808 0
      vertex 5.81776 19.8135 0
    endloop
  endfacet
  facet normal 0 0 -1
    outer loop
      vertex 3.77303 17.3443 0
      vertex 5.81776 19.8135 0
      vertex 5.70554 16.808 0
    endloop
  endfacet
  facet normal -0 0 -1
    outer loop
      vertex 5.10687 20.0085 0
      vertex 3.77303 17.3443 0
      vertex 4.88899 22.4744 0
    endloop
  endfacet
  facet normal -0 0 -1
    outer loop
      vertex 5.81776 19.8135 0
      vertex 3.77303 17.3443 0
      vertex 5.10687 20.0085 0
    endloop
  endfacet
  facet normal -0 0 -1
    outer loop
      vertex 5.68019 22.2548 0
      vertex 5.10687 20.0085 0
      vertex 4.88899 22.4744 0
    endloop
  endfacet
  facet normal -0.948828 -0.315792 0
    outer loop
      vertex 7.26106 -21.816 0
      vertex 6.52126 -19.5932 3
      vertex 6.52126 -19.5932 0
    endloop
  endfacet
  facet normal -0.948828 -0.315792 0
    outer loop
      vertex 6.52126 -19.5932 3
      vertex 7.26106 -21.816 0
      vertex 7.26106 -21.816 3
    endloop
  endfacet
  facet normal 0.298839 -0.954304 0
    outer loop
      vertex 5.81776 -19.8135 0
      vertex 6.52126 -19.5932 3
      vertex 5.81776 -19.8135 3
    endloop
  endfacet
  facet normal 0.298839 -0.954304 0
    outer loop
      vertex 6.52126 -19.5932 3
      vertex 5.81776 -19.8135 0
      vertex 6.52126 -19.5932 0
    endloop
  endfacet
  facet normal 0.264532 -0.964377 0
    outer loop
      vertex 5.10687 -20.0085 0
      vertex 5.81776 -19.8135 3
      vertex 5.10687 -20.0085 3
    endloop
  endfacet
  facet normal 0.264532 -0.964377 0
    outer loop
      vertex 5.81776 -19.8135 3
      vertex 5.10687 -20.0085 0
      vertex 5.81776 -19.8135 0
    endloop
  endfacet
  facet normal 0.968939 0.247301 0
    outer loop
      vertex 5.68019 -22.2548 3
      vertex 5.10687 -20.0085 0
      vertex 5.10687 -20.0085 3
    endloop
  endfacet
  facet normal 0.968939 0.247301 0
    outer loop
      vertex 5.10687 -20.0085 0
      vertex 5.68019 -22.2548 3
      vertex 5.68019 -22.2548 0
    endloop
  endfacet
  facet normal -0.894236 -0.447595 0
    outer loop
      vertex 10.2842 -20.5453 0
      vertex 9.24329 -18.4657 3
      vertex 9.24329 -18.4657 0
    endloop
  endfacet
  facet normal -0.894236 -0.447595 0
    outer loop
      vertex 9.24329 -18.4657 3
      vertex 10.2842 -20.5453 0
      vertex 10.2842 -20.5453 3
    endloop
  endfacet
  facet normal 0.431639 -0.902047 0
    outer loop
      vertex 8.57831 -18.7839 0
      vertex 9.24329 -18.4657 3
      vertex 8.57831 -18.7839 3
    endloop
  endfacet
  facet normal 0.431639 -0.902047 0
    outer loop
      vertex 9.24329 -18.4657 3
      vertex 8.57831 -18.7839 0
      vertex 9.24329 -18.4657 0
    endloop
  endfacet
  facet normal 0.399098 -0.916908 0
    outer loop
      vertex 7.9024 -19.0781 0
      vertex 8.57831 -18.7839 3
      vertex 7.9024 -19.0781 3
    endloop
  endfacet
  facet normal 0.399098 -0.916908 0
    outer loop
      vertex 8.57831 -18.7839 3
      vertex 7.9024 -19.0781 0
      vertex 8.57831 -18.7839 0
    endloop
  endfacet
  facet normal 0.923876 0.382691 0
    outer loop
      vertex 8.78801 -21.2161 3
      vertex 7.9024 -19.0781 0
      vertex 7.9024 -19.0781 3
    endloop
  endfacet
  facet normal 0.923876 0.382691 0
    outer loop
      vertex 7.9024 -19.0781 0
      vertex 8.78801 -21.2161 3
      vertex 8.78801 -21.2161 0
    endloop
  endfacet
  facet normal -0.821441 -0.570293 0
    outer loop
      vertex 13.0965 -18.8626 0
      vertex 11.7772 -16.9623 3
      vertex 11.7772 -16.9623 0
    endloop
  endfacet
  facet normal -0.821441 -0.570293 0
    outer loop
      vertex 11.7772 -16.9623 3
      vertex 13.0965 -18.8626 0
      vertex 13.0965 -18.8626 3
    endloop
  endfacet
  facet normal 0.555576 -0.831466 0
    outer loop
      vertex 11.1642 -17.3719 0
      vertex 11.7772 -16.9623 3
      vertex 11.1642 -17.3719 3
    endloop
  endfacet
  facet normal 0.555576 -0.831466 0
    outer loop
      vertex 11.7772 -16.9623 3
      vertex 11.1642 -17.3719 0
      vertex 11.7772 -16.9623 0
    endloop
  endfacet
  facet normal 0.525565 -0.850753 0
    outer loop
      vertex 10.5371 -17.7593 0
      vertex 11.1642 -17.3719 3
      vertex 10.5371 -17.7593 3
    endloop
  endfacet
  facet normal 0.525565 -0.850753 0
    outer loop
      vertex 11.1642 -17.3719 3
      vertex 10.5371 -17.7593 0
      vertex 11.1642 -17.3719 0
    endloop
  endfacet
  facet normal 0.860023 0.510255 0
    outer loop
      vertex 11.7262 -19.7635 3
      vertex 10.5371 -17.7593 0
      vertex 10.5371 -17.7593 3
    endloop
  endfacet
  facet normal 0.860023 0.510255 0
    outer loop
      vertex 10.5371 -17.7593 0
      vertex 11.7262 -19.7635 3
      vertex 11.7262 -19.7635 0
    endloop
  endfacet
  facet normal -0.731898 -0.681414 0
    outer loop
      vertex 15.6532 -16.8127 0
      vertex 14.0713 -15.1136 3
      vertex 14.0713 -15.1136 0
    endloop
  endfacet
  facet normal -0.731898 -0.681414 0
    outer loop
      vertex 14.0713 -15.1136 3
      vertex 15.6532 -16.8127 0
      vertex 15.6532 -16.8127 3
    endloop
  endfacet
  facet normal 0.668245 -0.743941 0
    outer loop
      vertex 13.5229 -15.6062 0
      vertex 14.0713 -15.1136 3
      vertex 13.5229 -15.6062 3
    endloop
  endfacet
  facet normal 0.668245 -0.743941 0
    outer loop
      vertex 14.0713 -15.1136 3
      vertex 13.5229 -15.6062 0
      vertex 14.0713 -15.1136 0
    endloop
  endfacet
  facet normal 0.641211 -0.767364 0
    outer loop
      vertex 12.9572 -16.0789 0
      vertex 13.5229 -15.6062 3
      vertex 12.9572 -16.0789 3
    endloop
  endfacet
  facet normal 0.641211 -0.767364 0
    outer loop
      vertex 13.5229 -15.6062 3
      vertex 12.9572 -16.0789 0
      vertex 13.5229 -15.6062 0
    endloop
  endfacet
  facet normal 0.778646 0.627463 0
    outer loop
      vertex 14.4231 -17.898 3
      vertex 12.9572 -16.0789 0
      vertex 12.9572 -16.0789 3
    endloop
  endfacet
  facet normal 0.778646 0.627463 0
    outer loop
      vertex 12.9572 -16.0789 0
      vertex 14.4231 -17.898 3
      vertex 14.4231 -17.898 0
    endloop
  endfacet
  facet normal -0.627462 -0.778647 0
    outer loop
      vertex 16.0789 -12.9572 0
      vertex 17.9088 -14.4318 3
      vertex 16.0789 -12.9572 3
    endloop
  endfacet
  facet normal -0.627462 -0.778647 -0
    outer loop
      vertex 17.9088 -14.4318 3
      vertex 16.0789 -12.9572 0
      vertex 17.9088 -14.4318 0
    endloop
  endfacet
  facet normal 0.767364 -0.641211 0
    outer loop
      vertex 15.6062 -13.5229 3
      vertex 16.0789 -12.9572 0
      vertex 16.0789 -12.9572 3
    endloop
  endfacet
  facet normal 0.767364 -0.641211 0
    outer loop
      vertex 16.0789 -12.9572 0
      vertex 15.6062 -13.5229 3
      vertex 15.6062 -13.5229 0
    endloop
  endfacet
  facet normal 0.743941 -0.668245 0
    outer loop
      vertex 15.1136 -14.0713 3
      vertex 15.6062 -13.5229 0
      vertex 15.6062 -13.5229 3
    endloop
  endfacet
  facet normal 0.743941 -0.668245 0
    outer loop
      vertex 15.6062 -13.5229 0
      vertex 15.1136 -14.0713 3
      vertex 15.1136 -14.0713 0
    endloop
  endfacet
  facet normal 0.681416 0.731896 -0
    outer loop
      vertex 16.8085 -15.6493 0
      vertex 15.1136 -14.0713 3
      vertex 16.8085 -15.6493 3
    endloop
  endfacet
  facet normal 0.681416 0.731896 0
    outer loop
      vertex 15.1136 -14.0713 3
      vertex 16.8085 -15.6493 0
      vertex 15.1136 -14.0713 0
    endloop
  endfacet
  facet normal -0.510277 -0.86001 0
    outer loop
      vertex 17.7593 -10.5371 0
      vertex 19.7558 -11.7217 3
      vertex 17.7593 -10.5371 3
    endloop
  endfacet
  facet normal -0.510277 -0.86001 -0
    outer loop
      vertex 19.7558 -11.7217 3
      vertex 17.7593 -10.5371 0
      vertex 19.7558 -11.7217 0
    endloop
  endfacet
  facet normal 0.850753 -0.525565 0
    outer loop
      vertex 17.3719 -11.1642 3
      vertex 17.7593 -10.5371 0
      vertex 17.7593 -10.5371 3
    endloop
  endfacet
  facet normal 0.850753 -0.525565 0
    outer loop
      vertex 17.7593 -10.5371 0
      vertex 17.3719 -11.1642 3
      vertex 17.3719 -11.1642 0
    endloop
  endfacet
  facet normal 0.831466 -0.555576 0
    outer loop
      vertex 16.9623 -11.7772 3
      vertex 17.3719 -11.1642 0
      vertex 17.3719 -11.1642 3
    endloop
  endfacet
  facet normal 0.831466 -0.555576 0
    outer loop
      vertex 17.3719 -11.1642 0
      vertex 16.9623 -11.7772 3
      vertex 16.9623 -11.7772 0
    endloop
  endfacet
  facet normal 0.570296 0.821439 -0
    outer loop
      vertex 18.8646 -13.0979 0
      vertex 16.9623 -11.7772 3
      vertex 18.8646 -13.0979 3
    endloop
  endfacet
  facet normal 0.570296 0.821439 0
    outer loop
      vertex 16.9623 -11.7772 3
      vertex 18.8646 -13.0979 0
      vertex 16.9623 -11.7772 0
    endloop
  endfacet
  facet normal -0.382684 -0.923879 0
    outer loop
      vertex 19.0781 -7.9024 0
      vertex 21.2154 -8.7877 3
      vertex 19.0781 -7.9024 3
    endloop
  endfacet
  facet normal -0.382684 -0.923879 -0
    outer loop
      vertex 21.2154 -8.7877 3
      vertex 19.0781 -7.9024 0
      vertex 21.2154 -8.7877 0
    endloop
  endfacet
  facet normal 0.916908 -0.399098 0
    outer loop
      vertex 18.7839 -8.57831 3
      vertex 19.0781 -7.9024 0
      vertex 19.0781 -7.9024 3
    endloop
  endfacet
  facet normal 0.916908 -0.399098 0
    outer loop
      vertex 19.0781 -7.9024 0
      vertex 18.7839 -8.57831 3
      vertex 18.7839 -8.57831 0
    endloop
  endfacet
  facet normal 0.902047 -0.431639 0
    outer loop
      vertex 18.4657 -9.24329 3
      vertex 18.7839 -8.57831 0
      vertex 18.7839 -8.57831 3
    endloop
  endfacet
  facet normal 0.902047 -0.431639 0
    outer loop
      vertex 18.7839 -8.57831 0
      vertex 18.4657 -9.24329 3
      vertex 18.4657 -9.24329 0
    endloop
  endfacet
  facet normal 0.447611 0.894228 -0
    outer loop
      vertex 20.5548 -10.289 0
      vertex 18.4657 -9.24329 3
      vertex 20.5548 -10.289 3
    endloop
  endfacet
  facet normal 0.447611 0.894228 0
    outer loop
      vertex 18.4657 -9.24329 3
      vertex 20.5548 -10.289 0
      vertex 18.4657 -9.24329 0
    endloop
  endfacet
  facet normal -0.2473 -0.968939 0
    outer loop
      vertex 20.0085 -5.10687 0
      vertex 22.2619 -5.682 3
      vertex 20.0085 -5.10687 3
    endloop
  endfacet
  facet normal -0.2473 -0.968939 -0
    outer loop
      vertex 22.2619 -5.682 3
      vertex 20.0085 -5.10687 0
      vertex 22.2619 -5.682 0
    endloop
  endfacet
  facet normal 0.964377 -0.264532 0
    outer loop
      vertex 19.8135 -5.81776 3
      vertex 20.0085 -5.10687 0
      vertex 20.0085 -5.10687 3
    endloop
  endfacet
  facet normal 0.964377 -0.264532 0
    outer loop
      vertex 20.0085 -5.10687 0
      vertex 19.8135 -5.81776 3
      vertex 19.8135 -5.81776 0
    endloop
  endfacet
  facet normal 0.954304 -0.298839 0
    outer loop
      vertex 19.5932 -6.52126 3
      vertex 19.8135 -5.81776 0
      vertex 19.8135 -5.81776 3
    endloop
  endfacet
  facet normal 0.954304 -0.298839 0
    outer loop
      vertex 19.8135 -5.81776 0
      vertex 19.5932 -6.52126 3
      vertex 19.5932 -6.52126 0
    endloop
  endfacet
  facet normal 0.315793 0.948828 -0
    outer loop
      vertex 21.8044 -7.2572 0
      vertex 19.5932 -6.52126 3
      vertex 21.8044 -7.2572 3
    endloop
  endfacet
  facet normal 0.315793 0.948828 0
    outer loop
      vertex 19.5932 -6.52126 3
      vertex 21.8044 -7.2572 0
      vertex 19.5932 -6.52126 0
    endloop
  endfacet
  facet normal -0.106897 -0.99427 0
    outer loop
      vertex 20.5317 -2.20738 0
      vertex 22.8609 -2.4578 3
      vertex 20.5317 -2.20738 3
    endloop
  endfacet
  facet normal -0.106897 -0.99427 -0
    outer loop
      vertex 22.8609 -2.4578 3
      vertex 20.5317 -2.20738 0
      vertex 22.8609 -2.4578 0
    endloop
  endfacet
  facet normal 0.992199 -0.124666 0
    outer loop
      vertex 20.4398 -2.9388 3
      vertex 20.5317 -2.20738 0
      vertex 20.5317 -2.20738 3
    endloop
  endfacet
  facet normal 0.992199 -0.124666 0
    outer loop
      vertex 20.5317 -2.20738 0
      vertex 20.4398 -2.9388 3
      vertex 20.4398 -2.9388 0
    endloop
  endfacet
  facet normal 0.987127 -0.159938 0
    outer loop
      vertex 20.3219 -3.66647 3
      vertex 20.4398 -2.9388 0
      vertex 20.4398 -2.9388 3
    endloop
  endfacet
  facet normal 0.987127 -0.159938 0
    outer loop
      vertex 20.4398 -2.9388 0
      vertex 20.3219 -3.66647 3
      vertex 20.3219 -3.66647 0
    endloop
  endfacet
  facet normal 0.177554 0.984111 -0
    outer loop
      vertex 22.5993 -4.07736 0
      vertex 20.3219 -3.66647 3
      vertex 22.5993 -4.07736 3
    endloop
  endfacet
  facet normal 0.177554 0.984111 0
    outer loop
      vertex 20.3219 -3.66647 3
      vertex 22.5993 -4.07736 0
      vertex 20.3219 -3.66647 0
    endloop
  endfacet
  facet normal 0.0356873 -0.999363 0
    outer loop
      vertex 20.6368 0.737045 0
      vertex 22.9536 0.819778 3
      vertex 20.6368 0.737045 3
    endloop
  endfacet
  facet normal 0.0356873 -0.999363 0
    outer loop
      vertex 22.9536 0.819778 3
      vertex 20.6368 0.737045 0
      vertex 22.9536 0.819778 0
    endloop
  endfacet
  facet normal 0.99984 0.0179065 0
    outer loop
      vertex 20.65 0 3
      vertex 20.6368 0.737045 0
      vertex 20.6368 0.737045 3
    endloop
  endfacet
  facet normal 0.99984 0.0179065 0
    outer loop
      vertex 20.6368 0.737045 0
      vertex 20.65 0 3
      vertex 20.65 0 0
    endloop
  endfacet
  facet normal 0.99984 -0.0179065 0
    outer loop
      vertex 20.6368 -0.737045 3
      vertex 20.65 0 0
      vertex 20.65 0 3
    endloop
  endfacet
  facet normal 0.99984 -0.0179065 0
    outer loop
      vertex 20.65 0 0
      vertex 20.6368 -0.737045 3
      vertex 20.6368 -0.737045 0
    endloop
  endfacet
  facet normal 0.0356873 0.999363 -0
    outer loop
      vertex 22.9536 -0.819778 0
      vertex 20.6368 -0.737045 3
      vertex 22.9536 -0.819778 3
    endloop
  endfacet
  facet normal 0.0356873 0.999363 0
    outer loop
      vertex 20.6368 -0.737045 3
      vertex 22.9536 -0.819778 0
      vertex 20.6368 -0.737045 0
    endloop
  endfacet
  facet normal 0.177554 -0.984111 0
    outer loop
      vertex 20.3219 3.66647 0
      vertex 22.5993 4.07736 3
      vertex 20.3219 3.66647 3
    endloop
  endfacet
  facet normal 0.177554 -0.984111 0
    outer loop
      vertex 22.5993 4.07736 3
      vertex 20.3219 3.66647 0
      vertex 22.5993 4.07736 0
    endloop
  endfacet
  facet normal 0.987127 0.159938 0
    outer loop
      vertex 20.4398 2.9388 3
      vertex 20.3219 3.66647 0
      vertex 20.3219 3.66647 3
    endloop
  endfacet
  facet normal 0.987127 0.159938 0
    outer loop
      vertex 20.3219 3.66647 0
      vertex 20.4398 2.9388 3
      vertex 20.4398 2.9388 0
    endloop
  endfacet
  facet normal 0.992199 0.124666 0
    outer loop
      vertex 20.5317 2.20738 3
      vertex 20.4398 2.9388 0
      vertex 20.4398 2.9388 3
    endloop
  endfacet
  facet normal 0.992199 0.124666 0
    outer loop
      vertex 20.4398 2.9388 0
      vertex 20.5317 2.20738 3
      vertex 20.5317 2.20738 0
    endloop
  endfacet
  facet normal -0.106897 0.99427 0
    outer loop
      vertex 22.8609 2.4578 0
      vertex 20.5317 2.20738 3
      vertex 22.8609 2.4578 3
    endloop
  endfacet
  facet normal -0.106897 0.99427 0
    outer loop
      vertex 20.5317 2.20738 3
      vertex 22.8609 2.4578 0
      vertex 20.5317 2.20738 0
    endloop
  endfacet
  facet normal 0.315793 -0.948828 0
    outer loop
      vertex 19.5932 6.52126 0
      vertex 21.8044 7.2572 3
      vertex 19.5932 6.52126 3
    endloop
  endfacet
  facet normal 0.315793 -0.948828 0
    outer loop
      vertex 21.8044 7.2572 3
      vertex 19.5932 6.52126 0
      vertex 21.8044 7.2572 0
    endloop
  endfacet
  facet normal 0.954304 0.298839 0
    outer loop
      vertex 19.8135 5.81776 3
      vertex 19.5932 6.52126 0
      vertex 19.5932 6.52126 3
    endloop
  endfacet
  facet normal 0.954304 0.298839 0
    outer loop
      vertex 19.5932 6.52126 0
      vertex 19.8135 5.81776 3
      vertex 19.8135 5.81776 0
    endloop
  endfacet
  facet normal 0.964377 0.264532 0
    outer loop
      vertex 20.0085 5.10687 3
      vertex 19.8135 5.81776 0
      vertex 19.8135 5.81776 3
    endloop
  endfacet
  facet normal 0.964377 0.264532 0
    outer loop
      vertex 19.8135 5.81776 0
      vertex 20.0085 5.10687 3
      vertex 20.0085 5.10687 0
    endloop
  endfacet
  facet normal -0.2473 0.968939 0
    outer loop
      vertex 22.2619 5.682 0
      vertex 20.0085 5.10687 3
      vertex 22.2619 5.682 3
    endloop
  endfacet
  facet normal -0.2473 0.968939 0
    outer loop
      vertex 20.0085 5.10687 3
      vertex 22.2619 5.682 0
      vertex 20.0085 5.10687 0
    endloop
  endfacet
  facet normal 0.447611 -0.894228 0
    outer loop
      vertex 18.4657 9.24329 0
      vertex 20.5548 10.289 3
      vertex 18.4657 9.24329 3
    endloop
  endfacet
  facet normal 0.447611 -0.894228 0
    outer loop
      vertex 20.5548 10.289 3
      vertex 18.4657 9.24329 0
      vertex 20.5548 10.289 0
    endloop
  endfacet
  facet normal 0.902047 0.431639 0
    outer loop
      vertex 18.7839 8.57831 3
      vertex 18.4657 9.24329 0
      vertex 18.4657 9.24329 3
    endloop
  endfacet
  facet normal 0.902047 0.431639 0
    outer loop
      vertex 18.4657 9.24329 0
      vertex 18.7839 8.57831 3
      vertex 18.7839 8.57831 0
    endloop
  endfacet
  facet normal 0.916908 0.399098 0
    outer loop
      vertex 19.0781 7.9024 3
      vertex 18.7839 8.57831 0
      vertex 18.7839 8.57831 3
    endloop
  endfacet
  facet normal 0.916908 0.399098 0
    outer loop
      vertex 18.7839 8.57831 0
      vertex 19.0781 7.9024 3
      vertex 19.0781 7.9024 0
    endloop
  endfacet
  facet normal -0.382684 0.923879 0
    outer loop
      vertex 21.2154 8.7877 0
      vertex 19.0781 7.9024 3
      vertex 21.2154 8.7877 3
    endloop
  endfacet
  facet normal -0.382684 0.923879 0
    outer loop
      vertex 19.0781 7.9024 3
      vertex 21.2154 8.7877 0
      vertex 19.0781 7.9024 0
    endloop
  endfacet
  facet normal 0.570296 -0.821439 0
    outer loop
      vertex 16.9623 11.7772 0
      vertex 18.8646 13.0979 3
      vertex 16.9623 11.7772 3
    endloop
  endfacet
  facet normal 0.570296 -0.821439 0
    outer loop
      vertex 18.8646 13.0979 3
      vertex 16.9623 11.7772 0
      vertex 18.8646 13.0979 0
    endloop
  endfacet
  facet normal 0.831466 0.555576 0
    outer loop
      vertex 17.3719 11.1642 3
      vertex 16.9623 11.7772 0
      vertex 16.9623 11.7772 3
    endloop
  endfacet
  facet normal 0.831466 0.555576 0
    outer loop
      vertex 16.9623 11.7772 0
      vertex 17.3719 11.1642 3
      vertex 17.3719 11.1642 0
    endloop
  endfacet
  facet normal 0.850753 0.525565 0
    outer loop
      vertex 17.7593 10.5371 3
      vertex 17.3719 11.1642 0
      vertex 17.3719 11.1642 3
    endloop
  endfacet
  facet normal 0.850753 0.525565 0
    outer loop
      vertex 17.3719 11.1642 0
      vertex 17.7593 10.5371 3
      vertex 17.7593 10.5371 0
    endloop
  endfacet
  facet normal -0.510277 0.86001 0
    outer loop
      vertex 19.7558 11.7217 0
      vertex 17.7593 10.5371 3
      vertex 19.7558 11.7217 3
    endloop
  endfacet
  facet normal -0.510277 0.86001 0
    outer loop
      vertex 17.7593 10.5371 3
      vertex 19.7558 11.7217 0
      vertex 17.7593 10.5371 0
    endloop
  endfacet
  facet normal 0.681416 -0.731896 0
    outer loop
      vertex 15.1136 14.0713 0
      vertex 16.8085 15.6493 3
      vertex 15.1136 14.0713 3
    endloop
  endfacet
  facet normal 0.681416 -0.731896 0
    outer loop
      vertex 16.8085 15.6493 3
      vertex 15.1136 14.0713 0
      vertex 16.8085 15.6493 0
    endloop
  endfacet
  facet normal 0.743941 0.668245 0
    outer loop
      vertex 15.6062 13.5229 3
      vertex 15.1136 14.0713 0
      vertex 15.1136 14.0713 3
    endloop
  endfacet
  facet normal 0.743941 0.668245 0
    outer loop
      vertex 15.1136 14.0713 0
      vertex 15.6062 13.5229 3
      vertex 15.6062 13.5229 0
    endloop
  endfacet
  facet normal 0.767364 0.641211 0
    outer loop
      vertex 16.0789 12.9572 3
      vertex 15.6062 13.5229 0
      vertex 15.6062 13.5229 3
    endloop
  endfacet
  facet normal 0.767364 0.641211 0
    outer loop
      vertex 15.6062 13.5229 0
      vertex 16.0789 12.9572 3
      vertex 16.0789 12.9572 0
    endloop
  endfacet
  facet normal -0.627462 0.778647 0
    outer loop
      vertex 17.9088 14.4318 0
      vertex 16.0789 12.9572 3
      vertex 17.9088 14.4318 3
    endloop
  endfacet
  facet normal -0.627462 0.778647 0
    outer loop
      vertex 16.0789 12.9572 3
      vertex 17.9088 14.4318 0
      vertex 16.0789 12.9572 0
    endloop
  endfacet
  facet normal 0.778646 -0.627463 0
    outer loop
      vertex 12.9572 16.0789 3
      vertex 14.4231 17.898 0
      vertex 14.4231 17.898 3
    endloop
  endfacet
  facet normal 0.778646 -0.627463 0
    outer loop
      vertex 14.4231 17.898 0
      vertex 12.9572 16.0789 3
      vertex 12.9572 16.0789 0
    endloop
  endfacet
  facet normal 0.641211 0.767364 -0
    outer loop
      vertex 13.5229 15.6062 0
      vertex 12.9572 16.0789 3
      vertex 13.5229 15.6062 3
    endloop
  endfacet
  facet normal 0.641211 0.767364 0
    outer loop
      vertex 12.9572 16.0789 3
      vertex 13.5229 15.6062 0
      vertex 12.9572 16.0789 0
    endloop
  endfacet
  facet normal 0.668245 0.743941 -0
    outer loop
      vertex 14.0713 15.1136 0
      vertex 13.5229 15.6062 3
      vertex 14.0713 15.1136 3
    endloop
  endfacet
  facet normal 0.668245 0.743941 0
    outer loop
      vertex 13.5229 15.6062 3
      vertex 14.0713 15.1136 0
      vertex 13.5229 15.6062 0
    endloop
  endfacet
  facet normal -0.731898 0.681414 0
    outer loop
      vertex 14.0713 15.1136 0
      vertex 15.6532 16.8127 3
      vertex 15.6532 16.8127 0
    endloop
  endfacet
  facet normal -0.731898 0.681414 0
    outer loop
      vertex 15.6532 16.8127 3
      vertex 14.0713 15.1136 0
      vertex 14.0713 15.1136 3
    endloop
  endfacet
  facet normal 0.860023 -0.510255 0
    outer loop
      vertex 10.5371 17.7593 3
      vertex 11.7262 19.7635 0
      vertex 11.7262 19.7635 3
    endloop
  endfacet
  facet normal 0.860023 -0.510255 0
    outer loop
      vertex 11.7262 19.7635 0
      vertex 10.5371 17.7593 3
      vertex 10.5371 17.7593 0
    endloop
  endfacet
  facet normal 0.525565 0.850753 -0
    outer loop
      vertex 11.1642 17.3719 0
      vertex 10.5371 17.7593 3
      vertex 11.1642 17.3719 3
    endloop
  endfacet
  facet normal 0.525565 0.850753 0
    outer loop
      vertex 10.5371 17.7593 3
      vertex 11.1642 17.3719 0
      vertex 10.5371 17.7593 0
    endloop
  endfacet
  facet normal 0.555576 0.831466 -0
    outer loop
      vertex 11.7772 16.9623 0
      vertex 11.1642 17.3719 3
      vertex 11.7772 16.9623 3
    endloop
  endfacet
  facet normal 0.555576 0.831466 0
    outer loop
      vertex 11.1642 17.3719 3
      vertex 11.7772 16.9623 0
      vertex 11.1642 17.3719 0
    endloop
  endfacet
  facet normal -0.821441 0.570293 0
    outer loop
      vertex 11.7772 16.9623 0
      vertex 13.0965 18.8626 3
      vertex 13.0965 18.8626 0
    endloop
  endfacet
  facet normal -0.821441 0.570293 0
    outer loop
      vertex 13.0965 18.8626 3
      vertex 11.7772 16.9623 0
      vertex 11.7772 16.9623 3
    endloop
  endfacet
  facet normal 0.923876 -0.382691 0
    outer loop
      vertex 7.9024 19.0781 3
      vertex 8.78801 21.2161 0
      vertex 8.78801 21.2161 3
    endloop
  endfacet
  facet normal 0.923876 -0.382691 0
    outer loop
      vertex 8.78801 21.2161 0
      vertex 7.9024 19.0781 3
      vertex 7.9024 19.0781 0
    endloop
  endfacet
  facet normal 0.399098 0.916908 -0
    outer loop
      vertex 8.57831 18.7839 0
      vertex 7.9024 19.0781 3
      vertex 8.57831 18.7839 3
    endloop
  endfacet
  facet normal 0.399098 0.916908 0
    outer loop
      vertex 7.9024 19.0781 3
      vertex 8.57831 18.7839 0
      vertex 7.9024 19.0781 0
    endloop
  endfacet
  facet normal 0.431639 0.902047 -0
    outer loop
      vertex 9.24329 18.4657 0
      vertex 8.57831 18.7839 3
      vertex 9.24329 18.4657 3
    endloop
  endfacet
  facet normal 0.431639 0.902047 0
    outer loop
      vertex 8.57831 18.7839 3
      vertex 9.24329 18.4657 0
      vertex 8.57831 18.7839 0
    endloop
  endfacet
  facet normal -0.894236 0.447595 0
    outer loop
      vertex 9.24329 18.4657 0
      vertex 10.2842 20.5453 3
      vertex 10.2842 20.5453 0
    endloop
  endfacet
  facet normal -0.894236 0.447595 0
    outer loop
      vertex 10.2842 20.5453 3
      vertex 9.24329 18.4657 0
      vertex 9.24329 18.4657 3
    endloop
  endfacet
  facet normal 0.968939 -0.247301 0
    outer loop
      vertex 5.10687 20.0085 3
      vertex 5.68019 22.2548 0
      vertex 5.68019 22.2548 3
    endloop
  endfacet
  facet normal 0.968939 -0.247301 0
    outer loop
      vertex 5.68019 22.2548 0
      vertex 5.10687 20.0085 3
      vertex 5.10687 20.0085 0
    endloop
  endfacet
  facet normal 0.264532 0.964377 -0
    outer loop
      vertex 5.81776 19.8135 0
      vertex 5.10687 20.0085 3
      vertex 5.81776 19.8135 3
    endloop
  endfacet
  facet normal 0.264532 0.964377 0
    outer loop
      vertex 5.10687 20.0085 3
      vertex 5.81776 19.8135 0
      vertex 5.10687 20.0085 0
    endloop
  endfacet
  facet normal 0.298839 0.954304 -0
    outer loop
      vertex 6.52126 19.5932 0
      vertex 5.81776 19.8135 3
      vertex 6.52126 19.5932 3
    endloop
  endfacet
  facet normal 0.298839 0.954304 0
    outer loop
      vertex 5.81776 19.8135 3
      vertex 6.52126 19.5932 0
      vertex 5.81776 19.8135 0
    endloop
  endfacet
  facet normal -0.948828 0.315792 0
    outer loop
      vertex 6.52126 19.5932 0
      vertex 7.26106 21.816 3
      vertex 7.26106 21.816 0
    endloop
  endfacet
  facet normal -0.948828 0.315792 0
    outer loop
      vertex 7.26106 21.816 3
      vertex 6.52126 19.5932 0
      vertex 6.52126 19.5932 3
    endloop
  endfacet
  facet normal -1 0 0
    outer loop
      vertex 19.2815 -1.5688 0
      vertex 19.2815 1.5688 3
      vertex 19.2815 1.5688 0
    endloop
  endfacet
  facet normal -1 -0 0
    outer loop
      vertex 19.2815 1.5688 3
      vertex 19.2815 -1.5688 0
      vertex 19.2815 -1.5688 3
    endloop
  endfacet
  facet normal -0.675694 -0.737182 0
    outer loop
      vertex 18.7993 2.60296 0
      vertex 18.8861 2.5234 3
      vertex 18.7993 2.60296 3
    endloop
  endfacet
  facet normal -0.675694 -0.737182 -0
    outer loop
      vertex 18.8861 2.5234 3
      vertex 18.7993 2.60296 0
      vertex 18.8861 2.5234 0
    endloop
  endfacet
  facet normal -0.991415 -0.130751 0
    outer loop
      vertex 19.2764 1.68646 0
      vertex 19.261 1.80323 3
      vertex 19.261 1.80323 0
    endloop
  endfacet
  facet normal -0.991415 -0.130751 0
    outer loop
      vertex 19.261 1.80323 3
      vertex 19.2764 1.68646 0
      vertex 19.2764 1.68646 3
    endloop
  endfacet
  facet normal -0.608521 0.793538 0
    outer loop
      vertex 18.7993 -2.60296 0
      vertex 18.7058 -2.67466 3
      vertex 18.7993 -2.60296 3
    endloop
  endfacet
  facet normal -0.608521 0.793538 0
    outer loop
      vertex 18.7058 -2.67466 3
      vertex 18.7993 -2.60296 0
      vertex 18.7058 -2.67466 0
    endloop
  endfacet
  facet normal -0.953752 0.300595 0
    outer loop
      vertex 19.2001 -2.03053 0
      vertex 19.2355 -1.91821 3
      vertex 19.2355 -1.91821 0
    endloop
  endfacet
  facet normal -0.953752 0.300595 0
    outer loop
      vertex 19.2355 -1.91821 3
      vertex 19.2001 -2.03053 0
      vertex 19.2001 -2.03053 3
    endloop
  endfacet
  facet normal -0.999062 -0.0433046 0
    outer loop
      vertex 19.2815 1.5688 0
      vertex 19.2764 1.68646 3
      vertex 19.2764 1.68646 0
    endloop
  endfacet
  facet normal -0.999062 -0.0433046 0
    outer loop
      vertex 19.2764 1.68646 3
      vertex 19.2815 1.5688 0
      vertex 19.2815 1.5688 3
    endloop
  endfacet
  facet normal -0.886936 -0.461893 0
    outer loop
      vertex 19.155 2.13934 0
      vertex 19.1006 2.2438 3
      vertex 19.1006 2.2438 0
    endloop
  endfacet
  facet normal -0.886936 -0.461893 0
    outer loop
      vertex 19.1006 2.2438 3
      vertex 19.155 2.13934 0
      vertex 19.155 2.13934 3
    endloop
  endfacet
  facet normal 0.2164 -0.976305 0
    outer loop
      vertex 17.5821 2.8728 0
      vertex 17.6971 2.89829 3
      vertex 17.5821 2.8728 3
    endloop
  endfacet
  facet normal 0.2164 -0.976305 0
    outer loop
      vertex 17.6971 2.89829 3
      vertex 17.5821 2.8728 0
      vertex 17.6971 2.89829 0
    endloop
  endfacet
  facet normal -0.923791 -0.382897 0
    outer loop
      vertex 19.2001 2.03053 0
      vertex 19.155 2.13934 3
      vertex 19.155 2.13934 0
    endloop
  endfacet
  facet normal -0.923791 -0.382897 0
    outer loop
      vertex 19.155 2.13934 3
      vertex 19.2001 2.03053 0
      vertex 19.2001 2.03053 3
    endloop
  endfacet
  facet normal -0.886936 0.461893 0
    outer loop
      vertex 19.1006 -2.2438 0
      vertex 19.155 -2.13934 3
      vertex 19.155 -2.13934 0
    endloop
  endfacet
  facet normal -0.886936 0.461893 0
    outer loop
      vertex 19.155 -2.13934 3
      vertex 19.1006 -2.2438 0
      vertex 19.1006 -2.2438 3
    endloop
  endfacet
  facet normal -0.793349 -0.608767 0
    outer loop
      vertex 19.0374 2.34313 0
      vertex 18.9657 2.43657 3
      vertex 18.9657 2.43657 0
    endloop
  endfacet
  facet normal -0.793349 -0.608767 0
    outer loop
      vertex 18.9657 2.43657 3
      vertex 19.0374 2.34313 0
      vertex 19.0374 2.34313 3
    endloop
  endfacet
  facet normal -0.953752 -0.300595 0
    outer loop
      vertex 19.2355 1.91821 0
      vertex 19.2001 2.03053 3
      vertex 19.2001 2.03053 0
    endloop
  endfacet
  facet normal -0.953752 -0.300595 0
    outer loop
      vertex 19.2001 2.03053 3
      vertex 19.2355 1.91821 0
      vertex 19.2355 1.91821 3
    endloop
  endfacet
  facet normal -0.043544 0.999052 0
    outer loop
      vertex 18.0492 -2.91367 0
      vertex 17.9315 -2.9188 3
      vertex 18.0492 -2.91367 3
    endloop
  endfacet
  facet normal -0.043544 0.999052 0
    outer loop
      vertex 17.9315 -2.9188 3
      vertex 18.0492 -2.91367 0
      vertex 17.9315 -2.9188 0
    endloop
  endfacet
  facet normal -0.976279 -0.216517 0
    outer loop
      vertex 19.261 1.80323 0
      vertex 19.2355 1.91821 3
      vertex 19.2355 1.91821 0
    endloop
  endfacet
  facet normal -0.976279 -0.216517 0
    outer loop
      vertex 19.2355 1.91821 3
      vertex 19.261 1.80323 0
      vertex 19.261 1.80323 3
    endloop
  endfacet
  facet normal -0.2164 0.976305 0
    outer loop
      vertex 18.2809 -2.8728 0
      vertex 18.1659 -2.89829 3
      vertex 18.2809 -2.8728 3
    endloop
  endfacet
  facet normal -0.2164 0.976305 0
    outer loop
      vertex 18.1659 -2.89829 3
      vertex 18.2809 -2.8728 0
      vertex 18.1659 -2.89829 0
    endloop
  endfacet
  facet normal 0.300698 -0.953719 0
    outer loop
      vertex 17.4925 2.84455 0
      vertex 17.5821 2.8728 3
      vertex 17.4925 2.84455 3
    endloop
  endfacet
  facet normal 0.300698 -0.953719 0
    outer loop
      vertex 17.5821 2.8728 3
      vertex 17.4925 2.84455 0
      vertex 17.5821 2.8728 0
    endloop
  endfacet
  facet normal -0.999062 0.0433046 0
    outer loop
      vertex 19.2764 -1.68646 0
      vertex 19.2815 -1.5688 3
      vertex 19.2815 -1.5688 0
    endloop
  endfacet
  facet normal -0.999062 0.0433046 0
    outer loop
      vertex 19.2815 -1.5688 3
      vertex 19.2764 -1.68646 0
      vertex 19.2764 -1.68646 3
    endloop
  endfacet
  facet normal -0.793349 0.608767 0
    outer loop
      vertex 18.9657 -2.43657 0
      vertex 19.0374 -2.34313 3
      vertex 19.0374 -2.34313 0
    endloop
  endfacet
  facet normal -0.793349 0.608767 0
    outer loop
      vertex 19.0374 -2.34313 3
      vertex 18.9657 -2.43657 0
      vertex 18.9657 -2.43657 3
    endloop
  endfacet
  facet normal -0.923791 0.382897 0
    outer loop
      vertex 19.155 -2.13934 0
      vertex 19.2001 -2.03053 3
      vertex 19.2001 -2.03053 0
    endloop
  endfacet
  facet normal -0.923791 0.382897 0
    outer loop
      vertex 19.2001 -2.03053 3
      vertex 19.155 -2.13934 0
      vertex 19.155 -2.13934 3
    endloop
  endfacet
  facet normal -0.130661 0.991427 0
    outer loop
      vertex 18.1659 -2.89829 0
      vertex 18.0492 -2.91367 3
      vertex 18.1659 -2.89829 3
    endloop
  endfacet
  facet normal -0.130661 0.991427 0
    outer loop
      vertex 18.0492 -2.91367 3
      vertex 18.1659 -2.89829 0
      vertex 18.0492 -2.91367 0
    endloop
  endfacet
  facet normal 0.043544 0.999052 -0
    outer loop
      vertex 17.9315 -2.9188 0
      vertex 17.8138 -2.91367 3
      vertex 17.9315 -2.9188 3
    endloop
  endfacet
  facet normal 0.043544 0.999052 0
    outer loop
      vertex 17.8138 -2.91367 3
      vertex 17.9315 -2.9188 0
      vertex 17.8138 -2.91367 0
    endloop
  endfacet
  facet normal -0.537414 -0.843319 0
    outer loop
      vertex 18.6065 2.73794 0
      vertex 18.7058 2.67466 3
      vertex 18.6065 2.73794 3
    endloop
  endfacet
  facet normal -0.537414 -0.843319 -0
    outer loop
      vertex 18.7058 2.67466 3
      vertex 18.6065 2.73794 0
      vertex 18.7058 2.67466 0
    endloop
  endfacet
  facet normal -0.737129 -0.675752 0
    outer loop
      vertex 18.9657 2.43657 0
      vertex 18.8861 2.5234 3
      vertex 18.8861 2.5234 0
    endloop
  endfacet
  facet normal -0.737129 -0.675752 0
    outer loop
      vertex 18.8861 2.5234 3
      vertex 18.9657 2.43657 0
      vertex 18.9657 2.43657 3
    endloop
  endfacet
  facet normal -0.976279 0.216517 0
    outer loop
      vertex 19.2355 -1.91821 0
      vertex 19.261 -1.80323 3
      vertex 19.261 -1.80323 0
    endloop
  endfacet
  facet normal -0.976279 0.216517 0
    outer loop
      vertex 19.261 -1.80323 3
      vertex 19.2355 -1.91821 0
      vertex 19.2355 -1.91821 3
    endloop
  endfacet
  facet normal 0.043544 -0.999052 0
    outer loop
      vertex 17.8138 2.91367 0
      vertex 17.9315 2.9188 3
      vertex 17.8138 2.91367 3
    endloop
  endfacet
  facet normal 0.043544 -0.999052 0
    outer loop
      vertex 17.9315 2.9188 3
      vertex 17.8138 2.91367 0
      vertex 17.9315 2.9188 0
    endloop
  endfacet
  facet normal -0.46162 -0.887078 0
    outer loop
      vertex 18.502 2.79232 0
      vertex 18.6065 2.73794 3
      vertex 18.502 2.79232 3
    endloop
  endfacet
  facet normal -0.46162 -0.887078 -0
    outer loop
      vertex 18.6065 2.73794 3
      vertex 18.502 2.79232 0
      vertex 18.6065 2.73794 0
    endloop
  endfacet
  facet normal -0.608521 -0.793538 0
    outer loop
      vertex 18.7058 2.67466 0
      vertex 18.7993 2.60296 3
      vertex 18.7058 2.67466 3
    endloop
  endfacet
  facet normal -0.608521 -0.793538 -0
    outer loop
      vertex 18.7993 2.60296 3
      vertex 18.7058 2.67466 0
      vertex 18.7993 2.60296 0
    endloop
  endfacet
  facet normal -0.675694 0.737182 0
    outer loop
      vertex 18.8861 -2.5234 0
      vertex 18.7993 -2.60296 3
      vertex 18.8861 -2.5234 3
    endloop
  endfacet
  facet normal -0.675694 0.737182 0
    outer loop
      vertex 18.7993 -2.60296 3
      vertex 18.8861 -2.5234 0
      vertex 18.7993 -2.60296 0
    endloop
  endfacet
  facet normal 0.2164 0.976305 -0
    outer loop
      vertex 17.6971 -2.89829 0
      vertex 17.5821 -2.8728 3
      vertex 17.6971 -2.89829 3
    endloop
  endfacet
  facet normal 0.2164 0.976305 0
    outer loop
      vertex 17.5821 -2.8728 3
      vertex 17.6971 -2.89829 0
      vertex 17.5821 -2.8728 0
    endloop
  endfacet
  facet normal -0.737129 0.675752 0
    outer loop
      vertex 18.8861 -2.5234 0
      vertex 18.9657 -2.43657 3
      vertex 18.9657 -2.43657 0
    endloop
  endfacet
  facet normal -0.737129 0.675752 0
    outer loop
      vertex 18.9657 -2.43657 3
      vertex 18.8861 -2.5234 0
      vertex 18.8861 -2.5234 3
    endloop
  endfacet
  facet normal -0.991415 0.130751 0
    outer loop
      vertex 19.261 -1.80323 0
      vertex 19.2764 -1.68646 3
      vertex 19.2764 -1.68646 0
    endloop
  endfacet
  facet normal -0.991415 0.130751 0
    outer loop
      vertex 19.2764 -1.68646 3
      vertex 19.261 -1.80323 0
      vertex 19.261 -1.80323 3
    endloop
  endfacet
  facet normal -0.382709 0.923869 0
    outer loop
      vertex 18.502 -2.79232 0
      vertex 18.3932 -2.83739 3
      vertex 18.502 -2.79232 3
    endloop
  endfacet
  facet normal -0.382709 0.923869 0
    outer loop
      vertex 18.3932 -2.83739 3
      vertex 18.502 -2.79232 0
      vertex 18.3932 -2.83739 0
    endloop
  endfacet
  facet normal 0.130661 0.991427 -0
    outer loop
      vertex 17.8138 -2.91367 0
      vertex 17.6971 -2.89829 3
      vertex 17.8138 -2.91367 3
    endloop
  endfacet
  facet normal 0.130661 0.991427 0
    outer loop
      vertex 17.6971 -2.89829 3
      vertex 17.8138 -2.91367 0
      vertex 17.6971 -2.89829 0
    endloop
  endfacet
  facet normal -0.2164 -0.976305 0
    outer loop
      vertex 18.1659 2.89829 0
      vertex 18.2809 2.8728 3
      vertex 18.1659 2.89829 3
    endloop
  endfacet
  facet normal -0.2164 -0.976305 -0
    outer loop
      vertex 18.2809 2.8728 3
      vertex 18.1659 2.89829 0
      vertex 18.2809 2.8728 0
    endloop
  endfacet
  facet normal -0.382709 -0.923869 0
    outer loop
      vertex 18.3932 2.83739 0
      vertex 18.502 2.79232 3
      vertex 18.3932 2.83739 3
    endloop
  endfacet
  facet normal -0.382709 -0.923869 -0
    outer loop
      vertex 18.502 2.79232 3
      vertex 18.3932 2.83739 0
      vertex 18.502 2.79232 0
    endloop
  endfacet
  facet normal -0.300721 0.953712 0
    outer loop
      vertex 18.3932 -2.83739 0
      vertex 18.2809 -2.8728 3
      vertex 18.3932 -2.83739 3
    endloop
  endfacet
  facet normal -0.300721 0.953712 0
    outer loop
      vertex 18.2809 -2.8728 3
      vertex 18.3932 -2.83739 0
      vertex 18.2809 -2.8728 0
    endloop
  endfacet
  facet normal -0.8437 -0.536815 0
    outer loop
      vertex 19.1006 2.2438 0
      vertex 19.0374 2.34313 3
      vertex 19.0374 2.34313 0
    endloop
  endfacet
  facet normal -0.8437 -0.536815 0
    outer loop
      vertex 19.0374 2.34313 3
      vertex 19.1006 2.2438 0
      vertex 19.1006 2.2438 3
    endloop
  endfacet
  facet normal 0.300698 0.953719 -0
    outer loop
      vertex 17.5821 -2.8728 0
      vertex 17.4925 -2.84455 3
      vertex 17.5821 -2.8728 3
    endloop
  endfacet
  facet normal 0.300698 0.953719 0
    outer loop
      vertex 17.4925 -2.84455 3
      vertex 17.5821 -2.8728 0
      vertex 17.4925 -2.84455 0
    endloop
  endfacet
  facet normal 0.130661 -0.991427 0
    outer loop
      vertex 17.6971 2.89829 0
      vertex 17.8138 2.91367 3
      vertex 17.6971 2.89829 3
    endloop
  endfacet
  facet normal 0.130661 -0.991427 0
    outer loop
      vertex 17.8138 2.91367 3
      vertex 17.6971 2.89829 0
      vertex 17.8138 2.91367 0
    endloop
  endfacet
  facet normal -0.8437 0.536815 0
    outer loop
      vertex 19.0374 -2.34313 0
      vertex 19.1006 -2.2438 3
      vertex 19.1006 -2.2438 0
    endloop
  endfacet
  facet normal -0.8437 0.536815 0
    outer loop
      vertex 19.1006 -2.2438 3
      vertex 19.0374 -2.34313 0
      vertex 19.0374 -2.34313 3
    endloop
  endfacet
  facet normal -0.46162 0.887078 0
    outer loop
      vertex 18.6065 -2.73794 0
      vertex 18.502 -2.79232 3
      vertex 18.6065 -2.73794 3
    endloop
  endfacet
  facet normal -0.46162 0.887078 0
    outer loop
      vertex 18.502 -2.79232 3
      vertex 18.6065 -2.73794 0
      vertex 18.502 -2.79232 0
    endloop
  endfacet
  facet normal -0.537414 0.843319 0
    outer loop
      vertex 18.7058 -2.67466 0
      vertex 18.6065 -2.73794 3
      vertex 18.7058 -2.67466 3
    endloop
  endfacet
  facet normal -0.537414 0.843319 0
    outer loop
      vertex 18.6065 -2.73794 3
      vertex 18.7058 -2.67466 0
      vertex 18.6065 -2.73794 0
    endloop
  endfacet
  facet normal -0.043544 -0.999052 0
    outer loop
      vertex 17.9315 2.9188 0
      vertex 18.0492 2.91367 3
      vertex 17.9315 2.9188 3
    endloop
  endfacet
  facet normal -0.043544 -0.999052 -0
    outer loop
      vertex 18.0492 2.91367 3
      vertex 17.9315 2.9188 0
      vertex 18.0492 2.91367 0
    endloop
  endfacet
  facet normal -0.130661 -0.991427 0
    outer loop
      vertex 18.0492 2.91367 0
      vertex 18.1659 2.89829 3
      vertex 18.0492 2.91367 3
    endloop
  endfacet
  facet normal -0.130661 -0.991427 -0
    outer loop
      vertex 18.1659 2.89829 3
      vertex 18.0492 2.91367 0
      vertex 18.1659 2.89829 0
    endloop
  endfacet
  facet normal -0.300721 -0.953712 0
    outer loop
      vertex 18.2809 2.8728 0
      vertex 18.3932 2.83739 3
      vertex 18.2809 2.8728 3
    endloop
  endfacet
  facet normal -0.300721 -0.953712 -0
    outer loop
      vertex 18.3932 2.83739 3
      vertex 18.2809 2.8728 0
      vertex 18.3932 2.83739 0
    endloop
  endfacet
  facet normal 0 0 1
    outer loop
      vertex 5.68019 22.2548 3
      vertex 4.88899 22.4744 3
      vertex 5.10687 20.0085 3
    endloop
  endfacet
  facet normal 0 0 1
    outer loop
      vertex 7.3931 21.7794 3
      vertex 7.9024 19.0781 3
      vertex 8.78801 21.2161 3
    endloop
  endfacet
  facet normal -0 0 1
    outer loop
      vertex 6.52126 19.5932 3
      vertex 7.9024 19.0781 3
      vertex 7.3931 21.7794 3
    endloop
  endfacet
  facet normal 0 0 1
    outer loop
      vertex 6.52126 19.5932 3
      vertex 7.3931 21.7794 3
      vertex 7.26106 21.816 3
    endloop
  endfacet
  facet normal 0 0 1
    outer loop
      vertex 5.70554 16.808 3
      vertex 7.9024 19.0781 3
      vertex 6.52126 19.5932 3
    endloop
  endfacet
  facet normal 0 0 1
    outer loop
      vertex 5.70554 16.808 3
      vertex 6.52126 19.5932 3
      vertex 5.81776 19.8135 3
    endloop
  endfacet
  facet normal 0 0 1
    outer loop
      vertex 7.9024 19.0781 3
      vertex 5.70554 16.808 3
      vertex 7.56522 16.0571 3
    endloop
  endfacet
  facet normal 0 0 1
    outer loop
      vertex 3.77303 17.3443 3
      vertex 5.81776 19.8135 3
      vertex 5.10687 20.0085 3
    endloop
  endfacet
  facet normal 0 0 1
    outer loop
      vertex 5.81776 19.8135 3
      vertex 3.77303 17.3443 3
      vertex 5.70554 16.808 3
    endloop
  endfacet
  facet normal 0 0 1
    outer loop
      vertex 3.77303 17.3443 3
      vertex 5.10687 20.0085 3
      vertex 4.88899 22.4744 3
    endloop
  endfacet
  facet normal 0 0 1
    outer loop
      vertex 11.7262 -19.7635 3
      vertex 10.5371 -17.7593 3
      vertex 10.2842 -20.5453 3
    endloop
  endfacet
  facet normal 0 0 1
    outer loop
      vertex 11.7262 19.7635 3
      vertex 10.2842 20.5453 3
      vertex 10.5371 17.7593 3
    endloop
  endfacet
  facet normal 0 0 1
    outer loop
      vertex 11.7772 16.9623 3
      vertex 14.2177 18.0792 3
      vertex 13.0965 18.8626 3
    endloop
  endfacet
  facet normal 0 0 1
    outer loop
      vertex 14.2177 18.0792 3
      vertex 12.9572 16.0789 3
      vertex 14.4231 17.898 3
    endloop
  endfacet
  facet normal 0 0 1
    outer loop
      vertex 14.2177 18.0792 3
      vertex 11.7772 16.9623 3
      vertex 12.9572 16.0789 3
    endloop
  endfacet
  facet normal 0 0 1
    outer loop
      vertex 10.9723 13.9524 3
      vertex 12.9572 16.0789 3
      vertex 11.7772 16.9623 3
    endloop
  endfacet
  facet normal 0 0 1
    outer loop
      vertex 9.32831 15.1012 3
      vertex 11.7772 16.9623 3
      vertex 11.1642 17.3719 3
    endloop
  endfacet
  facet normal 0 0 1
    outer loop
      vertex 12.9572 16.0789 3
      vertex 10.9723 13.9524 3
      vertex 12.4762 12.6256 3
    endloop
  endfacet
  facet normal 0 0 1
    outer loop
      vertex 9.32831 15.1012 3
      vertex 11.1642 17.3719 3
      vertex 10.5371 17.7593 3
    endloop
  endfacet
  facet normal 0 0 1
    outer loop
      vertex 11.7772 16.9623 3
      vertex 9.32831 15.1012 3
      vertex 10.9723 13.9524 3
    endloop
  endfacet
  facet normal -0 0 1
    outer loop
      vertex 9.24329 18.4657 3
      vertex 10.5371 17.7593 3
      vertex 10.2842 20.5453 3
    endloop
  endfacet
  facet normal 0 0 1
    outer loop
      vertex 10.5371 17.7593 3
      vertex 9.24329 18.4657 3
      vertex 9.32831 15.1012 3
    endloop
  endfacet
  facet normal 0 0 1
    outer loop
      vertex 7.56522 16.0571 3
      vertex 9.24329 18.4657 3
      vertex 8.57831 18.7839 3
    endloop
  endfacet
  facet normal 0 0 1
    outer loop
      vertex 7.56522 16.0571 3
      vertex 8.57831 18.7839 3
      vertex 7.9024 19.0781 3
    endloop
  endfacet
  facet normal 0 0 1
    outer loop
      vertex 9.24329 18.4657 3
      vertex 7.56522 16.0571 3
      vertex 9.32831 15.1012 3
    endloop
  endfacet
  facet normal 0 0 1
    outer loop
      vertex 14.0713 15.1136 3
      vertex 16.1664 16.3599 3
      vertex 15.6532 16.8127 3
    endloop
  endfacet
  facet normal 0 0 1
    outer loop
      vertex 16.1664 16.3599 3
      vertex 15.1136 14.0713 3
      vertex 16.8085 15.6493 3
    endloop
  endfacet
  facet normal 0 0 1
    outer loop
      vertex 16.1664 16.3599 3
      vertex 14.0713 15.1136 3
      vertex 15.1136 14.0713 3
    endloop
  endfacet
  facet normal 0 0 1
    outer loop
      vertex 12.4762 12.6256 3
      vertex 15.1136 14.0713 3
      vertex 14.0713 15.1136 3
    endloop
  endfacet
  facet normal 0 0 1
    outer loop
      vertex 15.1136 14.0713 3
      vertex 13.8209 11.1376 3
      vertex 14.9891 9.50735 3
    endloop
  endfacet
  facet normal 0 0 1
    outer loop
      vertex 12.4762 12.6256 3
      vertex 14.0713 15.1136 3
      vertex 13.5229 15.6062 3
    endloop
  endfacet
  facet normal 0 0 1
    outer loop
      vertex 12.4762 12.6256 3
      vertex 13.5229 15.6062 3
      vertex 12.9572 16.0789 3
    endloop
  endfacet
  facet normal 0 0 1
    outer loop
      vertex 15.1136 14.0713 3
      vertex 12.4762 12.6256 3
      vertex 13.8209 11.1376 3
    endloop
  endfacet
  facet normal 0 0 1
    outer loop
      vertex 16.0789 12.9572 3
      vertex 18.8646 13.0979 3
      vertex 17.9088 14.4318 3
    endloop
  endfacet
  facet normal 0 0 1
    outer loop
      vertex 18.8646 13.0979 3
      vertex 16.0789 12.9572 3
      vertex 16.9623 11.7772 3
    endloop
  endfacet
  facet normal 0 0 1
    outer loop
      vertex 14.9891 9.50735 3
      vertex 16.9623 11.7772 3
      vertex 16.0789 12.9572 3
    endloop
  endfacet
  facet normal 0 0 1
    outer loop
      vertex 16.9623 11.7772 3
      vertex 15.9659 7.75575 3
      vertex 16.7389 5.90515 3
    endloop
  endfacet
  facet normal 0 0 1
    outer loop
      vertex 14.9891 9.50735 3
      vertex 16.0789 12.9572 3
      vertex 15.6062 13.5229 3
    endloop
  endfacet
  facet normal 0 0 1
    outer loop
      vertex 14.9891 9.50735 3
      vertex 15.6062 13.5229 3
      vertex 15.1136 14.0713 3
    endloop
  endfacet
  facet normal 0 0 1
    outer loop
      vertex 16.9623 11.7772 3
      vertex 14.9891 9.50735 3
      vertex 15.9659 7.75575 3
    endloop
  endfacet
  facet normal 0 0 1
    outer loop
      vertex 19.7558 11.7217 3
      vertex 18.4657 9.24329 3
      vertex 20.5548 10.289 3
    endloop
  endfacet
  facet normal 0 0 1
    outer loop
      vertex 19.8135 5.81776 3
      vertex 18.2809 2.8728 3
      vertex 18.3932 2.83739 3
    endloop
  endfacet
  facet normal 0 0 1
    outer loop
      vertex 18.7839 8.57831 3
      vertex 17.2982 3.97916 3
      vertex 18.2809 2.8728 3
    endloop
  endfacet
  facet normal 0 0 1
    outer loop
      vertex 18.2809 2.8728 3
      vertex 17.2982 3.97916 3
      vertex 18.1659 2.89829 3
    endloop
  endfacet
  facet normal 0 0 1
    outer loop
      vertex 18.1659 2.89829 3
      vertex 17.2982 3.97916 3
      vertex 18.0492 2.91367 3
    endloop
  endfacet
  facet normal 0 0 1
    outer loop
      vertex 18.0492 2.91367 3
      vertex 17.2982 3.97916 3
      vertex 17.9315 2.9188 3
    endloop
  endfacet
  facet normal -0 0 1
    outer loop
      vertex 17.7593 10.5371 3
      vertex 18.4657 9.24329 3
      vertex 19.7558 11.7217 3
    endloop
  endfacet
  facet normal 0 0 1
    outer loop
      vertex 16.7389 5.90515 3
      vertex 18.4657 9.24329 3
      vertex 17.7593 10.5371 3
    endloop
  endfacet
  facet normal 0 0 1
    outer loop
      vertex 17.9315 2.9188 3
      vertex 17.2982 3.97916 3
      vertex 17.8138 2.91367 3
    endloop
  endfacet
  facet normal 0 0 1
    outer loop
      vertex 17.8138 2.91367 3
      vertex 17.2982 3.97916 3
      vertex 17.6971 2.89829 3
    endloop
  endfacet
  facet normal 0 0 1
    outer loop
      vertex 17.6971 2.89829 3
      vertex 17.2982 3.97916 3
      vertex 17.5821 2.8728 3
    endloop
  endfacet
  facet normal 0 0 1
    outer loop
      vertex 16.7389 5.90515 3
      vertex 17.7593 10.5371 3
      vertex 17.3719 11.1642 3
    endloop
  endfacet
  facet normal 0 0 1
    outer loop
      vertex 17.5821 2.8728 3
      vertex 17.2982 3.97916 3
      vertex 17.4925 2.84455 3
    endloop
  endfacet
  facet normal 0 0 1
    outer loop
      vertex 16.7389 5.90515 3
      vertex 17.3719 11.1642 3
      vertex 16.9623 11.7772 3
    endloop
  endfacet
  facet normal 0 0 1
    outer loop
      vertex 18.7839 8.57831 3
      vertex 16.7389 5.90515 3
      vertex 17.2982 3.97916 3
    endloop
  endfacet
  facet normal -0 0 1
    outer loop
      vertex 19.0781 7.9024 3
      vertex 21.6899 7.65175 3
      vertex 21.2154 8.7877 3
    endloop
  endfacet
  facet normal 0 0 1
    outer loop
      vertex 21.6899 7.65175 3
      vertex 19.5932 6.52126 3
      vertex 21.8044 7.2572 3
    endloop
  endfacet
  facet normal -0 0 1
    outer loop
      vertex 19.2001 -2.03053 3
      vertex 20.5317 -2.20738 3
      vertex 19.2355 -1.91821 3
    endloop
  endfacet
  facet normal 0 0 1
    outer loop
      vertex 19.8135 5.81776 3
      vertex 19.2764 1.68646 3
      vertex 19.2815 1.5688 3
    endloop
  endfacet
  facet normal 0 0 1
    outer loop
      vertex 19.8135 5.81776 3
      vertex 19.261 1.80323 3
      vertex 19.2764 1.68646 3
    endloop
  endfacet
  facet normal 0 0 1
    outer loop
      vertex 19.8135 5.81776 3
      vertex 19.2355 1.91821 3
      vertex 19.261 1.80323 3
    endloop
  endfacet
  facet normal 0 0 1
    outer loop
      vertex 19.8135 5.81776 3
      vertex 19.2001 2.03053 3
      vertex 19.2355 1.91821 3
    endloop
  endfacet
  facet normal 0 0 1
    outer loop
      vertex 19.8135 5.81776 3
      vertex 19.155 2.13934 3
      vertex 19.2001 2.03053 3
    endloop
  endfacet
  facet normal 0 0 1
    outer loop
      vertex 19.8135 5.81776 3
      vertex 19.1006 2.2438 3
      vertex 19.155 2.13934 3
    endloop
  endfacet
  facet normal 0 0 1
    outer loop
      vertex 21.6899 7.65175 3
      vertex 19.0781 7.9024 3
      vertex 19.5932 6.52126 3
    endloop
  endfacet
  facet normal 0 0 1
    outer loop
      vertex 18.2809 2.8728 3
      vertex 19.5932 6.52126 3
      vertex 19.0781 7.9024 3
    endloop
  endfacet
  facet normal 0 0 1
    outer loop
      vertex 19.8135 5.81776 3
      vertex 19.0374 2.34313 3
      vertex 19.1006 2.2438 3
    endloop
  endfacet
  facet normal 0 0 1
    outer loop
      vertex 19.8135 5.81776 3
      vertex 18.9657 2.43657 3
      vertex 19.0374 2.34313 3
    endloop
  endfacet
  facet normal 0 0 1
    outer loop
      vertex 19.8135 5.81776 3
      vertex 18.8861 2.5234 3
      vertex 18.9657 2.43657 3
    endloop
  endfacet
  facet normal 0 0 1
    outer loop
      vertex 19.8135 5.81776 3
      vertex 18.7993 2.60296 3
      vertex 18.8861 2.5234 3
    endloop
  endfacet
  facet normal 0 0 1
    outer loop
      vertex 18.2809 2.8728 3
      vertex 19.0781 7.9024 3
      vertex 18.7839 8.57831 3
    endloop
  endfacet
  facet normal 0 0 1
    outer loop
      vertex 19.8135 5.81776 3
      vertex 18.7058 2.67466 3
      vertex 18.7993 2.60296 3
    endloop
  endfacet
  facet normal 0 0 1
    outer loop
      vertex 19.8135 5.81776 3
      vertex 18.6065 2.73794 3
      vertex 18.7058 2.67466 3
    endloop
  endfacet
  facet normal 0 0 1
    outer loop
      vertex 19.8135 5.81776 3
      vertex 18.502 2.79232 3
      vertex 18.6065 2.73794 3
    endloop
  endfacet
  facet normal 0 0 1
    outer loop
      vertex 16.7389 5.90515 3
      vertex 18.7839 8.57831 3
      vertex 18.4657 9.24329 3
    endloop
  endfacet
  facet normal 0 0 1
    outer loop
      vertex 19.8135 5.81776 3
      vertex 18.3932 2.83739 3
      vertex 18.502 2.79232 3
    endloop
  endfacet
  facet normal 0 0 1
    outer loop
      vertex 20.0085 5.10687 3
      vertex 22.4146 5.15608 3
      vertex 22.2619 5.682 3
    endloop
  endfacet
  facet normal 0 0 1
    outer loop
      vertex 22.4146 5.15608 3
      vertex 20.3219 3.66647 3
      vertex 22.5993 4.07736 3
    endloop
  endfacet
  facet normal 0 0 1
    outer loop
      vertex 19.2815 1.5688 3
      vertex 20.3219 3.66647 3
      vertex 20.0085 5.10687 3
    endloop
  endfacet
  facet normal 0 0 1
    outer loop
      vertex 22.4146 5.15608 3
      vertex 20.0085 5.10687 3
      vertex 20.3219 3.66647 3
    endloop
  endfacet
  facet normal -0 0 1
    outer loop
      vertex 20.5317 2.20738 3
      vertex 22.9536 0.819778 3
      vertex 22.8609 2.4578 3
    endloop
  endfacet
  facet normal -0 0 1
    outer loop
      vertex 19.2815 1.5688 3
      vertex 20.6368 0.737045 3
      vertex 20.5317 2.20738 3
    endloop
  endfacet
  facet normal 0 0 1
    outer loop
      vertex 22.9536 0.819778 3
      vertex 20.5317 2.20738 3
      vertex 20.6368 0.737045 3
    endloop
  endfacet
  facet normal 0 0 1
    outer loop
      vertex 19.2815 1.5688 3
      vertex 20.65 0 3
      vertex 20.6368 0.737045 3
    endloop
  endfacet
  facet normal 0 0 1
    outer loop
      vertex 20.5317 -2.20738 3
      vertex 22.9536 -0.819778 3
      vertex 20.6368 -0.737045 3
    endloop
  endfacet
  facet normal 0 0 1
    outer loop
      vertex 22.9536 -0.819778 3
      vertex 20.5317 -2.20738 3
      vertex 22.8609 -2.4578 3
    endloop
  endfacet
  facet normal 0 0 1
    outer loop
      vertex 19.2815 -1.5688 3
      vertex 20.65 0 3
      vertex 19.2815 1.5688 3
    endloop
  endfacet
  facet normal 0 0 1
    outer loop
      vertex 19.2815 1.5688 3
      vertex 20.5317 2.20738 3
      vertex 20.4398 2.9388 3
    endloop
  endfacet
  facet normal 0 0 1
    outer loop
      vertex 20.65 0 3
      vertex 19.2815 -1.5688 3
      vertex 20.6368 -0.737045 3
    endloop
  endfacet
  facet normal 0 0 1
    outer loop
      vertex 19.2815 1.5688 3
      vertex 20.4398 2.9388 3
      vertex 20.3219 3.66647 3
    endloop
  endfacet
  facet normal 0 0 1
    outer loop
      vertex 20.6368 -0.737045 3
      vertex 19.2815 -1.5688 3
      vertex 20.5317 -2.20738 3
    endloop
  endfacet
  facet normal 0 0 1
    outer loop
      vertex 20.3219 -3.66647 3
      vertex 22.4146 -5.15608 3
      vertex 22.5993 -4.07736 3
    endloop
  endfacet
  facet normal -0 0 1
    outer loop
      vertex 20.0085 -5.10687 3
      vertex 22.4146 -5.15608 3
      vertex 20.3219 -3.66647 3
    endloop
  endfacet
  facet normal 0 0 1
    outer loop
      vertex 22.4146 -5.15608 3
      vertex 20.0085 -5.10687 3
      vertex 22.2619 -5.682 3
    endloop
  endfacet
  facet normal -0 0 1
    outer loop
      vertex 19.2764 -1.68646 3
      vertex 20.5317 -2.20738 3
      vertex 19.2815 -1.5688 3
    endloop
  endfacet
  facet normal 0 0 1
    outer loop
      vertex 19.2815 1.5688 3
      vertex 20.0085 5.10687 3
      vertex 19.8135 5.81776 3
    endloop
  endfacet
  facet normal -0 0 1
    outer loop
      vertex 19.261 -1.80323 3
      vertex 20.5317 -2.20738 3
      vertex 19.2764 -1.68646 3
    endloop
  endfacet
  facet normal 0 0 1
    outer loop
      vertex 18.2809 2.8728 3
      vertex 19.8135 5.81776 3
      vertex 19.5932 6.52126 3
    endloop
  endfacet
  facet normal -0 0 1
    outer loop
      vertex 19.2355 -1.91821 3
      vertex 20.5317 -2.20738 3
      vertex 19.261 -1.80323 3
    endloop
  endfacet
  facet normal 0 0 1
    outer loop
      vertex 19.5932 -6.52126 3
      vertex 21.6899 -7.65175 3
      vertex 21.8044 -7.2572 3
    endloop
  endfacet
  facet normal 0 0 1
    outer loop
      vertex 19.0781 -7.9024 3
      vertex 21.6899 -7.65175 3
      vertex 19.5932 -6.52126 3
    endloop
  endfacet
  facet normal -0 0 1
    outer loop
      vertex 19.155 -2.13934 3
      vertex 20.5317 -2.20738 3
      vertex 19.2001 -2.03053 3
    endloop
  endfacet
  facet normal 0 0 1
    outer loop
      vertex 20.5317 -2.20738 3
      vertex 19.155 -2.13934 3
      vertex 20.4398 -2.9388 3
    endloop
  endfacet
  facet normal -0 0 1
    outer loop
      vertex 19.1006 -2.2438 3
      vertex 20.4398 -2.9388 3
      vertex 19.155 -2.13934 3
    endloop
  endfacet
  facet normal -0 0 1
    outer loop
      vertex 19.0374 -2.34313 3
      vertex 20.4398 -2.9388 3
      vertex 19.1006 -2.2438 3
    endloop
  endfacet
  facet normal -0 0 1
    outer loop
      vertex 18.9657 -2.43657 3
      vertex 20.4398 -2.9388 3
      vertex 19.0374 -2.34313 3
    endloop
  endfacet
  facet normal -0 0 1
    outer loop
      vertex 18.8861 -2.5234 3
      vertex 20.4398 -2.9388 3
      vertex 18.9657 -2.43657 3
    endloop
  endfacet
  facet normal 0 0 1
    outer loop
      vertex 20.4398 -2.9388 3
      vertex 18.8861 -2.5234 3
      vertex 20.3219 -3.66647 3
    endloop
  endfacet
  facet normal 0 0 1
    outer loop
      vertex 21.6899 -7.65175 3
      vertex 19.0781 -7.9024 3
      vertex 21.2154 -8.7877 3
    endloop
  endfacet
  facet normal -0 0 1
    outer loop
      vertex 18.7993 -2.60296 3
      vertex 20.3219 -3.66647 3
      vertex 18.8861 -2.5234 3
    endloop
  endfacet
  facet normal -0 0 1
    outer loop
      vertex 18.7058 -2.67466 3
      vertex 20.3219 -3.66647 3
      vertex 18.7993 -2.60296 3
    endloop
  endfacet
  facet normal -0 0 1
    outer loop
      vertex 18.6065 -2.73794 3
      vertex 20.3219 -3.66647 3
      vertex 18.7058 -2.67466 3
    endloop
  endfacet
  facet normal -0 0 1
    outer loop
      vertex 18.502 -2.79232 3
      vertex 20.3219 -3.66647 3
      vertex 18.6065 -2.73794 3
    endloop
  endfacet
  facet normal 0 0 1
    outer loop
      vertex 20.3219 -3.66647 3
      vertex 18.502 -2.79232 3
      vertex 20.0085 -5.10687 3
    endloop
  endfacet
  facet normal -0 0 1
    outer loop
      vertex 18.3932 -2.83739 3
      vertex 20.0085 -5.10687 3
      vertex 18.502 -2.79232 3
    endloop
  endfacet
  facet normal -0 0 1
    outer loop
      vertex 18.2809 -2.8728 3
      vertex 20.0085 -5.10687 3
      vertex 18.3932 -2.83739 3
    endloop
  endfacet
  facet normal 0 0 1
    outer loop
      vertex 20.0085 -5.10687 3
      vertex 17.2982 -3.97916 3
      vertex 19.8135 -5.81776 3
    endloop
  endfacet
  facet normal 0 0 1
    outer loop
      vertex 19.8135 -5.81776 3
      vertex 16.7389 -5.90515 3
      vertex 19.5932 -6.52126 3
    endloop
  endfacet
  facet normal 0 0 1
    outer loop
      vertex 19.5932 -6.52126 3
      vertex 16.7389 -5.90515 3
      vertex 19.0781 -7.9024 3
    endloop
  endfacet
  facet normal 0 0 1
    outer loop
      vertex 16.7389 -5.90515 3
      vertex 19.8135 -5.81776 3
      vertex 17.2982 -3.97916 3
    endloop
  endfacet
  facet normal 0 0 1
    outer loop
      vertex 18.4657 -9.24329 3
      vertex 19.7558 -11.7217 3
      vertex 20.5548 -10.289 3
    endloop
  endfacet
  facet normal 0 0 1
    outer loop
      vertex 20.0085 -5.10687 3
      vertex 18.2809 -2.8728 3
      vertex 17.2982 -3.97916 3
    endloop
  endfacet
  facet normal 0 0 1
    outer loop
      vertex 17.2982 -3.97916 3
      vertex 18.2809 -2.8728 3
      vertex 18.1659 -2.89829 3
    endloop
  endfacet
  facet normal 0 0 1
    outer loop
      vertex 17.2982 -3.97916 3
      vertex 18.1659 -2.89829 3
      vertex 18.0492 -2.91367 3
    endloop
  endfacet
  facet normal 0 0 1
    outer loop
      vertex 17.2982 -3.97916 3
      vertex 18.0492 -2.91367 3
      vertex 17.9315 -2.9188 3
    endloop
  endfacet
  facet normal 0 0 1
    outer loop
      vertex 17.2982 -3.97916 3
      vertex 17.9315 -2.9188 3
      vertex 17.8138 -2.91367 3
    endloop
  endfacet
  facet normal 0 0 1
    outer loop
      vertex 18.4657 -9.24329 3
      vertex 17.7593 -10.5371 3
      vertex 19.7558 -11.7217 3
    endloop
  endfacet
  facet normal -0 0 1
    outer loop
      vertex 15.9659 -7.75575 3
      vertex 19.0781 -7.9024 3
      vertex 16.7389 -5.90515 3
    endloop
  endfacet
  facet normal 0 0 1
    outer loop
      vertex 17.2982 -3.97916 3
      vertex 17.8138 -2.91367 3
      vertex 17.6971 -2.89829 3
    endloop
  endfacet
  facet normal 0 0 1
    outer loop
      vertex 17.2982 -3.97916 3
      vertex 17.6971 -2.89829 3
      vertex 17.5821 -2.8728 3
    endloop
  endfacet
  facet normal 0 0 1
    outer loop
      vertex 17.2982 -3.97916 3
      vertex 17.5821 -2.8728 3
      vertex 17.4925 -2.84455 3
    endloop
  endfacet
  facet normal 0 0 1
    outer loop
      vertex 19.0781 -7.9024 3
      vertex 15.9659 -7.75575 3
      vertex 18.7839 -8.57831 3
    endloop
  endfacet
  facet normal 0 0 1
    outer loop
      vertex 18.7839 -8.57831 3
      vertex 15.9659 -7.75575 3
      vertex 18.4657 -9.24329 3
    endloop
  endfacet
  facet normal 0 0 1
    outer loop
      vertex 18.4657 -9.24329 3
      vertex 15.9659 -7.75575 3
      vertex 17.7593 -10.5371 3
    endloop
  endfacet
  facet normal -0 0 1
    outer loop
      vertex 14.9891 -9.50735 3
      vertex 17.7593 -10.5371 3
      vertex 15.9659 -7.75575 3
    endloop
  endfacet
  facet normal -0 0 1
    outer loop
      vertex 16.0789 -12.9572 3
      vertex 18.8646 -13.0979 3
      vertex 16.9623 -11.7772 3
    endloop
  endfacet
  facet normal 0 0 1
    outer loop
      vertex 18.8646 -13.0979 3
      vertex 16.0789 -12.9572 3
      vertex 17.9088 -14.4318 3
    endloop
  endfacet
  facet normal 0 0 1
    outer loop
      vertex 17.7593 -10.5371 3
      vertex 14.9891 -9.50735 3
      vertex 17.3719 -11.1642 3
    endloop
  endfacet
  facet normal 0 0 1
    outer loop
      vertex 17.3719 -11.1642 3
      vertex 14.9891 -9.50735 3
      vertex 16.9623 -11.7772 3
    endloop
  endfacet
  facet normal -0 0 1
    outer loop
      vertex 13.8209 -11.1376 3
      vertex 16.9623 -11.7772 3
      vertex 14.9891 -9.50735 3
    endloop
  endfacet
  facet normal 0 0 1
    outer loop
      vertex 16.9623 -11.7772 3
      vertex 13.8209 -11.1376 3
      vertex 16.0789 -12.9572 3
    endloop
  endfacet
  facet normal 0 0 1
    outer loop
      vertex 16.0789 -12.9572 3
      vertex 13.8209 -11.1376 3
      vertex 15.6062 -13.5229 3
    endloop
  endfacet
  facet normal 0 0 1
    outer loop
      vertex 15.1136 -14.0713 3
      vertex 16.1664 -16.3599 3
      vertex 16.8085 -15.6493 3
    endloop
  endfacet
  facet normal -0 0 1
    outer loop
      vertex 14.0713 -15.1136 3
      vertex 16.1664 -16.3599 3
      vertex 15.1136 -14.0713 3
    endloop
  endfacet
  facet normal 0 0 1
    outer loop
      vertex 16.1664 -16.3599 3
      vertex 14.0713 -15.1136 3
      vertex 15.6532 -16.8127 3
    endloop
  endfacet
  facet normal 0 0 1
    outer loop
      vertex 15.6062 -13.5229 3
      vertex 13.8209 -11.1376 3
      vertex 15.1136 -14.0713 3
    endloop
  endfacet
  facet normal -0 0 1
    outer loop
      vertex 12.4762 -12.6256 3
      vertex 15.1136 -14.0713 3
      vertex 13.8209 -11.1376 3
    endloop
  endfacet
  facet normal 0 0 1
    outer loop
      vertex 15.1136 -14.0713 3
      vertex 12.4762 -12.6256 3
      vertex 14.0713 -15.1136 3
    endloop
  endfacet
  facet normal 0 0 1
    outer loop
      vertex 14.0713 -15.1136 3
      vertex 12.4762 -12.6256 3
      vertex 13.5229 -15.6062 3
    endloop
  endfacet
  facet normal -0 0 1
    outer loop
      vertex 10.9723 -13.9524 3
      vertex 13.5229 -15.6062 3
      vertex 12.4762 -12.6256 3
    endloop
  endfacet
  facet normal 0 0 1
    outer loop
      vertex 12.9572 -16.0789 3
      vertex 14.2177 -18.0792 3
      vertex 14.4231 -17.898 3
    endloop
  endfacet
  facet normal -0 0 1
    outer loop
      vertex 11.7772 -16.9623 3
      vertex 14.2177 -18.0792 3
      vertex 12.9572 -16.0789 3
    endloop
  endfacet
  facet normal 0 0 1
    outer loop
      vertex 13.5229 -15.6062 3
      vertex 10.9723 -13.9524 3
      vertex 12.9572 -16.0789 3
    endloop
  endfacet
  facet normal 0 0 1
    outer loop
      vertex 14.2177 -18.0792 3
      vertex 11.7772 -16.9623 3
      vertex 13.0965 -18.8626 3
    endloop
  endfacet
  facet normal 0 0 1
    outer loop
      vertex 12.9572 -16.0789 3
      vertex 10.9723 -13.9524 3
      vertex 11.7772 -16.9623 3
    endloop
  endfacet
  facet normal -0 0 1
    outer loop
      vertex 9.32831 -15.1012 3
      vertex 11.7772 -16.9623 3
      vertex 10.9723 -13.9524 3
    endloop
  endfacet
  facet normal 0 0 1
    outer loop
      vertex 11.7772 -16.9623 3
      vertex 9.32831 -15.1012 3
      vertex 11.1642 -17.3719 3
    endloop
  endfacet
  facet normal 0 0 1
    outer loop
      vertex 11.1642 -17.3719 3
      vertex 9.32831 -15.1012 3
      vertex 10.5371 -17.7593 3
    endloop
  endfacet
  facet normal 0 0 1
    outer loop
      vertex 9.24329 -18.4657 3
      vertex 10.5371 -17.7593 3
      vertex 9.32831 -15.1012 3
    endloop
  endfacet
  facet normal 0 0 1
    outer loop
      vertex 10.5371 -17.7593 3
      vertex 9.24329 -18.4657 3
      vertex 10.2842 -20.5453 3
    endloop
  endfacet
  facet normal -0 0 1
    outer loop
      vertex 7.56522 -16.0571 3
      vertex 9.24329 -18.4657 3
      vertex 9.32831 -15.1012 3
    endloop
  endfacet
  facet normal 0 0 1
    outer loop
      vertex 9.24329 -18.4657 3
      vertex 7.56522 -16.0571 3
      vertex 8.57831 -18.7839 3
    endloop
  endfacet
  facet normal 0 0 1
    outer loop
      vertex 8.57831 -18.7839 3
      vertex 7.56522 -16.0571 3
      vertex 7.9024 -19.0781 3
    endloop
  endfacet
  facet normal 0 0 1
    outer loop
      vertex 7.9024 -19.0781 3
      vertex 7.3931 -21.7794 3
      vertex 8.78801 -21.2161 3
    endloop
  endfacet
  facet normal -0 0 1
    outer loop
      vertex 5.70554 -16.808 3
      vertex 7.9024 -19.0781 3
      vertex 7.56522 -16.0571 3
    endloop
  endfacet
  facet normal 0 0 1
    outer loop
      vertex 7.9024 -19.0781 3
      vertex 6.52126 -19.5932 3
      vertex 7.3931 -21.7794 3
    endloop
  endfacet
  facet normal 0 0 1
    outer loop
      vertex 7.3931 -21.7794 3
      vertex 6.52126 -19.5932 3
      vertex 7.26106 -21.816 3
    endloop
  endfacet
  facet normal 0 0 1
    outer loop
      vertex 7.9024 -19.0781 3
      vertex 5.70554 -16.808 3
      vertex 6.52126 -19.5932 3
    endloop
  endfacet
  facet normal 0 0 1
    outer loop
      vertex 6.52126 -19.5932 3
      vertex 5.70554 -16.808 3
      vertex 5.81776 -19.8135 3
    endloop
  endfacet
  facet normal -0 0 1
    outer loop
      vertex 3.77303 -17.3443 3
      vertex 5.81776 -19.8135 3
      vertex 5.70554 -16.808 3
    endloop
  endfacet
  facet normal 0 0 1
    outer loop
      vertex 5.10687 -20.0085 3
      vertex 3.77303 -17.3443 3
      vertex 4.88899 -22.4744 3
    endloop
  endfacet
  facet normal 0 0 1
    outer loop
      vertex 5.81776 -19.8135 3
      vertex 3.77303 -17.3443 3
      vertex 5.10687 -20.0085 3
    endloop
  endfacet
  facet normal 0 0 1
    outer loop
      vertex 5.68019 -22.2548 3
      vertex 5.10687 -20.0085 3
      vertex 4.88899 -22.4744 3
    endloop
  endfacet
  facet normal 0.374446 -0.927249 0
    outer loop
      vertex 7.3931 -21.7794 0
      vertex 8.78801 -21.2161 3
      vertex 7.3931 -21.7794 3
    endloop
  endfacet
  facet normal 0.374446 -0.927249 0
    outer loop
      vertex 8.78801 -21.2161 3
      vertex 7.3931 -21.7794 0
      vertex 8.78801 -21.2161 0
    endloop
  endfacet
  facet normal 0.476621 -0.879109 0
    outer loop
      vertex 10.2842 -20.5453 0
      vertex 11.7262 -19.7635 3
      vertex 10.2842 -20.5453 3
    endloop
  endfacet
  facet normal 0.476621 -0.879109 0
    outer loop
      vertex 11.7262 -19.7635 3
      vertex 10.2842 -20.5453 0
      vertex 11.7262 -19.7635 0
    endloop
  endfacet
  facet normal 0.572756 -0.819726 0
    outer loop
      vertex 13.0965 -18.8626 0
      vertex 14.2177 -18.0792 3
      vertex 13.0965 -18.8626 3
    endloop
  endfacet
  facet normal 0.572756 -0.819726 0
    outer loop
      vertex 14.2177 -18.0792 3
      vertex 13.0965 -18.8626 0
      vertex 14.2177 -18.0792 0
    endloop
  endfacet
  facet normal 0.661549 -0.749902 0
    outer loop
      vertex 14.2177 -18.0792 0
      vertex 14.4231 -17.898 3
      vertex 14.2177 -18.0792 3
    endloop
  endfacet
  facet normal 0.661549 -0.749902 0
    outer loop
      vertex 14.4231 -17.898 3
      vertex 14.2177 -18.0792 0
      vertex 14.4231 -17.898 0
    endloop
  endfacet
  facet normal 0.661602 -0.749855 0
    outer loop
      vertex 15.6532 -16.8127 0
      vertex 16.1664 -16.3599 3
      vertex 15.6532 -16.8127 3
    endloop
  endfacet
  facet normal 0.661602 -0.749855 0
    outer loop
      vertex 16.1664 -16.3599 3
      vertex 15.6532 -16.8127 0
      vertex 16.1664 -16.3599 0
    endloop
  endfacet
  facet normal 0.741964 -0.67044 0
    outer loop
      vertex 16.1664 -16.3599 3
      vertex 16.8085 -15.6493 0
      vertex 16.8085 -15.6493 3
    endloop
  endfacet
  facet normal 0.741964 -0.67044 0
    outer loop
      vertex 16.8085 -15.6493 0
      vertex 16.1664 -16.3599 3
      vertex 16.1664 -16.3599 0
    endloop
  endfacet
  facet normal 0.812864 -0.582454 0
    outer loop
      vertex 17.9088 -14.4318 3
      vertex 18.8646 -13.0979 0
      vertex 18.8646 -13.0979 3
    endloop
  endfacet
  facet normal 0.812864 -0.582454 0
    outer loop
      vertex 18.8646 -13.0979 0
      vertex 17.9088 -14.4318 3
      vertex 17.9088 -14.4318 0
    endloop
  endfacet
  facet normal 0.873365 -0.487066 0
    outer loop
      vertex 19.7558 -11.7217 3
      vertex 20.5548 -10.289 0
      vertex 20.5548 -10.289 3
    endloop
  endfacet
  facet normal 0.873365 -0.487066 0
    outer loop
      vertex 20.5548 -10.289 0
      vertex 19.7558 -11.7217 3
      vertex 19.7558 -11.7217 0
    endloop
  endfacet
  facet normal 0.922734 -0.385437 0
    outer loop
      vertex 21.2154 -8.7877 3
      vertex 21.6899 -7.65175 0
      vertex 21.6899 -7.65175 3
    endloop
  endfacet
  facet normal 0.922734 -0.385437 0
    outer loop
      vertex 21.6899 -7.65175 0
      vertex 21.2154 -8.7877 3
      vertex 21.2154 -8.7877 0
    endloop
  endfacet
  facet normal 0.960377 -0.278705 0
    outer loop
      vertex 21.6899 -7.65175 3
      vertex 21.8044 -7.2572 0
      vertex 21.8044 -7.2572 3
    endloop
  endfacet
  facet normal 0.960377 -0.278705 0
    outer loop
      vertex 21.8044 -7.2572 0
      vertex 21.6899 -7.65175 3
      vertex 21.6899 -7.65175 0
    endloop
  endfacet
  facet normal 0.96034 -0.278833 0
    outer loop
      vertex 22.2619 -5.682 3
      vertex 22.4146 -5.15608 0
      vertex 22.4146 -5.15608 3
    endloop
  endfacet
  facet normal 0.96034 -0.278833 0
    outer loop
      vertex 22.4146 -5.15608 0
      vertex 22.2619 -5.682 3
      vertex 22.2619 -5.682 0
    endloop
  endfacet
  facet normal 0.985656 -0.168765 0
    outer loop
      vertex 22.4146 -5.15608 3
      vertex 22.5993 -4.07736 0
      vertex 22.5993 -4.07736 3
    endloop
  endfacet
  facet normal 0.985656 -0.168765 0
    outer loop
      vertex 22.5993 -4.07736 0
      vertex 22.4146 -5.15608 3
      vertex 22.4146 -5.15608 0
    endloop
  endfacet
  facet normal 0.998402 -0.0565022 0
    outer loop
      vertex 22.8609 -2.4578 3
      vertex 22.9536 -0.819778 0
      vertex 22.9536 -0.819778 3
    endloop
  endfacet
  facet normal 0.998402 -0.0565022 0
    outer loop
      vertex 22.9536 -0.819778 0
      vertex 22.8609 -2.4578 3
      vertex 22.8609 -2.4578 0
    endloop
  endfacet
  facet normal 0.998402 0.0565022 0
    outer loop
      vertex 22.9536 0.819778 3
      vertex 22.8609 2.4578 0
      vertex 22.8609 2.4578 3
    endloop
  endfacet
  facet normal 0.998402 0.0565022 0
    outer loop
      vertex 22.8609 2.4578 0
      vertex 22.9536 0.819778 3
      vertex 22.9536 0.819778 0
    endloop
  endfacet
  facet normal 0.985656 0.168765 0
    outer loop
      vertex 22.5993 4.07736 3
      vertex 22.4146 5.15608 0
      vertex 22.4146 5.15608 3
    endloop
  endfacet
  facet normal 0.985656 0.168765 0
    outer loop
      vertex 22.4146 5.15608 0
      vertex 22.5993 4.07736 3
      vertex 22.5993 4.07736 0
    endloop
  endfacet
  facet normal 0.960377 0.278705 0
    outer loop
      vertex 21.8044 7.2572 3
      vertex 21.6899 7.65175 0
      vertex 21.6899 7.65175 3
    endloop
  endfacet
  facet normal 0.960377 0.278705 0
    outer loop
      vertex 21.6899 7.65175 0
      vertex 21.8044 7.2572 3
      vertex 21.8044 7.2572 0
    endloop
  endfacet
  facet normal 0.96034 0.278833 0
    outer loop
      vertex 22.4146 5.15608 3
      vertex 22.2619 5.682 0
      vertex 22.2619 5.682 3
    endloop
  endfacet
  facet normal 0.96034 0.278833 0
    outer loop
      vertex 22.2619 5.682 0
      vertex 22.4146 5.15608 3
      vertex 22.4146 5.15608 0
    endloop
  endfacet
  facet normal 0.922734 0.385437 0
    outer loop
      vertex 21.6899 7.65175 3
      vertex 21.2154 8.7877 0
      vertex 21.2154 8.7877 3
    endloop
  endfacet
  facet normal 0.922734 0.385437 0
    outer loop
      vertex 21.2154 8.7877 0
      vertex 21.6899 7.65175 3
      vertex 21.6899 7.65175 0
    endloop
  endfacet
  facet normal 0.873365 0.487066 0
    outer loop
      vertex 20.5548 10.289 3
      vertex 19.7558 11.7217 0
      vertex 19.7558 11.7217 3
    endloop
  endfacet
  facet normal 0.873365 0.487066 0
    outer loop
      vertex 19.7558 11.7217 0
      vertex 20.5548 10.289 3
      vertex 20.5548 10.289 0
    endloop
  endfacet
  facet normal 0.812864 0.582454 0
    outer loop
      vertex 18.8646 13.0979 3
      vertex 17.9088 14.4318 0
      vertex 17.9088 14.4318 3
    endloop
  endfacet
  facet normal 0.812864 0.582454 0
    outer loop
      vertex 17.9088 14.4318 0
      vertex 18.8646 13.0979 3
      vertex 18.8646 13.0979 0
    endloop
  endfacet
  facet normal 0.741964 0.67044 0
    outer loop
      vertex 16.8085 15.6493 3
      vertex 16.1664 16.3599 0
      vertex 16.1664 16.3599 3
    endloop
  endfacet
  facet normal 0.741964 0.67044 0
    outer loop
      vertex 16.1664 16.3599 0
      vertex 16.8085 15.6493 3
      vertex 16.8085 15.6493 0
    endloop
  endfacet
  facet normal 0.661602 0.749855 -0
    outer loop
      vertex 16.1664 16.3599 0
      vertex 15.6532 16.8127 3
      vertex 16.1664 16.3599 3
    endloop
  endfacet
  facet normal 0.661602 0.749855 0
    outer loop
      vertex 15.6532 16.8127 3
      vertex 16.1664 16.3599 0
      vertex 15.6532 16.8127 0
    endloop
  endfacet
  facet normal 0.661549 0.749902 -0
    outer loop
      vertex 14.4231 17.898 0
      vertex 14.2177 18.0792 3
      vertex 14.4231 17.898 3
    endloop
  endfacet
  facet normal 0.661549 0.749902 0
    outer loop
      vertex 14.2177 18.0792 3
      vertex 14.4231 17.898 0
      vertex 14.2177 18.0792 0
    endloop
  endfacet
  facet normal 0.572756 0.819726 -0
    outer loop
      vertex 14.2177 18.0792 0
      vertex 13.0965 18.8626 3
      vertex 14.2177 18.0792 3
    endloop
  endfacet
  facet normal 0.572756 0.819726 0
    outer loop
      vertex 13.0965 18.8626 3
      vertex 14.2177 18.0792 0
      vertex 13.0965 18.8626 0
    endloop
  endfacet
  facet normal 0.476621 0.879109 -0
    outer loop
      vertex 11.7262 19.7635 0
      vertex 10.2842 20.5453 3
      vertex 11.7262 19.7635 3
    endloop
  endfacet
  facet normal 0.476621 0.879109 0
    outer loop
      vertex 10.2842 20.5453 3
      vertex 11.7262 19.7635 0
      vertex 10.2842 20.5453 0
    endloop
  endfacet
  facet normal 0.374446 0.927249 -0
    outer loop
      vertex 8.78801 21.2161 0
      vertex 7.3931 21.7794 3
      vertex 8.78801 21.2161 3
    endloop
  endfacet
  facet normal 0.374446 0.927249 0
    outer loop
      vertex 7.3931 21.7794 3
      vertex 8.78801 21.2161 0
      vertex 7.3931 21.7794 0
    endloop
  endfacet
  facet normal 0.267117 0.963664 -0
    outer loop
      vertex 7.3931 21.7794 0
      vertex 7.26106 21.816 3
      vertex 7.3931 21.7794 3
    endloop
  endfacet
  facet normal 0.267117 0.963664 0
    outer loop
      vertex 7.26106 21.816 3
      vertex 7.3931 21.7794 0
      vertex 7.26106 21.816 0
    endloop
  endfacet
  facet normal 0.267443 0.963574 -0
    outer loop
      vertex 5.68019 22.2548 0
      vertex 4.88899 22.4744 3
      vertex 5.68019 22.2548 3
    endloop
  endfacet
  facet normal 0.267443 0.963574 0
    outer loop
      vertex 4.88899 22.4744 3
      vertex 5.68019 22.2548 0
      vertex 4.88899 22.4744 0
    endloop
  endfacet
  facet normal -0.977148 0.212561 0
    outer loop
      vertex 3.77303 17.3443 0
      vertex 4.88899 22.4744 3
      vertex 4.88899 22.4744 0
    endloop
  endfacet
  facet normal -0.977148 0.212561 0
    outer loop
      vertex 4.88899 22.4744 3
      vertex 3.77303 17.3443 0
      vertex 3.77303 17.3443 3
    endloop
  endfacet
  facet normal -0.267409 -0.963583 0
    outer loop
      vertex 3.77303 17.3443 0
      vertex 5.70554 16.808 3
      vertex 3.77303 17.3443 3
    endloop
  endfacet
  facet normal -0.267409 -0.963583 -0
    outer loop
      vertex 5.70554 16.808 3
      vertex 3.77303 17.3443 0
      vertex 5.70554 16.808 0
    endloop
  endfacet
  facet normal -0.37441 -0.927263 0
    outer loop
      vertex 5.70554 16.808 0
      vertex 7.56522 16.0571 3
      vertex 5.70554 16.808 3
    endloop
  endfacet
  facet normal -0.37441 -0.927263 -0
    outer loop
      vertex 7.56522 16.0571 3
      vertex 5.70554 16.808 0
      vertex 7.56522 16.0571 0
    endloop
  endfacet
  facet normal -0.476627 -0.879105 0
    outer loop
      vertex 7.56522 16.0571 0
      vertex 9.32831 15.1012 3
      vertex 7.56522 16.0571 3
    endloop
  endfacet
  facet normal -0.476627 -0.879105 -0
    outer loop
      vertex 9.32831 15.1012 3
      vertex 7.56522 16.0571 0
      vertex 9.32831 15.1012 0
    endloop
  endfacet
  facet normal -0.572795 -0.819698 0
    outer loop
      vertex 9.32831 15.1012 0
      vertex 10.9723 13.9524 3
      vertex 9.32831 15.1012 3
    endloop
  endfacet
  facet normal -0.572795 -0.819698 -0
    outer loop
      vertex 10.9723 13.9524 3
      vertex 9.32831 15.1012 0
      vertex 10.9723 13.9524 0
    endloop
  endfacet
  facet normal -0.661574 -0.74988 0
    outer loop
      vertex 10.9723 13.9524 0
      vertex 12.4762 12.6256 3
      vertex 10.9723 13.9524 3
    endloop
  endfacet
  facet normal -0.661574 -0.74988 -0
    outer loop
      vertex 12.4762 12.6256 3
      vertex 10.9723 13.9524 0
      vertex 12.4762 12.6256 0
    endloop
  endfacet
  facet normal -0.741929 -0.670478 0
    outer loop
      vertex 13.8209 11.1376 0
      vertex 12.4762 12.6256 3
      vertex 12.4762 12.6256 0
    endloop
  endfacet
  facet normal -0.741929 -0.670478 0
    outer loop
      vertex 12.4762 12.6256 3
      vertex 13.8209 11.1376 0
      vertex 13.8209 11.1376 3
    endloop
  endfacet
  facet normal -0.812852 -0.582471 0
    outer loop
      vertex 14.9891 9.50735 0
      vertex 13.8209 11.1376 3
      vertex 13.8209 11.1376 0
    endloop
  endfacet
  facet normal -0.812852 -0.582471 0
    outer loop
      vertex 13.8209 11.1376 3
      vertex 14.9891 9.50735 0
      vertex 14.9891 9.50735 3
    endloop
  endfacet
  facet normal -0.873375 -0.487048 0
    outer loop
      vertex 15.9659 7.75575 0
      vertex 14.9891 9.50735 3
      vertex 14.9891 9.50735 0
    endloop
  endfacet
  facet normal -0.873375 -0.487048 0
    outer loop
      vertex 14.9891 9.50735 3
      vertex 15.9659 7.75575 0
      vertex 15.9659 7.75575 3
    endloop
  endfacet
  facet normal -0.922737 -0.38543 0
    outer loop
      vertex 16.7389 5.90515 0
      vertex 15.9659 7.75575 3
      vertex 15.9659 7.75575 0
    endloop
  endfacet
  facet normal -0.922737 -0.38543 0
    outer loop
      vertex 15.9659 7.75575 3
      vertex 16.7389 5.90515 0
      vertex 16.7389 5.90515 3
    endloop
  endfacet
  facet normal -0.960327 -0.278875 0
    outer loop
      vertex 17.2982 3.97916 0
      vertex 16.7389 5.90515 3
      vertex 16.7389 5.90515 0
    endloop
  endfacet
  facet normal -0.960327 -0.278875 0
    outer loop
      vertex 16.7389 5.90515 3
      vertex 17.2982 3.97916 0
      vertex 17.2982 3.97916 3
    endloop
  endfacet
  facet normal -0.985652 -0.168791 0
    outer loop
      vertex 17.4925 2.84455 0
      vertex 17.2982 3.97916 3
      vertex 17.2982 3.97916 0
    endloop
  endfacet
  facet normal -0.985652 -0.168791 0
    outer loop
      vertex 17.2982 3.97916 3
      vertex 17.4925 2.84455 0
      vertex 17.4925 2.84455 3
    endloop
  endfacet
  facet normal -0.985652 0.168791 0
    outer loop
      vertex 17.2982 -3.97916 0
      vertex 17.4925 -2.84455 3
      vertex 17.4925 -2.84455 0
    endloop
  endfacet
  facet normal -0.985652 0.168791 0
    outer loop
      vertex 17.4925 -2.84455 3
      vertex 17.2982 -3.97916 0
      vertex 17.2982 -3.97916 3
    endloop
  endfacet
  facet normal -0.960327 0.278875 0
    outer loop
      vertex 16.7389 -5.90515 0
      vertex 17.2982 -3.97916 3
      vertex 17.2982 -3.97916 0
    endloop
  endfacet
  facet normal -0.960327 0.278875 0
    outer loop
      vertex 17.2982 -3.97916 3
      vertex 16.7389 -5.90515 0
      vertex 16.7389 -5.90515 3
    endloop
  endfacet
  facet normal -0.922737 0.38543 0
    outer loop
      vertex 15.9659 -7.75575 0
      vertex 16.7389 -5.90515 3
      vertex 16.7389 -5.90515 0
    endloop
  endfacet
  facet normal -0.922737 0.38543 0
    outer loop
      vertex 16.7389 -5.90515 3
      vertex 15.9659 -7.75575 0
      vertex 15.9659 -7.75575 3
    endloop
  endfacet
  facet normal -0.873375 0.487048 0
    outer loop
      vertex 14.9891 -9.50735 0
      vertex 15.9659 -7.75575 3
      vertex 15.9659 -7.75575 0
    endloop
  endfacet
  facet normal -0.873375 0.487048 0
    outer loop
      vertex 15.9659 -7.75575 3
      vertex 14.9891 -9.50735 0
      vertex 14.9891 -9.50735 3
    endloop
  endfacet
  facet normal -0.812852 0.582471 0
    outer loop
      vertex 13.8209 -11.1376 0
      vertex 14.9891 -9.50735 3
      vertex 14.9891 -9.50735 0
    endloop
  endfacet
  facet normal -0.812852 0.582471 0
    outer loop
      vertex 14.9891 -9.50735 3
      vertex 13.8209 -11.1376 0
      vertex 13.8209 -11.1376 3
    endloop
  endfacet
  facet normal -0.741929 0.670478 0
    outer loop
      vertex 12.4762 -12.6256 0
      vertex 13.8209 -11.1376 3
      vertex 13.8209 -11.1376 0
    endloop
  endfacet
  facet normal -0.741929 0.670478 0
    outer loop
      vertex 13.8209 -11.1376 3
      vertex 12.4762 -12.6256 0
      vertex 12.4762 -12.6256 3
    endloop
  endfacet
  facet normal -0.661574 0.74988 0
    outer loop
      vertex 12.4762 -12.6256 0
      vertex 10.9723 -13.9524 3
      vertex 12.4762 -12.6256 3
    endloop
  endfacet
  facet normal -0.661574 0.74988 0
    outer loop
      vertex 10.9723 -13.9524 3
      vertex 12.4762 -12.6256 0
      vertex 10.9723 -13.9524 0
    endloop
  endfacet
  facet normal -0.572795 0.819698 0
    outer loop
      vertex 10.9723 -13.9524 0
      vertex 9.32831 -15.1012 3
      vertex 10.9723 -13.9524 3
    endloop
  endfacet
  facet normal -0.572795 0.819698 0
    outer loop
      vertex 9.32831 -15.1012 3
      vertex 10.9723 -13.9524 0
      vertex 9.32831 -15.1012 0
    endloop
  endfacet
  facet normal -0.476627 0.879105 0
    outer loop
      vertex 9.32831 -15.1012 0
      vertex 7.56522 -16.0571 3
      vertex 9.32831 -15.1012 3
    endloop
  endfacet
  facet normal -0.476627 0.879105 0
    outer loop
      vertex 7.56522 -16.0571 3
      vertex 9.32831 -15.1012 0
      vertex 7.56522 -16.0571 0
    endloop
  endfacet
  facet normal -0.37441 0.927263 0
    outer loop
      vertex 7.56522 -16.0571 0
      vertex 5.70554 -16.808 3
      vertex 7.56522 -16.0571 3
    endloop
  endfacet
  facet normal -0.37441 0.927263 0
    outer loop
      vertex 5.70554 -16.808 3
      vertex 7.56522 -16.0571 0
      vertex 5.70554 -16.808 0
    endloop
  endfacet
  facet normal -0.267409 0.963583 0
    outer loop
      vertex 5.70554 -16.808 0
      vertex 3.77303 -17.3443 3
      vertex 5.70554 -16.808 3
    endloop
  endfacet
  facet normal -0.267409 0.963583 0
    outer loop
      vertex 3.77303 -17.3443 3
      vertex 5.70554 -16.808 0
      vertex 3.77303 -17.3443 0
    endloop
  endfacet
  facet normal -0.977148 -0.212561 0
    outer loop
      vertex 4.88899 -22.4744 0
      vertex 3.77303 -17.3443 3
      vertex 3.77303 -17.3443 0
    endloop
  endfacet
  facet normal -0.977148 -0.212561 0
    outer loop
      vertex 3.77303 -17.3443 3
      vertex 4.88899 -22.4744 0
      vertex 4.88899 -22.4744 3
    endloop
  endfacet
  facet normal 0.267443 -0.963574 0
    outer loop
      vertex 4.88899 -22.4744 0
      vertex 5.68019 -22.2548 3
      vertex 4.88899 -22.4744 3
    endloop
  endfacet
  facet normal 0.267443 -0.963574 0
    outer loop
      vertex 5.68019 -22.2548 3
      vertex 4.88899 -22.4744 0
      vertex 5.68019 -22.2548 0
    endloop
  endfacet
  facet normal 0.267117 -0.963664 0
    outer loop
      vertex 7.26106 -21.816 0
      vertex 7.3931 -21.7794 3
      vertex 7.26106 -21.816 3
    endloop
  endfacet
  facet normal 0.267117 -0.963664 0
    outer loop
      vertex 7.3931 -21.7794 3
      vertex 7.26106 -21.816 0
      vertex 7.3931 -21.7794 0
    endloop
  endfacet
endsolid OpenSCAD_Model
