** Drc report for Kaylee.kicad_pcb **
** Created on 2026-07-18T19:33:45-0400 **

** Found 221 DRC violations **
[clearance]: Clearance violation (netclass 'PGND' clearance 0.2000 mm; actual 0.1500 mm)
    Rule: netclass 'PGND'; error
    @(46.8875 mm, 32.5000 mm): Pad 2 [MAIN_SNS_N] of U_IS_MAIN on F.Cu
    @(46.8875 mm, 33.0000 mm): Pad 3 [PGND] of U_IS_MAIN on F.Cu
[clearance]: Clearance violation (netclass 'POWER_5V' clearance 0.2000 mm; actual 0.1500 mm)
    Rule: netclass 'POWER_5V'; error
    @(46.8875 mm, 33.0000 mm): Pad 3 [PGND] of U_IS_MAIN on F.Cu
    @(46.8875 mm, 33.5000 mm): Pad 4 [+5V] of U_IS_MAIN on F.Cu
[clearance]: Clearance violation (netclass 'POWER_5V' clearance 0.2000 mm; actual 0.1500 mm)
    Rule: netclass 'POWER_5V'; error
    @(46.8875 mm, 33.5000 mm): Pad 4 [+5V] of U_IS_MAIN on F.Cu
    @(46.8875 mm, 34.0000 mm): Pad 5 [PDB_SDA] of U_IS_MAIN on F.Cu
[clearance]: Clearance violation (netclass 'VBAT' clearance 0.2000 mm; actual 0.1500 mm)
    Rule: netclass 'VBAT'; error
    @(51.1125 mm, 32.5000 mm): Pad 9 [<no net>] of U_IS_MAIN on F.Cu
    @(51.1125 mm, 32.0000 mm): Pad 10 [VBAT] of U_IS_MAIN on F.Cu
[clearance]: Clearance violation (netclass 'PGND' clearance 0.2000 mm; actual 0.1500 mm)
    Rule: netclass 'PGND'; error
    @(5.8875 mm, 52.5000 mm): Pad 2 [ESC1_SNS_N] of U_IS1 on F.Cu
    @(5.8875 mm, 53.0000 mm): Pad 3 [PGND] of U_IS1 on F.Cu
[clearance]: Clearance violation (netclass 'POWER_5V' clearance 0.2000 mm; actual 0.1500 mm)
    Rule: netclass 'POWER_5V'; error
    @(5.8875 mm, 53.0000 mm): Pad 3 [PGND] of U_IS1 on F.Cu
    @(5.8875 mm, 53.5000 mm): Pad 4 [+5V] of U_IS1 on F.Cu
[clearance]: Clearance violation (netclass 'POWER_5V' clearance 0.2000 mm; actual 0.1500 mm)
    Rule: netclass 'POWER_5V'; error
    @(5.8875 mm, 53.5000 mm): Pad 4 [+5V] of U_IS1 on F.Cu
    @(5.8875 mm, 54.0000 mm): Pad 5 [PDB_SDA] of U_IS1 on F.Cu
[clearance]: Clearance violation (netclass 'PGND' clearance 0.2000 mm; actual 0.1500 mm)
    Rule: netclass 'PGND'; error
    @(19.8875 mm, 52.5000 mm): Pad 2 [ESC2_SNS_N] of U_IS2 on F.Cu
    @(19.8875 mm, 53.0000 mm): Pad 3 [PGND] of U_IS2 on F.Cu
[clearance]: Clearance violation (netclass 'POWER_5V' clearance 0.2000 mm; actual 0.1500 mm)
    Rule: netclass 'POWER_5V'; error
    @(19.8875 mm, 53.0000 mm): Pad 3 [PGND] of U_IS2 on F.Cu
    @(19.8875 mm, 53.5000 mm): Pad 4 [+5V] of U_IS2 on F.Cu
[clearance]: Clearance violation (netclass 'POWER_5V' clearance 0.2000 mm; actual 0.1500 mm)
    Rule: netclass 'POWER_5V'; error
    @(19.8875 mm, 53.5000 mm): Pad 4 [+5V] of U_IS2 on F.Cu
    @(19.8875 mm, 54.0000 mm): Pad 5 [PDB_SDA] of U_IS2 on F.Cu
[clearance]: Clearance violation (netclass 'PGND' clearance 0.2000 mm; actual 0.1500 mm)
    Rule: netclass 'PGND'; error
    @(33.8875 mm, 52.5000 mm): Pad 2 [ESC3_SNS_N] of U_IS3 on F.Cu
    @(33.8875 mm, 53.0000 mm): Pad 3 [PGND] of U_IS3 on F.Cu
[clearance]: Clearance violation (netclass 'POWER_5V' clearance 0.2000 mm; actual 0.1500 mm)
    Rule: netclass 'POWER_5V'; error
    @(33.8875 mm, 53.0000 mm): Pad 3 [PGND] of U_IS3 on F.Cu
    @(33.8875 mm, 53.5000 mm): Pad 4 [+5V] of U_IS3 on F.Cu
[clearance]: Clearance violation (netclass 'POWER_5V' clearance 0.2000 mm; actual 0.1500 mm)
    Rule: netclass 'POWER_5V'; error
    @(33.8875 mm, 53.5000 mm): Pad 4 [+5V] of U_IS3 on F.Cu
    @(33.8875 mm, 54.0000 mm): Pad 5 [PDB_SDA] of U_IS3 on F.Cu
[clearance]: Clearance violation (netclass 'PGND' clearance 0.2000 mm; actual 0.1500 mm)
    Rule: netclass 'PGND'; error
    @(47.8875 mm, 52.5000 mm): Pad 2 [ESC4_SNS_N] of U_IS4 on F.Cu
    @(47.8875 mm, 53.0000 mm): Pad 3 [PGND] of U_IS4 on F.Cu
[clearance]: Clearance violation (netclass 'POWER_5V' clearance 0.2000 mm; actual 0.1500 mm)
    Rule: netclass 'POWER_5V'; error
    @(47.8875 mm, 53.0000 mm): Pad 3 [PGND] of U_IS4 on F.Cu
    @(47.8875 mm, 53.5000 mm): Pad 4 [+5V] of U_IS4 on F.Cu
[clearance]: Clearance violation (netclass 'POWER_5V' clearance 0.2000 mm; actual 0.1500 mm)
    Rule: netclass 'POWER_5V'; error
    @(47.8875 mm, 53.5000 mm): Pad 4 [+5V] of U_IS4 on F.Cu
    @(47.8875 mm, 54.0000 mm): Pad 5 [PDB_SDA] of U_IS4 on F.Cu
[courtyards_overlap]: Courtyards overlap
    Rule: board setup constraints courtyard; error
    @(4.0000 mm, 4.0000 mm): Footprint H1
    @(13.0000 mm, 19.0000 mm): Footprint J_BATT
[courtyards_overlap]: Courtyards overlap
    Rule: board setup constraints courtyard; error
    @(4.0000 mm, 61.0000 mm): Footprint H3
    @(8.0000 mm, 61.0000 mm): Footprint J_ESC1
[courtyards_overlap]: Courtyards overlap
    Rule: board setup constraints courtyard; error
    @(86.0000 mm, 61.0000 mm): Footprint H4
    @(81.0000 mm, 54.0000 mm): Footprint J_6V
[courtyards_overlap]: Courtyards overlap
    Rule: board setup constraints courtyard; error
    @(13.0000 mm, 19.0000 mm): Footprint J_BATT
    @(14.0000 mm, 24.0000 mm): Footprint D1
[courtyards_overlap]: Courtyards overlap
    Rule: board setup constraints courtyard; error
    @(13.0000 mm, 19.0000 mm): Footprint J_BATT
    @(5.0000 mm, 20.0000 mm): Footprint J_PGND_BATT
[courtyards_overlap]: Courtyards overlap
    Rule: board setup constraints courtyard; error
    @(56.0000 mm, 9.0000 mm): Footprint F1
    @(68.0000 mm, 12.0000 mm): Footprint C1
[courtyards_overlap]: Courtyards overlap
    Rule: board setup constraints courtyard; error
    @(56.0000 mm, 9.0000 mm): Footprint F1
    @(63.0000 mm, 13.0000 mm): Footprint FB_5V1
[courtyards_overlap]: Courtyards overlap
    Rule: board setup constraints courtyard; error
    @(56.0000 mm, 9.0000 mm): Footprint F1
    @(69.0000 mm, 8.0000 mm): Footprint C_BEC1_IN
[courtyards_overlap]: Courtyards overlap
    Rule: board setup constraints courtyard; error
    @(56.0000 mm, 9.0000 mm): Footprint F1
    @(60.0000 mm, 19.0000 mm): Footprint C_BEC1_OUT
[courtyards_overlap]: Courtyards overlap
    Rule: board setup constraints courtyard; error
    @(68.0000 mm, 12.0000 mm): Footprint C1
    @(79.0000 mm, 16.0000 mm): Footprint C2
[courtyards_overlap]: Courtyards overlap
    Rule: board setup constraints courtyard; error
    @(68.0000 mm, 12.0000 mm): Footprint C1
    @(63.0000 mm, 13.0000 mm): Footprint FB_5V1
[courtyards_overlap]: Courtyards overlap
    Rule: board setup constraints courtyard; error
    @(68.0000 mm, 12.0000 mm): Footprint C1
    @(69.0000 mm, 8.0000 mm): Footprint C_BEC1_IN
[courtyards_overlap]: Courtyards overlap
    Rule: board setup constraints courtyard; error
    @(68.0000 mm, 12.0000 mm): Footprint C1
    @(79.0000 mm, 8.0000 mm): Footprint L_BEC1
[courtyards_overlap]: Courtyards overlap
    Rule: board setup constraints courtyard; error
    @(68.0000 mm, 12.0000 mm): Footprint C1
    @(60.0000 mm, 19.0000 mm): Footprint C_BEC1_OUT
[courtyards_overlap]: Courtyards overlap
    Rule: board setup constraints courtyard; error
    @(68.0000 mm, 12.0000 mm): Footprint C1
    @(73.0000 mm, 22.0000 mm): Footprint D_OR1
[courtyards_overlap]: Courtyards overlap
    Rule: board setup constraints courtyard; error
    @(79.0000 mm, 16.0000 mm): Footprint C2
    @(69.0000 mm, 8.0000 mm): Footprint C_BEC1_IN
[courtyards_overlap]: Courtyards overlap
    Rule: board setup constraints courtyard; error
    @(79.0000 mm, 16.0000 mm): Footprint C2
    @(79.0000 mm, 8.0000 mm): Footprint L_BEC1
[courtyards_overlap]: Courtyards overlap
    Rule: board setup constraints courtyard; error
    @(79.0000 mm, 16.0000 mm): Footprint C2
    @(84.0000 mm, 11.0000 mm): Footprint U_BEC_5V_1
[courtyards_overlap]: Courtyards overlap
    Rule: board setup constraints courtyard; error
    @(79.0000 mm, 16.0000 mm): Footprint C2
    @(80.0000 mm, 14.0000 mm): Footprint R_FB1_1
[courtyards_overlap]: Courtyards overlap
    Rule: board setup constraints courtyard; error
    @(79.0000 mm, 16.0000 mm): Footprint C2
    @(84.5000 mm, 14.0000 mm): Footprint R_FB1_2
[courtyards_overlap]: Courtyards overlap
    Rule: board setup constraints courtyard; error
    @(79.0000 mm, 16.0000 mm): Footprint C2
    @(73.0000 mm, 22.0000 mm): Footprint D_OR1
[courtyards_overlap]: Courtyards overlap
    Rule: board setup constraints courtyard; error
    @(79.0000 mm, 16.0000 mm): Footprint C2
    @(69.0000 mm, 28.0000 mm): Footprint C_BEC2_IN
[courtyards_overlap]: Courtyards overlap
    Rule: board setup constraints courtyard; error
    @(22.0000 mm, 24.0000 mm): Footprint C_Y1
    @(29.0000 mm, 24.0000 mm): Footprint C_Y2
[courtyards_overlap]: Courtyards overlap
    Rule: board setup constraints courtyard; error
    @(40.0000 mm, 24.0000 mm): Footprint C_DM1
    @(44.0000 mm, 24.0000 mm): Footprint C3
[courtyards_overlap]: Courtyards overlap
    Rule: board setup constraints courtyard; error
    @(3.0000 mm, 40.5000 mm): Footprint F_ESC1
    @(8.0000 mm, 47.0000 mm): Footprint RS_1
[courtyards_overlap]: Courtyards overlap
    Rule: board setup constraints courtyard; error
    @(3.0000 mm, 40.5000 mm): Footprint F_ESC1
    @(8.0000 mm, 61.0000 mm): Footprint J_ESC1
[courtyards_overlap]: Courtyards overlap
    Rule: board setup constraints courtyard; error
    @(8.0000 mm, 47.0000 mm): Footprint RS_1
    @(8.0000 mm, 61.0000 mm): Footprint J_ESC1
[courtyards_overlap]: Courtyards overlap
    Rule: board setup constraints courtyard; error
    @(8.0000 mm, 53.0000 mm): Footprint U_IS1
    @(8.0000 mm, 61.0000 mm): Footprint J_ESC1
[courtyards_overlap]: Courtyards overlap
    Rule: board setup constraints courtyard; error
    @(8.0000 mm, 61.0000 mm): Footprint J_ESC1
    @(17.0000 mm, 40.5000 mm): Footprint F_ESC2
[courtyards_overlap]: Courtyards overlap
    Rule: board setup constraints courtyard; error
    @(17.0000 mm, 40.5000 mm): Footprint F_ESC2
    @(22.0000 mm, 47.0000 mm): Footprint RS_2
[courtyards_overlap]: Courtyards overlap
    Rule: board setup constraints courtyard; error
    @(17.0000 mm, 40.5000 mm): Footprint F_ESC2
    @(22.0000 mm, 61.0000 mm): Footprint J_ESC2
[courtyards_overlap]: Courtyards overlap
    Rule: board setup constraints courtyard; error
    @(22.0000 mm, 47.0000 mm): Footprint RS_2
    @(22.0000 mm, 61.0000 mm): Footprint J_ESC2
[courtyards_overlap]: Courtyards overlap
    Rule: board setup constraints courtyard; error
    @(22.0000 mm, 53.0000 mm): Footprint U_IS2
    @(22.0000 mm, 61.0000 mm): Footprint J_ESC2
[courtyards_overlap]: Courtyards overlap
    Rule: board setup constraints courtyard; error
    @(22.0000 mm, 61.0000 mm): Footprint J_ESC2
    @(31.0000 mm, 40.5000 mm): Footprint F_ESC3
[courtyards_overlap]: Courtyards overlap
    Rule: board setup constraints courtyard; error
    @(31.0000 mm, 40.5000 mm): Footprint F_ESC3
    @(36.0000 mm, 47.0000 mm): Footprint RS_3
[courtyards_overlap]: Courtyards overlap
    Rule: board setup constraints courtyard; error
    @(31.0000 mm, 40.5000 mm): Footprint F_ESC3
    @(36.0000 mm, 61.0000 mm): Footprint J_ESC3
[courtyards_overlap]: Courtyards overlap
    Rule: board setup constraints courtyard; error
    @(36.0000 mm, 47.0000 mm): Footprint RS_3
    @(36.0000 mm, 61.0000 mm): Footprint J_ESC3
[courtyards_overlap]: Courtyards overlap
    Rule: board setup constraints courtyard; error
    @(36.0000 mm, 53.0000 mm): Footprint U_IS3
    @(36.0000 mm, 61.0000 mm): Footprint J_ESC3
[courtyards_overlap]: Courtyards overlap
    Rule: board setup constraints courtyard; error
    @(36.0000 mm, 61.0000 mm): Footprint J_ESC3
    @(45.0000 mm, 40.5000 mm): Footprint F_ESC4
[courtyards_overlap]: Courtyards overlap
    Rule: board setup constraints courtyard; error
    @(45.0000 mm, 40.5000 mm): Footprint F_ESC4
    @(50.0000 mm, 47.0000 mm): Footprint RS_4
[courtyards_overlap]: Courtyards overlap
    Rule: board setup constraints courtyard; error
    @(45.0000 mm, 40.5000 mm): Footprint F_ESC4
    @(50.0000 mm, 61.0000 mm): Footprint J_ESC4
[courtyards_overlap]: Courtyards overlap
    Rule: board setup constraints courtyard; error
    @(45.0000 mm, 40.5000 mm): Footprint F_ESC4
    @(60.0000 mm, 39.0000 mm): Footprint C_BEC2_OUT
[courtyards_overlap]: Courtyards overlap
    Rule: board setup constraints courtyard; error
    @(50.0000 mm, 47.0000 mm): Footprint RS_4
    @(50.0000 mm, 61.0000 mm): Footprint J_ESC4
[courtyards_overlap]: Courtyards overlap
    Rule: board setup constraints courtyard; error
    @(50.0000 mm, 53.0000 mm): Footprint U_IS4
    @(50.0000 mm, 61.0000 mm): Footprint J_ESC4
[courtyards_overlap]: Courtyards overlap
    Rule: board setup constraints courtyard; error
    @(50.0000 mm, 61.0000 mm): Footprint J_ESC4
    @(60.0000 mm, 39.0000 mm): Footprint C_BEC2_OUT
[courtyards_overlap]: Courtyards overlap
    Rule: board setup constraints courtyard; error
    @(50.0000 mm, 61.0000 mm): Footprint J_ESC4
    @(59.0000 mm, 54.0000 mm): Footprint D_I2C
[courtyards_overlap]: Courtyards overlap
    Rule: board setup constraints courtyard; error
    @(50.0000 mm, 61.0000 mm): Footprint J_ESC4
    @(62.0000 mm, 60.0000 mm): Footprint J_I2C
[courtyards_overlap]: Courtyards overlap
    Rule: board setup constraints courtyard; error
    @(63.0000 mm, 13.0000 mm): Footprint FB_5V1
    @(69.0000 mm, 8.0000 mm): Footprint C_BEC1_IN
[courtyards_overlap]: Courtyards overlap
    Rule: board setup constraints courtyard; error
    @(63.0000 mm, 13.0000 mm): Footprint FB_5V1
    @(60.0000 mm, 19.0000 mm): Footprint C_BEC1_OUT
[courtyards_overlap]: Courtyards overlap
    Rule: board setup constraints courtyard; error
    @(69.0000 mm, 8.0000 mm): Footprint C_BEC1_IN
    @(79.0000 mm, 8.0000 mm): Footprint L_BEC1
[courtyards_overlap]: Courtyards overlap
    Rule: board setup constraints courtyard; error
    @(69.0000 mm, 8.0000 mm): Footprint C_BEC1_IN
    @(60.0000 mm, 19.0000 mm): Footprint C_BEC1_OUT
[courtyards_overlap]: Courtyards overlap
    Rule: board setup constraints courtyard; error
    @(84.0000 mm, 11.0000 mm): Footprint U_BEC_5V_1
    @(84.5000 mm, 14.0000 mm): Footprint R_FB1_2
[courtyards_overlap]: Courtyards overlap
    Rule: board setup constraints courtyard; error
    @(60.0000 mm, 19.0000 mm): Footprint C_BEC1_OUT
    @(73.0000 mm, 22.0000 mm): Footprint D_OR1
[courtyards_overlap]: Courtyards overlap
    Rule: board setup constraints courtyard; error
    @(60.0000 mm, 19.0000 mm): Footprint C_BEC1_OUT
    @(69.0000 mm, 28.0000 mm): Footprint C_BEC2_IN
[courtyards_overlap]: Courtyards overlap
    Rule: board setup constraints courtyard; error
    @(73.0000 mm, 22.0000 mm): Footprint D_OR1
    @(69.0000 mm, 28.0000 mm): Footprint C_BEC2_IN
[courtyards_overlap]: Courtyards overlap
    Rule: board setup constraints courtyard; error
    @(63.0000 mm, 28.0000 mm): Footprint FB_5V2
    @(69.0000 mm, 28.0000 mm): Footprint C_BEC2_IN
[courtyards_overlap]: Courtyards overlap
    Rule: board setup constraints courtyard; error
    @(69.0000 mm, 28.0000 mm): Footprint C_BEC2_IN
    @(79.0000 mm, 28.0000 mm): Footprint L_BEC2
[courtyards_overlap]: Courtyards overlap
    Rule: board setup constraints courtyard; error
    @(69.0000 mm, 28.0000 mm): Footprint C_BEC2_IN
    @(60.0000 mm, 39.0000 mm): Footprint C_BEC2_OUT
[courtyards_overlap]: Courtyards overlap
    Rule: board setup constraints courtyard; error
    @(84.0000 mm, 31.0000 mm): Footprint U_BEC_5V_2
    @(86.0000 mm, 34.0000 mm): Footprint R_FB2_2
[courtyards_overlap]: Courtyards overlap
    Rule: board setup constraints courtyard; error
    @(80.0000 mm, 34.0000 mm): Footprint R_FB2_1
    @(83.5000 mm, 35.0000 mm): Footprint J_5V
[courtyards_overlap]: Courtyards overlap
    Rule: board setup constraints courtyard; error
    @(86.0000 mm, 34.0000 mm): Footprint R_FB2_2
    @(83.5000 mm, 35.0000 mm): Footprint J_5V
[courtyards_overlap]: Courtyards overlap
    Rule: board setup constraints courtyard; error
    @(60.0000 mm, 39.0000 mm): Footprint C_BEC2_OUT
    @(73.0000 mm, 42.0000 mm): Footprint D_OR2
[courtyards_overlap]: Courtyards overlap
    Rule: board setup constraints courtyard; error
    @(60.0000 mm, 39.0000 mm): Footprint C_BEC2_OUT
    @(69.0000 mm, 48.0000 mm): Footprint C_BEC_SV_IN
[courtyards_overlap]: Courtyards overlap
    Rule: board setup constraints courtyard; error
    @(73.0000 mm, 42.0000 mm): Footprint D_OR2
    @(69.0000 mm, 48.0000 mm): Footprint C_BEC_SV_IN
[courtyards_overlap]: Courtyards overlap
    Rule: board setup constraints courtyard; error
    @(63.0000 mm, 48.0000 mm): Footprint FB_6V
    @(69.0000 mm, 48.0000 mm): Footprint C_BEC_SV_IN
[courtyards_overlap]: Courtyards overlap
    Rule: board setup constraints courtyard; error
    @(69.0000 mm, 48.0000 mm): Footprint C_BEC_SV_IN
    @(78.0000 mm, 48.0000 mm): Footprint L_BEC3
[courtyards_overlap]: Courtyards overlap
    Rule: board setup constraints courtyard; error
    @(69.0000 mm, 48.0000 mm): Footprint C_BEC_SV_IN
    @(70.0000 mm, 56.0000 mm): Footprint C_BEC_SV_OUT
[courtyards_overlap]: Courtyards overlap
    Rule: board setup constraints courtyard; error
    @(69.0000 mm, 48.0000 mm): Footprint C_BEC_SV_IN
    @(81.0000 mm, 54.0000 mm): Footprint J_6V
[courtyards_overlap]: Courtyards overlap
    Rule: board setup constraints courtyard; error
    @(78.0000 mm, 48.0000 mm): Footprint L_BEC3
    @(80.0000 mm, 46.0000 mm): Footprint R_FB6_1
[courtyards_overlap]: Courtyards overlap
    Rule: board setup constraints courtyard; error
    @(78.0000 mm, 48.0000 mm): Footprint L_BEC3
    @(70.0000 mm, 56.0000 mm): Footprint C_BEC_SV_OUT
[courtyards_overlap]: Courtyards overlap
    Rule: board setup constraints courtyard; error
    @(84.0000 mm, 49.5000 mm): Footprint U_BEC_6V
    @(80.0000 mm, 46.0000 mm): Footprint R_FB6_1
[courtyards_overlap]: Courtyards overlap
    Rule: board setup constraints courtyard; error
    @(84.0000 mm, 49.5000 mm): Footprint U_BEC_6V
    @(84.5000 mm, 46.0000 mm): Footprint R_FB6_2
[courtyards_overlap]: Courtyards overlap
    Rule: board setup constraints courtyard; error
    @(70.0000 mm, 56.0000 mm): Footprint C_BEC_SV_OUT
    @(81.0000 mm, 54.0000 mm): Footprint J_6V
[courtyards_overlap]: Courtyards overlap
    Rule: board setup constraints courtyard; error
    @(70.0000 mm, 56.0000 mm): Footprint C_BEC_SV_OUT
    @(66.0000 mm, 62.0000 mm): Footprint R_ALERT
[courtyards_overlap]: Courtyards overlap
    Rule: board setup constraints courtyard; error
    @(70.0000 mm, 56.0000 mm): Footprint C_BEC_SV_OUT
    @(62.0000 mm, 60.0000 mm): Footprint J_I2C
[courtyards_overlap]: Courtyards overlap
    Rule: board setup constraints courtyard; error
    @(70.0000 mm, 56.0000 mm): Footprint C_BEC_SV_OUT
    @(71.0000 mm, 60.0000 mm): Footprint J_ALERT
[courtyards_overlap]: Courtyards overlap
    Rule: board setup constraints courtyard; error
    @(66.0000 mm, 62.0000 mm): Footprint R_ALERT
    @(62.0000 mm, 60.0000 mm): Footprint J_I2C
[silk_edge_clearance]: Silkscreen clipped by board edge
    Rule: board setup constraints silk; warning
    @(0.0000 mm, 0.0000 mm): Rectangle on Edge.Cuts
    @(4.0000 mm, 0.5000 mm): Reference field of H1
[silk_edge_clearance]: Silkscreen clipped by board edge
    Rule: board setup constraints silk; warning
    @(0.0000 mm, 0.0000 mm): Rectangle on Edge.Cuts
    @(86.0000 mm, 0.5000 mm): Reference field of H2
[lib_footprint_mismatch]: Footprint 'MountingHole_3.2mm_M3' does not match copy in library 'MountingHole'.
    Local override; warning
    @(4.0000 mm, 4.0000 mm): Footprint H1
[lib_footprint_mismatch]: Footprint 'MountingHole_3.2mm_M3' does not match copy in library 'MountingHole'.
    Local override; warning
    @(86.0000 mm, 4.0000 mm): Footprint H2
[lib_footprint_mismatch]: Footprint 'MountingHole_3.2mm_M3' does not match copy in library 'MountingHole'.
    Local override; warning
    @(4.0000 mm, 61.0000 mm): Footprint H3
[lib_footprint_mismatch]: Footprint 'MountingHole_3.2mm_M3' does not match copy in library 'MountingHole'.
    Local override; warning
    @(86.0000 mm, 61.0000 mm): Footprint H4
[lib_footprint_mismatch]: Footprint 'AMASS_XT60PW-F_1x02_P7.20mm_Horizontal' does not match copy in library 'Connector_AMASS'.
    Local override; warning
    @(13.0000 mm, 19.0000 mm): Footprint J_BATT
[lib_footprint_issues]: The current configuration does not include the footprint library 'Kaylee'.
    Local override; warning
    @(31.0000 mm, 12.0000 mm): Footprint CM1
[lib_footprint_issues]: The current configuration does not include the footprint library 'Kaylee'.
    Local override; warning
    @(44.0000 mm, 12.0000 mm): Footprint CM2
[lib_footprint_issues]: The current configuration does not include the footprint library 'Kaylee'.
    Local override; warning
    @(56.0000 mm, 9.0000 mm): Footprint F1
[lib_footprint_mismatch]: Footprint 'CP_Radial_D10.0mm_P5.00mm' does not match copy in library 'Capacitor_THT'.
    Local override; warning
    @(68.0000 mm, 12.0000 mm): Footprint C1
[lib_footprint_mismatch]: Footprint 'CP_Radial_D10.0mm_P5.00mm' does not match copy in library 'Capacitor_THT'.
    Local override; warning
    @(79.0000 mm, 16.0000 mm): Footprint C2
[lib_footprint_mismatch]: Footprint 'D_SMB' does not match copy in library 'Diode_SMD'.
    Local override; warning
    @(14.0000 mm, 24.0000 mm): Footprint D1
[lib_footprint_mismatch]: Footprint 'C_Disc_D4.3mm_W1.9mm_P5.00mm' does not match copy in library 'Capacitor_THT'.
    Local override; warning
    @(22.0000 mm, 24.0000 mm): Footprint C_Y1
[lib_footprint_mismatch]: Footprint 'C_Disc_D4.3mm_W1.9mm_P5.00mm' does not match copy in library 'Capacitor_THT'.
    Local override; warning
    @(29.0000 mm, 24.0000 mm): Footprint C_Y2
[lib_footprint_mismatch]: Footprint 'L_1210_3225Metric' does not match copy in library 'Inductor_SMD'.
    Local override; warning
    @(40.0000 mm, 24.0000 mm): Footprint C_DM1
[lib_footprint_mismatch]: Footprint 'C_0805_2012Metric' does not match copy in library 'Capacitor_SMD'.
    Local override; warning
    @(44.0000 mm, 24.0000 mm): Footprint C3
[lib_footprint_mismatch]: Footprint 'MountingHole_3.2mm_M3_Pad_Via' does not match copy in library 'MountingHole'.
    Local override; warning
    @(5.0000 mm, 20.0000 mm): Footprint J_PGND_BATT
[lib_footprint_mismatch]: Footprint 'MountingHole_3.2mm_M3_Pad_Via' does not match copy in library 'MountingHole'.
    Local override; warning
    @(5.0000 mm, 32.0000 mm): Footprint J_CHASSIS
[lib_footprint_mismatch]: Footprint 'SOIC-8_3.9x4.9mm_P1.27mm' does not match copy in library 'Package_SO'.
    Local override; warning
    @(16.0000 mm, 33.0000 mm): Footprint Q_BATT_DSG
[lib_footprint_mismatch]: Footprint 'R_0402_1005Metric' does not match copy in library 'Resistor_SMD'.
    Local override; warning
    @(25.0000 mm, 33.0000 mm): Footprint R_DSG_G
[lib_footprint_mismatch]: Footprint 'R_0402_1005Metric' does not match copy in library 'Resistor_SMD'.
    Local override; warning
    @(30.5000 mm, 33.0000 mm): Footprint R_CHGND
[lib_footprint_issues]: The current configuration does not include the footprint library 'Kaylee'.
    Local override; warning
    @(39.0000 mm, 33.0000 mm): Footprint RS_MAIN
[lib_footprint_mismatch]: Footprint 'MSOP-10_3x3mm_P0.5mm' does not match copy in library 'Package_SO'.
    Local override; warning
    @(49.0000 mm, 33.0000 mm): Footprint U_IS_MAIN
[lib_footprint_mismatch]: Footprint 'Fuseholder_Blade_Mini_Keystone_3568' does not match copy in library 'Fuse'.
    Local override; warning
    @(3.0000 mm, 40.5000 mm): Footprint F_ESC1
[lib_footprint_issues]: The current configuration does not include the footprint library 'Kaylee'.
    Local override; warning
    @(8.0000 mm, 47.0000 mm): Footprint RS_1
[lib_footprint_mismatch]: Footprint 'MSOP-10_3x3mm_P0.5mm' does not match copy in library 'Package_SO'.
    Local override; warning
    @(8.0000 mm, 53.0000 mm): Footprint U_IS1
[lib_footprint_mismatch]: Footprint 'AMASS_XT30PW-F_1x02_P2.50mm_Horizontal' does not match copy in library 'Connector_AMASS'.
    Local override; warning
    @(8.0000 mm, 61.0000 mm): Footprint J_ESC1
[lib_footprint_mismatch]: Footprint 'Fuseholder_Blade_Mini_Keystone_3568' does not match copy in library 'Fuse'.
    Local override; warning
    @(17.0000 mm, 40.5000 mm): Footprint F_ESC2
[lib_footprint_issues]: The current configuration does not include the footprint library 'Kaylee'.
    Local override; warning
    @(22.0000 mm, 47.0000 mm): Footprint RS_2
[lib_footprint_mismatch]: Footprint 'MSOP-10_3x3mm_P0.5mm' does not match copy in library 'Package_SO'.
    Local override; warning
    @(22.0000 mm, 53.0000 mm): Footprint U_IS2
[lib_footprint_mismatch]: Footprint 'AMASS_XT30PW-F_1x02_P2.50mm_Horizontal' does not match copy in library 'Connector_AMASS'.
    Local override; warning
    @(22.0000 mm, 61.0000 mm): Footprint J_ESC2
[lib_footprint_mismatch]: Footprint 'Fuseholder_Blade_Mini_Keystone_3568' does not match copy in library 'Fuse'.
    Local override; warning
    @(31.0000 mm, 40.5000 mm): Footprint F_ESC3
[lib_footprint_issues]: The current configuration does not include the footprint library 'Kaylee'.
    Local override; warning
    @(36.0000 mm, 47.0000 mm): Footprint RS_3
[lib_footprint_mismatch]: Footprint 'MSOP-10_3x3mm_P0.5mm' does not match copy in library 'Package_SO'.
    Local override; warning
    @(36.0000 mm, 53.0000 mm): Footprint U_IS3
[lib_footprint_mismatch]: Footprint 'AMASS_XT30PW-F_1x02_P2.50mm_Horizontal' does not match copy in library 'Connector_AMASS'.
    Local override; warning
    @(36.0000 mm, 61.0000 mm): Footprint J_ESC3
[lib_footprint_mismatch]: Footprint 'Fuseholder_Blade_Mini_Keystone_3568' does not match copy in library 'Fuse'.
    Local override; warning
    @(45.0000 mm, 40.5000 mm): Footprint F_ESC4
[lib_footprint_issues]: The current configuration does not include the footprint library 'Kaylee'.
    Local override; warning
    @(50.0000 mm, 47.0000 mm): Footprint RS_4
[lib_footprint_mismatch]: Footprint 'MSOP-10_3x3mm_P0.5mm' does not match copy in library 'Package_SO'.
    Local override; warning
    @(50.0000 mm, 53.0000 mm): Footprint U_IS4
[lib_footprint_mismatch]: Footprint 'AMASS_XT30PW-F_1x02_P2.50mm_Horizontal' does not match copy in library 'Connector_AMASS'.
    Local override; warning
    @(50.0000 mm, 61.0000 mm): Footprint J_ESC4
[lib_footprint_mismatch]: Footprint 'C_0805_2012Metric' does not match copy in library 'Capacitor_SMD'.
    Local override; warning
    @(63.0000 mm, 13.0000 mm): Footprint FB_5V1
[lib_footprint_mismatch]: Footprint 'CP_Radial_D10.0mm_P5.00mm' does not match copy in library 'Capacitor_THT'.
    Local override; warning
    @(69.0000 mm, 8.0000 mm): Footprint C_BEC1_IN
[lib_footprint_mismatch]: Footprint 'L_1210_3225Metric' does not match copy in library 'Inductor_SMD'.
    Local override; warning
    @(79.0000 mm, 8.0000 mm): Footprint L_BEC1
[lib_footprint_mismatch]: Footprint 'Texas_RGP0020D_VQFN-20-1EP_4x4mm_P0.5mm_EP2.7x2.7mm' does not match copy in library 'Package_DFN_QFN'.
    Local override; warning
    @(84.0000 mm, 11.0000 mm): Footprint U_BEC_5V_1
[lib_footprint_mismatch]: Footprint 'R_0402_1005Metric' does not match copy in library 'Resistor_SMD'.
    Local override; warning
    @(80.0000 mm, 14.0000 mm): Footprint R_FB1_1
[lib_footprint_mismatch]: Footprint 'R_0402_1005Metric' does not match copy in library 'Resistor_SMD'.
    Local override; warning
    @(84.5000 mm, 14.0000 mm): Footprint R_FB1_2
[lib_footprint_mismatch]: Footprint 'CP_Radial_D10.0mm_P5.00mm' does not match copy in library 'Capacitor_THT'.
    Local override; warning
    @(60.0000 mm, 19.0000 mm): Footprint C_BEC1_OUT
[lib_footprint_mismatch]: Footprint 'TO-252-3_TabPin2' does not match copy in library 'Package_TO_SOT_SMD'.
    Local override; warning
    @(73.0000 mm, 22.0000 mm): Footprint D_OR1
[lib_footprint_mismatch]: Footprint 'C_0805_2012Metric' does not match copy in library 'Capacitor_SMD'.
    Local override; warning
    @(63.0000 mm, 28.0000 mm): Footprint FB_5V2
[lib_footprint_mismatch]: Footprint 'CP_Radial_D10.0mm_P5.00mm' does not match copy in library 'Capacitor_THT'.
    Local override; warning
    @(69.0000 mm, 28.0000 mm): Footprint C_BEC2_IN
[lib_footprint_mismatch]: Footprint 'L_1210_3225Metric' does not match copy in library 'Inductor_SMD'.
    Local override; warning
    @(79.0000 mm, 28.0000 mm): Footprint L_BEC2
[lib_footprint_mismatch]: Footprint 'Texas_RGP0020D_VQFN-20-1EP_4x4mm_P0.5mm_EP2.7x2.7mm' does not match copy in library 'Package_DFN_QFN'.
    Local override; warning
    @(84.0000 mm, 31.0000 mm): Footprint U_BEC_5V_2
[lib_footprint_mismatch]: Footprint 'R_0402_1005Metric' does not match copy in library 'Resistor_SMD'.
    Local override; warning
    @(80.0000 mm, 34.0000 mm): Footprint R_FB2_1
[lib_footprint_mismatch]: Footprint 'R_0402_1005Metric' does not match copy in library 'Resistor_SMD'.
    Local override; warning
    @(86.0000 mm, 34.0000 mm): Footprint R_FB2_2
[lib_footprint_mismatch]: Footprint 'CP_Radial_D10.0mm_P5.00mm' does not match copy in library 'Capacitor_THT'.
    Local override; warning
    @(60.0000 mm, 39.0000 mm): Footprint C_BEC2_OUT
[lib_footprint_mismatch]: Footprint 'TO-252-3_TabPin2' does not match copy in library 'Package_TO_SOT_SMD'.
    Local override; warning
    @(73.0000 mm, 42.0000 mm): Footprint D_OR2
[lib_footprint_mismatch]: Footprint 'Molex_Nano-Fit_105309-xx04_1x04_P2.50mm_Vertical' does not match copy in library 'Connector_Molex'.
    Local override; warning
    @(83.5000 mm, 35.0000 mm): Footprint J_5V
[lib_footprint_mismatch]: Footprint 'C_0805_2012Metric' does not match copy in library 'Capacitor_SMD'.
    Local override; warning
    @(63.0000 mm, 48.0000 mm): Footprint FB_6V
[lib_footprint_mismatch]: Footprint 'CP_Radial_D10.0mm_P5.00mm' does not match copy in library 'Capacitor_THT'.
    Local override; warning
    @(69.0000 mm, 48.0000 mm): Footprint C_BEC_SV_IN
[lib_footprint_mismatch]: Footprint 'L_1210_3225Metric' does not match copy in library 'Inductor_SMD'.
    Local override; warning
    @(78.0000 mm, 48.0000 mm): Footprint L_BEC3
[lib_footprint_mismatch]: Footprint 'SOIC-8_3.9x4.9mm_P1.27mm' does not match copy in library 'Package_SO'.
    Local override; warning
    @(84.0000 mm, 49.5000 mm): Footprint U_BEC_6V
[lib_footprint_mismatch]: Footprint 'R_0402_1005Metric' does not match copy in library 'Resistor_SMD'.
    Local override; warning
    @(80.0000 mm, 46.0000 mm): Footprint R_FB6_1
[lib_footprint_mismatch]: Footprint 'R_0402_1005Metric' does not match copy in library 'Resistor_SMD'.
    Local override; warning
    @(84.5000 mm, 46.0000 mm): Footprint R_FB6_2
[lib_footprint_mismatch]: Footprint 'CP_Radial_D10.0mm_P5.00mm' does not match copy in library 'Capacitor_THT'.
    Local override; warning
    @(70.0000 mm, 56.0000 mm): Footprint C_BEC_SV_OUT
[lib_footprint_mismatch]: Footprint 'Molex_Nano-Fit_105309-xx04_1x04_P2.50mm_Vertical' does not match copy in library 'Connector_Molex'.
    Local override; warning
    @(81.0000 mm, 54.0000 mm): Footprint J_6V
[lib_footprint_mismatch]: Footprint 'SOT-363_SC-70-6' does not match copy in library 'Package_TO_SOT_SMD'.
    Local override; warning
    @(59.0000 mm, 54.0000 mm): Footprint D_I2C
[lib_footprint_mismatch]: Footprint 'R_0402_1005Metric' does not match copy in library 'Resistor_SMD'.
    Local override; warning
    @(66.0000 mm, 62.0000 mm): Footprint R_ALERT
[lib_footprint_mismatch]: Footprint 'JST_GH_BM04B-GHS-TBT_1x04-1MP_P1.25mm_Vertical' does not match copy in library 'Connector_JST'.
    Local override; warning
    @(62.0000 mm, 60.0000 mm): Footprint J_I2C
[lib_footprint_mismatch]: Footprint 'JST_GH_BM02B-GHS-TBT_1x02-1MP_P1.25mm_Vertical' does not match copy in library 'Connector_JST'.
    Local override; warning
    @(71.0000 mm, 60.0000 mm): Footprint J_ALERT
[silk_over_copper]: Silkscreen clipped by solder mask
    Local override; warning
    @(68.0000 mm, 8.5000 mm): Reference field of C1
[silk_over_copper]: Silkscreen clipped by solder mask
    Local override; warning
    @(70.5000 mm, 12.0000 mm): Circle of C1 on F.Silkscreen
[silk_over_copper]: Silkscreen clipped by solder mask
    Local override; warning
    @(81.5000 mm, 16.0000 mm): Circle of C2 on F.Silkscreen
[silk_over_copper]: Silkscreen clipped by solder mask
    Local override; warning
    @(14.0000 mm, 20.5000 mm): Reference field of D1
[silk_over_copper]: Silkscreen clipped by solder mask
    Local override; warning
    @(22.0000 mm, 20.5000 mm): Reference field of C_Y1
[silk_over_copper]: Silkscreen clipped by solder mask
    Local override; warning
    @(5.0000 mm, 16.5000 mm): Reference field of J_PGND_BATT
[silk_over_copper]: Silkscreen clipped by solder mask
    Local override; warning
    @(5.0000 mm, 28.5000 mm): Reference field of J_CHASSIS
[silk_over_copper]: Silkscreen clipped by solder mask
    Local override; warning
    @(63.0000 mm, 9.5000 mm): Reference field of FB_5V1
[silk_over_copper]: Silkscreen clipped by solder mask
    Local override; warning
    @(71.5000 mm, 8.0000 mm): Circle of C_BEC1_IN on F.Silkscreen
[silk_over_copper]: Silkscreen clipped by solder mask
    Local override; warning
    @(84.0000 mm, 7.5000 mm): Reference field of U_BEC_5V_1
[silk_over_copper]: Silkscreen clipped by solder mask
    Local override; warning
    @(80.0000 mm, 10.5000 mm): Reference field of R_FB1_1
[silk_over_copper]: Silkscreen clipped by solder mask
    Local override; warning
    @(84.5000 mm, 10.5000 mm): Reference field of R_FB1_2
[silk_over_copper]: Silkscreen clipped by solder mask
    Local override; warning
    @(62.5000 mm, 19.0000 mm): Circle of C_BEC1_OUT on F.Silkscreen
[silk_over_copper]: Silkscreen clipped by solder mask
    Local override; warning
    @(73.0000 mm, 18.5000 mm): Reference field of D_OR1
[silk_over_copper]: Silkscreen clipped by solder mask
    Local override; warning
    @(69.0000 mm, 24.5000 mm): Reference field of C_BEC2_IN
[silk_over_copper]: Silkscreen clipped by solder mask
    Local override; warning
    @(71.5000 mm, 28.0000 mm): Circle of C_BEC2_IN on F.Silkscreen
[silk_over_copper]: Silkscreen clipped by solder mask
    Local override; warning
    @(79.0000 mm, 24.5000 mm): Reference field of L_BEC2
[silk_over_copper]: Silkscreen clipped by solder mask
    Local override; warning
    @(84.0000 mm, 27.5000 mm): Reference field of U_BEC_5V_2
[silk_over_copper]: Silkscreen clipped by solder mask
    Local override; warning
    @(80.0000 mm, 30.5000 mm): Reference field of R_FB2_1
[silk_over_copper]: Silkscreen clipped by solder mask
    Local override; warning
    @(86.0000 mm, 30.5000 mm): Reference field of R_FB2_2
[silk_over_copper]: Silkscreen clipped by solder mask
    Local override; warning
    @(62.5000 mm, 39.0000 mm): Circle of C_BEC2_OUT on F.Silkscreen
[silk_over_copper]: Silkscreen clipped by solder mask
    Local override; warning
    @(73.0000 mm, 38.5000 mm): Reference field of D_OR2
[silk_over_copper]: Silkscreen clipped by solder mask
    Local override; warning
    @(83.5000 mm, 31.5000 mm): Reference field of J_5V
[silk_over_copper]: Silkscreen clipped by solder mask
    Local override; warning
    @(69.0000 mm, 44.5000 mm): Reference field of C_BEC_SV_IN
[silk_over_copper]: Silkscreen clipped by solder mask
    Local override; warning
    @(71.5000 mm, 48.0000 mm): Circle of C_BEC_SV_IN on F.Silkscreen
[silk_over_copper]: Silkscreen clipped by solder mask
    Local override; warning
    @(78.0000 mm, 44.5000 mm): Reference field of L_BEC3
[silk_over_copper]: Silkscreen clipped by solder mask
    Local override; warning
    @(84.0000 mm, 46.0000 mm): Reference field of U_BEC_6V
[silk_over_copper]: Silkscreen clipped by solder mask
    Local override; warning
    @(80.0000 mm, 42.5000 mm): Reference field of R_FB6_1
[silk_over_copper]: Silkscreen clipped by solder mask
    Local override; warning
    @(84.5000 mm, 42.5000 mm): Reference field of R_FB6_2
[silk_over_copper]: Silkscreen clipped by solder mask
    Local override; warning
    @(72.5000 mm, 56.0000 mm): Circle of C_BEC_SV_OUT on F.Silkscreen
[silk_over_copper]: Silkscreen clipped by solder mask
    Local override; warning
    @(81.0000 mm, 50.5000 mm): Reference field of J_6V
[silk_over_copper]: Silkscreen clipped by solder mask
    Local override; warning
    @(66.0000 mm, 58.5000 mm): Reference field of R_ALERT
[silk_over_copper]: Silkscreen clipped by solder mask
    Local override; warning
    @(71.0000 mm, 56.5000 mm): Reference field of J_ALERT
[silk_overlap]: Silkscreen overlap
    Rule: board setup constraints silk; warning
    @(30.5000 mm, 29.5000 mm): Reference field of R_CHGND
    @(25.0000 mm, 29.5000 mm): Reference field of R_DSG_G
[silk_overlap]: Silkscreen overlap
    Rule: board setup constraints silk; warning
    @(70.5000 mm, 12.0000 mm): Circle of C1 on F.Silkscreen
    @(71.5000 mm, 8.0000 mm): Circle of C_BEC1_IN on F.Silkscreen
[silk_overlap]: Silkscreen overlap
    Rule: board setup constraints silk; warning
    @(70.5000 mm, 12.0000 mm): Circle of C1 on F.Silkscreen
    @(62.5000 mm, 19.0000 mm): Circle of C_BEC1_OUT on F.Silkscreen
[silk_overlap]: Silkscreen overlap
    Rule: board setup constraints silk; warning
    @(63.0000 mm, 9.5000 mm): Reference field of FB_5V1
    @(70.5000 mm, 12.0000 mm): Circle of C1 on F.Silkscreen
[silk_overlap]: Silkscreen overlap
    Rule: board setup constraints silk; warning
    @(69.0000 mm, 4.5000 mm): Reference field of C_BEC1_IN
    @(71.5000 mm, 8.0000 mm): Circle of C_BEC1_IN on F.Silkscreen
[silk_overlap]: Silkscreen overlap
    Rule: board setup constraints silk; warning
    @(81.5000 mm, 16.0000 mm): Circle of C2 on F.Silkscreen
    @(80.0000 mm, 10.5000 mm): Reference field of R_FB1_1
[silk_overlap]: Silkscreen overlap
    Rule: board setup constraints silk; warning
    @(84.5000 mm, 10.5000 mm): Reference field of R_FB1_2
    @(81.5000 mm, 16.0000 mm): Circle of C2 on F.Silkscreen
[silk_overlap]: Silkscreen overlap
    Rule: board setup constraints silk; warning
    @(84.5000 mm, 10.5000 mm): Reference field of R_FB1_2
    @(80.0000 mm, 10.5000 mm): Reference field of R_FB1_1
[silk_overlap]: Silkscreen overlap
    Rule: board setup constraints silk; warning
    @(63.0000 mm, 24.5000 mm): Reference field of FB_5V2
    @(62.5000 mm, 19.0000 mm): Circle of C_BEC1_OUT on F.Silkscreen
[silk_overlap]: Silkscreen overlap
    Rule: board setup constraints silk; warning
    @(62.5000 mm, 19.0000 mm): Circle of C_BEC1_OUT on F.Silkscreen
    @(60.0000 mm, 15.5000 mm): Reference field of C_BEC1_OUT
[silk_overlap]: Silkscreen overlap
    Rule: board setup constraints silk; warning
    @(63.0000 mm, 24.5000 mm): Reference field of FB_5V2
    @(69.0000 mm, 24.5000 mm): Reference field of C_BEC2_IN
[silk_overlap]: Silkscreen overlap
    Rule: board setup constraints silk; warning
    @(71.5000 mm, 28.0000 mm): Circle of C_BEC2_IN on F.Silkscreen
    @(69.0000 mm, 24.5000 mm): Reference field of C_BEC2_IN
[silk_overlap]: Silkscreen overlap
    Rule: board setup constraints silk; warning
    @(80.0000 mm, 30.5000 mm): Reference field of R_FB2_1
    @(83.5000 mm, 31.5000 mm): Reference field of J_5V
[silk_overlap]: Silkscreen overlap
    Rule: board setup constraints silk; warning
    @(83.5000 mm, 31.5000 mm): Reference field of J_5V
    @(86.0000 mm, 30.5000 mm): Reference field of R_FB2_2
[silk_overlap]: Silkscreen overlap
    Rule: board setup constraints silk; warning
    @(71.5000 mm, 48.0000 mm): Circle of C_BEC_SV_IN on F.Silkscreen
    @(78.0000 mm, 44.5000 mm): Reference field of L_BEC3
[silk_overlap]: Silkscreen overlap
    Rule: board setup constraints silk; warning
    @(80.0000 mm, 30.5000 mm): Reference field of R_FB2_1
    @(86.0000 mm, 30.5000 mm): Reference field of R_FB2_2
[silk_overlap]: Silkscreen overlap
    Rule: board setup constraints silk; warning
    @(60.0000 mm, 35.5000 mm): Reference field of C_BEC2_OUT
    @(62.5000 mm, 39.0000 mm): Circle of C_BEC2_OUT on F.Silkscreen
[silk_overlap]: Silkscreen overlap
    Rule: board setup constraints silk; warning
    @(63.0000 mm, 44.5000 mm): Reference field of FB_6V
    @(62.5000 mm, 39.0000 mm): Circle of C_BEC2_OUT on F.Silkscreen
[silk_overlap]: Silkscreen overlap
    Rule: board setup constraints silk; warning
    @(62.5000 mm, 39.0000 mm): Circle of C_BEC2_OUT on F.Silkscreen
    @(69.0000 mm, 44.5000 mm): Reference field of C_BEC_SV_IN
[silk_overlap]: Silkscreen overlap
    Rule: board setup constraints silk; warning
    @(71.5000 mm, 48.0000 mm): Circle of C_BEC_SV_IN on F.Silkscreen
    @(69.0000 mm, 44.5000 mm): Reference field of C_BEC_SV_IN
[silk_overlap]: Silkscreen overlap
    Rule: board setup constraints silk; warning
    @(63.0000 mm, 44.5000 mm): Reference field of FB_6V
    @(69.0000 mm, 44.5000 mm): Reference field of C_BEC_SV_IN
[silk_overlap]: Silkscreen overlap
    Rule: board setup constraints silk; warning
    @(84.5000 mm, 42.5000 mm): Reference field of R_FB6_2
    @(80.0000 mm, 42.5000 mm): Reference field of R_FB6_1
[silk_overlap]: Silkscreen overlap
    Rule: board setup constraints silk; warning
    @(72.5000 mm, 56.0000 mm): Circle of C_BEC_SV_OUT on F.Silkscreen
    @(70.0000 mm, 52.5000 mm): Reference field of C_BEC_SV_OUT
[silk_overlap]: Silkscreen overlap
    Rule: board setup constraints silk; warning
    @(71.5000 mm, 48.0000 mm): Circle of C_BEC_SV_IN on F.Silkscreen
    @(70.0000 mm, 52.5000 mm): Reference field of C_BEC_SV_OUT
[silk_overlap]: Silkscreen overlap
    Rule: board setup constraints silk; warning
    @(71.5000 mm, 48.0000 mm): Circle of C_BEC_SV_IN on F.Silkscreen
    @(72.5000 mm, 56.0000 mm): Circle of C_BEC_SV_OUT on F.Silkscreen
[silk_overlap]: Silkscreen overlap
    Rule: board setup constraints silk; warning
    @(66.0000 mm, 58.5000 mm): Reference field of R_ALERT
    @(72.5000 mm, 56.0000 mm): Circle of C_BEC_SV_OUT on F.Silkscreen

** Found 181 unconnected pads **
[unconnected_items]: Missing connection between items
    Local override; error
    @(13.5250 mm, 34.9050 mm): Pad 4 [VBAT] of Q_BATT_DSG on F.Cu
    @(13.5250 mm, 33.6350 mm): Pad 3 [VBAT] of Q_BATT_DSG on F.Cu
[unconnected_items]: Missing connection between items
    Local override; error
    @(13.5250 mm, 32.3650 mm): Pad 2 [VBAT] of Q_BATT_DSG on F.Cu
    @(13.5250 mm, 33.6350 mm): Pad 3 [VBAT] of Q_BATT_DSG on F.Cu
[unconnected_items]: Missing connection between items
    Local override; error
    @(13.5250 mm, 31.0950 mm): Pad 1 [VBAT] of Q_BATT_DSG on F.Cu
    @(13.5250 mm, 32.3650 mm): Pad 2 [VBAT] of Q_BATT_DSG on F.Cu
[unconnected_items]: Missing connection between items
    Local override; error
    @(31.0000 mm, 40.5000 mm): PTH pad 1 [VBAT] of F_ESC3
    @(31.0000 mm, 43.9000 mm): PTH pad 1 [VBAT] of F_ESC3
[unconnected_items]: Missing connection between items
    Local override; error
    @(17.0000 mm, 43.9000 mm): PTH pad 1 [VBAT] of F_ESC2
    @(17.0000 mm, 40.5000 mm): PTH pad 1 [VBAT] of F_ESC2
[unconnected_items]: Missing connection between items
    Local override; error
    @(45.0000 mm, 40.5000 mm): PTH pad 1 [VBAT] of F_ESC4
    @(45.0000 mm, 43.9000 mm): PTH pad 1 [VBAT] of F_ESC4
[unconnected_items]: Missing connection between items
    Local override; error
    @(3.0000 mm, 40.5000 mm): PTH pad 1 [VBAT] of F_ESC1
    @(3.0000 mm, 43.9000 mm): PTH pad 1 [VBAT] of F_ESC1
[unconnected_items]: Missing connection between items
    Local override; error
    @(36.4600 mm, 33.0000 mm): Pad 1 [VBAT] of RS_MAIN on F.Cu
    @(41.5400 mm, 33.0000 mm): Pad 4 [VBAT] of RS_MAIN on F.Cu
[unconnected_items]: Missing connection between items
    Local override; error
    @(13.5250 mm, 34.9050 mm): Pad 4 [VBAT] of Q_BATT_DSG on F.Cu
    @(17.0000 mm, 40.5000 mm): PTH pad 1 [VBAT] of F_ESC2
[unconnected_items]: Missing connection between items
    Local override; error
    @(41.5400 mm, 33.0000 mm): Pad 4 [VBAT] of RS_MAIN on F.Cu
    @(45.0000 mm, 40.5000 mm): PTH pad 1 [VBAT] of F_ESC4
[unconnected_items]: Missing connection between items
    Local override; error
    @(31.0000 mm, 40.5000 mm): PTH pad 1 [VBAT] of F_ESC3
    @(36.4600 mm, 33.0000 mm): Pad 1 [VBAT] of RS_MAIN on F.Cu
[unconnected_items]: Missing connection between items
    Local override; error
    @(51.1125 mm, 32.0000 mm): Pad 10 [VBAT] of U_IS_MAIN on F.Cu
    @(41.5400 mm, 33.0000 mm): Pad 4 [VBAT] of RS_MAIN on F.Cu
[unconnected_items]: Missing connection between items
    Local override; error
    @(13.5250 mm, 34.9050 mm): Pad 4 [VBAT] of Q_BATT_DSG on F.Cu
    @(3.0000 mm, 40.5000 mm): PTH pad 1 [VBAT] of F_ESC1
[unconnected_items]: Missing connection between items
    Local override; error
    @(17.0000 mm, 40.5000 mm): PTH pad 1 [VBAT] of F_ESC2
    @(31.0000 mm, 40.5000 mm): PTH pad 1 [VBAT] of F_ESC3
[unconnected_items]: Missing connection between items
    Local override; error
    @(84.0000 mm, 32.9625 mm): Pad 8 [PGND] of U_BEC_5V_2 on F.Cu
    @(83.5000 mm, 32.9625 mm): Pad 9 [PGND] of U_BEC_5V_2 on F.Cu
[unconnected_items]: Missing connection between items
    Local override; error
    @(84.0000 mm, 32.9625 mm): Pad 8 [PGND] of U_BEC_5V_2 on F.Cu
    @(84.5000 mm, 32.9625 mm): Pad 7 [PGND] of U_BEC_5V_2 on F.Cu
[unconnected_items]: Missing connection between items
    Local override; error
    @(83.5000 mm, 12.9625 mm): Pad 9 [PGND] of U_BEC_5V_1 on F.Cu
    @(84.0000 mm, 12.9625 mm): Pad 8 [PGND] of U_BEC_5V_1 on F.Cu
[unconnected_items]: Missing connection between items
    Local override; error
    @(83.0000 mm, 12.9625 mm): Pad 10 [PGND] of U_BEC_5V_1 on F.Cu
    @(83.5000 mm, 12.9625 mm): Pad 9 [PGND] of U_BEC_5V_1 on F.Cu
[unconnected_items]: Missing connection between items
    Local override; error
    @(83.5000 mm, 32.9625 mm): Pad 9 [PGND] of U_BEC_5V_2 on F.Cu
    @(83.0000 mm, 32.9625 mm): Pad 10 [PGND] of U_BEC_5V_2 on F.Cu
[unconnected_items]: Missing connection between items
    Local override; error
    @(84.5000 mm, 12.9625 mm): Pad 7 [PGND] of U_BEC_5V_1 on F.Cu
    @(84.0000 mm, 12.9625 mm): Pad 8 [PGND] of U_BEC_5V_1 on F.Cu
[unconnected_items]: Missing connection between items
    Local override; error
    @(85.0100 mm, 14.0000 mm): Pad 2 [PGND] of R_FB1_2 on F.Cu
    @(84.5000 mm, 12.9625 mm): Pad 7 [PGND] of U_BEC_5V_1 on F.Cu
[unconnected_items]: Missing connection between items
    Local override; error
    @(84.0000 mm, 11.0000 mm): Pad 21 [PGND] of U_BEC_5V_1 on F.Cu
    @(84.0000 mm, 12.9625 mm): Pad 8 [PGND] of U_BEC_5V_1 on F.Cu
[unconnected_items]: Missing connection between items
    Local override; error
    @(84.0000 mm, 31.0000 mm): Pad 21 [PGND] of U_BEC_5V_2 on F.Cu
    @(84.0000 mm, 32.9625 mm): Pad 8 [PGND] of U_BEC_5V_2 on F.Cu
[unconnected_items]: Missing connection between items
    Local override; error
    @(83.5000 mm, 32.9625 mm): Pad 9 [PGND] of U_BEC_5V_2 on F.Cu
    @(83.5000 mm, 35.0000 mm): PTH pad 1 [PGND] of J_5V
[unconnected_items]: Missing connection between items
    Local override; error
    @(84.0000 mm, 16.0000 mm): PTH pad 2 [PGND] of C2
    @(85.0100 mm, 14.0000 mm): Pad 2 [PGND] of R_FB1_2 on F.Cu
[unconnected_items]: Missing connection between items
    Local override; error
    @(86.5100 mm, 34.0000 mm): Pad 2 [PGND] of R_FB2_2 on F.Cu
    @(84.5000 mm, 32.9625 mm): Pad 7 [PGND] of U_BEC_5V_2 on F.Cu
[unconnected_items]: Missing connection between items
    Local override; error
    @(81.0000 mm, 56.5000 mm): PTH pad 2 [PGND] of J_6V
    @(81.0000 mm, 54.0000 mm): PTH pad 1 [PGND] of J_6V
[unconnected_items]: Missing connection between items
    Local override; error
    @(83.5000 mm, 37.5000 mm): PTH pad 2 [PGND] of J_5V
    @(83.5000 mm, 35.0000 mm): PTH pad 1 [PGND] of J_5V
[unconnected_items]: Missing connection between items
    Local override; error
    @(41.4000 mm, 24.0000 mm): Pad 2 [PGND] of C_DM1 on F.Cu
    @(44.9500 mm, 24.0000 mm): Pad 2 [PGND] of C3 on F.Cu
[unconnected_items]: Missing connection between items
    Local override; error
    @(73.0000 mm, 12.0000 mm): PTH pad 2 [PGND] of C1
    @(74.0000 mm, 8.0000 mm): PTH pad 2 [PGND] of C_BEC1_IN
[unconnected_items]: Missing connection between items
    Local override; error
    @(29.9900 mm, 33.0000 mm): Pad 1 [PGND] of R_CHGND on F.Cu
    @(25.5100 mm, 33.0000 mm): Pad 2 [PGND] of R_DSG_G on F.Cu
[unconnected_items]: Missing connection between items
    Local override; error
    @(28.4600 mm, 9.4600 mm): PTH pad 3 [PGND] of CM1
    @(28.4600 mm, 14.5400 mm): PTH pad 4 [PGND] of CM1
[unconnected_items]: Missing connection between items
    Local override; error
    @(41.4600 mm, 14.5400 mm): PTH pad 4 [PGND] of CM2
    @(41.4600 mm, 9.4600 mm): PTH pad 3 [PGND] of CM2
[unconnected_items]: Missing connection between items
    Local override; error
    @(55.0000 mm, 61.0000 mm): PTH pad 2 [PGND] of J_ESC4
    @(60.1250 mm, 61.9500 mm): Pad 1 [PGND] of J_I2C on F.Cu
[unconnected_items]: Missing connection between items
    Local override; error
    @(75.0000 mm, 56.0000 mm): PTH pad 2 [PGND] of C_BEC_SV_OUT
    @(81.0000 mm, 56.5000 mm): PTH pad 2 [PGND] of J_6V
[unconnected_items]: Missing connection between items
    Local override; error
    @(75.0000 mm, 56.0000 mm): PTH pad 2 [PGND] of C_BEC_SV_OUT
    @(70.3750 mm, 61.9500 mm): Pad 1 [PGND] of J_ALERT on F.Cu
[unconnected_items]: Missing connection between items
    Local override; error
    @(74.0000 mm, 48.0000 mm): PTH pad 2 [PGND] of C_BEC_SV_IN
    @(75.0000 mm, 56.0000 mm): PTH pad 2 [PGND] of C_BEC_SV_OUT
[unconnected_items]: Missing connection between items
    Local override; error
    @(55.0000 mm, 61.0000 mm): PTH pad 2 [PGND] of J_ESC4
    @(58.0500 mm, 53.3500 mm): Pad 1 [PGND] of D_I2C on F.Cu
[unconnected_items]: Missing connection between items
    Local override; error
    @(83.5000 mm, 37.5000 mm): PTH pad 2 [PGND] of J_5V
    @(85.0100 mm, 46.0000 mm): Pad 2 [PGND] of R_FB6_2 on F.Cu
[unconnected_items]: Missing connection between items
    Local override; error
    @(81.0000 mm, 54.0000 mm): PTH pad 1 [PGND] of J_6V
    @(85.0100 mm, 46.0000 mm): Pad 2 [PGND] of R_FB6_2 on F.Cu
[unconnected_items]: Missing connection between items
    Local override; error
    @(29.0000 mm, 24.0000 mm): PTH pad 1 [PGND] of C_Y2
    @(29.9900 mm, 33.0000 mm): Pad 1 [PGND] of R_CHGND on F.Cu
[unconnected_items]: Missing connection between items
    Local override; error
    @(46.8875 mm, 33.0000 mm): Pad 3 [PGND] of U_IS_MAIN on F.Cu
    @(44.9500 mm, 24.0000 mm): Pad 2 [PGND] of C3 on F.Cu
[unconnected_items]: Missing connection between items
    Local override; error
    @(28.4600 mm, 14.5400 mm): PTH pad 4 [PGND] of CM1
    @(20.2000 mm, 19.0000 mm): PTH pad 2 [PGND] of J_BATT
[unconnected_items]: Missing connection between items
    Local override; error
    @(41.4600 mm, 14.5400 mm): PTH pad 4 [PGND] of CM2
    @(41.4000 mm, 24.0000 mm): Pad 2 [PGND] of C_DM1 on F.Cu
[unconnected_items]: Missing connection between items
    Local override; error
    @(28.4600 mm, 14.5400 mm): PTH pad 4 [PGND] of CM1
    @(29.0000 mm, 24.0000 mm): PTH pad 1 [PGND] of C_Y2
[unconnected_items]: Missing connection between items
    Local override; error
    @(11.8500 mm, 24.0000 mm): Pad 1 [PGND] of D1 on F.Cu
    @(20.2000 mm, 19.0000 mm): PTH pad 2 [PGND] of J_BATT
[unconnected_items]: Missing connection between items
    Local override; error
    @(83.0000 mm, 12.9625 mm): Pad 10 [PGND] of U_BEC_5V_1 on F.Cu
    @(73.0000 mm, 12.0000 mm): PTH pad 2 [PGND] of C1
[unconnected_items]: Missing connection between items
    Local override; error
    @(58.0500 mm, 53.3500 mm): Pad 1 [PGND] of D_I2C on F.Cu
    @(47.8875 mm, 53.0000 mm): Pad 3 [PGND] of U_IS4 on F.Cu
[unconnected_items]: Missing connection between items
    Local override; error
    @(60.1250 mm, 61.9500 mm): Pad 1 [PGND] of J_I2C on F.Cu
    @(70.3750 mm, 61.9500 mm): Pad 1 [PGND] of J_ALERT on F.Cu
[unconnected_items]: Missing connection between items
    Local override; error
    @(74.0000 mm, 28.0000 mm): PTH pad 2 [PGND] of C_BEC2_IN
    @(83.0000 mm, 32.9625 mm): Pad 10 [PGND] of U_BEC_5V_2 on F.Cu
[unconnected_items]: Missing connection between items
    Local override; error
    @(13.0000 mm, 61.0000 mm): PTH pad 2 [PGND] of J_ESC1
    @(19.8875 mm, 53.0000 mm): Pad 3 [PGND] of U_IS2 on F.Cu
[unconnected_items]: Missing connection between items
    Local override; error
    @(47.8875 mm, 53.0000 mm): Pad 3 [PGND] of U_IS4 on F.Cu
    @(41.0000 mm, 61.0000 mm): PTH pad 2 [PGND] of J_ESC3
[unconnected_items]: Missing connection between items
    Local override; error
    @(33.8875 mm, 53.0000 mm): Pad 3 [PGND] of U_IS3 on F.Cu
    @(27.0000 mm, 61.0000 mm): PTH pad 2 [PGND] of J_ESC2
[unconnected_items]: Missing connection between items
    Local override; error
    @(73.0000 mm, 12.0000 mm): PTH pad 2 [PGND] of C1
    @(65.0000 mm, 19.0000 mm): PTH pad 2 [PGND] of C_BEC1_OUT
[unconnected_items]: Missing connection between items
    Local override; error
    @(41.0000 mm, 61.0000 mm): PTH pad 2 [PGND] of J_ESC3
    @(33.8875 mm, 53.0000 mm): Pad 3 [PGND] of U_IS3 on F.Cu
[unconnected_items]: Missing connection between items
    Local override; error
    @(27.0000 mm, 61.0000 mm): PTH pad 2 [PGND] of J_ESC2
    @(19.8875 mm, 53.0000 mm): Pad 3 [PGND] of U_IS2 on F.Cu
[unconnected_items]: Missing connection between items
    Local override; error
    @(5.8875 mm, 53.0000 mm): Pad 3 [PGND] of U_IS1 on F.Cu
    @(13.0000 mm, 61.0000 mm): PTH pad 2 [PGND] of J_ESC1
[unconnected_items]: Missing connection between items
    Local override; error
    @(41.4000 mm, 24.0000 mm): Pad 2 [PGND] of C_DM1 on F.Cu
    @(29.0000 mm, 24.0000 mm): PTH pad 1 [PGND] of C_Y2
[unconnected_items]: Missing connection between items
    Local override; error
    @(74.0000 mm, 48.0000 mm): PTH pad 2 [PGND] of C_BEC_SV_IN
    @(65.0000 mm, 39.0000 mm): PTH pad 2 [PGND] of C_BEC2_OUT
[unconnected_items]: Missing connection between items
    Local override; error
    @(65.0000 mm, 19.0000 mm): PTH pad 2 [PGND] of C_BEC1_OUT
    @(74.0000 mm, 28.0000 mm): PTH pad 2 [PGND] of C_BEC2_IN
[unconnected_items]: Missing connection between items
    Local override; error
    @(65.0000 mm, 39.0000 mm): PTH pad 2 [PGND] of C_BEC2_OUT
    @(46.8875 mm, 33.0000 mm): Pad 3 [PGND] of U_IS_MAIN on F.Cu
[unconnected_items]: Missing connection between items
    Local override; error
    @(18.4750 mm, 34.9050 mm): Pad 5 [VDIS] of Q_BATT_DSG on F.Cu
    @(18.4750 mm, 33.6350 mm): Pad 6 [VDIS] of Q_BATT_DSG on F.Cu
[unconnected_items]: Missing connection between items
    Local override; error
    @(18.4750 mm, 32.3650 mm): Pad 7 [VDIS] of Q_BATT_DSG on F.Cu
    @(18.4750 mm, 33.6350 mm): Pad 6 [VDIS] of Q_BATT_DSG on F.Cu
[unconnected_items]: Missing connection between items
    Local override; error
    @(68.0000 mm, 12.0000 mm): PTH pad 1 [VDIS] of C1
    @(65.9000 mm, 9.0000 mm): PTH pad 2 [VDIS] of F1
[unconnected_items]: Missing connection between items
    Local override; error
    @(43.0500 mm, 24.0000 mm): Pad 1 [VDIS] of C3 on F.Cu
    @(38.6000 mm, 24.0000 mm): Pad 1 [VDIS] of C_DM1 on F.Cu
[unconnected_items]: Missing connection between items
    Local override; error
    @(33.5400 mm, 14.5400 mm): PTH pad 2 [VDIS] of CM1
    @(33.5400 mm, 9.4600 mm): PTH pad 1 [VDIS] of CM1
[unconnected_items]: Missing connection between items
    Local override; error
    @(46.5400 mm, 9.4600 mm): PTH pad 1 [VDIS] of CM2
    @(46.5400 mm, 14.5400 mm): PTH pad 2 [VDIS] of CM2
[unconnected_items]: Missing connection between items
    Local override; error
    @(65.9000 mm, 9.0000 mm): PTH pad 2 [VDIS] of F1
    @(62.0500 mm, 13.0000 mm): Pad 1 [VDIS] of FB_5V1 on F.Cu
[unconnected_items]: Missing connection between items
    Local override; error
    @(22.0000 mm, 24.0000 mm): PTH pad 1 [VDIS] of C_Y1
    @(16.1500 mm, 24.0000 mm): Pad 2 [VDIS] of D1 on F.Cu
[unconnected_items]: Missing connection between items
    Local override; error
    @(16.1500 mm, 24.0000 mm): Pad 2 [VDIS] of D1 on F.Cu
    @(13.0000 mm, 19.0000 mm): PTH pad 1 [VDIS] of J_BATT
[unconnected_items]: Missing connection between items
    Local override; error
    @(56.0000 mm, 9.0000 mm): PTH pad 1 [VDIS] of F1
    @(62.0500 mm, 13.0000 mm): Pad 1 [VDIS] of FB_5V1 on F.Cu
[unconnected_items]: Missing connection between items
    Local override; error
    @(16.1500 mm, 24.0000 mm): Pad 2 [VDIS] of D1 on F.Cu
    @(18.4750 mm, 32.3650 mm): Pad 7 [VDIS] of Q_BATT_DSG on F.Cu
[unconnected_items]: Missing connection between items
    Local override; error
    @(46.5400 mm, 9.4600 mm): PTH pad 1 [VDIS] of CM2
    @(56.0000 mm, 9.0000 mm): PTH pad 1 [VDIS] of F1
[unconnected_items]: Missing connection between items
    Local override; error
    @(43.0500 mm, 24.0000 mm): Pad 1 [VDIS] of C3 on F.Cu
    @(46.5400 mm, 14.5400 mm): PTH pad 2 [VDIS] of CM2
[unconnected_items]: Missing connection between items
    Local override; error
    @(38.6000 mm, 24.0000 mm): Pad 1 [VDIS] of C_DM1 on F.Cu
    @(33.5400 mm, 14.5400 mm): PTH pad 2 [VDIS] of CM1
[unconnected_items]: Missing connection between items
    Local override; error
    @(79.0000 mm, 16.0000 mm): PTH pad 1 [VDIS] of C2
    @(68.0000 mm, 12.0000 mm): PTH pad 1 [VDIS] of C1
[unconnected_items]: Missing connection between items
    Local override; error
    @(33.5400 mm, 14.5400 mm): PTH pad 2 [VDIS] of CM1
    @(22.0000 mm, 24.0000 mm): PTH pad 1 [VDIS] of C_Y1
[unconnected_items]: Missing connection between items
    Local override; error
    @(62.0500 mm, 13.0000 mm): Pad 1 [VDIS] of FB_5V1 on F.Cu
    @(62.0500 mm, 28.0000 mm): Pad 1 [VDIS] of FB_5V2 on F.Cu
[unconnected_items]: Missing connection between items
    Local override; error
    @(62.0500 mm, 28.0000 mm): Pad 1 [VDIS] of FB_5V2 on F.Cu
    @(62.0500 mm, 48.0000 mm): Pad 1 [VDIS] of FB_6V on F.Cu
[unconnected_items]: Missing connection between items
    Local override; error
    @(83.5000 mm, 42.5000 mm): PTH pad 4 [+5V] of J_5V
    @(83.5000 mm, 40.0000 mm): PTH pad 3 [+5V] of J_5V
[unconnected_items]: Missing connection between items
    Local override; error
    @(61.3750 mm, 61.9500 mm): Pad 2 [+5V] of J_I2C on F.Cu
    @(65.4900 mm, 62.0000 mm): Pad 1 [+5V] of R_ALERT on F.Cu
[unconnected_items]: Missing connection between items
    Local override; error
    @(74.2600 mm, 42.0000 mm): Pad 2 [+5V] of D_OR2 on F.Cu
    @(67.9600 mm, 42.0000 mm): Pad 2 [+5V] of D_OR2 on F.Cu
[unconnected_items]: Missing connection between items
    Local override; error
    @(74.2600 mm, 22.0000 mm): Pad 2 [+5V] of D_OR1 on F.Cu
    @(67.9600 mm, 22.0000 mm): Pad 2 [+5V] of D_OR1 on F.Cu
[unconnected_items]: Missing connection between items
    Local override; error
    @(59.9500 mm, 53.3500 mm): Pad 6 [+5V] of D_I2C on F.Cu
    @(61.3750 mm, 61.9500 mm): Pad 2 [+5V] of J_I2C on F.Cu
[unconnected_items]: Missing connection between items
    Local override; error
    @(83.5000 mm, 42.5000 mm): PTH pad 4 [+5V] of J_5V
    @(74.2600 mm, 42.0000 mm): Pad 2 [+5V] of D_OR2 on F.Cu
[unconnected_items]: Missing connection between items
    Local override; error
    @(47.8875 mm, 53.5000 mm): Pad 4 [+5V] of U_IS4 on F.Cu
    @(59.9500 mm, 53.3500 mm): Pad 6 [+5V] of D_I2C on F.Cu
[unconnected_items]: Missing connection between items
    Local override; error
    @(67.9600 mm, 42.0000 mm): Pad 2 [+5V] of D_OR2 on F.Cu
    @(59.9500 mm, 53.3500 mm): Pad 6 [+5V] of D_I2C on F.Cu
[unconnected_items]: Missing connection between items
    Local override; error
    @(19.8875 mm, 53.5000 mm): Pad 4 [+5V] of U_IS2 on F.Cu
    @(5.8875 mm, 53.5000 mm): Pad 4 [+5V] of U_IS1 on F.Cu
[unconnected_items]: Missing connection between items
    Local override; error
    @(19.8875 mm, 53.5000 mm): Pad 4 [+5V] of U_IS2 on F.Cu
    @(33.8875 mm, 53.5000 mm): Pad 4 [+5V] of U_IS3 on F.Cu
[unconnected_items]: Missing connection between items
    Local override; error
    @(33.8875 mm, 53.5000 mm): Pad 4 [+5V] of U_IS3 on F.Cu
    @(47.8875 mm, 53.5000 mm): Pad 4 [+5V] of U_IS4 on F.Cu
[unconnected_items]: Missing connection between items
    Local override; error
    @(74.2600 mm, 42.0000 mm): Pad 2 [+5V] of D_OR2 on F.Cu
    @(74.2600 mm, 22.0000 mm): Pad 2 [+5V] of D_OR1 on F.Cu
[unconnected_items]: Missing connection between items
    Local override; error
    @(47.8875 mm, 53.5000 mm): Pad 4 [+5V] of U_IS4 on F.Cu
    @(46.8875 mm, 33.5000 mm): Pad 4 [+5V] of U_IS_MAIN on F.Cu
[unconnected_items]: Missing connection between items
    Local override; error
    @(81.0000 mm, 61.5000 mm): PTH pad 4 [+6V] of J_6V
    @(81.0000 mm, 59.0000 mm): PTH pad 3 [+6V] of J_6V
[unconnected_items]: Missing connection between items
    Local override; error
    @(86.4750 mm, 50.1350 mm): Pad 6 [+6V] of U_BEC_6V on F.Cu
    @(79.4900 mm, 46.0000 mm): Pad 1 [+6V] of R_FB6_1 on F.Cu
[unconnected_items]: Missing connection between items
    Local override; error
    @(81.0000 mm, 59.0000 mm): PTH pad 3 [+6V] of J_6V
    @(86.4750 mm, 50.1350 mm): Pad 6 [+6V] of U_BEC_6V on F.Cu
[unconnected_items]: Missing connection between items
    Local override; error
    @(81.0000 mm, 59.0000 mm): PTH pad 3 [+6V] of J_6V
    @(70.0000 mm, 56.0000 mm): PTH pad 1 [+6V] of C_BEC_SV_OUT
[unconnected_items]: Missing connection between items
    Local override; error
    @(63.8750 mm, 61.9500 mm): Pad 4 [PDB_SDA] of J_I2C on F.Cu
    @(59.9500 mm, 54.0000 mm): Pad 5 [PDB_SDA] of D_I2C on F.Cu
[unconnected_items]: Missing connection between items
    Local override; error
    @(59.9500 mm, 54.0000 mm): Pad 5 [PDB_SDA] of D_I2C on F.Cu
    @(47.8875 mm, 54.0000 mm): Pad 5 [PDB_SDA] of U_IS4 on F.Cu
[unconnected_items]: Missing connection between items
    Local override; error
    @(33.8875 mm, 54.0000 mm): Pad 5 [PDB_SDA] of U_IS3 on F.Cu
    @(47.8875 mm, 54.0000 mm): Pad 5 [PDB_SDA] of U_IS4 on F.Cu
[unconnected_items]: Missing connection between items
    Local override; error
    @(33.8875 mm, 54.0000 mm): Pad 5 [PDB_SDA] of U_IS3 on F.Cu
    @(19.8875 mm, 54.0000 mm): Pad 5 [PDB_SDA] of U_IS2 on F.Cu
[unconnected_items]: Missing connection between items
    Local override; error
    @(19.8875 mm, 54.0000 mm): Pad 5 [PDB_SDA] of U_IS2 on F.Cu
    @(5.8875 mm, 54.0000 mm): Pad 5 [PDB_SDA] of U_IS1 on F.Cu
[unconnected_items]: Missing connection between items
    Local override; error
    @(47.8875 mm, 54.0000 mm): Pad 5 [PDB_SDA] of U_IS4 on F.Cu
    @(46.8875 mm, 34.0000 mm): Pad 5 [PDB_SDA] of U_IS_MAIN on F.Cu
[unconnected_items]: Missing connection between items
    Local override; error
    @(62.6250 mm, 61.9500 mm): Pad 3 [PDB_SCL] of J_I2C on F.Cu
    @(59.9500 mm, 54.6500 mm): Pad 4 [PDB_SCL] of D_I2C on F.Cu
[unconnected_items]: Missing connection between items
    Local override; error
    @(52.1125 mm, 54.0000 mm): Pad 6 [PDB_SCL] of U_IS4 on F.Cu
    @(59.9500 mm, 54.6500 mm): Pad 4 [PDB_SCL] of D_I2C on F.Cu
[unconnected_items]: Missing connection between items
    Local override; error
    @(10.1125 mm, 54.0000 mm): Pad 6 [PDB_SCL] of U_IS1 on F.Cu
    @(24.1125 mm, 54.0000 mm): Pad 6 [PDB_SCL] of U_IS2 on F.Cu
[unconnected_items]: Missing connection between items
    Local override; error
    @(24.1125 mm, 54.0000 mm): Pad 6 [PDB_SCL] of U_IS2 on F.Cu
    @(38.1125 mm, 54.0000 mm): Pad 6 [PDB_SCL] of U_IS3 on F.Cu
[unconnected_items]: Missing connection between items
    Local override; error
    @(52.1125 mm, 54.0000 mm): Pad 6 [PDB_SCL] of U_IS4 on F.Cu
    @(38.1125 mm, 54.0000 mm): Pad 6 [PDB_SCL] of U_IS3 on F.Cu
[unconnected_items]: Missing connection between items
    Local override; error
    @(51.1125 mm, 34.0000 mm): Pad 6 [PDB_SCL] of U_IS_MAIN on F.Cu
    @(52.1125 mm, 54.0000 mm): Pad 6 [PDB_SCL] of U_IS4 on F.Cu
[unconnected_items]: Missing connection between items
    Local override; error
    @(66.5100 mm, 62.0000 mm): Pad 2 [PDB_ALERT_N] of R_ALERT on F.Cu
    @(71.6250 mm, 61.9500 mm): Pad 2 [PDB_ALERT_N] of J_ALERT on F.Cu
[unconnected_items]: Missing connection between items
    Local override; error
    @(38.1125 mm, 53.5000 mm): Pad 7 [PDB_ALERT_N] of U_IS3 on F.Cu
    @(52.1125 mm, 53.5000 mm): Pad 7 [PDB_ALERT_N] of U_IS4 on F.Cu
[unconnected_items]: Missing connection between items
    Local override; error
    @(24.1125 mm, 53.5000 mm): Pad 7 [PDB_ALERT_N] of U_IS2 on F.Cu
    @(38.1125 mm, 53.5000 mm): Pad 7 [PDB_ALERT_N] of U_IS3 on F.Cu
[unconnected_items]: Missing connection between items
    Local override; error
    @(10.1125 mm, 53.5000 mm): Pad 7 [PDB_ALERT_N] of U_IS1 on F.Cu
    @(24.1125 mm, 53.5000 mm): Pad 7 [PDB_ALERT_N] of U_IS2 on F.Cu
[unconnected_items]: Missing connection between items
    Local override; error
    @(66.5100 mm, 62.0000 mm): Pad 2 [PDB_ALERT_N] of R_ALERT on F.Cu
    @(52.1125 mm, 53.5000 mm): Pad 7 [PDB_ALERT_N] of U_IS4 on F.Cu
[unconnected_items]: Missing connection between items
    Local override; error
    @(51.1125 mm, 33.5000 mm): Pad 7 [PDB_ALERT_N] of U_IS_MAIN on F.Cu
    @(52.1125 mm, 53.5000 mm): Pad 7 [PDB_ALERT_N] of U_IS4 on F.Cu
[unconnected_items]: Missing connection between items
    Local override; error
    @(18.4750 mm, 31.0950 mm): Pad 8 [DSG_GATE] of Q_BATT_DSG on F.Cu
    @(24.4900 mm, 33.0000 mm): Pad 1 [DSG_GATE] of R_DSG_G on F.Cu
[unconnected_items]: Missing connection between items
    Local override; error
    @(8.0000 mm, 61.0000 mm): PTH pad 1 [ESC1_RS_OUT] of J_ESC1
    @(10.5400 mm, 47.0000 mm): Pad 4 [ESC1_RS_OUT] of RS_1 on F.Cu
[unconnected_items]: Missing connection between items
    Local override; error
    @(22.0000 mm, 61.0000 mm): PTH pad 1 [ESC2_RS_OUT] of J_ESC2
    @(24.5400 mm, 47.0000 mm): Pad 4 [ESC2_RS_OUT] of RS_2 on F.Cu
[unconnected_items]: Missing connection between items
    Local override; error
    @(36.0000 mm, 61.0000 mm): PTH pad 1 [ESC3_RS_OUT] of J_ESC3
    @(38.5400 mm, 47.0000 mm): Pad 4 [ESC3_RS_OUT] of RS_3 on F.Cu
[unconnected_items]: Missing connection between items
    Local override; error
    @(50.0000 mm, 61.0000 mm): PTH pad 1 [ESC4_RS_OUT] of J_ESC4
    @(52.5400 mm, 47.0000 mm): Pad 4 [ESC4_RS_OUT] of RS_4 on F.Cu
[unconnected_items]: Missing connection between items
    Local override; error
    @(34.0000 mm, 24.0000 mm): PTH pad 2 [CHASSIS] of C_Y2
    @(27.0000 mm, 24.0000 mm): PTH pad 2 [CHASSIS] of C_Y1
[unconnected_items]: Missing connection between items
    Local override; error
    @(31.0100 mm, 33.0000 mm): Pad 2 [CHASSIS] of R_CHGND on F.Cu
    @(34.0000 mm, 24.0000 mm): PTH pad 2 [CHASSIS] of C_Y2
[unconnected_items]: Missing connection between items
    Local override; error
    @(5.0000 mm, 20.0000 mm): PTH pad [CHASSIS] of J_PGND_BATT
    @(5.0000 mm, 32.0000 mm): PTH pad [CHASSIS] of J_CHASSIS
[unconnected_items]: Missing connection between items
    Local override; error
    @(27.0000 mm, 24.0000 mm): PTH pad 2 [CHASSIS] of C_Y1
    @(5.0000 mm, 20.0000 mm): PTH pad [CHASSIS] of J_PGND_BATT
[unconnected_items]: Missing connection between items
    Local override; error
    @(79.4900 mm, 14.0000 mm): Pad 1 [BEC1_PRE_OR] of R_FB1_1 on F.Cu
    @(85.9625 mm, 12.0000 mm): Pad 11 [BEC1_PRE_OR] of U_BEC_5V_1 on F.Cu
[unconnected_items]: Missing connection between items
    Local override; error
    @(60.0000 mm, 19.0000 mm): PTH pad 1 [BEC1_PRE_OR] of C_BEC1_OUT
    @(67.9600 mm, 19.7200 mm): Pad 1 [BEC1_PRE_OR] of D_OR1 on F.Cu
[unconnected_items]: Missing connection between items
    Local override; error
    @(67.9600 mm, 19.7200 mm): Pad 1 [BEC1_PRE_OR] of D_OR1 on F.Cu
    @(79.4900 mm, 14.0000 mm): Pad 1 [BEC1_PRE_OR] of R_FB1_1 on F.Cu
[unconnected_items]: Missing connection between items
    Local override; error
    @(67.9600 mm, 44.2800 mm): Pad 3 [BEC2_PRE_OR] of D_OR2 on F.Cu
    @(67.9600 mm, 39.7200 mm): Pad 1 [BEC2_PRE_OR] of D_OR2 on F.Cu
[unconnected_items]: Missing connection between items
    Local override; error
    @(85.9625 mm, 32.0000 mm): Pad 11 [BEC2_PRE_OR] of U_BEC_5V_2 on F.Cu
    @(79.4900 mm, 34.0000 mm): Pad 1 [BEC2_PRE_OR] of R_FB2_1 on F.Cu
[unconnected_items]: Missing connection between items
    Local override; error
    @(67.9600 mm, 39.7200 mm): Pad 1 [BEC2_PRE_OR] of D_OR2 on F.Cu
    @(60.0000 mm, 39.0000 mm): PTH pad 1 [BEC2_PRE_OR] of C_BEC2_OUT
[unconnected_items]: Missing connection between items
    Local override; error
    @(79.4900 mm, 34.0000 mm): Pad 1 [BEC2_PRE_OR] of R_FB2_1 on F.Cu
    @(67.9600 mm, 39.7200 mm): Pad 1 [BEC2_PRE_OR] of D_OR2 on F.Cu
[unconnected_items]: Missing connection between items
    Local override; error
    @(67.9600 mm, 24.2800 mm): Pad 3 [BEC2_PRE_OR] of D_OR1 on F.Cu
    @(79.4900 mm, 34.0000 mm): Pad 1 [BEC2_PRE_OR] of R_FB2_1 on F.Cu
[unconnected_items]: Missing connection between items
    Local override; error
    @(82.0375 mm, 12.0000 mm): Pad 5 [BEC1_SW] of U_BEC_5V_1 on F.Cu
    @(85.0000 mm, 12.9625 mm): Pad 6 [BEC1_SW] of U_BEC_5V_1 on F.Cu
[unconnected_items]: Missing connection between items
    Local override; error
    @(80.4000 mm, 8.0000 mm): Pad 2 [BEC1_SW] of L_BEC1 on F.Cu
    @(82.0375 mm, 12.0000 mm): Pad 5 [BEC1_SW] of U_BEC_5V_1 on F.Cu
[unconnected_items]: Missing connection between items
    Local override; error
    @(82.0375 mm, 32.0000 mm): Pad 5 [BEC2_SW] of U_BEC_5V_2 on F.Cu
    @(85.0000 mm, 32.9625 mm): Pad 6 [BEC2_SW] of U_BEC_5V_2 on F.Cu
[unconnected_items]: Missing connection between items
    Local override; error
    @(80.4000 mm, 28.0000 mm): Pad 2 [BEC2_SW] of L_BEC2 on F.Cu
    @(82.0375 mm, 32.0000 mm): Pad 5 [BEC2_SW] of U_BEC_5V_2 on F.Cu
[unconnected_items]: Missing connection between items
    Local override; error
    @(79.4000 mm, 48.0000 mm): Pad 2 [BEC6V_SW] of L_BEC3 on F.Cu
    @(86.4750 mm, 47.5950 mm): Pad 8 [BEC6V_SW] of U_BEC_6V on F.Cu
[unconnected_items]: Missing connection between items
    Local override; error
    @(12.9200 mm, 43.9000 mm): PTH pad 2 [ESC1_FUSED] of F_ESC1
    @(12.9200 mm, 40.5000 mm): PTH pad 2 [ESC1_FUSED] of F_ESC1
[unconnected_items]: Missing connection between items
    Local override; error
    @(5.4600 mm, 47.0000 mm): Pad 1 [ESC1_FUSED] of RS_1 on F.Cu
    @(10.1125 mm, 52.0000 mm): Pad 10 [ESC1_FUSED] of U_IS1 on F.Cu
[unconnected_items]: Missing connection between items
    Local override; error
    @(12.9200 mm, 43.9000 mm): PTH pad 2 [ESC1_FUSED] of F_ESC1
    @(5.4600 mm, 47.0000 mm): Pad 1 [ESC1_FUSED] of RS_1 on F.Cu
[unconnected_items]: Missing connection between items
    Local override; error
    @(26.9200 mm, 43.9000 mm): PTH pad 2 [ESC2_FUSED] of F_ESC2
    @(26.9200 mm, 40.5000 mm): PTH pad 2 [ESC2_FUSED] of F_ESC2
[unconnected_items]: Missing connection between items
    Local override; error
    @(19.4600 mm, 47.0000 mm): Pad 1 [ESC2_FUSED] of RS_2 on F.Cu
    @(24.1125 mm, 52.0000 mm): Pad 10 [ESC2_FUSED] of U_IS2 on F.Cu
[unconnected_items]: Missing connection between items
    Local override; error
    @(26.9200 mm, 43.9000 mm): PTH pad 2 [ESC2_FUSED] of F_ESC2
    @(19.4600 mm, 47.0000 mm): Pad 1 [ESC2_FUSED] of RS_2 on F.Cu
[unconnected_items]: Missing connection between items
    Local override; error
    @(40.9200 mm, 43.9000 mm): PTH pad 2 [ESC3_FUSED] of F_ESC3
    @(40.9200 mm, 40.5000 mm): PTH pad 2 [ESC3_FUSED] of F_ESC3
[unconnected_items]: Missing connection between items
    Local override; error
    @(33.4600 mm, 47.0000 mm): Pad 1 [ESC3_FUSED] of RS_3 on F.Cu
    @(38.1125 mm, 52.0000 mm): Pad 10 [ESC3_FUSED] of U_IS3 on F.Cu
[unconnected_items]: Missing connection between items
    Local override; error
    @(40.9200 mm, 43.9000 mm): PTH pad 2 [ESC3_FUSED] of F_ESC3
    @(33.4600 mm, 47.0000 mm): Pad 1 [ESC3_FUSED] of RS_3 on F.Cu
[unconnected_items]: Missing connection between items
    Local override; error
    @(54.9200 mm, 43.9000 mm): PTH pad 2 [ESC4_FUSED] of F_ESC4
    @(54.9200 mm, 40.5000 mm): PTH pad 2 [ESC4_FUSED] of F_ESC4
[unconnected_items]: Missing connection between items
    Local override; error
    @(47.4600 mm, 47.0000 mm): Pad 1 [ESC4_FUSED] of RS_4 on F.Cu
    @(52.1125 mm, 52.0000 mm): Pad 10 [ESC4_FUSED] of U_IS4 on F.Cu
[unconnected_items]: Missing connection between items
    Local override; error
    @(54.9200 mm, 43.9000 mm): PTH pad 2 [ESC4_FUSED] of F_ESC4
    @(47.4600 mm, 47.0000 mm): Pad 1 [ESC4_FUSED] of RS_4 on F.Cu
[unconnected_items]: Missing connection between items
    Local override; error
    @(38.3600 mm, 33.0000 mm): Pad 2 [MAIN_SNS_P] of RS_MAIN on F.Cu
    @(46.8875 mm, 32.0000 mm): Pad 1 [MAIN_SNS_P] of U_IS_MAIN on F.Cu
[unconnected_items]: Missing connection between items
    Local override; error
    @(39.6400 mm, 33.0000 mm): Pad 3 [MAIN_SNS_N] of RS_MAIN on F.Cu
    @(46.8875 mm, 32.5000 mm): Pad 2 [MAIN_SNS_N] of U_IS_MAIN on F.Cu
[unconnected_items]: Missing connection between items
    Local override; error
    @(5.8875 mm, 52.0000 mm): Pad 1 [ESC1_SNS_P] of U_IS1 on F.Cu
    @(7.3600 mm, 47.0000 mm): Pad 2 [ESC1_SNS_P] of RS_1 on F.Cu
[unconnected_items]: Missing connection between items
    Local override; error
    @(5.8875 mm, 52.5000 mm): Pad 2 [ESC1_SNS_N] of U_IS1 on F.Cu
    @(8.6400 mm, 47.0000 mm): Pad 3 [ESC1_SNS_N] of RS_1 on F.Cu
[unconnected_items]: Missing connection between items
    Local override; error
    @(19.8875 mm, 52.0000 mm): Pad 1 [ESC2_SNS_P] of U_IS2 on F.Cu
    @(21.3600 mm, 47.0000 mm): Pad 2 [ESC2_SNS_P] of RS_2 on F.Cu
[unconnected_items]: Missing connection between items
    Local override; error
    @(19.8875 mm, 52.5000 mm): Pad 2 [ESC2_SNS_N] of U_IS2 on F.Cu
    @(22.6400 mm, 47.0000 mm): Pad 3 [ESC2_SNS_N] of RS_2 on F.Cu
[unconnected_items]: Missing connection between items
    Local override; error
    @(33.8875 mm, 52.0000 mm): Pad 1 [ESC3_SNS_P] of U_IS3 on F.Cu
    @(35.3600 mm, 47.0000 mm): Pad 2 [ESC3_SNS_P] of RS_3 on F.Cu
[unconnected_items]: Missing connection between items
    Local override; error
    @(33.8875 mm, 52.5000 mm): Pad 2 [ESC3_SNS_N] of U_IS3 on F.Cu
    @(36.6400 mm, 47.0000 mm): Pad 3 [ESC3_SNS_N] of RS_3 on F.Cu
[unconnected_items]: Missing connection between items
    Local override; error
    @(47.8875 mm, 52.0000 mm): Pad 1 [ESC4_SNS_P] of U_IS4 on F.Cu
    @(49.3600 mm, 47.0000 mm): Pad 2 [ESC4_SNS_P] of RS_4 on F.Cu
[unconnected_items]: Missing connection between items
    Local override; error
    @(47.8875 mm, 52.5000 mm): Pad 2 [ESC4_SNS_N] of U_IS4 on F.Cu
    @(50.6400 mm, 47.0000 mm): Pad 3 [ESC4_SNS_N] of RS_4 on F.Cu
[unconnected_items]: Missing connection between items
    Local override; error
    @(84.5000 mm, 9.0375 mm): Pad 19 [BEC1_VIN_F] of U_BEC_5V_1 on F.Cu
    @(85.0000 mm, 9.0375 mm): Pad 20 [BEC1_VIN_F] of U_BEC_5V_1 on F.Cu
[unconnected_items]: Missing connection between items
    Local override; error
    @(84.0000 mm, 9.0375 mm): Pad 18 [BEC1_VIN_F] of U_BEC_5V_1 on F.Cu
    @(84.5000 mm, 9.0375 mm): Pad 19 [BEC1_VIN_F] of U_BEC_5V_1 on F.Cu
[unconnected_items]: Missing connection between items
    Local override; error
    @(83.5000 mm, 9.0375 mm): Pad 17 [BEC1_VIN_F] of U_BEC_5V_1 on F.Cu
    @(84.0000 mm, 9.0375 mm): Pad 18 [BEC1_VIN_F] of U_BEC_5V_1 on F.Cu
[unconnected_items]: Missing connection between items
    Local override; error
    @(83.0000 mm, 9.0375 mm): Pad 16 [BEC1_VIN_F] of U_BEC_5V_1 on F.Cu
    @(83.5000 mm, 9.0375 mm): Pad 17 [BEC1_VIN_F] of U_BEC_5V_1 on F.Cu
[unconnected_items]: Missing connection between items
    Local override; error
    @(82.0375 mm, 10.0000 mm): Pad 1 [BEC1_VIN_F] of U_BEC_5V_1 on F.Cu
    @(83.0000 mm, 9.0375 mm): Pad 16 [BEC1_VIN_F] of U_BEC_5V_1 on F.Cu
[unconnected_items]: Missing connection between items
    Local override; error
    @(85.9625 mm, 10.0000 mm): Pad 15 [BEC1_VIN_F] of U_BEC_5V_1 on F.Cu
    @(85.0000 mm, 9.0375 mm): Pad 20 [BEC1_VIN_F] of U_BEC_5V_1 on F.Cu
[unconnected_items]: Missing connection between items
    Local override; error
    @(77.6000 mm, 8.0000 mm): Pad 1 [BEC1_VIN_F] of L_BEC1 on F.Cu
    @(82.0375 mm, 10.0000 mm): Pad 1 [BEC1_VIN_F] of U_BEC_5V_1 on F.Cu
[unconnected_items]: Missing connection between items
    Local override; error
    @(69.0000 mm, 8.0000 mm): PTH pad 1 [BEC1_VIN_F] of C_BEC1_IN
    @(63.9500 mm, 13.0000 mm): Pad 2 [BEC1_VIN_F] of FB_5V1 on F.Cu
[unconnected_items]: Missing connection between items
    Local override; error
    @(77.6000 mm, 8.0000 mm): Pad 1 [BEC1_VIN_F] of L_BEC1 on F.Cu
    @(69.0000 mm, 8.0000 mm): PTH pad 1 [BEC1_VIN_F] of C_BEC1_IN
[unconnected_items]: Missing connection between items
    Local override; error
    @(84.5000 mm, 29.0375 mm): Pad 19 [BEC2_VIN_F] of U_BEC_5V_2 on F.Cu
    @(84.0000 mm, 29.0375 mm): Pad 18 [BEC2_VIN_F] of U_BEC_5V_2 on F.Cu
[unconnected_items]: Missing connection between items
    Local override; error
    @(85.0000 mm, 29.0375 mm): Pad 20 [BEC2_VIN_F] of U_BEC_5V_2 on F.Cu
    @(84.5000 mm, 29.0375 mm): Pad 19 [BEC2_VIN_F] of U_BEC_5V_2 on F.Cu
[unconnected_items]: Missing connection between items
    Local override; error
    @(83.5000 mm, 29.0375 mm): Pad 17 [BEC2_VIN_F] of U_BEC_5V_2 on F.Cu
    @(84.0000 mm, 29.0375 mm): Pad 18 [BEC2_VIN_F] of U_BEC_5V_2 on F.Cu
[unconnected_items]: Missing connection between items
    Local override; error
    @(83.0000 mm, 29.0375 mm): Pad 16 [BEC2_VIN_F] of U_BEC_5V_2 on F.Cu
    @(83.5000 mm, 29.0375 mm): Pad 17 [BEC2_VIN_F] of U_BEC_5V_2 on F.Cu
[unconnected_items]: Missing connection between items
    Local override; error
    @(85.9625 mm, 30.0000 mm): Pad 15 [BEC2_VIN_F] of U_BEC_5V_2 on F.Cu
    @(85.0000 mm, 29.0375 mm): Pad 20 [BEC2_VIN_F] of U_BEC_5V_2 on F.Cu
[unconnected_items]: Missing connection between items
    Local override; error
    @(82.0375 mm, 30.0000 mm): Pad 1 [BEC2_VIN_F] of U_BEC_5V_2 on F.Cu
    @(83.0000 mm, 29.0375 mm): Pad 16 [BEC2_VIN_F] of U_BEC_5V_2 on F.Cu
[unconnected_items]: Missing connection between items
    Local override; error
    @(77.6000 mm, 28.0000 mm): Pad 1 [BEC2_VIN_F] of L_BEC2 on F.Cu
    @(82.0375 mm, 30.0000 mm): Pad 1 [BEC2_VIN_F] of U_BEC_5V_2 on F.Cu
[unconnected_items]: Missing connection between items
    Local override; error
    @(69.0000 mm, 28.0000 mm): PTH pad 1 [BEC2_VIN_F] of C_BEC2_IN
    @(63.9500 mm, 28.0000 mm): Pad 2 [BEC2_VIN_F] of FB_5V2 on F.Cu
[unconnected_items]: Missing connection between items
    Local override; error
    @(77.6000 mm, 28.0000 mm): Pad 1 [BEC2_VIN_F] of L_BEC2 on F.Cu
    @(69.0000 mm, 28.0000 mm): PTH pad 1 [BEC2_VIN_F] of C_BEC2_IN
[unconnected_items]: Missing connection between items
    Local override; error
    @(81.5250 mm, 50.1350 mm): Pad 3 [BEC6V_VIN_F] of U_BEC_6V on F.Cu
    @(81.5250 mm, 48.8650 mm): Pad 2 [BEC6V_VIN_F] of U_BEC_6V on F.Cu
[unconnected_items]: Missing connection between items
    Local override; error
    @(81.5250 mm, 51.4050 mm): Pad 4 [BEC6V_VIN_F] of U_BEC_6V on F.Cu
    @(81.5250 mm, 50.1350 mm): Pad 3 [BEC6V_VIN_F] of U_BEC_6V on F.Cu
[unconnected_items]: Missing connection between items
    Local override; error
    @(81.5250 mm, 48.8650 mm): Pad 2 [BEC6V_VIN_F] of U_BEC_6V on F.Cu
    @(76.6000 mm, 48.0000 mm): Pad 1 [BEC6V_VIN_F] of L_BEC3 on F.Cu
[unconnected_items]: Missing connection between items
    Local override; error
    @(69.0000 mm, 48.0000 mm): PTH pad 1 [BEC6V_VIN_F] of C_BEC_SV_IN
    @(63.9500 mm, 48.0000 mm): Pad 2 [BEC6V_VIN_F] of FB_6V on F.Cu
[unconnected_items]: Missing connection between items
    Local override; error
    @(76.6000 mm, 48.0000 mm): Pad 1 [BEC6V_VIN_F] of L_BEC3 on F.Cu
    @(69.0000 mm, 48.0000 mm): PTH pad 1 [BEC6V_VIN_F] of C_BEC_SV_IN

** Found 365 Footprint errors **
[footprint_symbol_mismatch]: Value (C1) doesn't match symbol value (220uF/35V).
    Local override; warning
    @(68.0000 mm, 12.0000 mm): Footprint C1
[footprint_symbol_mismatch]: Capacitor_THT:CP_Radial_D10.0mm_P5.00mm doesn't match footprint given by symbol ().
    Local override; warning
    @(68.0000 mm, 12.0000 mm): Footprint C1
[net_conflict]: No corresponding pin found in schematic.
    Local override; warning
    @(68.0000 mm, 12.0000 mm): PTH pad 1 [VDIS] of C1
[net_conflict]: No corresponding pin found in schematic.
    Local override; warning
    @(73.0000 mm, 12.0000 mm): PTH pad 2 [PGND] of C1
[footprint_symbol_mismatch]: Value (C2) doesn't match symbol value (220uF/35V).
    Local override; warning
    @(79.0000 mm, 16.0000 mm): Footprint C2
[footprint_symbol_mismatch]: Capacitor_THT:CP_Radial_D10.0mm_P5.00mm doesn't match footprint given by symbol ().
    Local override; warning
    @(79.0000 mm, 16.0000 mm): Footprint C2
[net_conflict]: No corresponding pin found in schematic.
    Local override; warning
    @(79.0000 mm, 16.0000 mm): PTH pad 1 [VDIS] of C2
[net_conflict]: No corresponding pin found in schematic.
    Local override; warning
    @(84.0000 mm, 16.0000 mm): PTH pad 2 [PGND] of C2
[footprint_symbol_mismatch]: Value (C3) doesn't match symbol value (100nF/50V).
    Local override; warning
    @(44.0000 mm, 24.0000 mm): Footprint C3
[footprint_symbol_mismatch]: Capacitor_SMD:C_0805_2012Metric doesn't match footprint given by symbol ().
    Local override; warning
    @(44.0000 mm, 24.0000 mm): Footprint C3
[net_conflict]: No corresponding pin found in schematic.
    Local override; warning
    @(43.0500 mm, 24.0000 mm): Pad 1 [VDIS] of C3 on F.Cu
[net_conflict]: No corresponding pin found in schematic.
    Local override; warning
    @(44.9500 mm, 24.0000 mm): Pad 2 [PGND] of C3 on F.Cu
[footprint_symbol_mismatch]: Value (CM1) doesn't match symbol value (WE-SL5_7440640500).
    Local override; warning
    @(31.0000 mm, 12.0000 mm): Footprint CM1
[footprint_symbol_mismatch]: Kaylee:CMC_WE-SL5_7440640500 doesn't match footprint given by symbol ().
    Local override; warning
    @(31.0000 mm, 12.0000 mm): Footprint CM1
[net_conflict]: Pad net (VDIS) doesn't match net given by schematic (VBAT_IN_N).
    Local override; warning
    @(33.5400 mm, 9.4600 mm): PTH pad 1 [VDIS] of CM1
[net_conflict]: Pad net (VDIS) doesn't match net given by schematic (VBAT_IN_P).
    Local override; warning
    @(33.5400 mm, 14.5400 mm): PTH pad 2 [VDIS] of CM1
[net_conflict]: Pad net (PGND) doesn't match net given by schematic (CM1_OUT_N).
    Local override; warning
    @(28.4600 mm, 9.4600 mm): PTH pad 3 [PGND] of CM1
[net_conflict]: Pad net (PGND) doesn't match net given by schematic (CM1_OUT_P).
    Local override; warning
    @(28.4600 mm, 14.5400 mm): PTH pad 4 [PGND] of CM1
[footprint_symbol_mismatch]: Value (CM2) doesn't match symbol value (WE-SL5_7440640500).
    Local override; warning
    @(44.0000 mm, 12.0000 mm): Footprint CM2
[footprint_symbol_mismatch]: Kaylee:CMC_WE-SL5_7440640500 doesn't match footprint given by symbol ().
    Local override; warning
    @(44.0000 mm, 12.0000 mm): Footprint CM2
[net_conflict]: Pad net (VDIS) doesn't match net given by schematic (CM1_OUT_N).
    Local override; warning
    @(46.5400 mm, 9.4600 mm): PTH pad 1 [VDIS] of CM2
[net_conflict]: Pad net (VDIS) doesn't match net given by schematic (CM1_OUT_P).
    Local override; warning
    @(46.5400 mm, 14.5400 mm): PTH pad 2 [VDIS] of CM2
[net_conflict]: Pad net (PGND) doesn't match net given by schematic (CM2_OUT_N).
    Local override; warning
    @(41.4600 mm, 9.4600 mm): PTH pad 3 [PGND] of CM2
[net_conflict]: Pad net (PGND) doesn't match net given by schematic (CM2_OUT_P).
    Local override; warning
    @(41.4600 mm, 14.5400 mm): PTH pad 4 [PGND] of CM2
[missing_footprint]: Missing footprint CM_ESC1 (Wurth 7440640500 10A 2x100uH per-ESC CMC)
    Local override; warning
[missing_footprint]: Missing footprint CM_ESC2 (Wurth 7440640500 10A 2x100uH per-ESC CMC)
    Local override; warning
[missing_footprint]: Missing footprint CM_ESC3 (Wurth 7440640500 10A 2x100uH per-ESC CMC)
    Local override; warning
[missing_footprint]: Missing footprint CM_ESC4 (Wurth 7440640500 10A 2x100uH per-ESC CMC)
    Local override; warning
[missing_footprint]: Missing footprint CM_ESC5 (Wurth 7440640500 10A 2x100uH per-ESC CMC)
    Local override; warning
[missing_footprint]: Missing footprint C_5V_OUT (100nF X7R 0805)
    Local override; warning
[footprint_symbol_mismatch]: Value (C_BEC1_IN) doesn't match symbol value (100uF/50V).
    Local override; warning
    @(69.0000 mm, 8.0000 mm): Footprint C_BEC1_IN
[footprint_symbol_mismatch]: Capacitor_THT:CP_Radial_D10.0mm_P5.00mm doesn't match footprint given by symbol ().
    Local override; warning
    @(69.0000 mm, 8.0000 mm): Footprint C_BEC1_IN
[net_conflict]: Pad net (BEC1_VIN_F) doesn't match net given by schematic (FB5V1_OUT).
    Local override; warning
    @(69.0000 mm, 8.0000 mm): PTH pad 1 [BEC1_VIN_F] of C_BEC1_IN
[net_conflict]: No corresponding pin found in schematic.
    Local override; warning
    @(74.0000 mm, 8.0000 mm): PTH pad 2 [PGND] of C_BEC1_IN
[footprint_symbol_mismatch]: Value (C_BEC1_OUT) doesn't match symbol value (100uF/50V).
    Local override; warning
    @(60.0000 mm, 19.0000 mm): Footprint C_BEC1_OUT
[footprint_symbol_mismatch]: Capacitor_THT:CP_Radial_D10.0mm_P5.00mm doesn't match footprint given by symbol ().
    Local override; warning
    @(60.0000 mm, 19.0000 mm): Footprint C_BEC1_OUT
[net_conflict]: Pad net (BEC1_PRE_OR) doesn't match net given by schematic (BEC5V1_RAW).
    Local override; warning
    @(60.0000 mm, 19.0000 mm): PTH pad 1 [BEC1_PRE_OR] of C_BEC1_OUT
[net_conflict]: No corresponding pin found in schematic.
    Local override; warning
    @(65.0000 mm, 19.0000 mm): PTH pad 2 [PGND] of C_BEC1_OUT
[footprint_symbol_mismatch]: Value (C_BEC2_IN) doesn't match symbol value (100uF/50V).
    Local override; warning
    @(69.0000 mm, 28.0000 mm): Footprint C_BEC2_IN
[footprint_symbol_mismatch]: Capacitor_THT:CP_Radial_D10.0mm_P5.00mm doesn't match footprint given by symbol ().
    Local override; warning
    @(69.0000 mm, 28.0000 mm): Footprint C_BEC2_IN
[net_conflict]: Pad net (BEC2_VIN_F) doesn't match net given by schematic (FB5V2_OUT).
    Local override; warning
    @(69.0000 mm, 28.0000 mm): PTH pad 1 [BEC2_VIN_F] of C_BEC2_IN
[net_conflict]: No corresponding pin found in schematic.
    Local override; warning
    @(74.0000 mm, 28.0000 mm): PTH pad 2 [PGND] of C_BEC2_IN
[footprint_symbol_mismatch]: Value (C_BEC2_OUT) doesn't match symbol value (100uF/50V).
    Local override; warning
    @(60.0000 mm, 39.0000 mm): Footprint C_BEC2_OUT
[footprint_symbol_mismatch]: Capacitor_THT:CP_Radial_D10.0mm_P5.00mm doesn't match footprint given by symbol ().
    Local override; warning
    @(60.0000 mm, 39.0000 mm): Footprint C_BEC2_OUT
[net_conflict]: Pad net (BEC2_PRE_OR) doesn't match net given by schematic (BEC5V2_RAW).
    Local override; warning
    @(60.0000 mm, 39.0000 mm): PTH pad 1 [BEC2_PRE_OR] of C_BEC2_OUT
[net_conflict]: No corresponding pin found in schematic.
    Local override; warning
    @(65.0000 mm, 39.0000 mm): PTH pad 2 [PGND] of C_BEC2_OUT
[footprint_symbol_mismatch]: Value (C_BEC_SV_IN) doesn't match symbol value (100uF/50V).
    Local override; warning
    @(69.0000 mm, 48.0000 mm): Footprint C_BEC_SV_IN
[footprint_symbol_mismatch]: Capacitor_THT:CP_Radial_D10.0mm_P5.00mm doesn't match footprint given by symbol ().
    Local override; warning
    @(69.0000 mm, 48.0000 mm): Footprint C_BEC_SV_IN
[net_conflict]: Pad net (BEC6V_VIN_F) doesn't match net given by schematic (FB6V_OUT).
    Local override; warning
    @(69.0000 mm, 48.0000 mm): PTH pad 1 [BEC6V_VIN_F] of C_BEC_SV_IN
[net_conflict]: No corresponding pin found in schematic.
    Local override; warning
    @(74.0000 mm, 48.0000 mm): PTH pad 2 [PGND] of C_BEC_SV_IN
[footprint_symbol_mismatch]: Value (C_BEC_SV_OUT) doesn't match symbol value (100uF/50V).
    Local override; warning
    @(70.0000 mm, 56.0000 mm): Footprint C_BEC_SV_OUT
[footprint_symbol_mismatch]: Capacitor_THT:CP_Radial_D10.0mm_P5.00mm doesn't match footprint given by symbol ().
    Local override; warning
    @(70.0000 mm, 56.0000 mm): Footprint C_BEC_SV_OUT
[net_conflict]: Pad net (+6V) doesn't match net given by schematic (6V_SERVO).
    Local override; warning
    @(70.0000 mm, 56.0000 mm): PTH pad 1 [+6V] of C_BEC_SV_OUT
[net_conflict]: No corresponding pin found in schematic.
    Local override; warning
    @(75.0000 mm, 56.0000 mm): PTH pad 2 [PGND] of C_BEC_SV_OUT
[missing_footprint]: Missing footprint C_CAP (4.7uF X7R 0603 BQ76930 boot cap)
    Local override; warning
[missing_footprint]: Missing footprint C_DEC1 (Panasonic EEUFC1V471 470uF/35V D10x20mm low-ESR)
    Local override; warning
[missing_footprint]: Missing footprint C_DEC2 (Panasonic EEUFC1V471 470uF/35V D10x20mm low-ESR)
    Local override; warning
[missing_footprint]: Missing footprint C_DEC3 (Panasonic EEUFC1V471 470uF/35V D10x20mm low-ESR)
    Local override; warning
[missing_footprint]: Missing footprint C_DEC4 (Panasonic EEUFC1V471 470uF/35V D10x20mm low-ESR)
    Local override; warning
[missing_footprint]: Missing footprint C_DEC5 (Panasonic EEUFC1V471 470uF/35V D10x20mm low-ESR)
    Local override; warning
[footprint_symbol_mismatch]: Value (C_DM1) doesn't match symbol value (10uF/50V).
    Local override; warning
    @(40.0000 mm, 24.0000 mm): Footprint C_DM1
[footprint_symbol_mismatch]: Inductor_SMD:L_1210_3225Metric doesn't match footprint given by symbol ().
    Local override; warning
    @(40.0000 mm, 24.0000 mm): Footprint C_DM1
[net_conflict]: No corresponding pin found in schematic.
    Local override; warning
    @(38.6000 mm, 24.0000 mm): Pad 1 [VDIS] of C_DM1 on F.Cu
[net_conflict]: No corresponding pin found in schematic.
    Local override; warning
    @(41.4000 mm, 24.0000 mm): Pad 2 [PGND] of C_DM1 on F.Cu
[missing_footprint]: Missing footprint C_NTC (100nF X7R 0805 BQ76930 TS1 filter)
    Local override; warning
[footprint_symbol_mismatch]: Value (C_Y1) doesn't match symbol value (4.7nF/250V_Y2).
    Local override; warning
    @(22.0000 mm, 24.0000 mm): Footprint C_Y1
[footprint_symbol_mismatch]: Capacitor_THT:C_Disc_D4.3mm_W1.9mm_P5.00mm doesn't match footprint given by symbol ().
    Local override; warning
    @(22.0000 mm, 24.0000 mm): Footprint C_Y1
[net_conflict]: No corresponding pin found in schematic.
    Local override; warning
    @(22.0000 mm, 24.0000 mm): PTH pad 1 [VDIS] of C_Y1
[footprint_symbol_mismatch]: Value (C_Y2) doesn't match symbol value (4.7nF/250V_Y2).
    Local override; warning
    @(29.0000 mm, 24.0000 mm): Footprint C_Y2
[footprint_symbol_mismatch]: Capacitor_THT:C_Disc_D4.3mm_W1.9mm_P5.00mm doesn't match footprint given by symbol ().
    Local override; warning
    @(29.0000 mm, 24.0000 mm): Footprint C_Y2
[net_conflict]: No corresponding pin found in schematic.
    Local override; warning
    @(29.0000 mm, 24.0000 mm): PTH pad 1 [PGND] of C_Y2
[footprint_symbol_mismatch]: Value (D1) doesn't match symbol value (SMBJ33CA).
    Local override; warning
    @(14.0000 mm, 24.0000 mm): Footprint D1
[footprint_symbol_mismatch]: Diode_SMD:D_SMB doesn't match footprint given by symbol ().
    Local override; warning
    @(14.0000 mm, 24.0000 mm): Footprint D1
[net_conflict]: No corresponding pin found in schematic.
    Local override; warning
    @(11.8500 mm, 24.0000 mm): Pad 1 [PGND] of D1 on F.Cu
[net_conflict]: No corresponding pin found in schematic.
    Local override; warning
    @(16.1500 mm, 24.0000 mm): Pad 2 [VDIS] of D1 on F.Cu
[footprint_symbol_mismatch]: Value (D_I2C) doesn't match symbol value (PRTR5V0U2X).
    Local override; warning
    @(59.0000 mm, 54.0000 mm): Footprint D_I2C
[footprint_symbol_mismatch]: Package_TO_SOT_SMD:SOT-363_SC-70-6 doesn't match footprint given by symbol ().
    Local override; warning
    @(59.0000 mm, 54.0000 mm): Footprint D_I2C
[net_conflict]: Pad net (PGND) doesn't match net given by schematic (PDB_SCL_RAW).
    Local override; warning
    @(58.0500 mm, 53.3500 mm): Pad 1 [PGND] of D_I2C on F.Cu
[net_conflict]: No corresponding pin found in schematic.
    Local override; warning
    @(58.0500 mm, 54.6500 mm): Pad 3 [PDB_SCL_RAW] of D_I2C on F.Cu
[net_conflict]: Pad net (PDB_SCL) doesn't match net given by schematic (PDB_SDA).
    Local override; warning
    @(59.9500 mm, 54.6500 mm): Pad 4 [PDB_SCL] of D_I2C on F.Cu
[net_conflict]: No corresponding pin found in schematic.
    Local override; warning
    @(59.9500 mm, 54.0000 mm): Pad 5 [PDB_SDA] of D_I2C on F.Cu
[net_conflict]: No corresponding pin found in schematic.
    Local override; warning
    @(59.9500 mm, 53.3500 mm): Pad 6 [+5V] of D_I2C on F.Cu
[footprint_symbol_mismatch]: Value (D_OR1) doesn't match symbol value (MBRD1045CT).
    Local override; warning
    @(73.0000 mm, 22.0000 mm): Footprint D_OR1
[footprint_symbol_mismatch]: Package_TO_SOT_SMD:TO-252-3_TabPin2 doesn't match footprint given by symbol ().
    Local override; warning
    @(73.0000 mm, 22.0000 mm): Footprint D_OR1
[net_conflict]: No corresponding pin found in schematic.
    Local override; warning
    @(67.9600 mm, 19.7200 mm): Pad 1 [BEC1_PRE_OR] of D_OR1 on F.Cu
[net_conflict]: Pad net (+5V) doesn't match net given by schematic (BEC5V1_RAW).
    Local override; warning
    @(67.9600 mm, 22.0000 mm): Pad 2 [+5V] of D_OR1 on F.Cu
[net_conflict]: Pad net (BEC2_PRE_OR) doesn't match net given by schematic (5V_AVIONICS).
    Local override; warning
    @(67.9600 mm, 24.2800 mm): Pad 3 [BEC2_PRE_OR] of D_OR1 on F.Cu
[net_conflict]: Pad net (+5V) doesn't match net given by schematic (BEC5V1_RAW).
    Local override; warning
    @(74.2600 mm, 22.0000 mm): Pad 2 [+5V] of D_OR1 on F.Cu
[footprint_symbol_mismatch]: Value (D_OR2) doesn't match symbol value (MBRD1045CT).
    Local override; warning
    @(73.0000 mm, 42.0000 mm): Footprint D_OR2
[footprint_symbol_mismatch]: Package_TO_SOT_SMD:TO-252-3_TabPin2 doesn't match footprint given by symbol ().
    Local override; warning
    @(73.0000 mm, 42.0000 mm): Footprint D_OR2
[net_conflict]: No corresponding pin found in schematic.
    Local override; warning
    @(67.9600 mm, 39.7200 mm): Pad 1 [BEC2_PRE_OR] of D_OR2 on F.Cu
[net_conflict]: Pad net (+5V) doesn't match net given by schematic (BEC5V2_RAW).
    Local override; warning
    @(67.9600 mm, 42.0000 mm): Pad 2 [+5V] of D_OR2 on F.Cu
[net_conflict]: Pad net (BEC2_PRE_OR) doesn't match net given by schematic (5V_AVIONICS).
    Local override; warning
    @(67.9600 mm, 44.2800 mm): Pad 3 [BEC2_PRE_OR] of D_OR2 on F.Cu
[net_conflict]: Pad net (+5V) doesn't match net given by schematic (BEC5V2_RAW).
    Local override; warning
    @(74.2600 mm, 42.0000 mm): Pad 2 [+5V] of D_OR2 on F.Cu
[footprint_symbol_mismatch]: Value (F1) doesn't match symbol value (FuseHolder_MAXI_150A).
    Local override; warning
    @(56.0000 mm, 9.0000 mm): Footprint F1
[footprint_symbol_mismatch]: Kaylee:FuseHolder_MAXI_PCB doesn't match footprint given by symbol ().
    Local override; warning
    @(56.0000 mm, 9.0000 mm): Footprint F1
[net_conflict]: Pad net (VDIS) doesn't match net given by schematic (CM2_OUT_P).
    Local override; warning
    @(56.0000 mm, 9.0000 mm): PTH pad 1 [VDIS] of F1
[net_conflict]: Pad net (VDIS) doesn't match net given by schematic (VBAT).
    Local override; warning
    @(65.9000 mm, 9.0000 mm): PTH pad 2 [VDIS] of F1
[footprint_symbol_mismatch]: Value (FB_5V1) doesn't match symbol value (WE-742792612).
    Local override; warning
    @(63.0000 mm, 13.0000 mm): Footprint FB_5V1
[footprint_symbol_mismatch]: Capacitor_SMD:C_0805_2012Metric doesn't match footprint given by symbol ().
    Local override; warning
    @(63.0000 mm, 13.0000 mm): Footprint FB_5V1
[net_conflict]: No corresponding pin found in schematic.
    Local override; warning
    @(62.0500 mm, 13.0000 mm): Pad 1 [VDIS] of FB_5V1 on F.Cu
[net_conflict]: Pad net (BEC1_VIN_F) doesn't match net given by schematic (FB5V1_OUT).
    Local override; warning
    @(63.9500 mm, 13.0000 mm): Pad 2 [BEC1_VIN_F] of FB_5V1 on F.Cu
[footprint_symbol_mismatch]: Value (FB_5V2) doesn't match symbol value (WE-742792612).
    Local override; warning
    @(63.0000 mm, 28.0000 mm): Footprint FB_5V2
[footprint_symbol_mismatch]: Capacitor_SMD:C_0805_2012Metric doesn't match footprint given by symbol ().
    Local override; warning
    @(63.0000 mm, 28.0000 mm): Footprint FB_5V2
[net_conflict]: No corresponding pin found in schematic.
    Local override; warning
    @(62.0500 mm, 28.0000 mm): Pad 1 [VDIS] of FB_5V2 on F.Cu
[net_conflict]: Pad net (BEC2_VIN_F) doesn't match net given by schematic (FB5V2_OUT).
    Local override; warning
    @(63.9500 mm, 28.0000 mm): Pad 2 [BEC2_VIN_F] of FB_5V2 on F.Cu
[footprint_symbol_mismatch]: Value (FB_6V) doesn't match symbol value (WE-742792612).
    Local override; warning
    @(63.0000 mm, 48.0000 mm): Footprint FB_6V
[footprint_symbol_mismatch]: Capacitor_SMD:C_0805_2012Metric doesn't match footprint given by symbol ().
    Local override; warning
    @(63.0000 mm, 48.0000 mm): Footprint FB_6V
[net_conflict]: No corresponding pin found in schematic.
    Local override; warning
    @(62.0500 mm, 48.0000 mm): Pad 1 [VDIS] of FB_6V on F.Cu
[net_conflict]: Pad net (BEC6V_VIN_F) doesn't match net given by schematic (FB6V_OUT).
    Local override; warning
    @(63.9500 mm, 48.0000 mm): Pad 2 [BEC6V_VIN_F] of FB_6V on F.Cu
[footprint_symbol_mismatch]: Value (F_ESC1) doesn't match symbol value (FuseHolder_Mini_40A).
    Local override; warning
    @(3.0000 mm, 40.5000 mm): Footprint F_ESC1
[footprint_symbol_mismatch]: Fuse:Fuseholder_Blade_Mini_Keystone_3568 doesn't match footprint given by symbol ().
    Local override; warning
    @(3.0000 mm, 40.5000 mm): Footprint F_ESC1
[net_conflict]: No corresponding pin found in schematic.
    Local override; warning
    @(3.0000 mm, 40.5000 mm): PTH pad 1 [VBAT] of F_ESC1
[net_conflict]: No corresponding pin found in schematic.
    Local override; warning
    @(3.0000 mm, 43.9000 mm): PTH pad 1 [VBAT] of F_ESC1
[footprint_symbol_mismatch]: Value (F_ESC2) doesn't match symbol value (FuseHolder_Mini_40A).
    Local override; warning
    @(17.0000 mm, 40.5000 mm): Footprint F_ESC2
[footprint_symbol_mismatch]: Fuse:Fuseholder_Blade_Mini_Keystone_3568 doesn't match footprint given by symbol ().
    Local override; warning
    @(17.0000 mm, 40.5000 mm): Footprint F_ESC2
[net_conflict]: No corresponding pin found in schematic.
    Local override; warning
    @(17.0000 mm, 40.5000 mm): PTH pad 1 [VBAT] of F_ESC2
[net_conflict]: No corresponding pin found in schematic.
    Local override; warning
    @(17.0000 mm, 43.9000 mm): PTH pad 1 [VBAT] of F_ESC2
[footprint_symbol_mismatch]: Value (F_ESC3) doesn't match symbol value (FuseHolder_Mini_40A).
    Local override; warning
    @(31.0000 mm, 40.5000 mm): Footprint F_ESC3
[footprint_symbol_mismatch]: Fuse:Fuseholder_Blade_Mini_Keystone_3568 doesn't match footprint given by symbol ().
    Local override; warning
    @(31.0000 mm, 40.5000 mm): Footprint F_ESC3
[net_conflict]: No corresponding pin found in schematic.
    Local override; warning
    @(31.0000 mm, 40.5000 mm): PTH pad 1 [VBAT] of F_ESC3
[net_conflict]: No corresponding pin found in schematic.
    Local override; warning
    @(31.0000 mm, 43.9000 mm): PTH pad 1 [VBAT] of F_ESC3
[footprint_symbol_mismatch]: Value (F_ESC4) doesn't match symbol value (FuseHolder_Mini_40A).
    Local override; warning
    @(45.0000 mm, 40.5000 mm): Footprint F_ESC4
[footprint_symbol_mismatch]: Fuse:Fuseholder_Blade_Mini_Keystone_3568 doesn't match footprint given by symbol ().
    Local override; warning
    @(45.0000 mm, 40.5000 mm): Footprint F_ESC4
[net_conflict]: No corresponding pin found in schematic.
    Local override; warning
    @(45.0000 mm, 40.5000 mm): PTH pad 1 [VBAT] of F_ESC4
[net_conflict]: No corresponding pin found in schematic.
    Local override; warning
    @(45.0000 mm, 43.9000 mm): PTH pad 1 [VBAT] of F_ESC4
[missing_footprint]: Missing footprint F_ESC5 (Littelfuse 0297040.WXNV 40A mini blade)
    Local override; warning
[footprint_symbol_mismatch]: Value (J_5V) doesn't match symbol value (NanoFit-4P_5V).
    Local override; warning
    @(83.5000 mm, 35.0000 mm): Footprint J_5V
[footprint_symbol_mismatch]: Connector_Molex:Molex_Nano-Fit_105309-xx04_1x04_P2.50mm_Vertical doesn't match footprint given by symbol ().
    Local override; warning
    @(83.5000 mm, 35.0000 mm): Footprint J_5V
[net_conflict]: No corresponding pin found in schematic.
    Local override; warning
    @(83.5000 mm, 35.0000 mm): PTH pad 1 [PGND] of J_5V
[net_conflict]: No corresponding pin found in schematic.
    Local override; warning
    @(83.5000 mm, 37.5000 mm): PTH pad 2 [PGND] of J_5V
[net_conflict]: Pad net (+5V) doesn't match net given by schematic (5V_AVIONICS).
    Local override; warning
    @(83.5000 mm, 40.0000 mm): PTH pad 3 [+5V] of J_5V
[net_conflict]: Pad net (+5V) doesn't match net given by schematic (5V_AVIONICS).
    Local override; warning
    @(83.5000 mm, 42.5000 mm): PTH pad 4 [+5V] of J_5V
[footprint_symbol_mismatch]: Value (J_6V) doesn't match symbol value (NanoFit-4P_6V).
    Local override; warning
    @(81.0000 mm, 54.0000 mm): Footprint J_6V
[footprint_symbol_mismatch]: Connector_Molex:Molex_Nano-Fit_105309-xx04_1x04_P2.50mm_Vertical doesn't match footprint given by symbol ().
    Local override; warning
    @(81.0000 mm, 54.0000 mm): Footprint J_6V
[net_conflict]: No corresponding pin found in schematic.
    Local override; warning
    @(81.0000 mm, 54.0000 mm): PTH pad 1 [PGND] of J_6V
[net_conflict]: No corresponding pin found in schematic.
    Local override; warning
    @(81.0000 mm, 56.5000 mm): PTH pad 2 [PGND] of J_6V
[net_conflict]: Pad net (+6V) doesn't match net given by schematic (6V_SERVO).
    Local override; warning
    @(81.0000 mm, 59.0000 mm): PTH pad 3 [+6V] of J_6V
[net_conflict]: Pad net (+6V) doesn't match net given by schematic (6V_SERVO).
    Local override; warning
    @(81.0000 mm, 61.5000 mm): PTH pad 4 [+6V] of J_6V
[footprint_symbol_mismatch]: Value (J_ALERT) doesn't match symbol value (JST-GH_2P_ALERT).
    Local override; warning
    @(71.0000 mm, 60.0000 mm): Footprint J_ALERT
[footprint_symbol_mismatch]: Connector_JST:JST_GH_BM02B-GHS-TBT_1x02-1MP_P1.25mm_Vertical doesn't match footprint given by symbol ().
    Local override; warning
    @(71.0000 mm, 60.0000 mm): Footprint J_ALERT
[net_conflict]: Pad net (PGND) doesn't match net given by schematic (PDB_ALERT_N).
    Local override; warning
    @(70.3750 mm, 61.9500 mm): Pad 1 [PGND] of J_ALERT on F.Cu
[net_conflict]: No corresponding pin found in schematic.
    Local override; warning
    @(71.6250 mm, 61.9500 mm): Pad 2 [PDB_ALERT_N] of J_ALERT on F.Cu
[missing_footprint]: Missing footprint J_BAL (JST XH-7P 2.54mm 6S balance lead)
    Local override; warning
[footprint_symbol_mismatch]: Value (J_BATT) doesn't match symbol value (XT60PW-F).
    Local override; warning
    @(13.0000 mm, 19.0000 mm): Footprint J_BATT
[footprint_symbol_mismatch]: Connector_AMASS:AMASS_XT60PW-F_1x02_P7.20mm_Horizontal doesn't match footprint given by symbol ().
    Local override; warning
    @(13.0000 mm, 19.0000 mm): Footprint J_BATT
[net_conflict]: Pad net (VDIS) doesn't match net given by schematic (VBAT_IN_N).
    Local override; warning
    @(13.0000 mm, 19.0000 mm): PTH pad 1 [VDIS] of J_BATT
[net_conflict]: Pad net (PGND) doesn't match net given by schematic (VBAT_IN_P).
    Local override; warning
    @(20.2000 mm, 19.0000 mm): PTH pad 2 [PGND] of J_BATT
[footprint_symbol_mismatch]: Value (J_CHASSIS) doesn't match symbol value (M3_Lug).
    Local override; warning
    @(5.0000 mm, 32.0000 mm): Footprint J_CHASSIS
[footprint_symbol_mismatch]: MountingHole:MountingHole_3.2mm_M3_Pad_Via doesn't match footprint given by symbol ().
    Local override; warning
    @(5.0000 mm, 32.0000 mm): Footprint J_CHASSIS
[net_conflict]: No corresponding pin found in schematic.
    Local override; warning
    @(5.0000 mm, 32.0000 mm): PTH pad [CHASSIS] of J_CHASSIS
[net_conflict]: No pad found for pin 1 (CHASSIS) in schematic.
    Local override; warning
    @(5.0000 mm, 32.0000 mm): Footprint J_CHASSIS
[footprint_symbol_mismatch]: Value (J_ESC1) doesn't match symbol value (XT30PW-F_ESC1).
    Local override; warning
    @(8.0000 mm, 61.0000 mm): Footprint J_ESC1
[footprint_symbol_mismatch]: Connector_AMASS:AMASS_XT30PW-F_1x02_P2.50mm_Horizontal doesn't match footprint given by symbol ().
    Local override; warning
    @(8.0000 mm, 61.0000 mm): Footprint J_ESC1
[net_conflict]: No corresponding pin found in schematic.
    Local override; warning
    @(8.0000 mm, 61.0000 mm): PTH pad 1 [ESC1_RS_OUT] of J_ESC1
[net_conflict]: Pad net (PGND) doesn't match net given by schematic (ESC1_RS_OUT).
    Local override; warning
    @(13.0000 mm, 61.0000 mm): PTH pad 2 [PGND] of J_ESC1
[footprint_symbol_mismatch]: Value (J_ESC2) doesn't match symbol value (XT30PW-F_ESC2).
    Local override; warning
    @(22.0000 mm, 61.0000 mm): Footprint J_ESC2
[footprint_symbol_mismatch]: Connector_AMASS:AMASS_XT30PW-F_1x02_P2.50mm_Horizontal doesn't match footprint given by symbol ().
    Local override; warning
    @(22.0000 mm, 61.0000 mm): Footprint J_ESC2
[net_conflict]: No corresponding pin found in schematic.
    Local override; warning
    @(22.0000 mm, 61.0000 mm): PTH pad 1 [ESC2_RS_OUT] of J_ESC2
[net_conflict]: Pad net (PGND) doesn't match net given by schematic (ESC2_RS_OUT).
    Local override; warning
    @(27.0000 mm, 61.0000 mm): PTH pad 2 [PGND] of J_ESC2
[footprint_symbol_mismatch]: Value (J_ESC3) doesn't match symbol value (XT30PW-F_ESC3).
    Local override; warning
    @(36.0000 mm, 61.0000 mm): Footprint J_ESC3
[footprint_symbol_mismatch]: Connector_AMASS:AMASS_XT30PW-F_1x02_P2.50mm_Horizontal doesn't match footprint given by symbol ().
    Local override; warning
    @(36.0000 mm, 61.0000 mm): Footprint J_ESC3
[net_conflict]: No corresponding pin found in schematic.
    Local override; warning
    @(36.0000 mm, 61.0000 mm): PTH pad 1 [ESC3_RS_OUT] of J_ESC3
[net_conflict]: Pad net (PGND) doesn't match net given by schematic (ESC3_RS_OUT).
    Local override; warning
    @(41.0000 mm, 61.0000 mm): PTH pad 2 [PGND] of J_ESC3
[footprint_symbol_mismatch]: Value (J_ESC4) doesn't match symbol value (XT30PW-F_ESC4).
    Local override; warning
    @(50.0000 mm, 61.0000 mm): Footprint J_ESC4
[footprint_symbol_mismatch]: Connector_AMASS:AMASS_XT30PW-F_1x02_P2.50mm_Horizontal doesn't match footprint given by symbol ().
    Local override; warning
    @(50.0000 mm, 61.0000 mm): Footprint J_ESC4
[net_conflict]: No corresponding pin found in schematic.
    Local override; warning
    @(50.0000 mm, 61.0000 mm): PTH pad 1 [ESC4_RS_OUT] of J_ESC4
[net_conflict]: Pad net (PGND) doesn't match net given by schematic (ESC4_RS_OUT).
    Local override; warning
    @(55.0000 mm, 61.0000 mm): PTH pad 2 [PGND] of J_ESC4
[missing_footprint]: Missing footprint J_ESC5 (Amass XT30PW-F PCB-mount XT30 female)
    Local override; warning
[footprint_symbol_mismatch]: Value (J_I2C) doesn't match symbol value (JST-GH_4P_I2C).
    Local override; warning
    @(62.0000 mm, 60.0000 mm): Footprint J_I2C
[footprint_symbol_mismatch]: Connector_JST:JST_GH_BM04B-GHS-TBT_1x04-1MP_P1.25mm_Vertical doesn't match footprint given by symbol ().
    Local override; warning
    @(62.0000 mm, 60.0000 mm): Footprint J_I2C
[net_conflict]: Pad net (PGND) doesn't match net given by schematic (PDB_SDA).
    Local override; warning
    @(60.1250 mm, 61.9500 mm): Pad 1 [PGND] of J_I2C on F.Cu
[net_conflict]: Pad net (+5V) doesn't match net given by schematic (PDB_SCL).
    Local override; warning
    @(61.3750 mm, 61.9500 mm): Pad 2 [+5V] of J_I2C on F.Cu
[net_conflict]: No corresponding pin found in schematic.
    Local override; warning
    @(62.6250 mm, 61.9500 mm): Pad 3 [PDB_SCL] of J_I2C on F.Cu
[net_conflict]: No corresponding pin found in schematic.
    Local override; warning
    @(63.8750 mm, 61.9500 mm): Pad 4 [PDB_SDA] of J_I2C on F.Cu
[missing_footprint]: Missing footprint J_NTC (JST-GH 2P 1.25mm battery NTC thermistor input)
    Local override; warning
[footprint_symbol_mismatch]: Value (J_PGND_BATT) doesn't match symbol value (M3_Lug).
    Local override; warning
    @(5.0000 mm, 20.0000 mm): Footprint J_PGND_BATT
[footprint_symbol_mismatch]: MountingHole:MountingHole_3.2mm_M3_Pad_Via doesn't match footprint given by symbol ().
    Local override; warning
    @(5.0000 mm, 20.0000 mm): Footprint J_PGND_BATT
[net_conflict]: No corresponding pin found in schematic.
    Local override; warning
    @(5.0000 mm, 20.0000 mm): PTH pad [CHASSIS] of J_PGND_BATT
[missing_footprint]: Missing footprint J_SHLD_5V (PGND via-pad 1.2mm for 5V cable shield)
    Local override; warning
[missing_footprint]: Missing footprint J_SHLD_6V (PGND via-pad for 6V cable shield)
    Local override; warning
[missing_footprint]: Missing footprint J_SHLD_ALERT (PGND via-pad ALERT cable shield)
    Local override; warning
[missing_footprint]: Missing footprint J_SHLD_ESC1 (M3 chassis lug for ESC cable shield)
    Local override; warning
[missing_footprint]: Missing footprint J_SHLD_ESC2 (M3 chassis lug for ESC cable shield)
    Local override; warning
[missing_footprint]: Missing footprint J_SHLD_ESC3 (M3 chassis lug for ESC cable shield)
    Local override; warning
[missing_footprint]: Missing footprint J_SHLD_ESC4 (M3 chassis lug for ESC cable shield)
    Local override; warning
[missing_footprint]: Missing footprint J_SHLD_ESC5 (M3 chassis lug for ESC cable shield)
    Local override; warning
[missing_footprint]: Missing footprint J_SHLD_I2C (PGND via-pad I2C cable shield)
    Local override; warning
[missing_footprint]: Missing footprint J_SHLD_NTC (PGND via-pad NTC cable shield)
    Local override; warning
[missing_footprint]: Missing footprint L1 (Wurth 744314100 10uH >=6A Isat)
    Local override; warning
[missing_footprint]: Missing footprint L2 (Wurth 744314100 10uH >=6A Isat)
    Local override; warning
[missing_footprint]: Missing footprint L3 (Wurth 744314100 10uH >=6A Isat)
    Local override; warning
[footprint_symbol_mismatch]: Value (Q_BATT_DSG) doesn't match symbol value (AON6556).
    Local override; warning
    @(16.0000 mm, 33.0000 mm): Footprint Q_BATT_DSG
[footprint_symbol_mismatch]: Package_SO:SOIC-8_3.9x4.9mm_P1.27mm doesn't match footprint given by symbol ().
    Local override; warning
    @(16.0000 mm, 33.0000 mm): Footprint Q_BATT_DSG
[net_conflict]: No corresponding pin found in schematic.
    Local override; warning
    @(13.5250 mm, 31.0950 mm): Pad 1 [VBAT] of Q_BATT_DSG on F.Cu
[net_conflict]: Pad net (VBAT) doesn't match net given by schematic (DSG_GATE).
    Local override; warning
    @(13.5250 mm, 32.3650 mm): Pad 2 [VBAT] of Q_BATT_DSG on F.Cu
[net_conflict]: No corresponding pin found in schematic.
    Local override; warning
    @(13.5250 mm, 33.6350 mm): Pad 3 [VBAT] of Q_BATT_DSG on F.Cu
[net_conflict]: No corresponding pin found in schematic.
    Local override; warning
    @(13.5250 mm, 34.9050 mm): Pad 4 [VBAT] of Q_BATT_DSG on F.Cu
[net_conflict]: No corresponding pin found in schematic.
    Local override; warning
    @(18.4750 mm, 34.9050 mm): Pad 5 [VDIS] of Q_BATT_DSG on F.Cu
[net_conflict]: No corresponding pin found in schematic.
    Local override; warning
    @(18.4750 mm, 33.6350 mm): Pad 6 [VDIS] of Q_BATT_DSG on F.Cu
[net_conflict]: No corresponding pin found in schematic.
    Local override; warning
    @(18.4750 mm, 32.3650 mm): Pad 7 [VDIS] of Q_BATT_DSG on F.Cu
[net_conflict]: No corresponding pin found in schematic.
    Local override; warning
    @(18.4750 mm, 31.0950 mm): Pad 8 [DSG_GATE] of Q_BATT_DSG on F.Cu
[missing_footprint]: Missing footprint RS1 (Bourns CSS2H-2512K-1L00F 1mOhm 3W)
    Local override; warning
[missing_footprint]: Missing footprint RS2 (Bourns CSS2H-2512K-1L00F 1mOhm 3W)
    Local override; warning
[missing_footprint]: Missing footprint RS3 (Bourns CSS2H-2512K-1L00F 1mOhm 3W)
    Local override; warning
[missing_footprint]: Missing footprint RS4 (Bourns CSS2H-2512K-1L00F 1mOhm 3W)
    Local override; warning
[missing_footprint]: Missing footprint RS5 (Bourns CSS2H-2512K-1L00F 1mOhm 3W)
    Local override; warning
[footprint_symbol_mismatch]: Value (RS_MAIN) doesn't match symbol value (1mOhm_Kelvin_2512).
    Local override; warning
    @(39.0000 mm, 33.0000 mm): Footprint RS_MAIN
[footprint_symbol_mismatch]: Kaylee:R_Shunt_CSS2H_2512K doesn't match footprint given by symbol ().
    Local override; warning
    @(39.0000 mm, 33.0000 mm): Footprint RS_MAIN
[net_conflict]: Pad net (VBAT) doesn't match net given by schematic (RS_MAIN_SP).
    Local override; warning
    @(36.4600 mm, 33.0000 mm): Pad 1 [VBAT] of RS_MAIN on F.Cu
[net_conflict]: No corresponding pin found in schematic.
    Local override; warning
    @(38.3600 mm, 33.0000 mm): Pad 2 [MAIN_SNS_P] of RS_MAIN on F.Cu
[net_conflict]: No corresponding pin found in schematic.
    Local override; warning
    @(39.6400 mm, 33.0000 mm): Pad 3 [MAIN_SNS_N] of RS_MAIN on F.Cu
[net_conflict]: Pad net (VBAT) doesn't match net given by schematic (RS_MAIN_SN).
    Local override; warning
    @(41.5400 mm, 33.0000 mm): Pad 4 [VBAT] of RS_MAIN on F.Cu
[footprint_symbol_mismatch]: Value (R_ALERT) doesn't match symbol value (2.2k).
    Local override; warning
    @(66.0000 mm, 62.0000 mm): Footprint R_ALERT
[footprint_symbol_mismatch]: Resistor_SMD:R_0402_1005Metric doesn't match footprint given by symbol ().
    Local override; warning
    @(66.0000 mm, 62.0000 mm): Footprint R_ALERT
[net_conflict]: No corresponding pin found in schematic.
    Local override; warning
    @(65.4900 mm, 62.0000 mm): Pad 1 [+5V] of R_ALERT on F.Cu
[missing_footprint]: Missing footprint R_BAL1 (100R 0402 balance lead protection resistor)
    Local override; warning
[missing_footprint]: Missing footprint R_BAL2 (100R 0402 balance lead protection resistor)
    Local override; warning
[missing_footprint]: Missing footprint R_BAL3 (100R 0402 balance lead protection resistor)
    Local override; warning
[missing_footprint]: Missing footprint R_BAL4 (100R 0402 balance lead protection resistor)
    Local override; warning
[missing_footprint]: Missing footprint R_BAL5 (100R 0402 balance lead protection resistor)
    Local override; warning
[missing_footprint]: Missing footprint R_BAL6 (100R 0402 balance lead protection resistor)
    Local override; warning
[footprint_symbol_mismatch]: Value (R_CHGND) doesn't match symbol value (0R).
    Local override; warning
    @(30.5000 mm, 33.0000 mm): Footprint R_CHGND
[footprint_symbol_mismatch]: Resistor_SMD:R_0402_1005Metric doesn't match footprint given by symbol ().
    Local override; warning
    @(30.5000 mm, 33.0000 mm): Footprint R_CHGND
[net_conflict]: Pad net (PGND) doesn't match net given by schematic (CHASSIS).
    Local override; warning
    @(29.9900 mm, 33.0000 mm): Pad 1 [PGND] of R_CHGND on F.Cu
[net_conflict]: No corresponding pin found in schematic.
    Local override; warning
    @(31.0100 mm, 33.0000 mm): Pad 2 [CHASSIS] of R_CHGND on F.Cu
[footprint_symbol_mismatch]: Value (R_DSG_G) doesn't match symbol value (10k).
    Local override; warning
    @(25.0000 mm, 33.0000 mm): Footprint R_DSG_G
[footprint_symbol_mismatch]: Resistor_SMD:R_0402_1005Metric doesn't match footprint given by symbol ().
    Local override; warning
    @(25.0000 mm, 33.0000 mm): Footprint R_DSG_G
[net_conflict]: Pad net (DSG_GATE) doesn't match net given by schematic (BQ_DSG_OUT).
    Local override; warning
    @(24.4900 mm, 33.0000 mm): Pad 1 [DSG_GATE] of R_DSG_G on F.Cu
[net_conflict]: Pad net (PGND) doesn't match net given by schematic (DSG_GATE).
    Local override; warning
    @(25.5100 mm, 33.0000 mm): Pad 2 [PGND] of R_DSG_G on F.Cu
[footprint_symbol_mismatch]: Value (R_FB1_1) doesn't match symbol value (100k).
    Local override; warning
    @(80.0000 mm, 14.0000 mm): Footprint R_FB1_1
[footprint_symbol_mismatch]: Resistor_SMD:R_0402_1005Metric doesn't match footprint given by symbol ().
    Local override; warning
    @(80.0000 mm, 14.0000 mm): Footprint R_FB1_1
[net_conflict]: Pad net (BEC1_PRE_OR) doesn't match net given by schematic (BEC5V1_RAW).
    Local override; warning
    @(79.4900 mm, 14.0000 mm): Pad 1 [BEC1_PRE_OR] of R_FB1_1 on F.Cu
[net_conflict]: Pad missing net given by schematic (FB5V1_FBK).
    Local override; warning
    @(80.5100 mm, 14.0000 mm): Pad 2 [<no net>] of R_FB1_1 on F.Cu
[footprint_symbol_mismatch]: Value (R_FB1_2) doesn't match symbol value (22.1k).
    Local override; warning
    @(84.5000 mm, 14.0000 mm): Footprint R_FB1_2
[footprint_symbol_mismatch]: Resistor_SMD:R_0402_1005Metric doesn't match footprint given by symbol ().
    Local override; warning
    @(84.5000 mm, 14.0000 mm): Footprint R_FB1_2
[net_conflict]: Pad missing net given by schematic (FB5V1_FBK).
    Local override; warning
    @(83.9900 mm, 14.0000 mm): Pad 1 [<no net>] of R_FB1_2 on F.Cu
[net_conflict]: No corresponding pin found in schematic.
    Local override; warning
    @(85.0100 mm, 14.0000 mm): Pad 2 [PGND] of R_FB1_2 on F.Cu
[footprint_symbol_mismatch]: Value (R_FB2_1) doesn't match symbol value (100k).
    Local override; warning
    @(80.0000 mm, 34.0000 mm): Footprint R_FB2_1
[footprint_symbol_mismatch]: Resistor_SMD:R_0402_1005Metric doesn't match footprint given by symbol ().
    Local override; warning
    @(80.0000 mm, 34.0000 mm): Footprint R_FB2_1
[net_conflict]: Pad net (BEC2_PRE_OR) doesn't match net given by schematic (BEC5V2_RAW).
    Local override; warning
    @(79.4900 mm, 34.0000 mm): Pad 1 [BEC2_PRE_OR] of R_FB2_1 on F.Cu
[net_conflict]: Pad missing net given by schematic (FB5V2_FBK).
    Local override; warning
    @(80.5100 mm, 34.0000 mm): Pad 2 [<no net>] of R_FB2_1 on F.Cu
[footprint_symbol_mismatch]: Value (R_FB2_2) doesn't match symbol value (22.1k).
    Local override; warning
    @(86.0000 mm, 34.0000 mm): Footprint R_FB2_2
[footprint_symbol_mismatch]: Resistor_SMD:R_0402_1005Metric doesn't match footprint given by symbol ().
    Local override; warning
    @(86.0000 mm, 34.0000 mm): Footprint R_FB2_2
[net_conflict]: Pad missing net given by schematic (FB5V2_FBK).
    Local override; warning
    @(85.4900 mm, 34.0000 mm): Pad 1 [<no net>] of R_FB2_2 on F.Cu
[net_conflict]: No corresponding pin found in schematic.
    Local override; warning
    @(86.5100 mm, 34.0000 mm): Pad 2 [PGND] of R_FB2_2 on F.Cu
[footprint_symbol_mismatch]: Value (R_FB6_1) doesn't match symbol value (100k).
    Local override; warning
    @(80.0000 mm, 46.0000 mm): Footprint R_FB6_1
[footprint_symbol_mismatch]: Resistor_SMD:R_0402_1005Metric doesn't match footprint given by symbol ().
    Local override; warning
    @(80.0000 mm, 46.0000 mm): Footprint R_FB6_1
[net_conflict]: Pad net (+6V) doesn't match net given by schematic (6V_SERVO).
    Local override; warning
    @(79.4900 mm, 46.0000 mm): Pad 1 [+6V] of R_FB6_1 on F.Cu
[net_conflict]: Pad missing net given by schematic (FB6V_FBK).
    Local override; warning
    @(80.5100 mm, 46.0000 mm): Pad 2 [<no net>] of R_FB6_1 on F.Cu
[footprint_symbol_mismatch]: Value (R_FB6_2) doesn't match symbol value (30.1k).
    Local override; warning
    @(84.5000 mm, 46.0000 mm): Footprint R_FB6_2
[footprint_symbol_mismatch]: Resistor_SMD:R_0402_1005Metric doesn't match footprint given by symbol ().
    Local override; warning
    @(84.5000 mm, 46.0000 mm): Footprint R_FB6_2
[net_conflict]: Pad missing net given by schematic (FB6V_FBK).
    Local override; warning
    @(83.9900 mm, 46.0000 mm): Pad 1 [<no net>] of R_FB6_2 on F.Cu
[net_conflict]: No corresponding pin found in schematic.
    Local override; warning
    @(85.0100 mm, 46.0000 mm): Pad 2 [PGND] of R_FB6_2 on F.Cu
[footprint_symbol_mismatch]: Value (U_BEC_5V_1) doesn't match symbol value (TPS54620RGYT).
    Local override; warning
    @(84.0000 mm, 11.0000 mm): Footprint U_BEC_5V_1
[footprint_symbol_mismatch]: Package_DFN_QFN:Texas_RGP0020D_VQFN-20-1EP_4x4mm_P0.5mm_EP2.7x2.7mm doesn't match footprint given by symbol ().
    Local override; warning
    @(84.0000 mm, 11.0000 mm): Footprint U_BEC_5V_1
[net_conflict]: No corresponding pin found in schematic.
    Local override; warning
    @(82.0375 mm, 10.0000 mm): Pad 1 [BEC1_VIN_F] of U_BEC_5V_1 on F.Cu
[net_conflict]: Pad missing net given by schematic (FB5V1_FBK).
    Local override; warning
    @(82.0375 mm, 11.0000 mm): Pad 3 [<no net>] of U_BEC_5V_1 on F.Cu
[net_conflict]: Pad missing net given by schematic (COMP5V1).
    Local override; warning
    @(82.0375 mm, 11.5000 mm): Pad 4 [<no net>] of U_BEC_5V_1 on F.Cu
[net_conflict]: Pad net (BEC1_SW) doesn't match net given by schematic (SS5V1).
    Local override; warning
    @(82.0375 mm, 12.0000 mm): Pad 5 [BEC1_SW] of U_BEC_5V_1 on F.Cu
[net_conflict]: Pad net (BEC1_SW) doesn't match net given by schematic (FB5V1_OUT).
    Local override; warning
    @(85.0000 mm, 12.9625 mm): Pad 6 [BEC1_SW] of U_BEC_5V_1 on F.Cu
[net_conflict]: No corresponding pin found in schematic.
    Local override; warning
    @(84.5000 mm, 12.9625 mm): Pad 7 [PGND] of U_BEC_5V_1 on F.Cu
[net_conflict]: Pad net (PGND) doesn't match net given by schematic (SW5V1).
    Local override; warning
    @(84.0000 mm, 12.9625 mm): Pad 8 [PGND] of U_BEC_5V_1 on F.Cu
[net_conflict]: Pad net (PGND) doesn't match net given by schematic (BOOT5V1).
    Local override; warning
    @(83.5000 mm, 12.9625 mm): Pad 9 [PGND] of U_BEC_5V_1 on F.Cu
[net_conflict]: No corresponding pin found in schematic.
    Local override; warning
    @(83.0000 mm, 12.9625 mm): Pad 10 [PGND] of U_BEC_5V_1 on F.Cu
[net_conflict]: No corresponding pin found in schematic.
    Local override; warning
    @(85.9625 mm, 12.0000 mm): Pad 11 [BEC1_PRE_OR] of U_BEC_5V_1 on F.Cu
[net_conflict]: No corresponding pin found in schematic.
    Local override; warning
    @(85.9625 mm, 10.0000 mm): Pad 15 [BEC1_VIN_F] of U_BEC_5V_1 on F.Cu
[net_conflict]: No corresponding pin found in schematic.
    Local override; warning
    @(83.0000 mm, 9.0375 mm): Pad 16 [BEC1_VIN_F] of U_BEC_5V_1 on F.Cu
[net_conflict]: No corresponding pin found in schematic.
    Local override; warning
    @(83.5000 mm, 9.0375 mm): Pad 17 [BEC1_VIN_F] of U_BEC_5V_1 on F.Cu
[net_conflict]: No corresponding pin found in schematic.
    Local override; warning
    @(84.0000 mm, 9.0375 mm): Pad 18 [BEC1_VIN_F] of U_BEC_5V_1 on F.Cu
[net_conflict]: No corresponding pin found in schematic.
    Local override; warning
    @(84.5000 mm, 9.0375 mm): Pad 19 [BEC1_VIN_F] of U_BEC_5V_1 on F.Cu
[net_conflict]: No corresponding pin found in schematic.
    Local override; warning
    @(85.0000 mm, 9.0375 mm): Pad 20 [BEC1_VIN_F] of U_BEC_5V_1 on F.Cu
[net_conflict]: No corresponding pin found in schematic.
    Local override; warning
    @(84.0000 mm, 11.0000 mm): Pad 21 [PGND] of U_BEC_5V_1 on F.Cu
[footprint_symbol_mismatch]: Value (U_BEC_5V_2) doesn't match symbol value (TPS54620RGYT).
    Local override; warning
    @(84.0000 mm, 31.0000 mm): Footprint U_BEC_5V_2
[footprint_symbol_mismatch]: Package_DFN_QFN:Texas_RGP0020D_VQFN-20-1EP_4x4mm_P0.5mm_EP2.7x2.7mm doesn't match footprint given by symbol ().
    Local override; warning
    @(84.0000 mm, 31.0000 mm): Footprint U_BEC_5V_2
[net_conflict]: No corresponding pin found in schematic.
    Local override; warning
    @(82.0375 mm, 30.0000 mm): Pad 1 [BEC2_VIN_F] of U_BEC_5V_2 on F.Cu
[net_conflict]: Pad missing net given by schematic (FB5V2_FBK).
    Local override; warning
    @(82.0375 mm, 31.0000 mm): Pad 3 [<no net>] of U_BEC_5V_2 on F.Cu
[net_conflict]: Pad missing net given by schematic (COMP5V2).
    Local override; warning
    @(82.0375 mm, 31.5000 mm): Pad 4 [<no net>] of U_BEC_5V_2 on F.Cu
[net_conflict]: Pad net (BEC2_SW) doesn't match net given by schematic (SS5V2).
    Local override; warning
    @(82.0375 mm, 32.0000 mm): Pad 5 [BEC2_SW] of U_BEC_5V_2 on F.Cu
[net_conflict]: Pad net (BEC2_SW) doesn't match net given by schematic (FB5V2_OUT).
    Local override; warning
    @(85.0000 mm, 32.9625 mm): Pad 6 [BEC2_SW] of U_BEC_5V_2 on F.Cu
[net_conflict]: No corresponding pin found in schematic.
    Local override; warning
    @(84.5000 mm, 32.9625 mm): Pad 7 [PGND] of U_BEC_5V_2 on F.Cu
[net_conflict]: Pad net (PGND) doesn't match net given by schematic (SW5V2).
    Local override; warning
    @(84.0000 mm, 32.9625 mm): Pad 8 [PGND] of U_BEC_5V_2 on F.Cu
[net_conflict]: Pad net (PGND) doesn't match net given by schematic (BOOT5V2).
    Local override; warning
    @(83.5000 mm, 32.9625 mm): Pad 9 [PGND] of U_BEC_5V_2 on F.Cu
[net_conflict]: No corresponding pin found in schematic.
    Local override; warning
    @(83.0000 mm, 32.9625 mm): Pad 10 [PGND] of U_BEC_5V_2 on F.Cu
[net_conflict]: No corresponding pin found in schematic.
    Local override; warning
    @(85.9625 mm, 32.0000 mm): Pad 11 [BEC2_PRE_OR] of U_BEC_5V_2 on F.Cu
[net_conflict]: No corresponding pin found in schematic.
    Local override; warning
    @(85.9625 mm, 30.0000 mm): Pad 15 [BEC2_VIN_F] of U_BEC_5V_2 on F.Cu
[net_conflict]: No corresponding pin found in schematic.
    Local override; warning
    @(83.0000 mm, 29.0375 mm): Pad 16 [BEC2_VIN_F] of U_BEC_5V_2 on F.Cu
[net_conflict]: No corresponding pin found in schematic.
    Local override; warning
    @(83.5000 mm, 29.0375 mm): Pad 17 [BEC2_VIN_F] of U_BEC_5V_2 on F.Cu
[net_conflict]: No corresponding pin found in schematic.
    Local override; warning
    @(84.0000 mm, 29.0375 mm): Pad 18 [BEC2_VIN_F] of U_BEC_5V_2 on F.Cu
[net_conflict]: No corresponding pin found in schematic.
    Local override; warning
    @(84.5000 mm, 29.0375 mm): Pad 19 [BEC2_VIN_F] of U_BEC_5V_2 on F.Cu
[net_conflict]: No corresponding pin found in schematic.
    Local override; warning
    @(85.0000 mm, 29.0375 mm): Pad 20 [BEC2_VIN_F] of U_BEC_5V_2 on F.Cu
[net_conflict]: No corresponding pin found in schematic.
    Local override; warning
    @(84.0000 mm, 31.0000 mm): Pad 21 [PGND] of U_BEC_5V_2 on F.Cu
[footprint_symbol_mismatch]: Value (U_BEC_6V) doesn't match symbol value (TPS54540DDAR).
    Local override; warning
    @(84.0000 mm, 49.5000 mm): Footprint U_BEC_6V
[footprint_symbol_mismatch]: Package_SO:SOIC-8_3.9x4.9mm_P1.27mm doesn't match footprint given by symbol ().
    Local override; warning
    @(84.0000 mm, 49.5000 mm): Footprint U_BEC_6V
[net_conflict]: Pad net (BEC6V_VIN_F) doesn't match net given by schematic (SS6V).
    Local override; warning
    @(81.5250 mm, 48.8650 mm): Pad 2 [BEC6V_VIN_F] of U_BEC_6V on F.Cu
[net_conflict]: Pad net (BEC6V_VIN_F) doesn't match net given by schematic (FB6V_OUT).
    Local override; warning
    @(81.5250 mm, 50.1350 mm): Pad 3 [BEC6V_VIN_F] of U_BEC_6V on F.Cu
[net_conflict]: Pad net (BEC6V_VIN_F) doesn't match net given by schematic (FB6V_OUT).
    Local override; warning
    @(81.5250 mm, 51.4050 mm): Pad 4 [BEC6V_VIN_F] of U_BEC_6V on F.Cu
[net_conflict]: Pad net (+6V) doesn't match net given by schematic (SW6V).
    Local override; warning
    @(86.4750 mm, 50.1350 mm): Pad 6 [+6V] of U_BEC_6V on F.Cu
[net_conflict]: Pad net (BEC6V_SW) doesn't match net given by schematic (FB6V_FBK).
    Local override; warning
    @(86.4750 mm, 47.5950 mm): Pad 8 [BEC6V_SW] of U_BEC_6V on F.Cu
[missing_footprint]: Missing footprint U_CELL (BQ76930PWRQ1 6S cell monitor + HW protection)
    Local override; warning
[footprint_symbol_mismatch]: Value (U_IS1) doesn't match symbol value (INA226_0x40).
    Local override; warning
    @(8.0000 mm, 53.0000 mm): Footprint U_IS1
[footprint_symbol_mismatch]: Package_SO:MSOP-10_3x3mm_P0.5mm doesn't match footprint given by symbol ().
    Local override; warning
    @(8.0000 mm, 53.0000 mm): Footprint U_IS1
[net_conflict]: No corresponding pin found in schematic.
    Local override; warning
    @(5.8875 mm, 52.0000 mm): Pad 1 [ESC1_SNS_P] of U_IS1 on F.Cu
[net_conflict]: No corresponding pin found in schematic.
    Local override; warning
    @(5.8875 mm, 52.5000 mm): Pad 2 [ESC1_SNS_N] of U_IS1 on F.Cu
[net_conflict]: No corresponding pin found in schematic.
    Local override; warning
    @(5.8875 mm, 53.0000 mm): Pad 3 [PGND] of U_IS1 on F.Cu
[net_conflict]: Pad net (+5V) doesn't match net given by schematic (ESC1_RS_SN).
    Local override; warning
    @(5.8875 mm, 53.5000 mm): Pad 4 [+5V] of U_IS1 on F.Cu
[net_conflict]: Pad net (PDB_SDA) doesn't match net given by schematic (ESC1_RS_OUT).
    Local override; warning
    @(5.8875 mm, 54.0000 mm): Pad 5 [PDB_SDA] of U_IS1 on F.Cu
[net_conflict]: No corresponding pin found in schematic.
    Local override; warning
    @(10.1125 mm, 54.0000 mm): Pad 6 [PDB_SCL] of U_IS1 on F.Cu
[net_conflict]: Pad missing net given by schematic (PDB_SCL).
    Local override; warning
    @(10.1125 mm, 53.0000 mm): Pad 8 [<no net>] of U_IS1 on F.Cu
[net_conflict]: Pad missing net given by schematic (ESC1_RS_SP).
    Local override; warning
    @(10.1125 mm, 52.5000 mm): Pad 9 [<no net>] of U_IS1 on F.Cu
[net_conflict]: Pad net (ESC1_FUSED) doesn't match net given by schematic (PDB_SDA).
    Local override; warning
    @(10.1125 mm, 52.0000 mm): Pad 10 [ESC1_FUSED] of U_IS1 on F.Cu
[footprint_symbol_mismatch]: Value (U_IS2) doesn't match symbol value (INA226_0x41).
    Local override; warning
    @(22.0000 mm, 53.0000 mm): Footprint U_IS2
[footprint_symbol_mismatch]: Package_SO:MSOP-10_3x3mm_P0.5mm doesn't match footprint given by symbol ().
    Local override; warning
    @(22.0000 mm, 53.0000 mm): Footprint U_IS2
[net_conflict]: No corresponding pin found in schematic.
    Local override; warning
    @(19.8875 mm, 52.0000 mm): Pad 1 [ESC2_SNS_P] of U_IS2 on F.Cu
[net_conflict]: No corresponding pin found in schematic.
    Local override; warning
    @(19.8875 mm, 52.5000 mm): Pad 2 [ESC2_SNS_N] of U_IS2 on F.Cu
[net_conflict]: No corresponding pin found in schematic.
    Local override; warning
    @(19.8875 mm, 53.0000 mm): Pad 3 [PGND] of U_IS2 on F.Cu
[net_conflict]: Pad net (+5V) doesn't match net given by schematic (ESC2_RS_SN).
    Local override; warning
    @(19.8875 mm, 53.5000 mm): Pad 4 [+5V] of U_IS2 on F.Cu
[net_conflict]: Pad net (PDB_SDA) doesn't match net given by schematic (ESC2_RS_OUT).
    Local override; warning
    @(19.8875 mm, 54.0000 mm): Pad 5 [PDB_SDA] of U_IS2 on F.Cu
[net_conflict]: No corresponding pin found in schematic.
    Local override; warning
    @(24.1125 mm, 54.0000 mm): Pad 6 [PDB_SCL] of U_IS2 on F.Cu
[net_conflict]: Pad missing net given by schematic (PDB_SCL).
    Local override; warning
    @(24.1125 mm, 53.0000 mm): Pad 8 [<no net>] of U_IS2 on F.Cu
[net_conflict]: Pad missing net given by schematic (ESC2_RS_SP).
    Local override; warning
    @(24.1125 mm, 52.5000 mm): Pad 9 [<no net>] of U_IS2 on F.Cu
[net_conflict]: Pad net (ESC2_FUSED) doesn't match net given by schematic (PDB_SDA).
    Local override; warning
    @(24.1125 mm, 52.0000 mm): Pad 10 [ESC2_FUSED] of U_IS2 on F.Cu
[footprint_symbol_mismatch]: Value (U_IS3) doesn't match symbol value (INA226_0x42).
    Local override; warning
    @(36.0000 mm, 53.0000 mm): Footprint U_IS3
[footprint_symbol_mismatch]: Package_SO:MSOP-10_3x3mm_P0.5mm doesn't match footprint given by symbol ().
    Local override; warning
    @(36.0000 mm, 53.0000 mm): Footprint U_IS3
[net_conflict]: Pad net (ESC3_SNS_P) doesn't match net given by schematic (PDB_SDA).
    Local override; warning
    @(33.8875 mm, 52.0000 mm): Pad 1 [ESC3_SNS_P] of U_IS3 on F.Cu
[net_conflict]: No corresponding pin found in schematic.
    Local override; warning
    @(33.8875 mm, 52.5000 mm): Pad 2 [ESC3_SNS_N] of U_IS3 on F.Cu
[net_conflict]: No corresponding pin found in schematic.
    Local override; warning
    @(33.8875 mm, 53.0000 mm): Pad 3 [PGND] of U_IS3 on F.Cu
[net_conflict]: Pad net (+5V) doesn't match net given by schematic (ESC3_RS_SN).
    Local override; warning
    @(33.8875 mm, 53.5000 mm): Pad 4 [+5V] of U_IS3 on F.Cu
[net_conflict]: Pad net (PDB_SDA) doesn't match net given by schematic (ESC3_RS_OUT).
    Local override; warning
    @(33.8875 mm, 54.0000 mm): Pad 5 [PDB_SDA] of U_IS3 on F.Cu
[net_conflict]: No corresponding pin found in schematic.
    Local override; warning
    @(38.1125 mm, 54.0000 mm): Pad 6 [PDB_SCL] of U_IS3 on F.Cu
[net_conflict]: Pad missing net given by schematic (PDB_SCL).
    Local override; warning
    @(38.1125 mm, 53.0000 mm): Pad 8 [<no net>] of U_IS3 on F.Cu
[net_conflict]: Pad missing net given by schematic (ESC3_RS_SP).
    Local override; warning
    @(38.1125 mm, 52.5000 mm): Pad 9 [<no net>] of U_IS3 on F.Cu
[net_conflict]: Pad net (ESC3_FUSED) doesn't match net given by schematic (PDB_SDA).
    Local override; warning
    @(38.1125 mm, 52.0000 mm): Pad 10 [ESC3_FUSED] of U_IS3 on F.Cu
[footprint_symbol_mismatch]: Value (U_IS4) doesn't match symbol value (INA226_0x43).
    Local override; warning
    @(50.0000 mm, 53.0000 mm): Footprint U_IS4
[footprint_symbol_mismatch]: Package_SO:MSOP-10_3x3mm_P0.5mm doesn't match footprint given by symbol ().
    Local override; warning
    @(50.0000 mm, 53.0000 mm): Footprint U_IS4
[net_conflict]: Pad net (ESC4_SNS_P) doesn't match net given by schematic (PDB_SCL).
    Local override; warning
    @(47.8875 mm, 52.0000 mm): Pad 1 [ESC4_SNS_P] of U_IS4 on F.Cu
[net_conflict]: No corresponding pin found in schematic.
    Local override; warning
    @(47.8875 mm, 52.5000 mm): Pad 2 [ESC4_SNS_N] of U_IS4 on F.Cu
[net_conflict]: No corresponding pin found in schematic.
    Local override; warning
    @(47.8875 mm, 53.0000 mm): Pad 3 [PGND] of U_IS4 on F.Cu
[net_conflict]: Pad net (+5V) doesn't match net given by schematic (ESC4_RS_SN).
    Local override; warning
    @(47.8875 mm, 53.5000 mm): Pad 4 [+5V] of U_IS4 on F.Cu
[net_conflict]: Pad net (PDB_SDA) doesn't match net given by schematic (ESC4_RS_OUT).
    Local override; warning
    @(47.8875 mm, 54.0000 mm): Pad 5 [PDB_SDA] of U_IS4 on F.Cu
[net_conflict]: No corresponding pin found in schematic.
    Local override; warning
    @(52.1125 mm, 54.0000 mm): Pad 6 [PDB_SCL] of U_IS4 on F.Cu
[net_conflict]: Pad missing net given by schematic (PDB_SCL).
    Local override; warning
    @(52.1125 mm, 53.0000 mm): Pad 8 [<no net>] of U_IS4 on F.Cu
[net_conflict]: Pad missing net given by schematic (ESC4_RS_SP).
    Local override; warning
    @(52.1125 mm, 52.5000 mm): Pad 9 [<no net>] of U_IS4 on F.Cu
[net_conflict]: Pad net (ESC4_FUSED) doesn't match net given by schematic (PDB_SDA).
    Local override; warning
    @(52.1125 mm, 52.0000 mm): Pad 10 [ESC4_FUSED] of U_IS4 on F.Cu
[missing_footprint]: Missing footprint U_IS5 (INA226AIDGSR I2C addr=0x45)
    Local override; warning
[footprint_symbol_mismatch]: Value (U_IS_MAIN) doesn't match symbol value (INA226_0x44).
    Local override; warning
    @(49.0000 mm, 33.0000 mm): Footprint U_IS_MAIN
[footprint_symbol_mismatch]: Package_SO:MSOP-10_3x3mm_P0.5mm doesn't match footprint given by symbol ().
    Local override; warning
    @(49.0000 mm, 33.0000 mm): Footprint U_IS_MAIN
[net_conflict]: No corresponding pin found in schematic.
    Local override; warning
    @(46.8875 mm, 32.0000 mm): Pad 1 [MAIN_SNS_P] of U_IS_MAIN on F.Cu
[net_conflict]: No corresponding pin found in schematic.
    Local override; warning
    @(46.8875 mm, 32.5000 mm): Pad 2 [MAIN_SNS_N] of U_IS_MAIN on F.Cu
[net_conflict]: No corresponding pin found in schematic.
    Local override; warning
    @(46.8875 mm, 33.0000 mm): Pad 3 [PGND] of U_IS_MAIN on F.Cu
[net_conflict]: Pad net (+5V) doesn't match net given by schematic (RS_MAIN_SN).
    Local override; warning
    @(46.8875 mm, 33.5000 mm): Pad 4 [+5V] of U_IS_MAIN on F.Cu
[net_conflict]: Pad net (PDB_SDA) doesn't match net given by schematic (VDIS_SENSE).
    Local override; warning
    @(46.8875 mm, 34.0000 mm): Pad 5 [PDB_SDA] of U_IS_MAIN on F.Cu
[net_conflict]: No corresponding pin found in schematic.
    Local override; warning
    @(51.1125 mm, 34.0000 mm): Pad 6 [PDB_SCL] of U_IS_MAIN on F.Cu
[net_conflict]: Pad missing net given by schematic (PDB_SCL).
    Local override; warning
    @(51.1125 mm, 33.0000 mm): Pad 8 [<no net>] of U_IS_MAIN on F.Cu
[extra_footprint]: Extra footprint
    Local override; warning
    @(4.0000 mm, 4.0000 mm): Footprint H1
[extra_footprint]: Extra footprint
    Local override; warning
    @(86.0000 mm, 4.0000 mm): Footprint H2
[extra_footprint]: Extra footprint
    Local override; warning
    @(4.0000 mm, 61.0000 mm): Footprint H3
[extra_footprint]: Extra footprint
    Local override; warning
    @(86.0000 mm, 61.0000 mm): Footprint H4
[extra_footprint]: Extra footprint
    Local override; warning
    @(8.0000 mm, 47.0000 mm): Footprint RS_1
[extra_footprint]: Extra footprint
    Local override; warning
    @(22.0000 mm, 47.0000 mm): Footprint RS_2
[extra_footprint]: Extra footprint
    Local override; warning
    @(36.0000 mm, 47.0000 mm): Footprint RS_3
[extra_footprint]: Extra footprint
    Local override; warning
    @(50.0000 mm, 47.0000 mm): Footprint RS_4
[extra_footprint]: Extra footprint
    Local override; warning
    @(79.0000 mm, 8.0000 mm): Footprint L_BEC1
[extra_footprint]: Extra footprint
    Local override; warning
    @(79.0000 mm, 28.0000 mm): Footprint L_BEC2
[extra_footprint]: Extra footprint
    Local override; warning
    @(78.0000 mm, 48.0000 mm): Footprint L_BEC3

** End of Report **
