solid OpenSCAD_Model
  facet normal -0.0651764 0.997874 0
    outer loop
      vertex -187.628 -51.6855 126
      vertex -187.85 -51.7 130.4
      vertex -187.628 -51.6855 130.4
    endloop
  endfacet
  facet normal -0.0651764 0.997874 0
    outer loop
      vertex -187.85 -51.7 130.4
      vertex -187.628 -51.6855 126
      vertex -187.85 -51.7 126
    endloop
  endfacet
  facet normal -0.895681 0.444696 0
    outer loop
      vertex -186.378 -50.85 126
      vertex -186.279 -50.6506 130.4
      vertex -186.279 -50.6506 126
    endloop
  endfacet
  facet normal -0.895681 0.444696 0
    outer loop
      vertex -186.279 -50.6506 130.4
      vertex -186.378 -50.85 126
      vertex -186.378 -50.85 130.4
    endloop
  endfacet
  facet normal -0.981113 -0.193434 0
    outer loop
      vertex -186.165 -49.7781 126
      vertex -186.208 -49.56 130.4
      vertex -186.208 -49.56 126
    endloop
  endfacet
  facet normal -0.981113 -0.193434 0
    outer loop
      vertex -186.208 -49.56 130.4
      vertex -186.165 -49.7781 126
      vertex -186.165 -49.7781 130.4
    endloop
  endfacet
  facet normal -0.997723 -0.0674441 0
    outer loop
      vertex -186.15 -50 126
      vertex -186.165 -49.7781 130.4
      vertex -186.165 -49.7781 126
    endloop
  endfacet
  facet normal -0.997723 -0.0674441 0
    outer loop
      vertex -186.165 -49.7781 130.4
      vertex -186.15 -50 126
      vertex -186.15 -50 130.4
    endloop
  endfacet
  facet normal 0.751016 -0.660284 0
    outer loop
      vertex -189.199 -48.9651 130.4
      vertex -189.052 -48.7979 126
      vertex -189.052 -48.7979 130.4
    endloop
  endfacet
  facet normal 0.751016 -0.660284 0
    outer loop
      vertex -189.052 -48.7979 126
      vertex -189.199 -48.9651 130.4
      vertex -189.199 -48.9651 126
    endloop
  endfacet
  facet normal -0.443245 0.8964 0
    outer loop
      vertex -187 -51.4722 126
      vertex -187.199 -51.5706 130.4
      vertex -187 -51.4722 130.4
    endloop
  endfacet
  facet normal -0.443245 0.8964 0
    outer loop
      vertex -187.199 -51.5706 130.4
      vertex -187 -51.4722 126
      vertex -187.199 -51.5706 126
    endloop
  endfacet
  facet normal 0.997723 -0.0674441 0
    outer loop
      vertex -189.55 -50 130.4
      vertex -189.535 -49.7781 126
      vertex -189.535 -49.7781 130.4
    endloop
  endfacet
  facet normal 0.997723 -0.0674441 0
    outer loop
      vertex -189.535 -49.7781 126
      vertex -189.55 -50 130.4
      vertex -189.55 -50 126
    endloop
  endfacet
  facet normal 0.659714 -0.751516 0
    outer loop
      vertex -189.052 -48.7979 126
      vertex -188.885 -48.6513 130.4
      vertex -189.052 -48.7979 130.4
    endloop
  endfacet
  facet normal 0.659714 -0.751516 0
    outer loop
      vertex -188.885 -48.6513 130.4
      vertex -189.052 -48.7979 126
      vertex -188.885 -48.6513 126
    endloop
  endfacet
  facet normal 0.320937 -0.947101 0
    outer loop
      vertex -188.501 -48.4294 126
      vertex -188.29 -48.3579 130.4
      vertex -188.501 -48.4294 130.4
    endloop
  endfacet
  facet normal 0.320937 -0.947101 0
    outer loop
      vertex -188.29 -48.3579 130.4
      vertex -188.501 -48.4294 126
      vertex -188.29 -48.3579 126
    endloop
  endfacet
  facet normal -0.195251 -0.980753 0
    outer loop
      vertex -187.628 -48.3145 126
      vertex -187.41 -48.3579 130.4
      vertex -187.628 -48.3145 130.4
    endloop
  endfacet
  facet normal -0.195251 -0.980753 -0
    outer loop
      vertex -187.41 -48.3579 130.4
      vertex -187.628 -48.3145 126
      vertex -187.41 -48.3579 126
    endloop
  endfacet
  facet normal -0.997723 0.0674441 0
    outer loop
      vertex -186.165 -50.2219 126
      vertex -186.15 -50 130.4
      vertex -186.15 -50 126
    endloop
  endfacet
  facet normal -0.997723 0.0674441 0
    outer loop
      vertex -186.15 -50 130.4
      vertex -186.165 -50.2219 126
      vertex -186.165 -50.2219 130.4
    endloop
  endfacet
  facet normal 0.555219 0.831704 -0
    outer loop
      vertex -188.7 -51.4722 126
      vertex -188.885 -51.3487 130.4
      vertex -188.7 -51.4722 130.4
    endloop
  endfacet
  facet normal 0.555219 0.831704 0
    outer loop
      vertex -188.885 -51.3487 130.4
      vertex -188.7 -51.4722 126
      vertex -188.885 -51.3487 126
    endloop
  endfacet
  facet normal -0.832604 0.553869 0
    outer loop
      vertex -186.501 -51.0349 126
      vertex -186.378 -50.85 130.4
      vertex -186.378 -50.85 126
    endloop
  endfacet
  facet normal -0.832604 0.553869 0
    outer loop
      vertex -186.378 -50.85 130.4
      vertex -186.501 -51.0349 126
      vertex -186.501 -51.0349 130.4
    endloop
  endfacet
  facet normal -0.981113 0.193434 0
    outer loop
      vertex -186.208 -50.44 126
      vertex -186.165 -50.2219 130.4
      vertex -186.165 -50.2219 126
    endloop
  endfacet
  facet normal -0.981113 0.193434 0
    outer loop
      vertex -186.165 -50.2219 130.4
      vertex -186.208 -50.44 126
      vertex -186.208 -50.44 130.4
    endloop
  endfacet
  facet normal 0.947598 -0.319466 0
    outer loop
      vertex -189.492 -49.56 130.4
      vertex -189.421 -49.3494 126
      vertex -189.421 -49.3494 130.4
    endloop
  endfacet
  facet normal 0.947598 -0.319466 0
    outer loop
      vertex -189.421 -49.3494 126
      vertex -189.492 -49.56 130.4
      vertex -189.492 -49.56 126
    endloop
  endfacet
  facet normal 0.832604 -0.553869 0
    outer loop
      vertex -189.322 -49.15 130.4
      vertex -189.199 -48.9651 126
      vertex -189.199 -48.9651 130.4
    endloop
  endfacet
  facet normal 0.832604 -0.553869 0
    outer loop
      vertex -189.199 -48.9651 126
      vertex -189.322 -49.15 130.4
      vertex -189.322 -49.15 126
    endloop
  endfacet
  facet normal 0.832604 0.553869 0
    outer loop
      vertex -189.199 -51.0349 130.4
      vertex -189.322 -50.85 126
      vertex -189.322 -50.85 130.4
    endloop
  endfacet
  facet normal 0.832604 0.553869 0
    outer loop
      vertex -189.322 -50.85 126
      vertex -189.199 -51.0349 130.4
      vertex -189.199 -51.0349 126
    endloop
  endfacet
  facet normal -0.320937 0.947101 0
    outer loop
      vertex -187.199 -51.5706 126
      vertex -187.41 -51.6421 130.4
      vertex -187.199 -51.5706 130.4
    endloop
  endfacet
  facet normal -0.320937 0.947101 0
    outer loop
      vertex -187.41 -51.6421 130.4
      vertex -187.199 -51.5706 126
      vertex -187.41 -51.6421 126
    endloop
  endfacet
  facet normal 0.997723 0.0674441 0
    outer loop
      vertex -189.535 -50.2219 130.4
      vertex -189.55 -50 126
      vertex -189.55 -50 130.4
    endloop
  endfacet
  facet normal 0.997723 0.0674441 0
    outer loop
      vertex -189.55 -50 126
      vertex -189.535 -50.2219 130.4
      vertex -189.535 -50.2219 126
    endloop
  endfacet
  facet normal 0.981113 -0.193434 0
    outer loop
      vertex -189.535 -49.7781 130.4
      vertex -189.492 -49.56 126
      vertex -189.492 -49.56 130.4
    endloop
  endfacet
  facet normal 0.981113 -0.193434 0
    outer loop
      vertex -189.492 -49.56 126
      vertex -189.535 -49.7781 130.4
      vertex -189.535 -49.7781 126
    endloop
  endfacet
  facet normal 0.0651764 0.997874 -0
    outer loop
      vertex -187.85 -51.7 126
      vertex -188.072 -51.6855 130.4
      vertex -187.85 -51.7 130.4
    endloop
  endfacet
  facet normal 0.0651764 0.997874 0
    outer loop
      vertex -188.072 -51.6855 130.4
      vertex -187.85 -51.7 126
      vertex -188.072 -51.6855 126
    endloop
  endfacet
  facet normal -0.659714 0.751516 0
    outer loop
      vertex -186.648 -51.2021 126
      vertex -186.815 -51.3487 130.4
      vertex -186.648 -51.2021 130.4
    endloop
  endfacet
  facet normal -0.659714 0.751516 0
    outer loop
      vertex -186.815 -51.3487 130.4
      vertex -186.648 -51.2021 126
      vertex -186.815 -51.3487 126
    endloop
  endfacet
  facet normal 0.443245 -0.8964 0
    outer loop
      vertex -188.7 -48.5278 126
      vertex -188.501 -48.4294 130.4
      vertex -188.7 -48.5278 130.4
    endloop
  endfacet
  facet normal 0.443245 -0.8964 0
    outer loop
      vertex -188.501 -48.4294 130.4
      vertex -188.7 -48.5278 126
      vertex -188.501 -48.4294 126
    endloop
  endfacet
  facet normal -0.0651764 -0.997874 0
    outer loop
      vertex -187.85 -48.3 126
      vertex -187.628 -48.3145 130.4
      vertex -187.85 -48.3 130.4
    endloop
  endfacet
  facet normal -0.0651764 -0.997874 -0
    outer loop
      vertex -187.628 -48.3145 130.4
      vertex -187.85 -48.3 126
      vertex -187.628 -48.3145 126
    endloop
  endfacet
  facet normal -0.751016 0.660284 0
    outer loop
      vertex -186.648 -51.2021 126
      vertex -186.501 -51.0349 130.4
      vertex -186.501 -51.0349 126
    endloop
  endfacet
  facet normal -0.751016 0.660284 0
    outer loop
      vertex -186.501 -51.0349 130.4
      vertex -186.648 -51.2021 126
      vertex -186.648 -51.2021 130.4
    endloop
  endfacet
  facet normal -0.659714 -0.751516 0
    outer loop
      vertex -186.815 -48.6513 126
      vertex -186.648 -48.7979 130.4
      vertex -186.815 -48.6513 130.4
    endloop
  endfacet
  facet normal -0.659714 -0.751516 -0
    outer loop
      vertex -186.648 -48.7979 130.4
      vertex -186.815 -48.6513 126
      vertex -186.648 -48.7979 126
    endloop
  endfacet
  facet normal 0.659714 0.751516 -0
    outer loop
      vertex -188.885 -51.3487 126
      vertex -189.052 -51.2021 130.4
      vertex -188.885 -51.3487 130.4
    endloop
  endfacet
  facet normal 0.659714 0.751516 0
    outer loop
      vertex -189.052 -51.2021 130.4
      vertex -188.885 -51.3487 126
      vertex -189.052 -51.2021 126
    endloop
  endfacet
  facet normal -0.320937 -0.947101 0
    outer loop
      vertex -187.41 -48.3579 126
      vertex -187.199 -48.4294 130.4
      vertex -187.41 -48.3579 130.4
    endloop
  endfacet
  facet normal -0.320937 -0.947101 -0
    outer loop
      vertex -187.199 -48.4294 130.4
      vertex -187.41 -48.3579 126
      vertex -187.199 -48.4294 126
    endloop
  endfacet
  facet normal -0.947598 -0.319466 0
    outer loop
      vertex -186.208 -49.56 126
      vertex -186.279 -49.3494 130.4
      vertex -186.279 -49.3494 126
    endloop
  endfacet
  facet normal -0.947598 -0.319466 0
    outer loop
      vertex -186.279 -49.3494 130.4
      vertex -186.208 -49.56 126
      vertex -186.208 -49.56 130.4
    endloop
  endfacet
  facet normal 0.195251 -0.980753 0
    outer loop
      vertex -188.29 -48.3579 126
      vertex -188.072 -48.3145 130.4
      vertex -188.29 -48.3579 130.4
    endloop
  endfacet
  facet normal 0.195251 -0.980753 0
    outer loop
      vertex -188.072 -48.3145 130.4
      vertex -188.29 -48.3579 126
      vertex -188.072 -48.3145 126
    endloop
  endfacet
  facet normal -0.443245 -0.8964 0
    outer loop
      vertex -187.199 -48.4294 126
      vertex -187 -48.5278 130.4
      vertex -187.199 -48.4294 130.4
    endloop
  endfacet
  facet normal -0.443245 -0.8964 -0
    outer loop
      vertex -187 -48.5278 130.4
      vertex -187.199 -48.4294 126
      vertex -187 -48.5278 126
    endloop
  endfacet
  facet normal 0.947598 0.319466 0
    outer loop
      vertex -189.421 -50.6506 130.4
      vertex -189.492 -50.44 126
      vertex -189.492 -50.44 130.4
    endloop
  endfacet
  facet normal 0.947598 0.319466 0
    outer loop
      vertex -189.492 -50.44 126
      vertex -189.421 -50.6506 130.4
      vertex -189.421 -50.6506 126
    endloop
  endfacet
  facet normal 0.751016 0.660284 0
    outer loop
      vertex -189.052 -51.2021 130.4
      vertex -189.199 -51.0349 126
      vertex -189.199 -51.0349 130.4
    endloop
  endfacet
  facet normal 0.751016 0.660284 0
    outer loop
      vertex -189.199 -51.0349 126
      vertex -189.052 -51.2021 130.4
      vertex -189.052 -51.2021 126
    endloop
  endfacet
  facet normal 0.0651764 -0.997874 0
    outer loop
      vertex -188.072 -48.3145 126
      vertex -187.85 -48.3 130.4
      vertex -188.072 -48.3145 130.4
    endloop
  endfacet
  facet normal 0.0651764 -0.997874 0
    outer loop
      vertex -187.85 -48.3 130.4
      vertex -188.072 -48.3145 126
      vertex -187.85 -48.3 126
    endloop
  endfacet
  facet normal -0.832604 -0.553869 0
    outer loop
      vertex -186.378 -49.15 126
      vertex -186.501 -48.9651 130.4
      vertex -186.501 -48.9651 126
    endloop
  endfacet
  facet normal -0.832604 -0.553869 0
    outer loop
      vertex -186.501 -48.9651 130.4
      vertex -186.378 -49.15 126
      vertex -186.378 -49.15 130.4
    endloop
  endfacet
  facet normal 0.981113 0.193434 0
    outer loop
      vertex -189.492 -50.44 130.4
      vertex -189.535 -50.2219 126
      vertex -189.535 -50.2219 130.4
    endloop
  endfacet
  facet normal 0.981113 0.193434 0
    outer loop
      vertex -189.535 -50.2219 126
      vertex -189.492 -50.44 130.4
      vertex -189.492 -50.44 126
    endloop
  endfacet
  facet normal -0.195251 0.980753 0
    outer loop
      vertex -187.41 -51.6421 126
      vertex -187.628 -51.6855 130.4
      vertex -187.41 -51.6421 130.4
    endloop
  endfacet
  facet normal -0.195251 0.980753 0
    outer loop
      vertex -187.628 -51.6855 130.4
      vertex -187.41 -51.6421 126
      vertex -187.628 -51.6855 126
    endloop
  endfacet
  facet normal 0.195251 0.980753 -0
    outer loop
      vertex -188.072 -51.6855 126
      vertex -188.29 -51.6421 130.4
      vertex -188.072 -51.6855 130.4
    endloop
  endfacet
  facet normal 0.195251 0.980753 0
    outer loop
      vertex -188.29 -51.6421 130.4
      vertex -188.072 -51.6855 126
      vertex -188.29 -51.6421 126
    endloop
  endfacet
  facet normal 0.320937 0.947101 -0
    outer loop
      vertex -188.29 -51.6421 126
      vertex -188.501 -51.5706 130.4
      vertex -188.29 -51.6421 130.4
    endloop
  endfacet
  facet normal 0.320937 0.947101 0
    outer loop
      vertex -188.501 -51.5706 130.4
      vertex -188.29 -51.6421 126
      vertex -188.501 -51.5706 126
    endloop
  endfacet
  facet normal -0.895681 -0.444696 0
    outer loop
      vertex -186.279 -49.3494 126
      vertex -186.378 -49.15 130.4
      vertex -186.378 -49.15 126
    endloop
  endfacet
  facet normal -0.895681 -0.444696 0
    outer loop
      vertex -186.378 -49.15 130.4
      vertex -186.279 -49.3494 126
      vertex -186.279 -49.3494 130.4
    endloop
  endfacet
  facet normal -0.751016 -0.660284 0
    outer loop
      vertex -186.501 -48.9651 126
      vertex -186.648 -48.7979 130.4
      vertex -186.648 -48.7979 126
    endloop
  endfacet
  facet normal -0.751016 -0.660284 0
    outer loop
      vertex -186.648 -48.7979 130.4
      vertex -186.501 -48.9651 126
      vertex -186.501 -48.9651 130.4
    endloop
  endfacet
  facet normal -0.555219 -0.831704 0
    outer loop
      vertex -187 -48.5278 126
      vertex -186.815 -48.6513 130.4
      vertex -187 -48.5278 130.4
    endloop
  endfacet
  facet normal -0.555219 -0.831704 -0
    outer loop
      vertex -186.815 -48.6513 130.4
      vertex -187 -48.5278 126
      vertex -186.815 -48.6513 126
    endloop
  endfacet
  facet normal 0.555219 -0.831704 0
    outer loop
      vertex -188.885 -48.6513 126
      vertex -188.7 -48.5278 130.4
      vertex -188.885 -48.6513 130.4
    endloop
  endfacet
  facet normal 0.555219 -0.831704 0
    outer loop
      vertex -188.7 -48.5278 130.4
      vertex -188.885 -48.6513 126
      vertex -188.7 -48.5278 126
    endloop
  endfacet
  facet normal 0.443245 0.8964 -0
    outer loop
      vertex -188.501 -51.5706 126
      vertex -188.7 -51.4722 130.4
      vertex -188.501 -51.5706 130.4
    endloop
  endfacet
  facet normal 0.443245 0.8964 0
    outer loop
      vertex -188.7 -51.4722 130.4
      vertex -188.501 -51.5706 126
      vertex -188.7 -51.4722 126
    endloop
  endfacet
  facet normal -0.555219 0.831704 0
    outer loop
      vertex -186.815 -51.3487 126
      vertex -187 -51.4722 130.4
      vertex -186.815 -51.3487 130.4
    endloop
  endfacet
  facet normal -0.555219 0.831704 0
    outer loop
      vertex -187 -51.4722 130.4
      vertex -186.815 -51.3487 126
      vertex -187 -51.4722 126
    endloop
  endfacet
  facet normal -0.947598 0.319466 0
    outer loop
      vertex -186.279 -50.6506 126
      vertex -186.208 -50.44 130.4
      vertex -186.208 -50.44 126
    endloop
  endfacet
  facet normal -0.947598 0.319466 0
    outer loop
      vertex -186.208 -50.44 130.4
      vertex -186.279 -50.6506 126
      vertex -186.279 -50.6506 130.4
    endloop
  endfacet
  facet normal 0.895681 0.444696 0
    outer loop
      vertex -189.322 -50.85 130.4
      vertex -189.421 -50.6506 126
      vertex -189.421 -50.6506 130.4
    endloop
  endfacet
  facet normal 0.895681 0.444696 0
    outer loop
      vertex -189.421 -50.6506 126
      vertex -189.322 -50.85 130.4
      vertex -189.322 -50.85 126
    endloop
  endfacet
  facet normal 0.895681 -0.444696 0
    outer loop
      vertex -189.421 -49.3494 130.4
      vertex -189.322 -49.15 126
      vertex -189.322 -49.15 130.4
    endloop
  endfacet
  facet normal 0.895681 -0.444696 0
    outer loop
      vertex -189.322 -49.15 126
      vertex -189.421 -49.3494 130.4
      vertex -189.421 -49.3494 126
    endloop
  endfacet
  facet normal -0.443245 0.8964 0
    outer loop
      vertex -187 78.5278 126
      vertex -187.199 78.4294 130.4
      vertex -187 78.5278 130.4
    endloop
  endfacet
  facet normal -0.443245 0.8964 0
    outer loop
      vertex -187.199 78.4294 130.4
      vertex -187 78.5278 126
      vertex -187.199 78.4294 126
    endloop
  endfacet
  facet normal -0.981113 -0.193434 0
    outer loop
      vertex -186.165 80.2219 126
      vertex -186.208 80.44 130.4
      vertex -186.208 80.44 126
    endloop
  endfacet
  facet normal -0.981113 -0.193434 0
    outer loop
      vertex -186.208 80.44 130.4
      vertex -186.165 80.2219 126
      vertex -186.165 80.2219 130.4
    endloop
  endfacet
  facet normal -0.997723 -0.0674441 0
    outer loop
      vertex -186.15 80 126
      vertex -186.165 80.2219 130.4
      vertex -186.165 80.2219 126
    endloop
  endfacet
  facet normal -0.997723 -0.0674441 0
    outer loop
      vertex -186.165 80.2219 130.4
      vertex -186.15 80 126
      vertex -186.15 80 130.4
    endloop
  endfacet
  facet normal -0.320937 0.947101 0
    outer loop
      vertex -187.199 78.4294 126
      vertex -187.41 78.3579 130.4
      vertex -187.199 78.4294 130.4
    endloop
  endfacet
  facet normal -0.320937 0.947101 0
    outer loop
      vertex -187.41 78.3579 130.4
      vertex -187.199 78.4294 126
      vertex -187.41 78.3579 126
    endloop
  endfacet
  facet normal -0.895681 0.444696 0
    outer loop
      vertex -186.378 79.15 126
      vertex -186.279 79.3494 130.4
      vertex -186.279 79.3494 126
    endloop
  endfacet
  facet normal -0.895681 0.444696 0
    outer loop
      vertex -186.279 79.3494 130.4
      vertex -186.378 79.15 126
      vertex -186.378 79.15 130.4
    endloop
  endfacet
  facet normal -0.659714 -0.751516 0
    outer loop
      vertex -186.815 81.3487 126
      vertex -186.648 81.2021 130.4
      vertex -186.815 81.3487 130.4
    endloop
  endfacet
  facet normal -0.659714 -0.751516 -0
    outer loop
      vertex -186.648 81.2021 130.4
      vertex -186.815 81.3487 126
      vertex -186.648 81.2021 126
    endloop
  endfacet
  facet normal -0.0651764 0.997874 0
    outer loop
      vertex -187.628 78.3145 126
      vertex -187.85 78.3 130.4
      vertex -187.628 78.3145 130.4
    endloop
  endfacet
  facet normal -0.0651764 0.997874 0
    outer loop
      vertex -187.85 78.3 130.4
      vertex -187.628 78.3145 126
      vertex -187.85 78.3 126
    endloop
  endfacet
  facet normal -0.832604 0.553869 0
    outer loop
      vertex -186.501 78.9651 126
      vertex -186.378 79.15 130.4
      vertex -186.378 79.15 126
    endloop
  endfacet
  facet normal -0.832604 0.553869 0
    outer loop
      vertex -186.378 79.15 130.4
      vertex -186.501 78.9651 126
      vertex -186.501 78.9651 130.4
    endloop
  endfacet
  facet normal 0.0651764 -0.997874 0
    outer loop
      vertex -188.072 81.6855 126
      vertex -187.85 81.7 130.4
      vertex -188.072 81.6855 130.4
    endloop
  endfacet
  facet normal 0.0651764 -0.997874 0
    outer loop
      vertex -187.85 81.7 130.4
      vertex -188.072 81.6855 126
      vertex -187.85 81.7 126
    endloop
  endfacet
  facet normal -0.997723 0.0674441 0
    outer loop
      vertex -186.165 79.7781 126
      vertex -186.15 80 130.4
      vertex -186.15 80 126
    endloop
  endfacet
  facet normal -0.997723 0.0674441 0
    outer loop
      vertex -186.15 80 130.4
      vertex -186.165 79.7781 126
      vertex -186.165 79.7781 130.4
    endloop
  endfacet
  facet normal -0.751016 0.660284 0
    outer loop
      vertex -186.648 78.7979 126
      vertex -186.501 78.9651 130.4
      vertex -186.501 78.9651 126
    endloop
  endfacet
  facet normal -0.751016 0.660284 0
    outer loop
      vertex -186.501 78.9651 130.4
      vertex -186.648 78.7979 126
      vertex -186.648 78.7979 130.4
    endloop
  endfacet
  facet normal -0.832604 -0.553869 0
    outer loop
      vertex -186.378 80.85 126
      vertex -186.501 81.0349 130.4
      vertex -186.501 81.0349 126
    endloop
  endfacet
  facet normal -0.832604 -0.553869 0
    outer loop
      vertex -186.501 81.0349 130.4
      vertex -186.378 80.85 126
      vertex -186.378 80.85 130.4
    endloop
  endfacet
  facet normal 0.0651764 0.997874 -0
    outer loop
      vertex -187.85 78.3 126
      vertex -188.072 78.3145 130.4
      vertex -187.85 78.3 130.4
    endloop
  endfacet
  facet normal 0.0651764 0.997874 0
    outer loop
      vertex -188.072 78.3145 130.4
      vertex -187.85 78.3 126
      vertex -188.072 78.3145 126
    endloop
  endfacet
  facet normal -0.320937 -0.947101 0
    outer loop
      vertex -187.41 81.6421 126
      vertex -187.199 81.5706 130.4
      vertex -187.41 81.6421 130.4
    endloop
  endfacet
  facet normal -0.320937 -0.947101 -0
    outer loop
      vertex -187.199 81.5706 130.4
      vertex -187.41 81.6421 126
      vertex -187.199 81.5706 126
    endloop
  endfacet
  facet normal -0.0651764 -0.997874 0
    outer loop
      vertex -187.85 81.7 126
      vertex -187.628 81.6855 130.4
      vertex -187.85 81.7 130.4
    endloop
  endfacet
  facet normal -0.0651764 -0.997874 -0
    outer loop
      vertex -187.628 81.6855 130.4
      vertex -187.85 81.7 126
      vertex -187.628 81.6855 126
    endloop
  endfacet
  facet normal 0.832604 -0.553869 0
    outer loop
      vertex -189.322 80.85 130.4
      vertex -189.199 81.0349 126
      vertex -189.199 81.0349 130.4
    endloop
  endfacet
  facet normal 0.832604 -0.553869 0
    outer loop
      vertex -189.199 81.0349 126
      vertex -189.322 80.85 130.4
      vertex -189.322 80.85 126
    endloop
  endfacet
  facet normal -0.195251 -0.980753 0
    outer loop
      vertex -187.628 81.6855 126
      vertex -187.41 81.6421 130.4
      vertex -187.628 81.6855 130.4
    endloop
  endfacet
  facet normal -0.195251 -0.980753 -0
    outer loop
      vertex -187.41 81.6421 130.4
      vertex -187.628 81.6855 126
      vertex -187.41 81.6421 126
    endloop
  endfacet
  facet normal 0.320937 0.947101 -0
    outer loop
      vertex -188.29 78.3579 126
      vertex -188.501 78.4294 130.4
      vertex -188.29 78.3579 130.4
    endloop
  endfacet
  facet normal 0.320937 0.947101 0
    outer loop
      vertex -188.501 78.4294 130.4
      vertex -188.29 78.3579 126
      vertex -188.501 78.4294 126
    endloop
  endfacet
  facet normal -0.555219 0.831704 0
    outer loop
      vertex -186.815 78.6513 126
      vertex -187 78.5278 130.4
      vertex -186.815 78.6513 130.4
    endloop
  endfacet
  facet normal -0.555219 0.831704 0
    outer loop
      vertex -187 78.5278 130.4
      vertex -186.815 78.6513 126
      vertex -187 78.5278 126
    endloop
  endfacet
  facet normal 0.195251 0.980753 -0
    outer loop
      vertex -188.072 78.3145 126
      vertex -188.29 78.3579 130.4
      vertex -188.072 78.3145 130.4
    endloop
  endfacet
  facet normal 0.195251 0.980753 0
    outer loop
      vertex -188.29 78.3579 130.4
      vertex -188.072 78.3145 126
      vertex -188.29 78.3579 126
    endloop
  endfacet
  facet normal 0.555219 -0.831704 0
    outer loop
      vertex -188.885 81.3487 126
      vertex -188.7 81.4722 130.4
      vertex -188.885 81.3487 130.4
    endloop
  endfacet
  facet normal 0.555219 -0.831704 0
    outer loop
      vertex -188.7 81.4722 130.4
      vertex -188.885 81.3487 126
      vertex -188.7 81.4722 126
    endloop
  endfacet
  facet normal 0.320937 -0.947101 0
    outer loop
      vertex -188.501 81.5706 126
      vertex -188.29 81.6421 130.4
      vertex -188.501 81.5706 130.4
    endloop
  endfacet
  facet normal 0.320937 -0.947101 0
    outer loop
      vertex -188.29 81.6421 130.4
      vertex -188.501 81.5706 126
      vertex -188.29 81.6421 126
    endloop
  endfacet
  facet normal 0.659714 0.751516 -0
    outer loop
      vertex -188.885 78.6513 126
      vertex -189.052 78.7979 130.4
      vertex -188.885 78.6513 130.4
    endloop
  endfacet
  facet normal 0.659714 0.751516 0
    outer loop
      vertex -189.052 78.7979 130.4
      vertex -188.885 78.6513 126
      vertex -189.052 78.7979 126
    endloop
  endfacet
  facet normal 0.997723 0.0674441 0
    outer loop
      vertex -189.535 79.7781 130.4
      vertex -189.55 80 126
      vertex -189.55 80 130.4
    endloop
  endfacet
  facet normal 0.997723 0.0674441 0
    outer loop
      vertex -189.55 80 126
      vertex -189.535 79.7781 130.4
      vertex -189.535 79.7781 126
    endloop
  endfacet
  facet normal -0.195251 0.980753 0
    outer loop
      vertex -187.41 78.3579 126
      vertex -187.628 78.3145 130.4
      vertex -187.41 78.3579 130.4
    endloop
  endfacet
  facet normal -0.195251 0.980753 0
    outer loop
      vertex -187.628 78.3145 130.4
      vertex -187.41 78.3579 126
      vertex -187.628 78.3145 126
    endloop
  endfacet
  facet normal 0.895681 -0.444696 0
    outer loop
      vertex -189.421 80.6506 130.4
      vertex -189.322 80.85 126
      vertex -189.322 80.85 130.4
    endloop
  endfacet
  facet normal 0.895681 -0.444696 0
    outer loop
      vertex -189.322 80.85 126
      vertex -189.421 80.6506 130.4
      vertex -189.421 80.6506 126
    endloop
  endfacet
  facet normal -0.895681 -0.444696 0
    outer loop
      vertex -186.279 80.6506 126
      vertex -186.378 80.85 130.4
      vertex -186.378 80.85 126
    endloop
  endfacet
  facet normal -0.895681 -0.444696 0
    outer loop
      vertex -186.378 80.85 130.4
      vertex -186.279 80.6506 126
      vertex -186.279 80.6506 130.4
    endloop
  endfacet
  facet normal -0.443245 -0.8964 0
    outer loop
      vertex -187.199 81.5706 126
      vertex -187 81.4722 130.4
      vertex -187.199 81.5706 130.4
    endloop
  endfacet
  facet normal -0.443245 -0.8964 -0
    outer loop
      vertex -187 81.4722 130.4
      vertex -187.199 81.5706 126
      vertex -187 81.4722 126
    endloop
  endfacet
  facet normal -0.947598 -0.319466 0
    outer loop
      vertex -186.208 80.44 126
      vertex -186.279 80.6506 130.4
      vertex -186.279 80.6506 126
    endloop
  endfacet
  facet normal -0.947598 -0.319466 0
    outer loop
      vertex -186.279 80.6506 130.4
      vertex -186.208 80.44 126
      vertex -186.208 80.44 130.4
    endloop
  endfacet
  facet normal 0.981113 -0.193434 0
    outer loop
      vertex -189.535 80.2219 130.4
      vertex -189.492 80.44 126
      vertex -189.492 80.44 130.4
    endloop
  endfacet
  facet normal 0.981113 -0.193434 0
    outer loop
      vertex -189.492 80.44 126
      vertex -189.535 80.2219 130.4
      vertex -189.535 80.2219 126
    endloop
  endfacet
  facet normal 0.751016 -0.660284 0
    outer loop
      vertex -189.199 81.0349 130.4
      vertex -189.052 81.2021 126
      vertex -189.052 81.2021 130.4
    endloop
  endfacet
  facet normal 0.751016 -0.660284 0
    outer loop
      vertex -189.052 81.2021 126
      vertex -189.199 81.0349 130.4
      vertex -189.199 81.0349 126
    endloop
  endfacet
  facet normal 0.659714 -0.751516 0
    outer loop
      vertex -189.052 81.2021 126
      vertex -188.885 81.3487 130.4
      vertex -189.052 81.2021 130.4
    endloop
  endfacet
  facet normal 0.659714 -0.751516 0
    outer loop
      vertex -188.885 81.3487 130.4
      vertex -189.052 81.2021 126
      vertex -188.885 81.3487 126
    endloop
  endfacet
  facet normal 0.195251 -0.980753 0
    outer loop
      vertex -188.29 81.6421 126
      vertex -188.072 81.6855 130.4
      vertex -188.29 81.6421 130.4
    endloop
  endfacet
  facet normal 0.195251 -0.980753 0
    outer loop
      vertex -188.072 81.6855 130.4
      vertex -188.29 81.6421 126
      vertex -188.072 81.6855 126
    endloop
  endfacet
  facet normal -0.555219 -0.831704 0
    outer loop
      vertex -187 81.4722 126
      vertex -186.815 81.3487 130.4
      vertex -187 81.4722 130.4
    endloop
  endfacet
  facet normal -0.555219 -0.831704 -0
    outer loop
      vertex -186.815 81.3487 130.4
      vertex -187 81.4722 126
      vertex -186.815 81.3487 126
    endloop
  endfacet
  facet normal 0.832604 0.553869 0
    outer loop
      vertex -189.199 78.9651 130.4
      vertex -189.322 79.15 126
      vertex -189.322 79.15 130.4
    endloop
  endfacet
  facet normal 0.832604 0.553869 0
    outer loop
      vertex -189.322 79.15 126
      vertex -189.199 78.9651 130.4
      vertex -189.199 78.9651 126
    endloop
  endfacet
  facet normal 0.981113 0.193434 0
    outer loop
      vertex -189.492 79.56 130.4
      vertex -189.535 79.7781 126
      vertex -189.535 79.7781 130.4
    endloop
  endfacet
  facet normal 0.981113 0.193434 0
    outer loop
      vertex -189.535 79.7781 126
      vertex -189.492 79.56 130.4
      vertex -189.492 79.56 126
    endloop
  endfacet
  facet normal -0.981113 0.193434 0
    outer loop
      vertex -186.208 79.56 126
      vertex -186.165 79.7781 130.4
      vertex -186.165 79.7781 126
    endloop
  endfacet
  facet normal -0.981113 0.193434 0
    outer loop
      vertex -186.165 79.7781 130.4
      vertex -186.208 79.56 126
      vertex -186.208 79.56 130.4
    endloop
  endfacet
  facet normal 0.895681 0.444696 0
    outer loop
      vertex -189.322 79.15 130.4
      vertex -189.421 79.3494 126
      vertex -189.421 79.3494 130.4
    endloop
  endfacet
  facet normal 0.895681 0.444696 0
    outer loop
      vertex -189.421 79.3494 126
      vertex -189.322 79.15 130.4
      vertex -189.322 79.15 126
    endloop
  endfacet
  facet normal -0.947598 0.319466 0
    outer loop
      vertex -186.279 79.3494 126
      vertex -186.208 79.56 130.4
      vertex -186.208 79.56 126
    endloop
  endfacet
  facet normal -0.947598 0.319466 0
    outer loop
      vertex -186.208 79.56 130.4
      vertex -186.279 79.3494 126
      vertex -186.279 79.3494 130.4
    endloop
  endfacet
  facet normal -0.751016 -0.660284 0
    outer loop
      vertex -186.501 81.0349 126
      vertex -186.648 81.2021 130.4
      vertex -186.648 81.2021 126
    endloop
  endfacet
  facet normal -0.751016 -0.660284 0
    outer loop
      vertex -186.648 81.2021 130.4
      vertex -186.501 81.0349 126
      vertex -186.501 81.0349 130.4
    endloop
  endfacet
  facet normal 0.443245 -0.8964 0
    outer loop
      vertex -188.7 81.4722 126
      vertex -188.501 81.5706 130.4
      vertex -188.7 81.4722 130.4
    endloop
  endfacet
  facet normal 0.443245 -0.8964 0
    outer loop
      vertex -188.501 81.5706 130.4
      vertex -188.7 81.4722 126
      vertex -188.501 81.5706 126
    endloop
  endfacet
  facet normal 0.555219 0.831704 -0
    outer loop
      vertex -188.7 78.5278 126
      vertex -188.885 78.6513 130.4
      vertex -188.7 78.5278 130.4
    endloop
  endfacet
  facet normal 0.555219 0.831704 0
    outer loop
      vertex -188.885 78.6513 130.4
      vertex -188.7 78.5278 126
      vertex -188.885 78.6513 126
    endloop
  endfacet
  facet normal 0.443245 0.8964 -0
    outer loop
      vertex -188.501 78.4294 126
      vertex -188.7 78.5278 130.4
      vertex -188.501 78.4294 130.4
    endloop
  endfacet
  facet normal 0.443245 0.8964 0
    outer loop
      vertex -188.7 78.5278 130.4
      vertex -188.501 78.4294 126
      vertex -188.7 78.5278 126
    endloop
  endfacet
  facet normal 0.751016 0.660284 0
    outer loop
      vertex -189.052 78.7979 130.4
      vertex -189.199 78.9651 126
      vertex -189.199 78.9651 130.4
    endloop
  endfacet
  facet normal 0.751016 0.660284 0
    outer loop
      vertex -189.199 78.9651 126
      vertex -189.052 78.7979 130.4
      vertex -189.052 78.7979 126
    endloop
  endfacet
  facet normal 0.997723 -0.0674441 0
    outer loop
      vertex -189.55 80 130.4
      vertex -189.535 80.2219 126
      vertex -189.535 80.2219 130.4
    endloop
  endfacet
  facet normal 0.997723 -0.0674441 0
    outer loop
      vertex -189.535 80.2219 126
      vertex -189.55 80 130.4
      vertex -189.55 80 126
    endloop
  endfacet
  facet normal 0.947598 0.319466 0
    outer loop
      vertex -189.421 79.3494 130.4
      vertex -189.492 79.56 126
      vertex -189.492 79.56 130.4
    endloop
  endfacet
  facet normal 0.947598 0.319466 0
    outer loop
      vertex -189.492 79.56 126
      vertex -189.421 79.3494 130.4
      vertex -189.421 79.3494 126
    endloop
  endfacet
  facet normal 0.947598 -0.319466 0
    outer loop
      vertex -189.492 80.44 130.4
      vertex -189.421 80.6506 126
      vertex -189.421 80.6506 130.4
    endloop
  endfacet
  facet normal 0.947598 -0.319466 0
    outer loop
      vertex -189.421 80.6506 126
      vertex -189.492 80.44 130.4
      vertex -189.492 80.44 126
    endloop
  endfacet
  facet normal -0.659714 0.751516 0
    outer loop
      vertex -186.648 78.7979 126
      vertex -186.815 78.6513 130.4
      vertex -186.648 78.7979 130.4
    endloop
  endfacet
  facet normal -0.659714 0.751516 0
    outer loop
      vertex -186.815 78.6513 130.4
      vertex -186.648 78.7979 126
      vertex -186.815 78.6513 126
    endloop
  endfacet
  facet normal -0.981113 -0.193434 0
    outer loop
      vertex -150.165 -49.7781 126
      vertex -150.208 -49.56 130.4
      vertex -150.208 -49.56 126
    endloop
  endfacet
  facet normal -0.981113 -0.193434 0
    outer loop
      vertex -150.208 -49.56 130.4
      vertex -150.165 -49.7781 126
      vertex -150.165 -49.7781 130.4
    endloop
  endfacet
  facet normal -0.997723 -0.0674441 0
    outer loop
      vertex -150.15 -50 126
      vertex -150.165 -49.7781 130.4
      vertex -150.165 -49.7781 126
    endloop
  endfacet
  facet normal -0.997723 -0.0674441 0
    outer loop
      vertex -150.165 -49.7781 130.4
      vertex -150.15 -50 126
      vertex -150.15 -50 130.4
    endloop
  endfacet
  facet normal 0.443245 -0.8964 0
    outer loop
      vertex -152.7 -48.5278 126
      vertex -152.501 -48.4294 130.4
      vertex -152.7 -48.5278 130.4
    endloop
  endfacet
  facet normal 0.443245 -0.8964 0
    outer loop
      vertex -152.501 -48.4294 130.4
      vertex -152.7 -48.5278 126
      vertex -152.501 -48.4294 126
    endloop
  endfacet
  facet normal 0.555219 -0.831704 0
    outer loop
      vertex -152.885 -48.6513 126
      vertex -152.7 -48.5278 130.4
      vertex -152.885 -48.6513 130.4
    endloop
  endfacet
  facet normal 0.555219 -0.831704 0
    outer loop
      vertex -152.7 -48.5278 130.4
      vertex -152.885 -48.6513 126
      vertex -152.7 -48.5278 126
    endloop
  endfacet
  facet normal -0.981113 0.193434 0
    outer loop
      vertex -150.208 -50.44 126
      vertex -150.165 -50.2219 130.4
      vertex -150.165 -50.2219 126
    endloop
  endfacet
  facet normal -0.981113 0.193434 0
    outer loop
      vertex -150.165 -50.2219 130.4
      vertex -150.208 -50.44 126
      vertex -150.208 -50.44 130.4
    endloop
  endfacet
  facet normal 0.947598 -0.319466 0
    outer loop
      vertex -153.492 -49.56 130.4
      vertex -153.421 -49.3494 126
      vertex -153.421 -49.3494 130.4
    endloop
  endfacet
  facet normal 0.947598 -0.319466 0
    outer loop
      vertex -153.421 -49.3494 126
      vertex -153.492 -49.56 130.4
      vertex -153.492 -49.56 126
    endloop
  endfacet
  facet normal 0.947598 0.319466 0
    outer loop
      vertex -153.421 -50.6506 130.4
      vertex -153.492 -50.44 126
      vertex -153.492 -50.44 130.4
    endloop
  endfacet
  facet normal 0.947598 0.319466 0
    outer loop
      vertex -153.492 -50.44 126
      vertex -153.421 -50.6506 130.4
      vertex -153.421 -50.6506 126
    endloop
  endfacet
  facet normal 0.832604 0.553869 0
    outer loop
      vertex -153.199 -51.0349 130.4
      vertex -153.322 -50.85 126
      vertex -153.322 -50.85 130.4
    endloop
  endfacet
  facet normal 0.832604 0.553869 0
    outer loop
      vertex -153.322 -50.85 126
      vertex -153.199 -51.0349 130.4
      vertex -153.199 -51.0349 126
    endloop
  endfacet
  facet normal -0.195251 -0.980753 0
    outer loop
      vertex -151.628 -48.3145 126
      vertex -151.41 -48.3579 130.4
      vertex -151.628 -48.3145 130.4
    endloop
  endfacet
  facet normal -0.195251 -0.980753 -0
    outer loop
      vertex -151.41 -48.3579 130.4
      vertex -151.628 -48.3145 126
      vertex -151.41 -48.3579 126
    endloop
  endfacet
  facet normal 0.659714 -0.751516 0
    outer loop
      vertex -153.052 -48.7979 126
      vertex -152.885 -48.6513 130.4
      vertex -153.052 -48.7979 130.4
    endloop
  endfacet
  facet normal 0.659714 -0.751516 0
    outer loop
      vertex -152.885 -48.6513 130.4
      vertex -153.052 -48.7979 126
      vertex -152.885 -48.6513 126
    endloop
  endfacet
  facet normal -0.443245 -0.8964 0
    outer loop
      vertex -151.199 -48.4294 126
      vertex -151 -48.5278 130.4
      vertex -151.199 -48.4294 130.4
    endloop
  endfacet
  facet normal -0.443245 -0.8964 -0
    outer loop
      vertex -151 -48.5278 130.4
      vertex -151.199 -48.4294 126
      vertex -151 -48.5278 126
    endloop
  endfacet
  facet normal 0.320937 0.947101 -0
    outer loop
      vertex -152.29 -51.6421 126
      vertex -152.501 -51.5706 130.4
      vertex -152.29 -51.6421 130.4
    endloop
  endfacet
  facet normal 0.320937 0.947101 0
    outer loop
      vertex -152.501 -51.5706 130.4
      vertex -152.29 -51.6421 126
      vertex -152.501 -51.5706 126
    endloop
  endfacet
  facet normal -0.895681 0.444696 0
    outer loop
      vertex -150.378 -50.85 126
      vertex -150.279 -50.6506 130.4
      vertex -150.279 -50.6506 126
    endloop
  endfacet
  facet normal -0.895681 0.444696 0
    outer loop
      vertex -150.279 -50.6506 130.4
      vertex -150.378 -50.85 126
      vertex -150.378 -50.85 130.4
    endloop
  endfacet
  facet normal -0.832604 0.553869 0
    outer loop
      vertex -150.501 -51.0349 126
      vertex -150.378 -50.85 130.4
      vertex -150.378 -50.85 126
    endloop
  endfacet
  facet normal -0.832604 0.553869 0
    outer loop
      vertex -150.378 -50.85 130.4
      vertex -150.501 -51.0349 126
      vertex -150.501 -51.0349 130.4
    endloop
  endfacet
  facet normal 0.0651764 0.997874 -0
    outer loop
      vertex -151.85 -51.7 126
      vertex -152.072 -51.6855 130.4
      vertex -151.85 -51.7 130.4
    endloop
  endfacet
  facet normal 0.0651764 0.997874 0
    outer loop
      vertex -152.072 -51.6855 130.4
      vertex -151.85 -51.7 126
      vertex -152.072 -51.6855 126
    endloop
  endfacet
  facet normal -0.320937 0.947101 0
    outer loop
      vertex -151.199 -51.5706 126
      vertex -151.41 -51.6421 130.4
      vertex -151.199 -51.5706 130.4
    endloop
  endfacet
  facet normal -0.320937 0.947101 0
    outer loop
      vertex -151.41 -51.6421 130.4
      vertex -151.199 -51.5706 126
      vertex -151.41 -51.6421 126
    endloop
  endfacet
  facet normal -0.320937 -0.947101 0
    outer loop
      vertex -151.41 -48.3579 126
      vertex -151.199 -48.4294 130.4
      vertex -151.41 -48.3579 130.4
    endloop
  endfacet
  facet normal -0.320937 -0.947101 -0
    outer loop
      vertex -151.199 -48.4294 130.4
      vertex -151.41 -48.3579 126
      vertex -151.199 -48.4294 126
    endloop
  endfacet
  facet normal 0.320937 -0.947101 0
    outer loop
      vertex -152.501 -48.4294 126
      vertex -152.29 -48.3579 130.4
      vertex -152.501 -48.4294 130.4
    endloop
  endfacet
  facet normal 0.320937 -0.947101 0
    outer loop
      vertex -152.29 -48.3579 130.4
      vertex -152.501 -48.4294 126
      vertex -152.29 -48.3579 126
    endloop
  endfacet
  facet normal 0.751016 0.660284 0
    outer loop
      vertex -153.052 -51.2021 130.4
      vertex -153.199 -51.0349 126
      vertex -153.199 -51.0349 130.4
    endloop
  endfacet
  facet normal 0.751016 0.660284 0
    outer loop
      vertex -153.199 -51.0349 126
      vertex -153.052 -51.2021 130.4
      vertex -153.052 -51.2021 126
    endloop
  endfacet
  facet normal 0.981113 -0.193434 0
    outer loop
      vertex -153.535 -49.7781 130.4
      vertex -153.492 -49.56 126
      vertex -153.492 -49.56 130.4
    endloop
  endfacet
  facet normal 0.981113 -0.193434 0
    outer loop
      vertex -153.492 -49.56 126
      vertex -153.535 -49.7781 130.4
      vertex -153.535 -49.7781 126
    endloop
  endfacet
  facet normal 0.981113 0.193434 0
    outer loop
      vertex -153.492 -50.44 130.4
      vertex -153.535 -50.2219 126
      vertex -153.535 -50.2219 130.4
    endloop
  endfacet
  facet normal 0.981113 0.193434 0
    outer loop
      vertex -153.535 -50.2219 126
      vertex -153.492 -50.44 130.4
      vertex -153.492 -50.44 126
    endloop
  endfacet
  facet normal -0.947598 0.319466 0
    outer loop
      vertex -150.279 -50.6506 126
      vertex -150.208 -50.44 130.4
      vertex -150.208 -50.44 126
    endloop
  endfacet
  facet normal -0.947598 0.319466 0
    outer loop
      vertex -150.208 -50.44 130.4
      vertex -150.279 -50.6506 126
      vertex -150.279 -50.6506 130.4
    endloop
  endfacet
  facet normal -0.0651764 0.997874 0
    outer loop
      vertex -151.628 -51.6855 126
      vertex -151.85 -51.7 130.4
      vertex -151.628 -51.6855 130.4
    endloop
  endfacet
  facet normal -0.0651764 0.997874 0
    outer loop
      vertex -151.85 -51.7 130.4
      vertex -151.628 -51.6855 126
      vertex -151.85 -51.7 126
    endloop
  endfacet
  facet normal 0.751016 -0.660284 0
    outer loop
      vertex -153.199 -48.9651 130.4
      vertex -153.052 -48.7979 126
      vertex -153.052 -48.7979 130.4
    endloop
  endfacet
  facet normal 0.751016 -0.660284 0
    outer loop
      vertex -153.052 -48.7979 126
      vertex -153.199 -48.9651 130.4
      vertex -153.199 -48.9651 126
    endloop
  endfacet
  facet normal -0.997723 0.0674441 0
    outer loop
      vertex -150.165 -50.2219 126
      vertex -150.15 -50 130.4
      vertex -150.15 -50 126
    endloop
  endfacet
  facet normal -0.997723 0.0674441 0
    outer loop
      vertex -150.15 -50 130.4
      vertex -150.165 -50.2219 126
      vertex -150.165 -50.2219 130.4
    endloop
  endfacet
  facet normal -0.659714 -0.751516 0
    outer loop
      vertex -150.815 -48.6513 126
      vertex -150.648 -48.7979 130.4
      vertex -150.815 -48.6513 130.4
    endloop
  endfacet
  facet normal -0.659714 -0.751516 -0
    outer loop
      vertex -150.648 -48.7979 130.4
      vertex -150.815 -48.6513 126
      vertex -150.648 -48.7979 126
    endloop
  endfacet
  facet normal 0.195251 -0.980753 0
    outer loop
      vertex -152.29 -48.3579 126
      vertex -152.072 -48.3145 130.4
      vertex -152.29 -48.3579 130.4
    endloop
  endfacet
  facet normal 0.195251 -0.980753 0
    outer loop
      vertex -152.072 -48.3145 130.4
      vertex -152.29 -48.3579 126
      vertex -152.072 -48.3145 126
    endloop
  endfacet
  facet normal -0.832604 -0.553869 0
    outer loop
      vertex -150.378 -49.15 126
      vertex -150.501 -48.9651 130.4
      vertex -150.501 -48.9651 126
    endloop
  endfacet
  facet normal -0.832604 -0.553869 0
    outer loop
      vertex -150.501 -48.9651 130.4
      vertex -150.378 -49.15 126
      vertex -150.378 -49.15 130.4
    endloop
  endfacet
  facet normal -0.195251 0.980753 0
    outer loop
      vertex -151.41 -51.6421 126
      vertex -151.628 -51.6855 130.4
      vertex -151.41 -51.6421 130.4
    endloop
  endfacet
  facet normal -0.195251 0.980753 0
    outer loop
      vertex -151.628 -51.6855 130.4
      vertex -151.41 -51.6421 126
      vertex -151.628 -51.6855 126
    endloop
  endfacet
  facet normal -0.895681 -0.444696 0
    outer loop
      vertex -150.279 -49.3494 126
      vertex -150.378 -49.15 130.4
      vertex -150.378 -49.15 126
    endloop
  endfacet
  facet normal -0.895681 -0.444696 0
    outer loop
      vertex -150.378 -49.15 130.4
      vertex -150.279 -49.3494 126
      vertex -150.279 -49.3494 130.4
    endloop
  endfacet
  facet normal -0.555219 -0.831704 0
    outer loop
      vertex -151 -48.5278 126
      vertex -150.815 -48.6513 130.4
      vertex -151 -48.5278 130.4
    endloop
  endfacet
  facet normal -0.555219 -0.831704 -0
    outer loop
      vertex -150.815 -48.6513 130.4
      vertex -151 -48.5278 126
      vertex -150.815 -48.6513 126
    endloop
  endfacet
  facet normal 0.195251 0.980753 -0
    outer loop
      vertex -152.072 -51.6855 126
      vertex -152.29 -51.6421 130.4
      vertex -152.072 -51.6855 130.4
    endloop
  endfacet
  facet normal 0.195251 0.980753 0
    outer loop
      vertex -152.29 -51.6421 130.4
      vertex -152.072 -51.6855 126
      vertex -152.29 -51.6421 126
    endloop
  endfacet
  facet normal 0.895681 0.444696 0
    outer loop
      vertex -153.322 -50.85 130.4
      vertex -153.421 -50.6506 126
      vertex -153.421 -50.6506 130.4
    endloop
  endfacet
  facet normal 0.895681 0.444696 0
    outer loop
      vertex -153.421 -50.6506 126
      vertex -153.322 -50.85 130.4
      vertex -153.322 -50.85 126
    endloop
  endfacet
  facet normal 0.997723 0.0674441 0
    outer loop
      vertex -153.535 -50.2219 130.4
      vertex -153.55 -50 126
      vertex -153.55 -50 130.4
    endloop
  endfacet
  facet normal 0.997723 0.0674441 0
    outer loop
      vertex -153.55 -50 126
      vertex -153.535 -50.2219 130.4
      vertex -153.535 -50.2219 126
    endloop
  endfacet
  facet normal 0.895681 -0.444696 0
    outer loop
      vertex -153.421 -49.3494 130.4
      vertex -153.322 -49.15 126
      vertex -153.322 -49.15 130.4
    endloop
  endfacet
  facet normal 0.895681 -0.444696 0
    outer loop
      vertex -153.322 -49.15 126
      vertex -153.421 -49.3494 130.4
      vertex -153.421 -49.3494 126
    endloop
  endfacet
  facet normal -0.0651764 -0.997874 0
    outer loop
      vertex -151.85 -48.3 126
      vertex -151.628 -48.3145 130.4
      vertex -151.85 -48.3 130.4
    endloop
  endfacet
  facet normal -0.0651764 -0.997874 -0
    outer loop
      vertex -151.628 -48.3145 130.4
      vertex -151.85 -48.3 126
      vertex -151.628 -48.3145 126
    endloop
  endfacet
  facet normal -0.751016 -0.660284 0
    outer loop
      vertex -150.501 -48.9651 126
      vertex -150.648 -48.7979 130.4
      vertex -150.648 -48.7979 126
    endloop
  endfacet
  facet normal -0.751016 -0.660284 0
    outer loop
      vertex -150.648 -48.7979 130.4
      vertex -150.501 -48.9651 126
      vertex -150.501 -48.9651 130.4
    endloop
  endfacet
  facet normal 0.659714 0.751516 -0
    outer loop
      vertex -152.885 -51.3487 126
      vertex -153.052 -51.2021 130.4
      vertex -152.885 -51.3487 130.4
    endloop
  endfacet
  facet normal 0.659714 0.751516 0
    outer loop
      vertex -153.052 -51.2021 130.4
      vertex -152.885 -51.3487 126
      vertex -153.052 -51.2021 126
    endloop
  endfacet
  facet normal -0.947598 -0.319466 0
    outer loop
      vertex -150.208 -49.56 126
      vertex -150.279 -49.3494 130.4
      vertex -150.279 -49.3494 126
    endloop
  endfacet
  facet normal -0.947598 -0.319466 0
    outer loop
      vertex -150.279 -49.3494 130.4
      vertex -150.208 -49.56 126
      vertex -150.208 -49.56 130.4
    endloop
  endfacet
  facet normal 0.0651764 -0.997874 0
    outer loop
      vertex -152.072 -48.3145 126
      vertex -151.85 -48.3 130.4
      vertex -152.072 -48.3145 130.4
    endloop
  endfacet
  facet normal 0.0651764 -0.997874 0
    outer loop
      vertex -151.85 -48.3 130.4
      vertex -152.072 -48.3145 126
      vertex -151.85 -48.3 126
    endloop
  endfacet
  facet normal -0.555219 0.831704 0
    outer loop
      vertex -150.815 -51.3487 126
      vertex -151 -51.4722 130.4
      vertex -150.815 -51.3487 130.4
    endloop
  endfacet
  facet normal -0.555219 0.831704 0
    outer loop
      vertex -151 -51.4722 130.4
      vertex -150.815 -51.3487 126
      vertex -151 -51.4722 126
    endloop
  endfacet
  facet normal 0.997723 -0.0674441 0
    outer loop
      vertex -153.55 -50 130.4
      vertex -153.535 -49.7781 126
      vertex -153.535 -49.7781 130.4
    endloop
  endfacet
  facet normal 0.997723 -0.0674441 0
    outer loop
      vertex -153.535 -49.7781 126
      vertex -153.55 -50 130.4
      vertex -153.55 -50 126
    endloop
  endfacet
  facet normal 0.555219 0.831704 -0
    outer loop
      vertex -152.7 -51.4722 126
      vertex -152.885 -51.3487 130.4
      vertex -152.7 -51.4722 130.4
    endloop
  endfacet
  facet normal 0.555219 0.831704 0
    outer loop
      vertex -152.885 -51.3487 130.4
      vertex -152.7 -51.4722 126
      vertex -152.885 -51.3487 126
    endloop
  endfacet
  facet normal -0.443245 0.8964 0
    outer loop
      vertex -151 -51.4722 126
      vertex -151.199 -51.5706 130.4
      vertex -151 -51.4722 130.4
    endloop
  endfacet
  facet normal -0.443245 0.8964 0
    outer loop
      vertex -151.199 -51.5706 130.4
      vertex -151 -51.4722 126
      vertex -151.199 -51.5706 126
    endloop
  endfacet
  facet normal 0.443245 0.8964 -0
    outer loop
      vertex -152.501 -51.5706 126
      vertex -152.7 -51.4722 130.4
      vertex -152.501 -51.5706 130.4
    endloop
  endfacet
  facet normal 0.443245 0.8964 0
    outer loop
      vertex -152.7 -51.4722 130.4
      vertex -152.501 -51.5706 126
      vertex -152.7 -51.4722 126
    endloop
  endfacet
  facet normal 0.832604 -0.553869 0
    outer loop
      vertex -153.322 -49.15 130.4
      vertex -153.199 -48.9651 126
      vertex -153.199 -48.9651 130.4
    endloop
  endfacet
  facet normal 0.832604 -0.553869 0
    outer loop
      vertex -153.199 -48.9651 126
      vertex -153.322 -49.15 130.4
      vertex -153.322 -49.15 126
    endloop
  endfacet
  facet normal -0.659714 0.751516 0
    outer loop
      vertex -150.648 -51.2021 126
      vertex -150.815 -51.3487 130.4
      vertex -150.648 -51.2021 130.4
    endloop
  endfacet
  facet normal -0.659714 0.751516 0
    outer loop
      vertex -150.815 -51.3487 130.4
      vertex -150.648 -51.2021 126
      vertex -150.815 -51.3487 126
    endloop
  endfacet
  facet normal -0.751016 0.660284 0
    outer loop
      vertex -150.648 -51.2021 126
      vertex -150.501 -51.0349 130.4
      vertex -150.501 -51.0349 126
    endloop
  endfacet
  facet normal -0.751016 0.660284 0
    outer loop
      vertex -150.501 -51.0349 130.4
      vertex -150.648 -51.2021 126
      vertex -150.648 -51.2021 130.4
    endloop
  endfacet
  facet normal -0.443245 0.8964 0
    outer loop
      vertex -151 78.5278 126
      vertex -151.199 78.4294 130.4
      vertex -151 78.5278 130.4
    endloop
  endfacet
  facet normal -0.443245 0.8964 0
    outer loop
      vertex -151.199 78.4294 130.4
      vertex -151 78.5278 126
      vertex -151.199 78.4294 126
    endloop
  endfacet
  facet normal -0.981113 -0.193434 0
    outer loop
      vertex -150.165 80.2219 126
      vertex -150.208 80.44 130.4
      vertex -150.208 80.44 126
    endloop
  endfacet
  facet normal -0.981113 -0.193434 0
    outer loop
      vertex -150.208 80.44 130.4
      vertex -150.165 80.2219 126
      vertex -150.165 80.2219 130.4
    endloop
  endfacet
  facet normal -0.997723 -0.0674441 0
    outer loop
      vertex -150.15 80 126
      vertex -150.165 80.2219 130.4
      vertex -150.165 80.2219 126
    endloop
  endfacet
  facet normal -0.997723 -0.0674441 0
    outer loop
      vertex -150.165 80.2219 130.4
      vertex -150.15 80 126
      vertex -150.15 80 130.4
    endloop
  endfacet
  facet normal -0.320937 0.947101 0
    outer loop
      vertex -151.199 78.4294 126
      vertex -151.41 78.3579 130.4
      vertex -151.199 78.4294 130.4
    endloop
  endfacet
  facet normal -0.320937 0.947101 0
    outer loop
      vertex -151.41 78.3579 130.4
      vertex -151.199 78.4294 126
      vertex -151.41 78.3579 126
    endloop
  endfacet
  facet normal -0.895681 0.444696 0
    outer loop
      vertex -150.378 79.15 126
      vertex -150.279 79.3494 130.4
      vertex -150.279 79.3494 126
    endloop
  endfacet
  facet normal -0.895681 0.444696 0
    outer loop
      vertex -150.279 79.3494 130.4
      vertex -150.378 79.15 126
      vertex -150.378 79.15 130.4
    endloop
  endfacet
  facet normal -0.659714 -0.751516 0
    outer loop
      vertex -150.815 81.3487 126
      vertex -150.648 81.2021 130.4
      vertex -150.815 81.3487 130.4
    endloop
  endfacet
  facet normal -0.659714 -0.751516 -0
    outer loop
      vertex -150.648 81.2021 130.4
      vertex -150.815 81.3487 126
      vertex -150.648 81.2021 126
    endloop
  endfacet
  facet normal -0.0651764 0.997874 0
    outer loop
      vertex -151.628 78.3145 126
      vertex -151.85 78.3 130.4
      vertex -151.628 78.3145 130.4
    endloop
  endfacet
  facet normal -0.0651764 0.997874 0
    outer loop
      vertex -151.85 78.3 130.4
      vertex -151.628 78.3145 126
      vertex -151.85 78.3 126
    endloop
  endfacet
  facet normal -0.832604 0.553869 0
    outer loop
      vertex -150.501 78.9651 126
      vertex -150.378 79.15 130.4
      vertex -150.378 79.15 126
    endloop
  endfacet
  facet normal -0.832604 0.553869 0
    outer loop
      vertex -150.378 79.15 130.4
      vertex -150.501 78.9651 126
      vertex -150.501 78.9651 130.4
    endloop
  endfacet
  facet normal 0.0651764 -0.997874 0
    outer loop
      vertex -152.072 81.6855 126
      vertex -151.85 81.7 130.4
      vertex -152.072 81.6855 130.4
    endloop
  endfacet
  facet normal 0.0651764 -0.997874 0
    outer loop
      vertex -151.85 81.7 130.4
      vertex -152.072 81.6855 126
      vertex -151.85 81.7 126
    endloop
  endfacet
  facet normal -0.997723 0.0674441 0
    outer loop
      vertex -150.165 79.7781 126
      vertex -150.15 80 130.4
      vertex -150.15 80 126
    endloop
  endfacet
  facet normal -0.997723 0.0674441 0
    outer loop
      vertex -150.15 80 130.4
      vertex -150.165 79.7781 126
      vertex -150.165 79.7781 130.4
    endloop
  endfacet
  facet normal -0.751016 0.660284 0
    outer loop
      vertex -150.648 78.7979 126
      vertex -150.501 78.9651 130.4
      vertex -150.501 78.9651 126
    endloop
  endfacet
  facet normal -0.751016 0.660284 0
    outer loop
      vertex -150.501 78.9651 130.4
      vertex -150.648 78.7979 126
      vertex -150.648 78.7979 130.4
    endloop
  endfacet
  facet normal -0.832604 -0.553869 0
    outer loop
      vertex -150.378 80.85 126
      vertex -150.501 81.0349 130.4
      vertex -150.501 81.0349 126
    endloop
  endfacet
  facet normal -0.832604 -0.553869 0
    outer loop
      vertex -150.501 81.0349 130.4
      vertex -150.378 80.85 126
      vertex -150.378 80.85 130.4
    endloop
  endfacet
  facet normal 0.0651764 0.997874 -0
    outer loop
      vertex -151.85 78.3 126
      vertex -152.072 78.3145 130.4
      vertex -151.85 78.3 130.4
    endloop
  endfacet
  facet normal 0.0651764 0.997874 0
    outer loop
      vertex -152.072 78.3145 130.4
      vertex -151.85 78.3 126
      vertex -152.072 78.3145 126
    endloop
  endfacet
  facet normal -0.320937 -0.947101 0
    outer loop
      vertex -151.41 81.6421 126
      vertex -151.199 81.5706 130.4
      vertex -151.41 81.6421 130.4
    endloop
  endfacet
  facet normal -0.320937 -0.947101 -0
    outer loop
      vertex -151.199 81.5706 130.4
      vertex -151.41 81.6421 126
      vertex -151.199 81.5706 126
    endloop
  endfacet
  facet normal -0.0651764 -0.997874 0
    outer loop
      vertex -151.85 81.7 126
      vertex -151.628 81.6855 130.4
      vertex -151.85 81.7 130.4
    endloop
  endfacet
  facet normal -0.0651764 -0.997874 -0
    outer loop
      vertex -151.628 81.6855 130.4
      vertex -151.85 81.7 126
      vertex -151.628 81.6855 126
    endloop
  endfacet
  facet normal 0.832604 -0.553869 0
    outer loop
      vertex -153.322 80.85 130.4
      vertex -153.199 81.0349 126
      vertex -153.199 81.0349 130.4
    endloop
  endfacet
  facet normal 0.832604 -0.553869 0
    outer loop
      vertex -153.199 81.0349 126
      vertex -153.322 80.85 130.4
      vertex -153.322 80.85 126
    endloop
  endfacet
  facet normal -0.195251 -0.980753 0
    outer loop
      vertex -151.628 81.6855 126
      vertex -151.41 81.6421 130.4
      vertex -151.628 81.6855 130.4
    endloop
  endfacet
  facet normal -0.195251 -0.980753 -0
    outer loop
      vertex -151.41 81.6421 130.4
      vertex -151.628 81.6855 126
      vertex -151.41 81.6421 126
    endloop
  endfacet
  facet normal 0.443245 0.8964 -0
    outer loop
      vertex -152.501 78.4294 126
      vertex -152.7 78.5278 130.4
      vertex -152.501 78.4294 130.4
    endloop
  endfacet
  facet normal 0.443245 0.8964 0
    outer loop
      vertex -152.7 78.5278 130.4
      vertex -152.501 78.4294 126
      vertex -152.7 78.5278 126
    endloop
  endfacet
  facet normal -0.555219 0.831704 0
    outer loop
      vertex -150.815 78.6513 126
      vertex -151 78.5278 130.4
      vertex -150.815 78.6513 130.4
    endloop
  endfacet
  facet normal -0.555219 0.831704 0
    outer loop
      vertex -151 78.5278 130.4
      vertex -150.815 78.6513 126
      vertex -151 78.5278 126
    endloop
  endfacet
  facet normal 0.195251 0.980753 -0
    outer loop
      vertex -152.072 78.3145 126
      vertex -152.29 78.3579 130.4
      vertex -152.072 78.3145 130.4
    endloop
  endfacet
  facet normal 0.195251 0.980753 0
    outer loop
      vertex -152.29 78.3579 130.4
      vertex -152.072 78.3145 126
      vertex -152.29 78.3579 126
    endloop
  endfacet
  facet normal 0.555219 -0.831704 0
    outer loop
      vertex -152.885 81.3487 126
      vertex -152.7 81.4722 130.4
      vertex -152.885 81.3487 130.4
    endloop
  endfacet
  facet normal 0.555219 -0.831704 0
    outer loop
      vertex -152.7 81.4722 130.4
      vertex -152.885 81.3487 126
      vertex -152.7 81.4722 126
    endloop
  endfacet
  facet normal 0.320937 -0.947101 0
    outer loop
      vertex -152.501 81.5706 126
      vertex -152.29 81.6421 130.4
      vertex -152.501 81.5706 130.4
    endloop
  endfacet
  facet normal 0.320937 -0.947101 0
    outer loop
      vertex -152.29 81.6421 130.4
      vertex -152.501 81.5706 126
      vertex -152.29 81.6421 126
    endloop
  endfacet
  facet normal 0.659714 0.751516 -0
    outer loop
      vertex -152.885 78.6513 126
      vertex -153.052 78.7979 130.4
      vertex -152.885 78.6513 130.4
    endloop
  endfacet
  facet normal 0.659714 0.751516 0
    outer loop
      vertex -153.052 78.7979 130.4
      vertex -152.885 78.6513 126
      vertex -153.052 78.7979 126
    endloop
  endfacet
  facet normal 0.997723 0.0674441 0
    outer loop
      vertex -153.535 79.7781 130.4
      vertex -153.55 80 126
      vertex -153.55 80 130.4
    endloop
  endfacet
  facet normal 0.997723 0.0674441 0
    outer loop
      vertex -153.55 80 126
      vertex -153.535 79.7781 130.4
      vertex -153.535 79.7781 126
    endloop
  endfacet
  facet normal -0.195251 0.980753 0
    outer loop
      vertex -151.41 78.3579 126
      vertex -151.628 78.3145 130.4
      vertex -151.41 78.3579 130.4
    endloop
  endfacet
  facet normal -0.195251 0.980753 0
    outer loop
      vertex -151.628 78.3145 130.4
      vertex -151.41 78.3579 126
      vertex -151.628 78.3145 126
    endloop
  endfacet
  facet normal 0.895681 -0.444696 0
    outer loop
      vertex -153.421 80.6506 130.4
      vertex -153.322 80.85 126
      vertex -153.322 80.85 130.4
    endloop
  endfacet
  facet normal 0.895681 -0.444696 0
    outer loop
      vertex -153.322 80.85 126
      vertex -153.421 80.6506 130.4
      vertex -153.421 80.6506 126
    endloop
  endfacet
  facet normal -0.895681 -0.444696 0
    outer loop
      vertex -150.279 80.6506 126
      vertex -150.378 80.85 130.4
      vertex -150.378 80.85 126
    endloop
  endfacet
  facet normal -0.895681 -0.444696 0
    outer loop
      vertex -150.378 80.85 130.4
      vertex -150.279 80.6506 126
      vertex -150.279 80.6506 130.4
    endloop
  endfacet
  facet normal -0.443245 -0.8964 0
    outer loop
      vertex -151.199 81.5706 126
      vertex -151 81.4722 130.4
      vertex -151.199 81.5706 130.4
    endloop
  endfacet
  facet normal -0.443245 -0.8964 -0
    outer loop
      vertex -151 81.4722 130.4
      vertex -151.199 81.5706 126
      vertex -151 81.4722 126
    endloop
  endfacet
  facet normal -0.947598 -0.319466 0
    outer loop
      vertex -150.208 80.44 126
      vertex -150.279 80.6506 130.4
      vertex -150.279 80.6506 126
    endloop
  endfacet
  facet normal -0.947598 -0.319466 0
    outer loop
      vertex -150.279 80.6506 130.4
      vertex -150.208 80.44 126
      vertex -150.208 80.44 130.4
    endloop
  endfacet
  facet normal 0.981113 -0.193434 0
    outer loop
      vertex -153.535 80.2219 130.4
      vertex -153.492 80.44 126
      vertex -153.492 80.44 130.4
    endloop
  endfacet
  facet normal 0.981113 -0.193434 0
    outer loop
      vertex -153.492 80.44 126
      vertex -153.535 80.2219 130.4
      vertex -153.535 80.2219 126
    endloop
  endfacet
  facet normal 0.751016 -0.660284 0
    outer loop
      vertex -153.199 81.0349 130.4
      vertex -153.052 81.2021 126
      vertex -153.052 81.2021 130.4
    endloop
  endfacet
  facet normal 0.751016 -0.660284 0
    outer loop
      vertex -153.052 81.2021 126
      vertex -153.199 81.0349 130.4
      vertex -153.199 81.0349 126
    endloop
  endfacet
  facet normal 0.659714 -0.751516 0
    outer loop
      vertex -153.052 81.2021 126
      vertex -152.885 81.3487 130.4
      vertex -153.052 81.2021 130.4
    endloop
  endfacet
  facet normal 0.659714 -0.751516 0
    outer loop
      vertex -152.885 81.3487 130.4
      vertex -153.052 81.2021 126
      vertex -152.885 81.3487 126
    endloop
  endfacet
  facet normal 0.195251 -0.980753 0
    outer loop
      vertex -152.29 81.6421 126
      vertex -152.072 81.6855 130.4
      vertex -152.29 81.6421 130.4
    endloop
  endfacet
  facet normal 0.195251 -0.980753 0
    outer loop
      vertex -152.072 81.6855 130.4
      vertex -152.29 81.6421 126
      vertex -152.072 81.6855 126
    endloop
  endfacet
  facet normal -0.555219 -0.831704 0
    outer loop
      vertex -151 81.4722 126
      vertex -150.815 81.3487 130.4
      vertex -151 81.4722 130.4
    endloop
  endfacet
  facet normal -0.555219 -0.831704 -0
    outer loop
      vertex -150.815 81.3487 130.4
      vertex -151 81.4722 126
      vertex -150.815 81.3487 126
    endloop
  endfacet
  facet normal 0.832604 0.553869 0
    outer loop
      vertex -153.199 78.9651 130.4
      vertex -153.322 79.15 126
      vertex -153.322 79.15 130.4
    endloop
  endfacet
  facet normal 0.832604 0.553869 0
    outer loop
      vertex -153.322 79.15 126
      vertex -153.199 78.9651 130.4
      vertex -153.199 78.9651 126
    endloop
  endfacet
  facet normal 0.981113 0.193434 0
    outer loop
      vertex -153.492 79.56 130.4
      vertex -153.535 79.7781 126
      vertex -153.535 79.7781 130.4
    endloop
  endfacet
  facet normal 0.981113 0.193434 0
    outer loop
      vertex -153.535 79.7781 126
      vertex -153.492 79.56 130.4
      vertex -153.492 79.56 126
    endloop
  endfacet
  facet normal -0.981113 0.193434 0
    outer loop
      vertex -150.208 79.56 126
      vertex -150.165 79.7781 130.4
      vertex -150.165 79.7781 126
    endloop
  endfacet
  facet normal -0.981113 0.193434 0
    outer loop
      vertex -150.165 79.7781 130.4
      vertex -150.208 79.56 126
      vertex -150.208 79.56 130.4
    endloop
  endfacet
  facet normal 0.895681 0.444696 0
    outer loop
      vertex -153.322 79.15 130.4
      vertex -153.421 79.3494 126
      vertex -153.421 79.3494 130.4
    endloop
  endfacet
  facet normal 0.895681 0.444696 0
    outer loop
      vertex -153.421 79.3494 126
      vertex -153.322 79.15 130.4
      vertex -153.322 79.15 126
    endloop
  endfacet
  facet normal -0.947598 0.319466 0
    outer loop
      vertex -150.279 79.3494 126
      vertex -150.208 79.56 130.4
      vertex -150.208 79.56 126
    endloop
  endfacet
  facet normal -0.947598 0.319466 0
    outer loop
      vertex -150.208 79.56 130.4
      vertex -150.279 79.3494 126
      vertex -150.279 79.3494 130.4
    endloop
  endfacet
  facet normal 0.947598 0.319466 0
    outer loop
      vertex -153.421 79.3494 130.4
      vertex -153.492 79.56 126
      vertex -153.492 79.56 130.4
    endloop
  endfacet
  facet normal 0.947598 0.319466 0
    outer loop
      vertex -153.492 79.56 126
      vertex -153.421 79.3494 130.4
      vertex -153.421 79.3494 126
    endloop
  endfacet
  facet normal -0.751016 -0.660284 0
    outer loop
      vertex -150.501 81.0349 126
      vertex -150.648 81.2021 130.4
      vertex -150.648 81.2021 126
    endloop
  endfacet
  facet normal -0.751016 -0.660284 0
    outer loop
      vertex -150.648 81.2021 130.4
      vertex -150.501 81.0349 126
      vertex -150.501 81.0349 130.4
    endloop
  endfacet
  facet normal 0.443245 -0.8964 0
    outer loop
      vertex -152.7 81.4722 126
      vertex -152.501 81.5706 130.4
      vertex -152.7 81.4722 130.4
    endloop
  endfacet
  facet normal 0.443245 -0.8964 0
    outer loop
      vertex -152.501 81.5706 130.4
      vertex -152.7 81.4722 126
      vertex -152.501 81.5706 126
    endloop
  endfacet
  facet normal 0.555219 0.831704 -0
    outer loop
      vertex -152.7 78.5278 126
      vertex -152.885 78.6513 130.4
      vertex -152.7 78.5278 130.4
    endloop
  endfacet
  facet normal 0.555219 0.831704 0
    outer loop
      vertex -152.885 78.6513 130.4
      vertex -152.7 78.5278 126
      vertex -152.885 78.6513 126
    endloop
  endfacet
  facet normal 0.751016 0.660284 0
    outer loop
      vertex -153.052 78.7979 130.4
      vertex -153.199 78.9651 126
      vertex -153.199 78.9651 130.4
    endloop
  endfacet
  facet normal 0.751016 0.660284 0
    outer loop
      vertex -153.199 78.9651 126
      vertex -153.052 78.7979 130.4
      vertex -153.052 78.7979 126
    endloop
  endfacet
  facet normal 0.320937 0.947101 -0
    outer loop
      vertex -152.29 78.3579 126
      vertex -152.501 78.4294 130.4
      vertex -152.29 78.3579 130.4
    endloop
  endfacet
  facet normal 0.320937 0.947101 0
    outer loop
      vertex -152.501 78.4294 130.4
      vertex -152.29 78.3579 126
      vertex -152.501 78.4294 126
    endloop
  endfacet
  facet normal 0.997723 -0.0674441 0
    outer loop
      vertex -153.55 80 130.4
      vertex -153.535 80.2219 126
      vertex -153.535 80.2219 130.4
    endloop
  endfacet
  facet normal 0.997723 -0.0674441 0
    outer loop
      vertex -153.535 80.2219 126
      vertex -153.55 80 130.4
      vertex -153.55 80 126
    endloop
  endfacet
  facet normal 0.947598 -0.319466 0
    outer loop
      vertex -153.492 80.44 130.4
      vertex -153.421 80.6506 126
      vertex -153.421 80.6506 130.4
    endloop
  endfacet
  facet normal 0.947598 -0.319466 0
    outer loop
      vertex -153.421 80.6506 126
      vertex -153.492 80.44 130.4
      vertex -153.492 80.44 126
    endloop
  endfacet
  facet normal -0.659714 0.751516 0
    outer loop
      vertex -150.648 78.7979 126
      vertex -150.815 78.6513 130.4
      vertex -150.648 78.7979 130.4
    endloop
  endfacet
  facet normal -0.659714 0.751516 0
    outer loop
      vertex -150.815 78.6513 130.4
      vertex -150.648 78.7979 126
      vertex -150.815 78.6513 126
    endloop
  endfacet
  facet normal -1 0 0
    outer loop
      vertex -173.85 34.6667 128
      vertex -173.85 38.6667 130.4
      vertex -173.85 38.6667 128
    endloop
  endfacet
  facet normal -1 -0 0
    outer loop
      vertex -173.85 38.6667 130.4
      vertex -173.85 34.6667 128
      vertex -173.85 34.6667 130.4
    endloop
  endfacet
  facet normal 1 -0 0
    outer loop
      vertex -193.85 34.6667 130.4
      vertex -193.85 38.6667 128
      vertex -193.85 38.6667 130.4
    endloop
  endfacet
  facet normal 1 0 0
    outer loop
      vertex -193.85 38.6667 128
      vertex -193.85 34.6667 130.4
      vertex -193.85 34.6667 128
    endloop
  endfacet
  facet normal 0 -1 0
    outer loop
      vertex -193.85 38.6667 128
      vertex -173.85 38.6667 130.4
      vertex -193.85 38.6667 130.4
    endloop
  endfacet
  facet normal 0 -1 -0
    outer loop
      vertex -173.85 38.6667 130.4
      vertex -193.85 38.6667 128
      vertex -173.85 38.6667 128
    endloop
  endfacet
  facet normal 0 1 -0
    outer loop
      vertex -173.85 34.6667 128
      vertex -193.85 34.6667 130.4
      vertex -173.85 34.6667 130.4
    endloop
  endfacet
  facet normal 0 1 0
    outer loop
      vertex -193.85 34.6667 130.4
      vertex -173.85 34.6667 128
      vertex -193.85 34.6667 128
    endloop
  endfacet
  facet normal -1 0 0
    outer loop
      vertex -145.85 34.6667 128
      vertex -145.85 38.6667 130.4
      vertex -145.85 38.6667 128
    endloop
  endfacet
  facet normal -1 -0 0
    outer loop
      vertex -145.85 38.6667 130.4
      vertex -145.85 34.6667 128
      vertex -145.85 34.6667 130.4
    endloop
  endfacet
  facet normal 1 -0 0
    outer loop
      vertex -165.85 34.6667 130.4
      vertex -165.85 38.6667 128
      vertex -165.85 38.6667 130.4
    endloop
  endfacet
  facet normal 1 0 0
    outer loop
      vertex -165.85 38.6667 128
      vertex -165.85 34.6667 130.4
      vertex -165.85 34.6667 128
    endloop
  endfacet
  facet normal 0 -1 0
    outer loop
      vertex -165.85 38.6667 128
      vertex -145.85 38.6667 130.4
      vertex -165.85 38.6667 130.4
    endloop
  endfacet
  facet normal 0 -1 -0
    outer loop
      vertex -145.85 38.6667 130.4
      vertex -165.85 38.6667 128
      vertex -145.85 38.6667 128
    endloop
  endfacet
  facet normal 0 1 -0
    outer loop
      vertex -145.85 34.6667 128
      vertex -165.85 34.6667 130.4
      vertex -145.85 34.6667 130.4
    endloop
  endfacet
  facet normal 0 1 0
    outer loop
      vertex -165.85 34.6667 130.4
      vertex -145.85 34.6667 128
      vertex -165.85 34.6667 128
    endloop
  endfacet
  facet normal 1 0 0
    outer loop
      vertex -142.45 -20 130.4
      vertex -142.45 -22.4 124
      vertex -142.45 -20 127
    endloop
  endfacet
  facet normal 1 0 0
    outer loop
      vertex -142.45 -20 130.4
      vertex -142.45 -46.4 124
      vertex -142.45 -22.4 124
    endloop
  endfacet
  facet normal 1 0 0
    outer loop
      vertex -142.45 -46.4 124
      vertex -142.45 -58 98
      vertex -142.45 -46.4 102
    endloop
  endfacet
  facet normal 1 -0 0
    outer loop
      vertex -142.45 -60.4 130.4
      vertex -142.45 -46.4 124
      vertex -142.45 -20 130.4
    endloop
  endfacet
  facet normal 1 0 0
    outer loop
      vertex -142.45 -60.4 130.4
      vertex -142.45 -58 98
      vertex -142.45 -46.4 124
    endloop
  endfacet
  facet normal 1 0 0
    outer loop
      vertex -142.45 -60.4 87.6
      vertex -142.45 -58 98
      vertex -142.45 -60.4 130.4
    endloop
  endfacet
  facet normal 1 0 0
    outer loop
      vertex -142.45 -58 98
      vertex -142.45 -60.4 87.6
      vertex -142.45 -58 87.6
    endloop
  endfacet
  facet normal 1 0 0
    outer loop
      vertex -142.45 86.4 130.4
      vertex -142.45 72.6667 124
      vertex -142.45 86.4 98
    endloop
  endfacet
  facet normal 1 0 0
    outer loop
      vertex -142.45 86.4 130.4
      vertex -142.45 48.6667 124
      vertex -142.45 72.6667 124
    endloop
  endfacet
  facet normal 1 0 0
    outer loop
      vertex -142.45 48.6667 124
      vertex -142.45 45.6667 101
      vertex -142.45 48.6667 102
    endloop
  endfacet
  facet normal 1 -0 0
    outer loop
      vertex -142.45 25.3333 124
      vertex -142.45 45.6667 101
      vertex -142.45 48.6667 124
    endloop
  endfacet
  facet normal 1 -0 0
    outer loop
      vertex -142.45 25.3333 102
      vertex -142.45 27.6667 101
      vertex -142.45 25.3333 124
    endloop
  endfacet
  facet normal 1 0 0
    outer loop
      vertex -142.45 45.6667 101
      vertex -142.45 25.3333 124
      vertex -142.45 27.6667 101
    endloop
  endfacet
  facet normal 1 -0 0
    outer loop
      vertex -142.45 2 130.4
      vertex -142.45 48.6667 124
      vertex -142.45 86.4 130.4
    endloop
  endfacet
  facet normal 1 0 0
    outer loop
      vertex -142.45 48.6667 124
      vertex -142.45 2 130.4
      vertex -142.45 25.3333 124
    endloop
  endfacet
  facet normal 1 -0 0
    outer loop
      vertex -142.45 2 127
      vertex -142.45 25.3333 124
      vertex -142.45 2 130.4
    endloop
  endfacet
  facet normal 1 0 0
    outer loop
      vertex -142.45 2 127
      vertex -142.45 1.33333 124
      vertex -142.45 25.3333 124
    endloop
  endfacet
  facet normal 1 0 0
    outer loop
      vertex -142.45 1.33333 124
      vertex -142.45 -1.66667 101
      vertex -142.45 1.33333 102
    endloop
  endfacet
  facet normal 1 -0 0
    outer loop
      vertex -142.45 -22.4 124
      vertex -142.45 -1.66667 101
      vertex -142.45 1.33333 124
    endloop
  endfacet
  facet normal 1 -0 0
    outer loop
      vertex -142.45 -20 127
      vertex -142.45 1.33333 124
      vertex -142.45 2 127
    endloop
  endfacet
  facet normal 1 0 0
    outer loop
      vertex -142.45 1.33333 124
      vertex -142.45 -20 127
      vertex -142.45 -22.4 124
    endloop
  endfacet
  facet normal 1 0 0
    outer loop
      vertex -142.45 -1.66667 101
      vertex -142.45 -22.4 124
      vertex -142.45 -19.6667 101
    endloop
  endfacet
  facet normal 1 0 0
    outer loop
      vertex -142.45 -19.6667 101
      vertex -142.45 -22.4 124
      vertex -142.45 -22.4 102
    endloop
  endfacet
  facet normal 1 0 0
    outer loop
      vertex -142.45 -19.6667 101
      vertex -142.45 -22.4 102
      vertex -142.45 -19.6667 98
    endloop
  endfacet
  facet normal 1 -0 0
    outer loop
      vertex -142.45 -46.4 102
      vertex -142.45 -19.6667 98
      vertex -142.45 -22.4 102
    endloop
  endfacet
  facet normal 1 0 0
    outer loop
      vertex -142.45 -19.6667 98
      vertex -142.45 -46.4 102
      vertex -142.45 -58 98
    endloop
  endfacet
  facet normal 1 -0 0
    outer loop
      vertex -142.45 72.6667 102
      vertex -142.45 86.4 98
      vertex -142.45 72.6667 124
    endloop
  endfacet
  facet normal 1 0 0
    outer loop
      vertex -142.45 45.6667 98
      vertex -142.45 72.6667 102
      vertex -142.45 48.6667 102
    endloop
  endfacet
  facet normal 1 0 0
    outer loop
      vertex -142.45 45.6667 98
      vertex -142.45 48.6667 102
      vertex -142.45 45.6667 101
    endloop
  endfacet
  facet normal 1 0 0
    outer loop
      vertex -142.45 72.6667 102
      vertex -142.45 45.6667 98
      vertex -142.45 86.4 98
    endloop
  endfacet
  facet normal 1 0 0
    outer loop
      vertex -142.45 27.6667 101
      vertex -142.45 25.3333 102
      vertex -142.45 27.6667 98
    endloop
  endfacet
  facet normal 1 -0 0
    outer loop
      vertex -142.45 1.33333 102
      vertex -142.45 27.6667 98
      vertex -142.45 25.3333 102
    endloop
  endfacet
  facet normal 1 0 0
    outer loop
      vertex -142.45 -1.66667 98
      vertex -142.45 1.33333 102
      vertex -142.45 -1.66667 101
    endloop
  endfacet
  facet normal 1 0 0
    outer loop
      vertex -142.45 1.33333 102
      vertex -142.45 -1.66667 98
      vertex -142.45 27.6667 98
    endloop
  endfacet
  facet normal 0 0 1
    outer loop
      vertex -142.45 86.4 130.4
      vertex -145.85 38.6667 130.4
      vertex -142.45 2 130.4
    endloop
  endfacet
  facet normal 0 0 1
    outer loop
      vertex -150.165 79.7781 130.4
      vertex -142.45 86.4 130.4
      vertex -150.15 80 130.4
    endloop
  endfacet
  facet normal 0 0 1
    outer loop
      vertex -142.45 86.4 130.4
      vertex -150.165 80.2219 130.4
      vertex -150.15 80 130.4
    endloop
  endfacet
  facet normal 0 0 1
    outer loop
      vertex -142.45 86.4 130.4
      vertex -150.208 80.44 130.4
      vertex -150.165 80.2219 130.4
    endloop
  endfacet
  facet normal 0 0 1
    outer loop
      vertex -142.45 86.4 130.4
      vertex -150.279 80.6506 130.4
      vertex -150.208 80.44 130.4
    endloop
  endfacet
  facet normal 0 0 1
    outer loop
      vertex -142.45 86.4 130.4
      vertex -150.378 80.85 130.4
      vertex -150.279 80.6506 130.4
    endloop
  endfacet
  facet normal 0 0 1
    outer loop
      vertex -142.45 86.4 130.4
      vertex -150.501 81.0349 130.4
      vertex -150.378 80.85 130.4
    endloop
  endfacet
  facet normal 0 0 1
    outer loop
      vertex -142.45 86.4 130.4
      vertex -150.648 81.2021 130.4
      vertex -150.501 81.0349 130.4
    endloop
  endfacet
  facet normal 0 0 1
    outer loop
      vertex -142.45 86.4 130.4
      vertex -150.815 81.3487 130.4
      vertex -150.648 81.2021 130.4
    endloop
  endfacet
  facet normal 0 0 1
    outer loop
      vertex -142.45 86.4 130.4
      vertex -151 81.4722 130.4
      vertex -150.815 81.3487 130.4
    endloop
  endfacet
  facet normal 0 0 1
    outer loop
      vertex -142.45 86.4 130.4
      vertex -151.199 81.5706 130.4
      vertex -151 81.4722 130.4
    endloop
  endfacet
  facet normal 0 0 1
    outer loop
      vertex -142.45 86.4 130.4
      vertex -151.41 81.6421 130.4
      vertex -151.199 81.5706 130.4
    endloop
  endfacet
  facet normal 0 0 1
    outer loop
      vertex -142.45 86.4 130.4
      vertex -151.628 81.6855 130.4
      vertex -151.41 81.6421 130.4
    endloop
  endfacet
  facet normal 0 0 1
    outer loop
      vertex -142.45 86.4 130.4
      vertex -151.85 81.7 130.4
      vertex -151.628 81.6855 130.4
    endloop
  endfacet
  facet normal 0 0 1
    outer loop
      vertex -142.45 86.4 130.4
      vertex -152.072 81.6855 130.4
      vertex -151.85 81.7 130.4
    endloop
  endfacet
  facet normal 0 0 1
    outer loop
      vertex -142.45 86.4 130.4
      vertex -152.29 81.6421 130.4
      vertex -152.072 81.6855 130.4
    endloop
  endfacet
  facet normal 0 0 1
    outer loop
      vertex -142.45 86.4 130.4
      vertex -152.501 81.5706 130.4
      vertex -152.29 81.6421 130.4
    endloop
  endfacet
  facet normal 0 0 1
    outer loop
      vertex -186.15 80 130.4
      vertex -153.55 80 130.4
      vertex -153.535 80.2219 130.4
    endloop
  endfacet
  facet normal 0 0 1
    outer loop
      vertex -186.165 80.2219 130.4
      vertex -153.535 80.2219 130.4
      vertex -153.492 80.44 130.4
    endloop
  endfacet
  facet normal 0 0 1
    outer loop
      vertex -165.85 38.6667 130.4
      vertex -173.85 38.6667 130.4
      vertex -165.85 34.6667 130.4
    endloop
  endfacet
  facet normal 0 0 1
    outer loop
      vertex -153.55 80 130.4
      vertex -186.648 78.7979 130.4
      vertex -165.85 38.6667 130.4
    endloop
  endfacet
  facet normal 0 0 1
    outer loop
      vertex -186.208 80.44 130.4
      vertex -153.492 80.44 130.4
      vertex -153.421 80.6506 130.4
    endloop
  endfacet
  facet normal 0 0 1
    outer loop
      vertex -153.55 80 130.4
      vertex -186.15 80 130.4
      vertex -186.165 79.7781 130.4
    endloop
  endfacet
  facet normal 0 0 1
    outer loop
      vertex -186.279 80.6506 130.4
      vertex -153.421 80.6506 130.4
      vertex -153.322 80.85 130.4
    endloop
  endfacet
  facet normal 0 0 1
    outer loop
      vertex -186.378 80.85 130.4
      vertex -153.322 80.85 130.4
      vertex -153.199 81.0349 130.4
    endloop
  endfacet
  facet normal 0 0 1
    outer loop
      vertex -186.501 81.0349 130.4
      vertex -153.199 81.0349 130.4
      vertex -153.052 81.2021 130.4
    endloop
  endfacet
  facet normal 0 0 1
    outer loop
      vertex -186.648 81.2021 130.4
      vertex -153.052 81.2021 130.4
      vertex -152.885 81.3487 130.4
    endloop
  endfacet
  facet normal 0 0 1
    outer loop
      vertex -186.815 81.3487 130.4
      vertex -152.885 81.3487 130.4
      vertex -152.7 81.4722 130.4
    endloop
  endfacet
  facet normal 0 0 1
    outer loop
      vertex -187 81.4722 130.4
      vertex -152.7 81.4722 130.4
      vertex -152.501 81.5706 130.4
    endloop
  endfacet
  facet normal 0 0 1
    outer loop
      vertex -187.199 81.5706 130.4
      vertex -152.501 81.5706 130.4
      vertex -142.45 86.4 130.4
    endloop
  endfacet
  facet normal 0 0 1
    outer loop
      vertex -153.535 80.2219 130.4
      vertex -186.165 80.2219 130.4
      vertex -186.15 80 130.4
    endloop
  endfacet
  facet normal 0 0 1
    outer loop
      vertex -153.492 80.44 130.4
      vertex -186.208 80.44 130.4
      vertex -186.165 80.2219 130.4
    endloop
  endfacet
  facet normal 0 0 1
    outer loop
      vertex -153.421 80.6506 130.4
      vertex -186.279 80.6506 130.4
      vertex -186.208 80.44 130.4
    endloop
  endfacet
  facet normal 0 0 1
    outer loop
      vertex -153.322 80.85 130.4
      vertex -186.378 80.85 130.4
      vertex -186.279 80.6506 130.4
    endloop
  endfacet
  facet normal 0 0 1
    outer loop
      vertex -153.199 81.0349 130.4
      vertex -186.501 81.0349 130.4
      vertex -186.378 80.85 130.4
    endloop
  endfacet
  facet normal 0 0 1
    outer loop
      vertex -153.052 81.2021 130.4
      vertex -186.648 81.2021 130.4
      vertex -186.501 81.0349 130.4
    endloop
  endfacet
  facet normal 0 0 1
    outer loop
      vertex -152.885 81.3487 130.4
      vertex -186.815 81.3487 130.4
      vertex -186.648 81.2021 130.4
    endloop
  endfacet
  facet normal 0 0 1
    outer loop
      vertex -152.7 81.4722 130.4
      vertex -187 81.4722 130.4
      vertex -186.815 81.3487 130.4
    endloop
  endfacet
  facet normal 0 0 1
    outer loop
      vertex -152.501 81.5706 130.4
      vertex -187.199 81.5706 130.4
      vertex -187 81.4722 130.4
    endloop
  endfacet
  facet normal -0 0 1
    outer loop
      vertex -197.25 86.4 130.4
      vertex -187.199 81.5706 130.4
      vertex -142.45 86.4 130.4
    endloop
  endfacet
  facet normal 0 0 1
    outer loop
      vertex -187.199 81.5706 130.4
      vertex -197.25 86.4 130.4
      vertex -187.41 81.6421 130.4
    endloop
  endfacet
  facet normal 0 0 1
    outer loop
      vertex -187.41 81.6421 130.4
      vertex -197.25 86.4 130.4
      vertex -187.628 81.6855 130.4
    endloop
  endfacet
  facet normal 0 0 1
    outer loop
      vertex -187.628 81.6855 130.4
      vertex -197.25 86.4 130.4
      vertex -187.85 81.7 130.4
    endloop
  endfacet
  facet normal 0 0 1
    outer loop
      vertex -197.25 86.4 130.4
      vertex -189.55 80 130.4
      vertex -189.535 80.2219 130.4
    endloop
  endfacet
  facet normal 0 0 1
    outer loop
      vertex -197.25 2 130.4
      vertex -193.85 38.6667 130.4
      vertex -197.25 86.4 130.4
    endloop
  endfacet
  facet normal 0 0 1
    outer loop
      vertex -189.55 80 130.4
      vertex -197.25 86.4 130.4
      vertex -193.85 38.6667 130.4
    endloop
  endfacet
  facet normal 0 0 1
    outer loop
      vertex -189.492 80.44 130.4
      vertex -197.25 86.4 130.4
      vertex -189.535 80.2219 130.4
    endloop
  endfacet
  facet normal 0 0 1
    outer loop
      vertex -189.421 80.6506 130.4
      vertex -197.25 86.4 130.4
      vertex -189.492 80.44 130.4
    endloop
  endfacet
  facet normal 0 0 1
    outer loop
      vertex -189.322 80.85 130.4
      vertex -197.25 86.4 130.4
      vertex -189.421 80.6506 130.4
    endloop
  endfacet
  facet normal 0 0 1
    outer loop
      vertex -189.199 81.0349 130.4
      vertex -197.25 86.4 130.4
      vertex -189.322 80.85 130.4
    endloop
  endfacet
  facet normal 0 0 1
    outer loop
      vertex -189.052 81.2021 130.4
      vertex -197.25 86.4 130.4
      vertex -189.199 81.0349 130.4
    endloop
  endfacet
  facet normal 0 0 1
    outer loop
      vertex -188.885 81.3487 130.4
      vertex -197.25 86.4 130.4
      vertex -189.052 81.2021 130.4
    endloop
  endfacet
  facet normal 0 0 1
    outer loop
      vertex -188.7 81.4722 130.4
      vertex -197.25 86.4 130.4
      vertex -188.885 81.3487 130.4
    endloop
  endfacet
  facet normal 0 0 1
    outer loop
      vertex -188.501 81.5706 130.4
      vertex -197.25 86.4 130.4
      vertex -188.7 81.4722 130.4
    endloop
  endfacet
  facet normal 0 0 1
    outer loop
      vertex -188.29 81.6421 130.4
      vertex -197.25 86.4 130.4
      vertex -188.501 81.5706 130.4
    endloop
  endfacet
  facet normal 0 0 1
    outer loop
      vertex -188.072 81.6855 130.4
      vertex -197.25 86.4 130.4
      vertex -188.29 81.6421 130.4
    endloop
  endfacet
  facet normal 0 0 1
    outer loop
      vertex -187.85 81.7 130.4
      vertex -197.25 86.4 130.4
      vertex -188.072 81.6855 130.4
    endloop
  endfacet
  facet normal -0 0 1
    outer loop
      vertex -145.85 34.6667 130.4
      vertex -142.45 2 130.4
      vertex -145.85 38.6667 130.4
    endloop
  endfacet
  facet normal -0 0 1
    outer loop
      vertex -165.85 34.6667 130.4
      vertex -142.45 2 130.4
      vertex -145.85 34.6667 130.4
    endloop
  endfacet
  facet normal 0 0 1
    outer loop
      vertex -173.85 34.6667 130.4
      vertex -165.85 34.6667 130.4
      vertex -173.85 38.6667 130.4
    endloop
  endfacet
  facet normal 0 0 1
    outer loop
      vertex -165.85 34.6667 130.4
      vertex -173.85 34.6667 130.4
      vertex -142.45 2 130.4
    endloop
  endfacet
  facet normal 0 0 1
    outer loop
      vertex -197.25 2 130.4
      vertex -173.85 34.6667 130.4
      vertex -193.85 34.6667 130.4
    endloop
  endfacet
  facet normal 0 0 1
    outer loop
      vertex -173.85 34.6667 130.4
      vertex -197.25 2 130.4
      vertex -142.45 2 130.4
    endloop
  endfacet
  facet normal 0 0 1
    outer loop
      vertex -193.85 38.6667 130.4
      vertex -197.25 2 130.4
      vertex -193.85 34.6667 130.4
    endloop
  endfacet
  facet normal 0 0 1
    outer loop
      vertex -150.208 79.56 130.4
      vertex -142.45 86.4 130.4
      vertex -150.165 79.7781 130.4
    endloop
  endfacet
  facet normal 0 0 1
    outer loop
      vertex -150.279 79.3494 130.4
      vertex -142.45 86.4 130.4
      vertex -150.208 79.56 130.4
    endloop
  endfacet
  facet normal 0 0 1
    outer loop
      vertex -150.378 79.15 130.4
      vertex -142.45 86.4 130.4
      vertex -150.279 79.3494 130.4
    endloop
  endfacet
  facet normal 0 0 1
    outer loop
      vertex -150.501 78.9651 130.4
      vertex -142.45 86.4 130.4
      vertex -150.378 79.15 130.4
    endloop
  endfacet
  facet normal 0 0 1
    outer loop
      vertex -142.45 86.4 130.4
      vertex -150.501 78.9651 130.4
      vertex -145.85 38.6667 130.4
    endloop
  endfacet
  facet normal -0 0 1
    outer loop
      vertex -150.648 78.7979 130.4
      vertex -145.85 38.6667 130.4
      vertex -150.501 78.9651 130.4
    endloop
  endfacet
  facet normal -0 0 1
    outer loop
      vertex -150.815 78.6513 130.4
      vertex -145.85 38.6667 130.4
      vertex -150.648 78.7979 130.4
    endloop
  endfacet
  facet normal -0 0 1
    outer loop
      vertex -151 78.5278 130.4
      vertex -145.85 38.6667 130.4
      vertex -150.815 78.6513 130.4
    endloop
  endfacet
  facet normal -0 0 1
    outer loop
      vertex -151.199 78.4294 130.4
      vertex -145.85 38.6667 130.4
      vertex -151 78.5278 130.4
    endloop
  endfacet
  facet normal -0 0 1
    outer loop
      vertex -151.41 78.3579 130.4
      vertex -145.85 38.6667 130.4
      vertex -151.199 78.4294 130.4
    endloop
  endfacet
  facet normal -0 0 1
    outer loop
      vertex -151.628 78.3145 130.4
      vertex -145.85 38.6667 130.4
      vertex -151.41 78.3579 130.4
    endloop
  endfacet
  facet normal -0 0 1
    outer loop
      vertex -151.85 78.3 130.4
      vertex -145.85 38.6667 130.4
      vertex -151.628 78.3145 130.4
    endloop
  endfacet
  facet normal 0 0 1
    outer loop
      vertex -152.072 78.3145 130.4
      vertex -145.85 38.6667 130.4
      vertex -151.85 78.3 130.4
    endloop
  endfacet
  facet normal 0 0 1
    outer loop
      vertex -165.85 38.6667 130.4
      vertex -152.072 78.3145 130.4
      vertex -152.29 78.3579 130.4
    endloop
  endfacet
  facet normal 0 0 1
    outer loop
      vertex -165.85 38.6667 130.4
      vertex -152.29 78.3579 130.4
      vertex -152.501 78.4294 130.4
    endloop
  endfacet
  facet normal 0 0 1
    outer loop
      vertex -165.85 38.6667 130.4
      vertex -152.501 78.4294 130.4
      vertex -152.7 78.5278 130.4
    endloop
  endfacet
  facet normal 0 0 1
    outer loop
      vertex -165.85 38.6667 130.4
      vertex -152.7 78.5278 130.4
      vertex -152.885 78.6513 130.4
    endloop
  endfacet
  facet normal 0 0 1
    outer loop
      vertex -165.85 38.6667 130.4
      vertex -152.885 78.6513 130.4
      vertex -153.052 78.7979 130.4
    endloop
  endfacet
  facet normal 0 0 1
    outer loop
      vertex -165.85 38.6667 130.4
      vertex -153.052 78.7979 130.4
      vertex -153.199 78.9651 130.4
    endloop
  endfacet
  facet normal 0 0 1
    outer loop
      vertex -165.85 38.6667 130.4
      vertex -153.199 78.9651 130.4
      vertex -153.322 79.15 130.4
    endloop
  endfacet
  facet normal 0 0 1
    outer loop
      vertex -165.85 38.6667 130.4
      vertex -153.322 79.15 130.4
      vertex -153.421 79.3494 130.4
    endloop
  endfacet
  facet normal 0 0 1
    outer loop
      vertex -165.85 38.6667 130.4
      vertex -153.421 79.3494 130.4
      vertex -153.492 79.56 130.4
    endloop
  endfacet
  facet normal 0 0 1
    outer loop
      vertex -165.85 38.6667 130.4
      vertex -153.492 79.56 130.4
      vertex -153.535 79.7781 130.4
    endloop
  endfacet
  facet normal 0 0 1
    outer loop
      vertex -152.072 78.3145 130.4
      vertex -165.85 38.6667 130.4
      vertex -145.85 38.6667 130.4
    endloop
  endfacet
  facet normal 0 0 1
    outer loop
      vertex -165.85 38.6667 130.4
      vertex -153.535 79.7781 130.4
      vertex -153.55 80 130.4
    endloop
  endfacet
  facet normal 0 0 1
    outer loop
      vertex -153.55 80 130.4
      vertex -186.165 79.7781 130.4
      vertex -186.208 79.56 130.4
    endloop
  endfacet
  facet normal 0 0 1
    outer loop
      vertex -153.55 80 130.4
      vertex -186.208 79.56 130.4
      vertex -186.279 79.3494 130.4
    endloop
  endfacet
  facet normal 0 0 1
    outer loop
      vertex -153.55 80 130.4
      vertex -186.279 79.3494 130.4
      vertex -186.378 79.15 130.4
    endloop
  endfacet
  facet normal 0 0 1
    outer loop
      vertex -153.55 80 130.4
      vertex -186.378 79.15 130.4
      vertex -186.501 78.9651 130.4
    endloop
  endfacet
  facet normal 0 0 1
    outer loop
      vertex -153.55 80 130.4
      vertex -186.501 78.9651 130.4
      vertex -186.648 78.7979 130.4
    endloop
  endfacet
  facet normal 0 0 1
    outer loop
      vertex -165.85 38.6667 130.4
      vertex -186.648 78.7979 130.4
      vertex -173.85 38.6667 130.4
    endloop
  endfacet
  facet normal -0 0 1
    outer loop
      vertex -186.815 78.6513 130.4
      vertex -173.85 38.6667 130.4
      vertex -186.648 78.7979 130.4
    endloop
  endfacet
  facet normal -0 0 1
    outer loop
      vertex -187 78.5278 130.4
      vertex -173.85 38.6667 130.4
      vertex -186.815 78.6513 130.4
    endloop
  endfacet
  facet normal -0 0 1
    outer loop
      vertex -187.199 78.4294 130.4
      vertex -173.85 38.6667 130.4
      vertex -187 78.5278 130.4
    endloop
  endfacet
  facet normal -0 0 1
    outer loop
      vertex -187.41 78.3579 130.4
      vertex -173.85 38.6667 130.4
      vertex -187.199 78.4294 130.4
    endloop
  endfacet
  facet normal -0 0 1
    outer loop
      vertex -187.628 78.3145 130.4
      vertex -173.85 38.6667 130.4
      vertex -187.41 78.3579 130.4
    endloop
  endfacet
  facet normal 0 0 1
    outer loop
      vertex -193.85 38.6667 130.4
      vertex -187.628 78.3145 130.4
      vertex -187.85 78.3 130.4
    endloop
  endfacet
  facet normal 0 0 1
    outer loop
      vertex -193.85 38.6667 130.4
      vertex -187.85 78.3 130.4
      vertex -188.072 78.3145 130.4
    endloop
  endfacet
  facet normal 0 0 1
    outer loop
      vertex -193.85 38.6667 130.4
      vertex -188.072 78.3145 130.4
      vertex -188.29 78.3579 130.4
    endloop
  endfacet
  facet normal 0 0 1
    outer loop
      vertex -193.85 38.6667 130.4
      vertex -188.29 78.3579 130.4
      vertex -188.501 78.4294 130.4
    endloop
  endfacet
  facet normal 0 0 1
    outer loop
      vertex -193.85 38.6667 130.4
      vertex -188.501 78.4294 130.4
      vertex -188.7 78.5278 130.4
    endloop
  endfacet
  facet normal 0 0 1
    outer loop
      vertex -193.85 38.6667 130.4
      vertex -188.7 78.5278 130.4
      vertex -188.885 78.6513 130.4
    endloop
  endfacet
  facet normal 0 0 1
    outer loop
      vertex -193.85 38.6667 130.4
      vertex -188.885 78.6513 130.4
      vertex -189.052 78.7979 130.4
    endloop
  endfacet
  facet normal 0 0 1
    outer loop
      vertex -193.85 38.6667 130.4
      vertex -189.052 78.7979 130.4
      vertex -189.199 78.9651 130.4
    endloop
  endfacet
  facet normal 0 0 1
    outer loop
      vertex -193.85 38.6667 130.4
      vertex -189.199 78.9651 130.4
      vertex -189.322 79.15 130.4
    endloop
  endfacet
  facet normal 0 0 1
    outer loop
      vertex -193.85 38.6667 130.4
      vertex -189.322 79.15 130.4
      vertex -189.421 79.3494 130.4
    endloop
  endfacet
  facet normal 0 0 1
    outer loop
      vertex -187.628 78.3145 130.4
      vertex -193.85 38.6667 130.4
      vertex -173.85 38.6667 130.4
    endloop
  endfacet
  facet normal 0 0 1
    outer loop
      vertex -189.492 79.56 130.4
      vertex -193.85 38.6667 130.4
      vertex -189.421 79.3494 130.4
    endloop
  endfacet
  facet normal 0 0 1
    outer loop
      vertex -189.535 79.7781 130.4
      vertex -193.85 38.6667 130.4
      vertex -189.492 79.56 130.4
    endloop
  endfacet
  facet normal 0 0 1
    outer loop
      vertex -193.85 38.6667 130.4
      vertex -189.535 79.7781 130.4
      vertex -189.55 80 130.4
    endloop
  endfacet
  facet normal -0 0 1
    outer loop
      vertex -150.279 -49.3494 130.4
      vertex -142.45 -60.4 130.4
      vertex -142.45 -20 130.4
    endloop
  endfacet
  facet normal 0 0 1
    outer loop
      vertex -142.45 -60.4 130.4
      vertex -150.165 -49.7781 130.4
      vertex -150.15 -50 130.4
    endloop
  endfacet
  facet normal 0 0 1
    outer loop
      vertex -142.45 -60.4 130.4
      vertex -150.208 -49.56 130.4
      vertex -150.165 -49.7781 130.4
    endloop
  endfacet
  facet normal 0 0 1
    outer loop
      vertex -142.45 -60.4 130.4
      vertex -150.279 -49.3494 130.4
      vertex -150.208 -49.56 130.4
    endloop
  endfacet
  facet normal 0 0 1
    outer loop
      vertex -142.45 -20 130.4
      vertex -150.378 -49.15 130.4
      vertex -150.279 -49.3494 130.4
    endloop
  endfacet
  facet normal 0 0 1
    outer loop
      vertex -142.45 -20 130.4
      vertex -150.501 -48.9651 130.4
      vertex -150.378 -49.15 130.4
    endloop
  endfacet
  facet normal 0 0 1
    outer loop
      vertex -142.45 -20 130.4
      vertex -150.648 -48.7979 130.4
      vertex -150.501 -48.9651 130.4
    endloop
  endfacet
  facet normal 0 0 1
    outer loop
      vertex -142.45 -20 130.4
      vertex -150.815 -48.6513 130.4
      vertex -150.648 -48.7979 130.4
    endloop
  endfacet
  facet normal 0 0 1
    outer loop
      vertex -142.45 -20 130.4
      vertex -151 -48.5278 130.4
      vertex -150.815 -48.6513 130.4
    endloop
  endfacet
  facet normal 0 0 1
    outer loop
      vertex -142.45 -20 130.4
      vertex -151.199 -48.4294 130.4
      vertex -151 -48.5278 130.4
    endloop
  endfacet
  facet normal 0 0 1
    outer loop
      vertex -142.45 -20 130.4
      vertex -151.41 -48.3579 130.4
      vertex -151.199 -48.4294 130.4
    endloop
  endfacet
  facet normal 0 0 1
    outer loop
      vertex -142.45 -20 130.4
      vertex -151.628 -48.3145 130.4
      vertex -151.41 -48.3579 130.4
    endloop
  endfacet
  facet normal 0 0 1
    outer loop
      vertex -142.45 -20 130.4
      vertex -151.85 -48.3 130.4
      vertex -151.628 -48.3145 130.4
    endloop
  endfacet
  facet normal 0 0 1
    outer loop
      vertex -142.45 -20 130.4
      vertex -152.072 -48.3145 130.4
      vertex -151.85 -48.3 130.4
    endloop
  endfacet
  facet normal 0 0 1
    outer loop
      vertex -142.45 -20 130.4
      vertex -152.29 -48.3579 130.4
      vertex -152.072 -48.3145 130.4
    endloop
  endfacet
  facet normal 0 0 1
    outer loop
      vertex -142.45 -20 130.4
      vertex -152.501 -48.4294 130.4
      vertex -152.29 -48.3579 130.4
    endloop
  endfacet
  facet normal 0 0 1
    outer loop
      vertex -142.45 -20 130.4
      vertex -152.7 -48.5278 130.4
      vertex -152.501 -48.4294 130.4
    endloop
  endfacet
  facet normal 0 0 1
    outer loop
      vertex -142.45 -20 130.4
      vertex -152.885 -48.6513 130.4
      vertex -152.7 -48.5278 130.4
    endloop
  endfacet
  facet normal 0 0 1
    outer loop
      vertex -186.815 -48.6513 130.4
      vertex -152.885 -48.6513 130.4
      vertex -142.45 -20 130.4
    endloop
  endfacet
  facet normal 0 0 1
    outer loop
      vertex -152.885 -48.6513 130.4
      vertex -186.815 -48.6513 130.4
      vertex -153.052 -48.7979 130.4
    endloop
  endfacet
  facet normal 0 -0 1
    outer loop
      vertex -186.648 -48.7979 130.4
      vertex -153.052 -48.7979 130.4
      vertex -186.815 -48.6513 130.4
    endloop
  endfacet
  facet normal 0 0 1
    outer loop
      vertex -153.052 -48.7979 130.4
      vertex -186.648 -48.7979 130.4
      vertex -153.199 -48.9651 130.4
    endloop
  endfacet
  facet normal 0 0 1
    outer loop
      vertex -153.535 -49.7781 130.4
      vertex -186.15 -50 130.4
      vertex -153.55 -50 130.4
    endloop
  endfacet
  facet normal 0 0 1
    outer loop
      vertex -186.165 -49.7781 130.4
      vertex -153.535 -49.7781 130.4
      vertex -153.492 -49.56 130.4
    endloop
  endfacet
  facet normal 0 0 1
    outer loop
      vertex -186.208 -49.56 130.4
      vertex -153.492 -49.56 130.4
      vertex -153.421 -49.3494 130.4
    endloop
  endfacet
  facet normal 0 -0 1
    outer loop
      vertex -186.501 -48.9651 130.4
      vertex -153.199 -48.9651 130.4
      vertex -186.648 -48.7979 130.4
    endloop
  endfacet
  facet normal 0 0 1
    outer loop
      vertex -153.535 -49.7781 130.4
      vertex -186.165 -49.7781 130.4
      vertex -186.15 -50 130.4
    endloop
  endfacet
  facet normal 0 0 1
    outer loop
      vertex -153.492 -49.56 130.4
      vertex -186.208 -49.56 130.4
      vertex -186.165 -49.7781 130.4
    endloop
  endfacet
  facet normal 0 0 1
    outer loop
      vertex -153.421 -49.3494 130.4
      vertex -186.279 -49.3494 130.4
      vertex -186.208 -49.56 130.4
    endloop
  endfacet
  facet normal 0 0 1
    outer loop
      vertex -153.421 -49.3494 130.4
      vertex -186.378 -49.15 130.4
      vertex -186.279 -49.3494 130.4
    endloop
  endfacet
  facet normal 0 0 1
    outer loop
      vertex -153.322 -49.15 130.4
      vertex -186.378 -49.15 130.4
      vertex -153.421 -49.3494 130.4
    endloop
  endfacet
  facet normal 0 -0 1
    outer loop
      vertex -186.378 -49.15 130.4
      vertex -153.322 -49.15 130.4
      vertex -186.501 -48.9651 130.4
    endloop
  endfacet
  facet normal 0 0 1
    outer loop
      vertex -153.199 -48.9651 130.4
      vertex -186.501 -48.9651 130.4
      vertex -153.322 -49.15 130.4
    endloop
  endfacet
  facet normal -0 0 1
    outer loop
      vertex -197.25 -20 130.4
      vertex -186.815 -48.6513 130.4
      vertex -142.45 -20 130.4
    endloop
  endfacet
  facet normal 0 0 1
    outer loop
      vertex -186.815 -48.6513 130.4
      vertex -197.25 -20 130.4
      vertex -187 -48.5278 130.4
    endloop
  endfacet
  facet normal 0 0 1
    outer loop
      vertex -187 -48.5278 130.4
      vertex -197.25 -20 130.4
      vertex -187.199 -48.4294 130.4
    endloop
  endfacet
  facet normal 0 0 1
    outer loop
      vertex -187.199 -48.4294 130.4
      vertex -197.25 -20 130.4
      vertex -187.41 -48.3579 130.4
    endloop
  endfacet
  facet normal 0 0 1
    outer loop
      vertex -187.41 -48.3579 130.4
      vertex -197.25 -20 130.4
      vertex -187.628 -48.3145 130.4
    endloop
  endfacet
  facet normal 0 0 1
    outer loop
      vertex -187.628 -48.3145 130.4
      vertex -197.25 -20 130.4
      vertex -187.85 -48.3 130.4
    endloop
  endfacet
  facet normal 0 0 1
    outer loop
      vertex -187.85 -48.3 130.4
      vertex -197.25 -20 130.4
      vertex -188.072 -48.3145 130.4
    endloop
  endfacet
  facet normal 0 0 1
    outer loop
      vertex -188.072 -48.3145 130.4
      vertex -197.25 -20 130.4
      vertex -188.29 -48.3579 130.4
    endloop
  endfacet
  facet normal 0 0 1
    outer loop
      vertex -188.29 -48.3579 130.4
      vertex -197.25 -20 130.4
      vertex -188.501 -48.4294 130.4
    endloop
  endfacet
  facet normal 0 0 1
    outer loop
      vertex -189.492 -49.56 130.4
      vertex -197.25 -60.4 130.4
      vertex -189.535 -49.7781 130.4
    endloop
  endfacet
  facet normal 0 0 1
    outer loop
      vertex -189.421 -49.3494 130.4
      vertex -197.25 -60.4 130.4
      vertex -189.492 -49.56 130.4
    endloop
  endfacet
  facet normal 0 0 1
    outer loop
      vertex -197.25 -60.4 130.4
      vertex -189.421 -49.3494 130.4
      vertex -197.25 -20 130.4
    endloop
  endfacet
  facet normal 0 0 1
    outer loop
      vertex -189.322 -49.15 130.4
      vertex -197.25 -20 130.4
      vertex -189.421 -49.3494 130.4
    endloop
  endfacet
  facet normal 0 0 1
    outer loop
      vertex -189.199 -48.9651 130.4
      vertex -197.25 -20 130.4
      vertex -189.322 -49.15 130.4
    endloop
  endfacet
  facet normal 0 0 1
    outer loop
      vertex -189.052 -48.7979 130.4
      vertex -197.25 -20 130.4
      vertex -189.199 -48.9651 130.4
    endloop
  endfacet
  facet normal 0 0 1
    outer loop
      vertex -188.885 -48.6513 130.4
      vertex -197.25 -20 130.4
      vertex -189.052 -48.7979 130.4
    endloop
  endfacet
  facet normal 0 0 1
    outer loop
      vertex -188.7 -48.5278 130.4
      vertex -197.25 -20 130.4
      vertex -188.885 -48.6513 130.4
    endloop
  endfacet
  facet normal 0 0 1
    outer loop
      vertex -188.501 -48.4294 130.4
      vertex -197.25 -20 130.4
      vertex -188.7 -48.5278 130.4
    endloop
  endfacet
  facet normal -0 0 1
    outer loop
      vertex -150.165 -50.2219 130.4
      vertex -142.45 -60.4 130.4
      vertex -150.15 -50 130.4
    endloop
  endfacet
  facet normal -0 0 1
    outer loop
      vertex -150.208 -50.44 130.4
      vertex -142.45 -60.4 130.4
      vertex -150.165 -50.2219 130.4
    endloop
  endfacet
  facet normal -0 0 1
    outer loop
      vertex -150.279 -50.6506 130.4
      vertex -142.45 -60.4 130.4
      vertex -150.208 -50.44 130.4
    endloop
  endfacet
  facet normal -0 0 1
    outer loop
      vertex -150.378 -50.85 130.4
      vertex -142.45 -60.4 130.4
      vertex -150.279 -50.6506 130.4
    endloop
  endfacet
  facet normal -0 0 1
    outer loop
      vertex -150.501 -51.0349 130.4
      vertex -142.45 -60.4 130.4
      vertex -150.378 -50.85 130.4
    endloop
  endfacet
  facet normal -0 0 1
    outer loop
      vertex -150.648 -51.2021 130.4
      vertex -142.45 -60.4 130.4
      vertex -150.501 -51.0349 130.4
    endloop
  endfacet
  facet normal -0 0 1
    outer loop
      vertex -150.815 -51.3487 130.4
      vertex -142.45 -60.4 130.4
      vertex -150.648 -51.2021 130.4
    endloop
  endfacet
  facet normal -0 0 1
    outer loop
      vertex -151 -51.4722 130.4
      vertex -142.45 -60.4 130.4
      vertex -150.815 -51.3487 130.4
    endloop
  endfacet
  facet normal -0 0 1
    outer loop
      vertex -151.199 -51.5706 130.4
      vertex -142.45 -60.4 130.4
      vertex -151 -51.4722 130.4
    endloop
  endfacet
  facet normal -0 0 1
    outer loop
      vertex -151.41 -51.6421 130.4
      vertex -142.45 -60.4 130.4
      vertex -151.199 -51.5706 130.4
    endloop
  endfacet
  facet normal -0 0 1
    outer loop
      vertex -151.628 -51.6855 130.4
      vertex -142.45 -60.4 130.4
      vertex -151.41 -51.6421 130.4
    endloop
  endfacet
  facet normal -0 0 1
    outer loop
      vertex -151.85 -51.7 130.4
      vertex -142.45 -60.4 130.4
      vertex -151.628 -51.6855 130.4
    endloop
  endfacet
  facet normal 0 0 1
    outer loop
      vertex -152.072 -51.6855 130.4
      vertex -142.45 -60.4 130.4
      vertex -151.85 -51.7 130.4
    endloop
  endfacet
  facet normal 0 0 1
    outer loop
      vertex -152.29 -51.6421 130.4
      vertex -142.45 -60.4 130.4
      vertex -152.072 -51.6855 130.4
    endloop
  endfacet
  facet normal 0 0 1
    outer loop
      vertex -152.501 -51.5706 130.4
      vertex -142.45 -60.4 130.4
      vertex -152.29 -51.6421 130.4
    endloop
  endfacet
  facet normal 0 0 1
    outer loop
      vertex -152.7 -51.4722 130.4
      vertex -142.45 -60.4 130.4
      vertex -152.501 -51.5706 130.4
    endloop
  endfacet
  facet normal 0 0 1
    outer loop
      vertex -187 -51.4722 130.4
      vertex -152.7 -51.4722 130.4
      vertex -152.885 -51.3487 130.4
    endloop
  endfacet
  facet normal -0 0 1
    outer loop
      vertex -186.15 -50 130.4
      vertex -153.535 -50.2219 130.4
      vertex -153.55 -50 130.4
    endloop
  endfacet
  facet normal 0 0 1
    outer loop
      vertex -186.165 -50.2219 130.4
      vertex -153.535 -50.2219 130.4
      vertex -186.15 -50 130.4
    endloop
  endfacet
  facet normal 0 0 1
    outer loop
      vertex -153.535 -50.2219 130.4
      vertex -186.165 -50.2219 130.4
      vertex -153.492 -50.44 130.4
    endloop
  endfacet
  facet normal 0 0 1
    outer loop
      vertex -186.208 -50.44 130.4
      vertex -153.492 -50.44 130.4
      vertex -186.165 -50.2219 130.4
    endloop
  endfacet
  facet normal 0 0 1
    outer loop
      vertex -153.492 -50.44 130.4
      vertex -186.208 -50.44 130.4
      vertex -153.421 -50.6506 130.4
    endloop
  endfacet
  facet normal 0 0 1
    outer loop
      vertex -186.279 -50.6506 130.4
      vertex -153.421 -50.6506 130.4
      vertex -186.208 -50.44 130.4
    endloop
  endfacet
  facet normal 0 0 1
    outer loop
      vertex -153.421 -50.6506 130.4
      vertex -186.279 -50.6506 130.4
      vertex -153.322 -50.85 130.4
    endloop
  endfacet
  facet normal 0 0 1
    outer loop
      vertex -186.378 -50.85 130.4
      vertex -153.322 -50.85 130.4
      vertex -186.279 -50.6506 130.4
    endloop
  endfacet
  facet normal 0 0 1
    outer loop
      vertex -153.322 -50.85 130.4
      vertex -186.378 -50.85 130.4
      vertex -153.199 -51.0349 130.4
    endloop
  endfacet
  facet normal 0 0 1
    outer loop
      vertex -186.501 -51.0349 130.4
      vertex -153.199 -51.0349 130.4
      vertex -186.378 -50.85 130.4
    endloop
  endfacet
  facet normal 0 0 1
    outer loop
      vertex -153.199 -51.0349 130.4
      vertex -186.501 -51.0349 130.4
      vertex -153.052 -51.2021 130.4
    endloop
  endfacet
  facet normal 0 0 1
    outer loop
      vertex -186.648 -51.2021 130.4
      vertex -153.052 -51.2021 130.4
      vertex -186.501 -51.0349 130.4
    endloop
  endfacet
  facet normal 0 0 1
    outer loop
      vertex -153.052 -51.2021 130.4
      vertex -186.648 -51.2021 130.4
      vertex -152.885 -51.3487 130.4
    endloop
  endfacet
  facet normal 0 0 1
    outer loop
      vertex -186.815 -51.3487 130.4
      vertex -152.885 -51.3487 130.4
      vertex -186.648 -51.2021 130.4
    endloop
  endfacet
  facet normal 0 0 1
    outer loop
      vertex -187 -51.4722 130.4
      vertex -152.885 -51.3487 130.4
      vertex -186.815 -51.3487 130.4
    endloop
  endfacet
  facet normal 0 0 1
    outer loop
      vertex -152.7 -51.4722 130.4
      vertex -187 -51.4722 130.4
      vertex -142.45 -60.4 130.4
    endloop
  endfacet
  facet normal 0 0 1
    outer loop
      vertex -197.25 -60.4 130.4
      vertex -187 -51.4722 130.4
      vertex -187.199 -51.5706 130.4
    endloop
  endfacet
  facet normal 0 0 1
    outer loop
      vertex -197.25 -60.4 130.4
      vertex -187.199 -51.5706 130.4
      vertex -187.41 -51.6421 130.4
    endloop
  endfacet
  facet normal 0 0 1
    outer loop
      vertex -197.25 -60.4 130.4
      vertex -187.41 -51.6421 130.4
      vertex -187.628 -51.6855 130.4
    endloop
  endfacet
  facet normal 0 0 1
    outer loop
      vertex -197.25 -60.4 130.4
      vertex -187.628 -51.6855 130.4
      vertex -187.85 -51.7 130.4
    endloop
  endfacet
  facet normal 0 0 1
    outer loop
      vertex -197.25 -60.4 130.4
      vertex -187.85 -51.7 130.4
      vertex -188.072 -51.6855 130.4
    endloop
  endfacet
  facet normal 0 0 1
    outer loop
      vertex -189.535 -49.7781 130.4
      vertex -197.25 -60.4 130.4
      vertex -189.55 -50 130.4
    endloop
  endfacet
  facet normal 0 0 1
    outer loop
      vertex -189.55 -50 130.4
      vertex -197.25 -60.4 130.4
      vertex -189.535 -50.2219 130.4
    endloop
  endfacet
  facet normal 0 0 1
    outer loop
      vertex -187 -51.4722 130.4
      vertex -197.25 -60.4 130.4
      vertex -142.45 -60.4 130.4
    endloop
  endfacet
  facet normal 0 0 1
    outer loop
      vertex -188.29 -51.6421 130.4
      vertex -197.25 -60.4 130.4
      vertex -188.072 -51.6855 130.4
    endloop
  endfacet
  facet normal 0 0 1
    outer loop
      vertex -188.501 -51.5706 130.4
      vertex -197.25 -60.4 130.4
      vertex -188.29 -51.6421 130.4
    endloop
  endfacet
  facet normal 0 0 1
    outer loop
      vertex -188.7 -51.4722 130.4
      vertex -197.25 -60.4 130.4
      vertex -188.501 -51.5706 130.4
    endloop
  endfacet
  facet normal 0 0 1
    outer loop
      vertex -188.885 -51.3487 130.4
      vertex -197.25 -60.4 130.4
      vertex -188.7 -51.4722 130.4
    endloop
  endfacet
  facet normal 0 0 1
    outer loop
      vertex -189.052 -51.2021 130.4
      vertex -197.25 -60.4 130.4
      vertex -188.885 -51.3487 130.4
    endloop
  endfacet
  facet normal 0 0 1
    outer loop
      vertex -189.199 -51.0349 130.4
      vertex -197.25 -60.4 130.4
      vertex -189.052 -51.2021 130.4
    endloop
  endfacet
  facet normal 0 0 1
    outer loop
      vertex -189.322 -50.85 130.4
      vertex -197.25 -60.4 130.4
      vertex -189.199 -51.0349 130.4
    endloop
  endfacet
  facet normal 0 0 1
    outer loop
      vertex -189.421 -50.6506 130.4
      vertex -197.25 -60.4 130.4
      vertex -189.322 -50.85 130.4
    endloop
  endfacet
  facet normal 0 0 1
    outer loop
      vertex -189.492 -50.44 130.4
      vertex -197.25 -60.4 130.4
      vertex -189.421 -50.6506 130.4
    endloop
  endfacet
  facet normal 0 0 1
    outer loop
      vertex -189.535 -50.2219 130.4
      vertex -197.25 -60.4 130.4
      vertex -189.492 -50.44 130.4
    endloop
  endfacet
  facet normal 0 0 -1
    outer loop
      vertex -193.85 38.6667 128
      vertex -182.85 75 128
      vertex -173.85 38.6667 128
    endloop
  endfacet
  facet normal -0 0 -1
    outer loop
      vertex -182.85 75 128
      vertex -193.85 38.6667 128
      vertex -192.85 75 128
    endloop
  endfacet
  facet normal 0 0 -1
    outer loop
      vertex -194.85 84 128
      vertex -192.85 75 128
      vertex -193.85 38.6667 128
    endloop
  endfacet
  facet normal 0 0 -1
    outer loop
      vertex -194.85 84 128
      vertex -193.85 38.6667 128
      vertex -194.85 2 128
    endloop
  endfacet
  facet normal 0 0 -1
    outer loop
      vertex -192.85 75 128
      vertex -194.85 84 128
      vertex -192.85 84 128
    endloop
  endfacet
  facet normal 0 0 -1
    outer loop
      vertex -145.85 38.6667 128
      vertex -156.85 75 128
      vertex -146.85 75 128
    endloop
  endfacet
  facet normal 0 0 -1
    outer loop
      vertex -165.85 38.6667 128
      vertex -156.85 75 128
      vertex -145.85 38.6667 128
    endloop
  endfacet
  facet normal 0 0 -1
    outer loop
      vertex -182.85 75 128
      vertex -156.85 75 128
      vertex -165.85 38.6667 128
    endloop
  endfacet
  facet normal 0 0 -1
    outer loop
      vertex -173.85 38.6667 128
      vertex -165.85 38.6667 128
      vertex -173.85 34.6667 128
    endloop
  endfacet
  facet normal 0 0 -1
    outer loop
      vertex -182.85 75 128
      vertex -165.85 38.6667 128
      vertex -173.85 38.6667 128
    endloop
  endfacet
  facet normal 0 0 -1
    outer loop
      vertex -156.85 75 128
      vertex -182.85 75 128
      vertex -156.85 84 128
    endloop
  endfacet
  facet normal -0 0 -1
    outer loop
      vertex -156.85 84 128
      vertex -182.85 75 128
      vertex -182.85 84 128
    endloop
  endfacet
  facet normal 0 0 -1
    outer loop
      vertex -144.85 2 128
      vertex -145.85 34.6667 128
      vertex -144.85 84 128
    endloop
  endfacet
  facet normal 0 0 -1
    outer loop
      vertex -144.85 2 128
      vertex -165.85 34.6667 128
      vertex -145.85 34.6667 128
    endloop
  endfacet
  facet normal 0 0 -1
    outer loop
      vertex -165.85 34.6667 128
      vertex -173.85 34.6667 128
      vertex -165.85 38.6667 128
    endloop
  endfacet
  facet normal 0 0 -1
    outer loop
      vertex -144.85 2 128
      vertex -173.85 34.6667 128
      vertex -165.85 34.6667 128
    endloop
  endfacet
  facet normal 0 0 -1
    outer loop
      vertex -194.85 2 128
      vertex -173.85 34.6667 128
      vertex -144.85 2 128
    endloop
  endfacet
  facet normal -0 0 -1
    outer loop
      vertex -193.85 34.6667 128
      vertex -194.85 2 128
      vertex -193.85 38.6667 128
    endloop
  endfacet
  facet normal -0 0 -1
    outer loop
      vertex -173.85 34.6667 128
      vertex -194.85 2 128
      vertex -193.85 34.6667 128
    endloop
  endfacet
  facet normal 0 0 -1
    outer loop
      vertex -145.85 38.6667 128
      vertex -144.85 84 128
      vertex -145.85 34.6667 128
    endloop
  endfacet
  facet normal 0 0 -1
    outer loop
      vertex -146.85 75 128
      vertex -144.85 84 128
      vertex -145.85 38.6667 128
    endloop
  endfacet
  facet normal -0 0 -1
    outer loop
      vertex -144.85 84 128
      vertex -146.85 75 128
      vertex -146.85 84 128
    endloop
  endfacet
  facet normal 0 0 -1
    outer loop
      vertex -146.85 -45 128
      vertex -144.85 -58 128
      vertex -146.85 -55 128
    endloop
  endfacet
  facet normal 0 0 -1
    outer loop
      vertex -144.85 -58 128
      vertex -156.85 -55 128
      vertex -146.85 -55 128
    endloop
  endfacet
  facet normal 0 0 -1
    outer loop
      vertex -156.85 -55 128
      vertex -182.85 -55 128
      vertex -156.85 -45 128
    endloop
  endfacet
  facet normal 0 0 -1
    outer loop
      vertex -144.85 -58 128
      vertex -182.85 -55 128
      vertex -156.85 -55 128
    endloop
  endfacet
  facet normal 0 0 -1
    outer loop
      vertex -194.85 -58 128
      vertex -182.85 -55 128
      vertex -144.85 -58 128
    endloop
  endfacet
  facet normal -0 0 -1
    outer loop
      vertex -192.85 -55 128
      vertex -194.85 -58 128
      vertex -192.85 -45 128
    endloop
  endfacet
  facet normal -0 0 -1
    outer loop
      vertex -182.85 -55 128
      vertex -194.85 -58 128
      vertex -192.85 -55 128
    endloop
  endfacet
  facet normal 0 0 -1
    outer loop
      vertex -144.85 -58 128
      vertex -146.85 -45 128
      vertex -144.85 -20 128
    endloop
  endfacet
  facet normal 0 0 -1
    outer loop
      vertex -156.85 -45 128
      vertex -144.85 -20 128
      vertex -146.85 -45 128
    endloop
  endfacet
  facet normal 0 0 -1
    outer loop
      vertex -182.85 -45 128
      vertex -156.85 -45 128
      vertex -182.85 -55 128
    endloop
  endfacet
  facet normal 0 0 -1
    outer loop
      vertex -156.85 -45 128
      vertex -182.85 -45 128
      vertex -144.85 -20 128
    endloop
  endfacet
  facet normal 0 0 -1
    outer loop
      vertex -194.85 -20 128
      vertex -182.85 -45 128
      vertex -192.85 -45 128
    endloop
  endfacet
  facet normal 0 0 -1
    outer loop
      vertex -182.85 -45 128
      vertex -194.85 -20 128
      vertex -144.85 -20 128
    endloop
  endfacet
  facet normal 0 0 -1
    outer loop
      vertex -194.85 -20 128
      vertex -192.85 -45 128
      vertex -194.85 -58 128
    endloop
  endfacet
  facet normal -1 0 0
    outer loop
      vertex -197.25 -58 87.6
      vertex -197.25 -60.4 87.6
      vertex -197.25 -58 98
    endloop
  endfacet
  facet normal -1 0 0
    outer loop
      vertex -197.25 -22.4 102
      vertex -197.25 -19.6667 101
      vertex -197.25 -19.6667 98
    endloop
  endfacet
  facet normal -1 0 0
    outer loop
      vertex -197.25 -19.6667 101
      vertex -197.25 -22.4 124
      vertex -197.25 -20 127
    endloop
  endfacet
  facet normal -1 0 0
    outer loop
      vertex -197.25 -22.4 124
      vertex -197.25 -19.6667 101
      vertex -197.25 -22.4 102
    endloop
  endfacet
  facet normal -1 0 0
    outer loop
      vertex -197.25 -19.6667 98
      vertex -197.25 -46.4 102
      vertex -197.25 -22.4 102
    endloop
  endfacet
  facet normal -1 -0 0
    outer loop
      vertex -197.25 -46.4 102
      vertex -197.25 -58 98
      vertex -197.25 -46.4 124
    endloop
  endfacet
  facet normal -1 0 0
    outer loop
      vertex -197.25 -58 98
      vertex -197.25 -46.4 102
      vertex -197.25 -19.6667 98
    endloop
  endfacet
  facet normal -1 -0 0
    outer loop
      vertex -197.25 -20 127
      vertex -197.25 -22.4 124
      vertex -197.25 -20 130.4
    endloop
  endfacet
  facet normal -1 0 0
    outer loop
      vertex -197.25 -46.4 124
      vertex -197.25 -20 130.4
      vertex -197.25 -22.4 124
    endloop
  endfacet
  facet normal -1 0 0
    outer loop
      vertex -197.25 -46.4 124
      vertex -197.25 -60.4 130.4
      vertex -197.25 -20 130.4
    endloop
  endfacet
  facet normal -1 0 0
    outer loop
      vertex -197.25 -58 98
      vertex -197.25 -60.4 130.4
      vertex -197.25 -46.4 124
    endloop
  endfacet
  facet normal -1 0 0
    outer loop
      vertex -197.25 -60.4 130.4
      vertex -197.25 -58 98
      vertex -197.25 -60.4 87.6
    endloop
  endfacet
  facet normal -1 0 0
    outer loop
      vertex -197.25 1.33333 124
      vertex -197.25 2 127
      vertex -197.25 25.3333 124
    endloop
  endfacet
  facet normal -1 -0 0
    outer loop
      vertex -197.25 1.33333 102
      vertex -197.25 -1.66667 101
      vertex -197.25 1.33333 124
    endloop
  endfacet
  facet normal -1 0 0
    outer loop
      vertex -197.25 -19.6667 101
      vertex -197.25 1.33333 124
      vertex -197.25 -1.66667 101
    endloop
  endfacet
  facet normal -1 0 0
    outer loop
      vertex -197.25 -20 127
      vertex -197.25 1.33333 124
      vertex -197.25 -19.6667 101
    endloop
  endfacet
  facet normal -1 0 0
    outer loop
      vertex -197.25 1.33333 124
      vertex -197.25 -20 127
      vertex -197.25 2 127
    endloop
  endfacet
  facet normal -1 0 0
    outer loop
      vertex -197.25 27.6667 98
      vertex -197.25 25.3333 102
      vertex -197.25 27.6667 101
    endloop
  endfacet
  facet normal -1 0 0
    outer loop
      vertex -197.25 27.6667 98
      vertex -197.25 1.33333 102
      vertex -197.25 25.3333 102
    endloop
  endfacet
  facet normal -1 0 0
    outer loop
      vertex -197.25 -1.66667 101
      vertex -197.25 1.33333 102
      vertex -197.25 -1.66667 98
    endloop
  endfacet
  facet normal -1 0 0
    outer loop
      vertex -197.25 -1.66667 98
      vertex -197.25 1.33333 102
      vertex -197.25 27.6667 98
    endloop
  endfacet
  facet normal -1 0 0
    outer loop
      vertex -197.25 72.6667 124
      vertex -197.25 86.4 98
      vertex -197.25 72.6667 102
    endloop
  endfacet
  facet normal -1 0 0
    outer loop
      vertex -197.25 45.6667 98
      vertex -197.25 72.6667 102
      vertex -197.25 86.4 98
    endloop
  endfacet
  facet normal -1 0 0
    outer loop
      vertex -197.25 45.6667 101
      vertex -197.25 48.6667 102
      vertex -197.25 45.6667 98
    endloop
  endfacet
  facet normal -1 -0 0
    outer loop
      vertex -197.25 72.6667 102
      vertex -197.25 45.6667 98
      vertex -197.25 48.6667 102
    endloop
  endfacet
  facet normal -1 0 0
    outer loop
      vertex -197.25 86.4 98
      vertex -197.25 72.6667 124
      vertex -197.25 86.4 130.4
    endloop
  endfacet
  facet normal -1 0 0
    outer loop
      vertex -197.25 48.6667 124
      vertex -197.25 86.4 130.4
      vertex -197.25 72.6667 124
    endloop
  endfacet
  facet normal -1 -0 0
    outer loop
      vertex -197.25 48.6667 102
      vertex -197.25 45.6667 101
      vertex -197.25 48.6667 124
    endloop
  endfacet
  facet normal -1 0 0
    outer loop
      vertex -197.25 25.3333 124
      vertex -197.25 45.6667 101
      vertex -197.25 27.6667 101
    endloop
  endfacet
  facet normal -1 0 0
    outer loop
      vertex -197.25 25.3333 124
      vertex -197.25 27.6667 101
      vertex -197.25 25.3333 102
    endloop
  endfacet
  facet normal -1 0 0
    outer loop
      vertex -197.25 45.6667 101
      vertex -197.25 25.3333 124
      vertex -197.25 48.6667 124
    endloop
  endfacet
  facet normal -1 0 0
    outer loop
      vertex -197.25 2 130.4
      vertex -197.25 48.6667 124
      vertex -197.25 25.3333 124
    endloop
  endfacet
  facet normal -1 0 0
    outer loop
      vertex -197.25 2 130.4
      vertex -197.25 25.3333 124
      vertex -197.25 2 127
    endloop
  endfacet
  facet normal -1 0 0
    outer loop
      vertex -197.25 48.6667 124
      vertex -197.25 2 130.4
      vertex -197.25 86.4 130.4
    endloop
  endfacet
  facet normal 0 1 0
    outer loop
      vertex -189.41 86.4 106.358
      vertex -194.85 86.4 100
      vertex -189.628 86.4 106.315
    endloop
  endfacet
  facet normal 0 1 0
    outer loop
      vertex -177.628 86.4 106.315
      vertex -176.85 86.4 100
      vertex -177.85 86.4 106.3
    endloop
  endfacet
  facet normal 0 1 0
    outer loop
      vertex -177.41 86.4 106.358
      vertex -176.85 86.4 100
      vertex -177.628 86.4 106.315
    endloop
  endfacet
  facet normal 0 1 0
    outer loop
      vertex -177.199 86.4 106.429
      vertex -176.85 86.4 100
      vertex -177.41 86.4 106.358
    endloop
  endfacet
  facet normal 0 1 0
    outer loop
      vertex -177 86.4 106.528
      vertex -176.85 86.4 100
      vertex -177.199 86.4 106.429
    endloop
  endfacet
  facet normal 0 1 -0
    outer loop
      vertex -176.85 86.4 100
      vertex -177 86.4 106.528
      vertex -176.85 86.4 106.628
    endloop
  endfacet
  facet normal 0 1 0
    outer loop
      vertex -178.7 86.4 109.472
      vertex -178.7 86.4 120.528
      vertex -178.501 86.4 109.571
    endloop
  endfacet
  facet normal 0 1 0
    outer loop
      vertex -188.815 86.4 120.651
      vertex -189.628 86.4 109.685
      vertex -189.85 86.4 109.7
    endloop
  endfacet
  facet normal 0 1 0
    outer loop
      vertex -178.7 86.4 120.528
      vertex -178.7 86.4 109.472
      vertex -178.885 86.4 120.651
    endloop
  endfacet
  facet normal 0 1 0
    outer loop
      vertex -188.815 86.4 120.651
      vertex -189.41 86.4 109.642
      vertex -189.628 86.4 109.685
    endloop
  endfacet
  facet normal 0 1 0
    outer loop
      vertex -178.885 86.4 109.349
      vertex -178.885 86.4 120.651
      vertex -178.7 86.4 109.472
    endloop
  endfacet
  facet normal 0 1 0
    outer loop
      vertex -188.815 86.4 120.651
      vertex -189.199 86.4 109.571
      vertex -189.41 86.4 109.642
    endloop
  endfacet
  facet normal 0 1 0
    outer loop
      vertex -178.885 86.4 120.651
      vertex -178.885 86.4 109.349
      vertex -188.815 86.4 120.651
    endloop
  endfacet
  facet normal 0 1 0
    outer loop
      vertex -188.815 86.4 120.651
      vertex -189 86.4 109.472
      vertex -189.199 86.4 109.571
    endloop
  endfacet
  facet normal 0 1 0
    outer loop
      vertex -188.815 86.4 109.349
      vertex -188.815 86.4 120.651
      vertex -178.885 86.4 109.349
    endloop
  endfacet
  facet normal 0 1 0
    outer loop
      vertex -188.815 86.4 120.651
      vertex -188.815 86.4 109.349
      vertex -189 86.4 109.472
    endloop
  endfacet
  facet normal 0 1 -0
    outer loop
      vertex -179.052 86.4 109.202
      vertex -188.815 86.4 109.349
      vertex -178.885 86.4 109.349
    endloop
  endfacet
  facet normal 0 1 0
    outer loop
      vertex -179.052 86.4 109.202
      vertex -188.648 86.4 109.202
      vertex -188.815 86.4 109.349
    endloop
  endfacet
  facet normal 0 1 -0
    outer loop
      vertex -179.199 86.4 109.035
      vertex -188.648 86.4 109.202
      vertex -179.052 86.4 109.202
    endloop
  endfacet
  facet normal 0 1 0
    outer loop
      vertex -179.199 86.4 109.035
      vertex -188.501 86.4 109.035
      vertex -188.648 86.4 109.202
    endloop
  endfacet
  facet normal 0 1 -0
    outer loop
      vertex -179.322 86.4 108.85
      vertex -188.501 86.4 109.035
      vertex -179.199 86.4 109.035
    endloop
  endfacet
  facet normal 0 1 0
    outer loop
      vertex -179.322 86.4 108.85
      vertex -188.378 86.4 108.85
      vertex -188.501 86.4 109.035
    endloop
  endfacet
  facet normal 0 1 -0
    outer loop
      vertex -179.421 86.4 108.651
      vertex -188.378 86.4 108.85
      vertex -179.322 86.4 108.85
    endloop
  endfacet
  facet normal 0 1 0
    outer loop
      vertex -179.421 86.4 108.651
      vertex -188.279 86.4 108.651
      vertex -188.378 86.4 108.85
    endloop
  endfacet
  facet normal 0 1 -0
    outer loop
      vertex -179.492 86.4 108.44
      vertex -188.279 86.4 108.651
      vertex -179.421 86.4 108.651
    endloop
  endfacet
  facet normal 0 1 0
    outer loop
      vertex -179.492 86.4 108.44
      vertex -188.208 86.4 108.44
      vertex -188.279 86.4 108.651
    endloop
  endfacet
  facet normal 0 1 -0
    outer loop
      vertex -179.535 86.4 108.222
      vertex -188.208 86.4 108.44
      vertex -179.492 86.4 108.44
    endloop
  endfacet
  facet normal 0 1 0
    outer loop
      vertex -179.535 86.4 108.222
      vertex -188.165 86.4 108.222
      vertex -188.208 86.4 108.44
    endloop
  endfacet
  facet normal 0 1 -0
    outer loop
      vertex -179.55 86.4 108
      vertex -188.165 86.4 108.222
      vertex -179.535 86.4 108.222
    endloop
  endfacet
  facet normal 0 1 0
    outer loop
      vertex -179.55 86.4 108
      vertex -188.15 86.4 108
      vertex -188.165 86.4 108.222
    endloop
  endfacet
  facet normal 0 1 0
    outer loop
      vertex -179.535 86.4 107.778
      vertex -188.15 86.4 108
      vertex -179.55 86.4 108
    endloop
  endfacet
  facet normal 0 1 0
    outer loop
      vertex -179.535 86.4 107.778
      vertex -188.165 86.4 107.778
      vertex -188.15 86.4 108
    endloop
  endfacet
  facet normal 0 1 0
    outer loop
      vertex -179.492 86.4 107.56
      vertex -188.165 86.4 107.778
      vertex -179.535 86.4 107.778
    endloop
  endfacet
  facet normal 0 1 0
    outer loop
      vertex -179.492 86.4 107.56
      vertex -188.208 86.4 107.56
      vertex -188.165 86.4 107.778
    endloop
  endfacet
  facet normal 0 1 0
    outer loop
      vertex -179.421 86.4 107.349
      vertex -188.208 86.4 107.56
      vertex -179.492 86.4 107.56
    endloop
  endfacet
  facet normal 0 1 0
    outer loop
      vertex -179.421 86.4 107.349
      vertex -188.279 86.4 107.349
      vertex -188.208 86.4 107.56
    endloop
  endfacet
  facet normal 0 1 0
    outer loop
      vertex -179.322 86.4 107.15
      vertex -188.279 86.4 107.349
      vertex -179.421 86.4 107.349
    endloop
  endfacet
  facet normal 0 1 0
    outer loop
      vertex -179.322 86.4 107.15
      vertex -188.378 86.4 107.15
      vertex -188.279 86.4 107.349
    endloop
  endfacet
  facet normal 0 1 0
    outer loop
      vertex -179.199 86.4 106.965
      vertex -188.378 86.4 107.15
      vertex -179.322 86.4 107.15
    endloop
  endfacet
  facet normal 0 1 0
    outer loop
      vertex -179.199 86.4 106.965
      vertex -188.501 86.4 106.965
      vertex -188.378 86.4 107.15
    endloop
  endfacet
  facet normal 0 1 0
    outer loop
      vertex -179.052 86.4 106.798
      vertex -188.501 86.4 106.965
      vertex -179.199 86.4 106.965
    endloop
  endfacet
  facet normal 0 1 0
    outer loop
      vertex -179.052 86.4 106.798
      vertex -188.648 86.4 106.798
      vertex -188.501 86.4 106.965
    endloop
  endfacet
  facet normal 0 1 0
    outer loop
      vertex -176.85 86.4 100
      vertex -179.052 86.4 106.798
      vertex -178.885 86.4 106.651
    endloop
  endfacet
  facet normal 0 1 0
    outer loop
      vertex -179.052 86.4 106.798
      vertex -176.85 86.4 100
      vertex -188.648 86.4 106.798
    endloop
  endfacet
  facet normal 0 1 0
    outer loop
      vertex -176.85 86.4 100
      vertex -178.885 86.4 106.651
      vertex -178.7 86.4 106.528
    endloop
  endfacet
  facet normal 0 1 0
    outer loop
      vertex -188.648 86.4 106.798
      vertex -176.85 86.4 100
      vertex -188.815 86.4 106.651
    endloop
  endfacet
  facet normal 0 1 0
    outer loop
      vertex -176.85 86.4 100
      vertex -178.7 86.4 106.528
      vertex -178.501 86.4 106.429
    endloop
  endfacet
  facet normal 0 1 0
    outer loop
      vertex -188.815 86.4 106.651
      vertex -176.85 86.4 100
      vertex -189 86.4 106.528
    endloop
  endfacet
  facet normal 0 1 0
    outer loop
      vertex -176.85 86.4 100
      vertex -178.501 86.4 106.429
      vertex -178.29 86.4 106.358
    endloop
  endfacet
  facet normal 0 1 0
    outer loop
      vertex -189 86.4 106.528
      vertex -176.85 86.4 100
      vertex -189.199 86.4 106.429
    endloop
  endfacet
  facet normal 0 1 0
    outer loop
      vertex -176.85 86.4 100
      vertex -178.29 86.4 106.358
      vertex -178.072 86.4 106.315
    endloop
  endfacet
  facet normal 0 1 0
    outer loop
      vertex -194.85 86.4 100
      vertex -189.199 86.4 106.429
      vertex -176.85 86.4 100
    endloop
  endfacet
  facet normal 0 1 0
    outer loop
      vertex -176.85 86.4 100
      vertex -178.072 86.4 106.315
      vertex -177.85 86.4 106.3
    endloop
  endfacet
  facet normal 0 1 0
    outer loop
      vertex -189.199 86.4 106.429
      vertex -194.85 86.4 100
      vertex -189.41 86.4 106.358
    endloop
  endfacet
  facet normal 0 1 0
    outer loop
      vertex -176.85 86.4 110
      vertex -177.628 86.4 109.685
      vertex -177.85 86.4 109.7
    endloop
  endfacet
  facet normal 0 1 0
    outer loop
      vertex -176.85 86.4 110
      vertex -177.41 86.4 109.642
      vertex -177.628 86.4 109.685
    endloop
  endfacet
  facet normal 0 1 0
    outer loop
      vertex -176.85 86.4 110
      vertex -177.199 86.4 109.571
      vertex -177.41 86.4 109.642
    endloop
  endfacet
  facet normal 0 1 0
    outer loop
      vertex -176.85 86.4 110
      vertex -177 86.4 109.472
      vertex -177.199 86.4 109.571
    endloop
  endfacet
  facet normal -0 1 0
    outer loop
      vertex -177 86.4 109.472
      vertex -176.85 86.4 110
      vertex -176.85 86.4 109.372
    endloop
  endfacet
  facet normal 0 1 0
    outer loop
      vertex -150.7 86.4 109.472
      vertex -150.7 86.4 120.528
      vertex -150.501 86.4 109.571
    endloop
  endfacet
  facet normal 0 1 0
    outer loop
      vertex -160.815 86.4 120.651
      vertex -161.628 86.4 109.685
      vertex -161.85 86.4 109.7
    endloop
  endfacet
  facet normal 0 1 0
    outer loop
      vertex -150.7 86.4 120.528
      vertex -150.7 86.4 109.472
      vertex -150.885 86.4 120.651
    endloop
  endfacet
  facet normal 0 1 0
    outer loop
      vertex -160.815 86.4 120.651
      vertex -161.41 86.4 109.642
      vertex -161.628 86.4 109.685
    endloop
  endfacet
  facet normal 0 1 0
    outer loop
      vertex -150.885 86.4 109.349
      vertex -150.885 86.4 120.651
      vertex -150.7 86.4 109.472
    endloop
  endfacet
  facet normal 0 1 0
    outer loop
      vertex -160.815 86.4 120.651
      vertex -161.199 86.4 109.571
      vertex -161.41 86.4 109.642
    endloop
  endfacet
  facet normal 0 1 0
    outer loop
      vertex -150.885 86.4 120.651
      vertex -150.885 86.4 109.349
      vertex -160.815 86.4 120.651
    endloop
  endfacet
  facet normal 0 1 0
    outer loop
      vertex -160.815 86.4 120.651
      vertex -161 86.4 109.472
      vertex -161.199 86.4 109.571
    endloop
  endfacet
  facet normal 0 1 0
    outer loop
      vertex -160.815 86.4 109.349
      vertex -160.815 86.4 120.651
      vertex -150.885 86.4 109.349
    endloop
  endfacet
  facet normal 0 1 0
    outer loop
      vertex -160.815 86.4 120.651
      vertex -160.815 86.4 109.349
      vertex -161 86.4 109.472
    endloop
  endfacet
  facet normal 0 1 -0
    outer loop
      vertex -151.052 86.4 109.202
      vertex -160.815 86.4 109.349
      vertex -150.885 86.4 109.349
    endloop
  endfacet
  facet normal 0 1 0
    outer loop
      vertex -151.052 86.4 109.202
      vertex -160.648 86.4 109.202
      vertex -160.815 86.4 109.349
    endloop
  endfacet
  facet normal 0 1 -0
    outer loop
      vertex -151.199 86.4 109.035
      vertex -160.648 86.4 109.202
      vertex -151.052 86.4 109.202
    endloop
  endfacet
  facet normal 0 1 0
    outer loop
      vertex -151.199 86.4 109.035
      vertex -160.501 86.4 109.035
      vertex -160.648 86.4 109.202
    endloop
  endfacet
  facet normal 0 1 -0
    outer loop
      vertex -151.322 86.4 108.85
      vertex -160.501 86.4 109.035
      vertex -151.199 86.4 109.035
    endloop
  endfacet
  facet normal 0 1 0
    outer loop
      vertex -151.322 86.4 108.85
      vertex -160.378 86.4 108.85
      vertex -160.501 86.4 109.035
    endloop
  endfacet
  facet normal 0 1 -0
    outer loop
      vertex -151.421 86.4 108.651
      vertex -160.378 86.4 108.85
      vertex -151.322 86.4 108.85
    endloop
  endfacet
  facet normal 0 1 0
    outer loop
      vertex -151.421 86.4 108.651
      vertex -160.279 86.4 108.651
      vertex -160.378 86.4 108.85
    endloop
  endfacet
  facet normal 0 1 -0
    outer loop
      vertex -151.492 86.4 108.44
      vertex -160.279 86.4 108.651
      vertex -151.421 86.4 108.651
    endloop
  endfacet
  facet normal 0 1 0
    outer loop
      vertex -151.492 86.4 108.44
      vertex -160.208 86.4 108.44
      vertex -160.279 86.4 108.651
    endloop
  endfacet
  facet normal 0 1 -0
    outer loop
      vertex -151.535 86.4 108.222
      vertex -160.208 86.4 108.44
      vertex -151.492 86.4 108.44
    endloop
  endfacet
  facet normal 0 1 0
    outer loop
      vertex -151.535 86.4 108.222
      vertex -160.165 86.4 108.222
      vertex -160.208 86.4 108.44
    endloop
  endfacet
  facet normal 0 1 -0
    outer loop
      vertex -151.55 86.4 108
      vertex -160.165 86.4 108.222
      vertex -151.535 86.4 108.222
    endloop
  endfacet
  facet normal 0 1 0
    outer loop
      vertex -151.55 86.4 108
      vertex -160.15 86.4 108
      vertex -160.165 86.4 108.222
    endloop
  endfacet
  facet normal 0 1 0
    outer loop
      vertex -151.535 86.4 107.778
      vertex -160.15 86.4 108
      vertex -151.55 86.4 108
    endloop
  endfacet
  facet normal 0 1 0
    outer loop
      vertex -151.535 86.4 107.778
      vertex -160.165 86.4 107.778
      vertex -160.15 86.4 108
    endloop
  endfacet
  facet normal 0 1 0
    outer loop
      vertex -151.492 86.4 107.56
      vertex -160.165 86.4 107.778
      vertex -151.535 86.4 107.778
    endloop
  endfacet
  facet normal 0 1 0
    outer loop
      vertex -151.492 86.4 107.56
      vertex -160.208 86.4 107.56
      vertex -160.165 86.4 107.778
    endloop
  endfacet
  facet normal 0 1 0
    outer loop
      vertex -151.421 86.4 107.349
      vertex -160.208 86.4 107.56
      vertex -151.492 86.4 107.56
    endloop
  endfacet
  facet normal 0 1 0
    outer loop
      vertex -151.421 86.4 107.349
      vertex -160.279 86.4 107.349
      vertex -160.208 86.4 107.56
    endloop
  endfacet
  facet normal 0 1 0
    outer loop
      vertex -151.322 86.4 107.15
      vertex -160.279 86.4 107.349
      vertex -151.421 86.4 107.349
    endloop
  endfacet
  facet normal 0 1 0
    outer loop
      vertex -151.322 86.4 107.15
      vertex -160.378 86.4 107.15
      vertex -160.279 86.4 107.349
    endloop
  endfacet
  facet normal 0 1 0
    outer loop
      vertex -151.199 86.4 106.965
      vertex -160.378 86.4 107.15
      vertex -151.322 86.4 107.15
    endloop
  endfacet
  facet normal 0 1 0
    outer loop
      vertex -151.199 86.4 106.965
      vertex -160.501 86.4 106.965
      vertex -160.378 86.4 107.15
    endloop
  endfacet
  facet normal 0 1 0
    outer loop
      vertex -151.052 86.4 106.798
      vertex -160.501 86.4 106.965
      vertex -151.199 86.4 106.965
    endloop
  endfacet
  facet normal 0 1 0
    outer loop
      vertex -151.052 86.4 106.798
      vertex -160.648 86.4 106.798
      vertex -160.501 86.4 106.965
    endloop
  endfacet
  facet normal 0 1 0
    outer loop
      vertex -162.85 86.4 100
      vertex -151.052 86.4 106.798
      vertex -150.885 86.4 106.651
    endloop
  endfacet
  facet normal 0 1 0
    outer loop
      vertex -151.052 86.4 106.798
      vertex -162.85 86.4 100
      vertex -160.648 86.4 106.798
    endloop
  endfacet
  facet normal 0 1 0
    outer loop
      vertex -162.85 86.4 100
      vertex -150.885 86.4 106.651
      vertex -150.7 86.4 106.528
    endloop
  endfacet
  facet normal 0 1 0
    outer loop
      vertex -160.648 86.4 106.798
      vertex -162.85 86.4 100
      vertex -160.815 86.4 106.651
    endloop
  endfacet
  facet normal 0 1 0
    outer loop
      vertex -162.85 86.4 100
      vertex -150.7 86.4 106.528
      vertex -150.501 86.4 106.429
    endloop
  endfacet
  facet normal 0 1 0
    outer loop
      vertex -160.815 86.4 106.651
      vertex -162.85 86.4 100
      vertex -161 86.4 106.528
    endloop
  endfacet
  facet normal 0 1 0
    outer loop
      vertex -144.85 86.4 100
      vertex -150.501 86.4 106.429
      vertex -150.29 86.4 106.358
    endloop
  endfacet
  facet normal 0 1 0
    outer loop
      vertex -161 86.4 106.528
      vertex -162.85 86.4 100
      vertex -161.199 86.4 106.429
    endloop
  endfacet
  facet normal 0 1 0
    outer loop
      vertex -144.85 86.4 100
      vertex -150.29 86.4 106.358
      vertex -150.072 86.4 106.315
    endloop
  endfacet
  facet normal 0 1 0
    outer loop
      vertex -161.199 86.4 106.429
      vertex -162.85 86.4 100
      vertex -161.41 86.4 106.358
    endloop
  endfacet
  facet normal 0 1 0
    outer loop
      vertex -144.85 86.4 100
      vertex -150.072 86.4 106.315
      vertex -149.85 86.4 106.3
    endloop
  endfacet
  facet normal 0 1 0
    outer loop
      vertex -161.41 86.4 106.358
      vertex -162.85 86.4 100
      vertex -161.628 86.4 106.315
    endloop
  endfacet
  facet normal 0 1 -0
    outer loop
      vertex -178.29 86.4 123.642
      vertex -197.25 86.4 130.4
      vertex -178.072 86.4 123.685
    endloop
  endfacet
  facet normal 0 1 0
    outer loop
      vertex -197.25 86.4 130.4
      vertex -189.628 86.4 123.685
      vertex -189.85 86.4 123.7
    endloop
  endfacet
  facet normal 0 1 -0
    outer loop
      vertex -178.501 86.4 123.571
      vertex -197.25 86.4 130.4
      vertex -178.29 86.4 123.642
    endloop
  endfacet
  facet normal 0 1 0
    outer loop
      vertex -197.25 86.4 130.4
      vertex -189.41 86.4 123.642
      vertex -189.628 86.4 123.685
    endloop
  endfacet
  facet normal 0 1 -0
    outer loop
      vertex -189.199 86.4 123.571
      vertex -197.25 86.4 130.4
      vertex -178.501 86.4 123.571
    endloop
  endfacet
  facet normal 0 1 0
    outer loop
      vertex -197.25 86.4 130.4
      vertex -189.199 86.4 123.571
      vertex -189.41 86.4 123.642
    endloop
  endfacet
  facet normal 0 1 -0
    outer loop
      vertex -178.7 86.4 123.472
      vertex -189.199 86.4 123.571
      vertex -178.501 86.4 123.571
    endloop
  endfacet
  facet normal 0 1 0
    outer loop
      vertex -178.7 86.4 123.472
      vertex -189 86.4 123.472
      vertex -189.199 86.4 123.571
    endloop
  endfacet
  facet normal 0 1 -0
    outer loop
      vertex -178.885 86.4 123.349
      vertex -189 86.4 123.472
      vertex -178.7 86.4 123.472
    endloop
  endfacet
  facet normal 0 1 0
    outer loop
      vertex -178.885 86.4 123.349
      vertex -188.815 86.4 123.349
      vertex -189 86.4 123.472
    endloop
  endfacet
  facet normal 0 1 -0
    outer loop
      vertex -179.052 86.4 123.202
      vertex -188.815 86.4 123.349
      vertex -178.885 86.4 123.349
    endloop
  endfacet
  facet normal 0 1 0
    outer loop
      vertex -179.052 86.4 123.202
      vertex -188.648 86.4 123.202
      vertex -188.815 86.4 123.349
    endloop
  endfacet
  facet normal 0 1 -0
    outer loop
      vertex -179.199 86.4 123.035
      vertex -188.648 86.4 123.202
      vertex -179.052 86.4 123.202
    endloop
  endfacet
  facet normal 0 1 0
    outer loop
      vertex -179.199 86.4 123.035
      vertex -188.501 86.4 123.035
      vertex -188.648 86.4 123.202
    endloop
  endfacet
  facet normal 0 1 -0
    outer loop
      vertex -179.322 86.4 122.85
      vertex -188.501 86.4 123.035
      vertex -179.199 86.4 123.035
    endloop
  endfacet
  facet normal 0 1 0
    outer loop
      vertex -179.322 86.4 122.85
      vertex -188.378 86.4 122.85
      vertex -188.501 86.4 123.035
    endloop
  endfacet
  facet normal 0 1 -0
    outer loop
      vertex -179.421 86.4 122.651
      vertex -188.378 86.4 122.85
      vertex -179.322 86.4 122.85
    endloop
  endfacet
  facet normal 0 1 0
    outer loop
      vertex -179.421 86.4 122.651
      vertex -188.279 86.4 122.651
      vertex -188.378 86.4 122.85
    endloop
  endfacet
  facet normal 0 1 -0
    outer loop
      vertex -179.492 86.4 122.44
      vertex -188.279 86.4 122.651
      vertex -179.421 86.4 122.651
    endloop
  endfacet
  facet normal 0 1 0
    outer loop
      vertex -179.492 86.4 122.44
      vertex -188.208 86.4 122.44
      vertex -188.279 86.4 122.651
    endloop
  endfacet
  facet normal 0 1 -0
    outer loop
      vertex -179.535 86.4 122.222
      vertex -188.208 86.4 122.44
      vertex -179.492 86.4 122.44
    endloop
  endfacet
  facet normal 0 1 0
    outer loop
      vertex -179.535 86.4 122.222
      vertex -188.165 86.4 122.222
      vertex -188.208 86.4 122.44
    endloop
  endfacet
  facet normal 0 1 -0
    outer loop
      vertex -179.55 86.4 122
      vertex -188.165 86.4 122.222
      vertex -179.535 86.4 122.222
    endloop
  endfacet
  facet normal 0 1 0
    outer loop
      vertex -179.55 86.4 122
      vertex -188.15 86.4 122
      vertex -188.165 86.4 122.222
    endloop
  endfacet
  facet normal 0 1 0
    outer loop
      vertex -179.535 86.4 121.778
      vertex -188.15 86.4 122
      vertex -179.55 86.4 122
    endloop
  endfacet
  facet normal 0 1 0
    outer loop
      vertex -179.535 86.4 121.778
      vertex -188.165 86.4 121.778
      vertex -188.15 86.4 122
    endloop
  endfacet
  facet normal 0 1 0
    outer loop
      vertex -179.492 86.4 121.56
      vertex -188.165 86.4 121.778
      vertex -179.535 86.4 121.778
    endloop
  endfacet
  facet normal 0 1 0
    outer loop
      vertex -179.492 86.4 121.56
      vertex -188.208 86.4 121.56
      vertex -188.165 86.4 121.778
    endloop
  endfacet
  facet normal 0 1 0
    outer loop
      vertex -179.421 86.4 121.349
      vertex -188.208 86.4 121.56
      vertex -179.492 86.4 121.56
    endloop
  endfacet
  facet normal 0 1 0
    outer loop
      vertex -179.421 86.4 121.349
      vertex -188.279 86.4 121.349
      vertex -188.208 86.4 121.56
    endloop
  endfacet
  facet normal 0 1 0
    outer loop
      vertex -179.322 86.4 121.15
      vertex -188.279 86.4 121.349
      vertex -179.421 86.4 121.349
    endloop
  endfacet
  facet normal 0 1 0
    outer loop
      vertex -179.322 86.4 121.15
      vertex -188.378 86.4 121.15
      vertex -188.279 86.4 121.349
    endloop
  endfacet
  facet normal 0 1 0
    outer loop
      vertex -179.199 86.4 120.965
      vertex -188.378 86.4 121.15
      vertex -179.322 86.4 121.15
    endloop
  endfacet
  facet normal 0 1 0
    outer loop
      vertex -179.199 86.4 120.965
      vertex -188.501 86.4 120.965
      vertex -188.378 86.4 121.15
    endloop
  endfacet
  facet normal 0 1 0
    outer loop
      vertex -179.052 86.4 120.798
      vertex -188.501 86.4 120.965
      vertex -179.199 86.4 120.965
    endloop
  endfacet
  facet normal 0 1 0
    outer loop
      vertex -179.052 86.4 120.798
      vertex -188.648 86.4 120.798
      vertex -188.501 86.4 120.965
    endloop
  endfacet
  facet normal 0 1 0
    outer loop
      vertex -178.885 86.4 120.651
      vertex -188.648 86.4 120.798
      vertex -179.052 86.4 120.798
    endloop
  endfacet
  facet normal 0 1 0
    outer loop
      vertex -178.885 86.4 120.651
      vertex -188.815 86.4 120.651
      vertex -188.648 86.4 120.798
    endloop
  endfacet
  facet normal 0 1 0
    outer loop
      vertex -178.29 86.4 120.358
      vertex -178.29 86.4 109.642
      vertex -178.501 86.4 120.429
    endloop
  endfacet
  facet normal 0 1 0
    outer loop
      vertex -178.501 86.4 109.571
      vertex -178.501 86.4 120.429
      vertex -178.29 86.4 109.642
    endloop
  endfacet
  facet normal 0 1 0
    outer loop
      vertex -178.29 86.4 109.642
      vertex -178.29 86.4 120.358
      vertex -178.072 86.4 109.685
    endloop
  endfacet
  facet normal 0 1 0
    outer loop
      vertex -178.501 86.4 120.429
      vertex -178.501 86.4 109.571
      vertex -178.7 86.4 120.528
    endloop
  endfacet
  facet normal 0 1 0
    outer loop
      vertex -178.072 86.4 120.315
      vertex -178.072 86.4 109.685
      vertex -178.29 86.4 120.358
    endloop
  endfacet
  facet normal 0 1 0
    outer loop
      vertex -188.815 86.4 120.651
      vertex -189.85 86.4 109.7
      vertex -189 86.4 120.528
    endloop
  endfacet
  facet normal 0 1 0
    outer loop
      vertex -176.85 86.4 110
      vertex -178.072 86.4 109.685
      vertex -178.072 86.4 120.315
    endloop
  endfacet
  facet normal 0 1 0
    outer loop
      vertex -189 86.4 120.528
      vertex -189.85 86.4 109.7
      vertex -189.199 86.4 120.429
    endloop
  endfacet
  facet normal 0 1 0
    outer loop
      vertex -176.85 86.4 110
      vertex -178.072 86.4 120.315
      vertex -177.85 86.4 120.3
    endloop
  endfacet
  facet normal 0 1 0
    outer loop
      vertex -189.199 86.4 120.429
      vertex -189.85 86.4 109.7
      vertex -189.41 86.4 120.358
    endloop
  endfacet
  facet normal 0 1 -0
    outer loop
      vertex -177.628 86.4 123.685
      vertex -197.25 86.4 130.4
      vertex -162.072 86.4 123.685
    endloop
  endfacet
  facet normal 0 1 0
    outer loop
      vertex -197.25 86.4 130.4
      vertex -177.628 86.4 123.685
      vertex -177.85 86.4 123.7
    endloop
  endfacet
  facet normal 0 1 -0
    outer loop
      vertex -162.29 86.4 123.642
      vertex -177.628 86.4 123.685
      vertex -162.072 86.4 123.685
    endloop
  endfacet
  facet normal 0 1 0
    outer loop
      vertex -162.29 86.4 123.642
      vertex -177.41 86.4 123.642
      vertex -177.628 86.4 123.685
    endloop
  endfacet
  facet normal 0 1 -0
    outer loop
      vertex -162.501 86.4 123.571
      vertex -177.41 86.4 123.642
      vertex -162.29 86.4 123.642
    endloop
  endfacet
  facet normal 0 1 0
    outer loop
      vertex -162.501 86.4 123.571
      vertex -177.199 86.4 123.571
      vertex -177.41 86.4 123.642
    endloop
  endfacet
  facet normal 0 1 -0
    outer loop
      vertex -162.7 86.4 123.472
      vertex -177.199 86.4 123.571
      vertex -162.501 86.4 123.571
    endloop
  endfacet
  facet normal 0 1 0
    outer loop
      vertex -162.7 86.4 123.472
      vertex -177 86.4 123.472
      vertex -177.199 86.4 123.571
    endloop
  endfacet
  facet normal 0 1 -0
    outer loop
      vertex -162.885 86.4 123.349
      vertex -177 86.4 123.472
      vertex -162.7 86.4 123.472
    endloop
  endfacet
  facet normal 0 1 0
    outer loop
      vertex -162.885 86.4 123.349
      vertex -176.815 86.4 123.349
      vertex -177 86.4 123.472
    endloop
  endfacet
  facet normal 0 1 -0
    outer loop
      vertex -163.052 86.4 123.202
      vertex -176.815 86.4 123.349
      vertex -162.885 86.4 123.349
    endloop
  endfacet
  facet normal 0 1 0
    outer loop
      vertex -163.052 86.4 123.202
      vertex -176.648 86.4 123.202
      vertex -176.815 86.4 123.349
    endloop
  endfacet
  facet normal 0 1 -0
    outer loop
      vertex -163.199 86.4 123.035
      vertex -176.648 86.4 123.202
      vertex -163.052 86.4 123.202
    endloop
  endfacet
  facet normal 0 1 0
    outer loop
      vertex -163.199 86.4 123.035
      vertex -176.501 86.4 123.035
      vertex -176.648 86.4 123.202
    endloop
  endfacet
  facet normal 0 1 -0
    outer loop
      vertex -163.322 86.4 122.85
      vertex -176.501 86.4 123.035
      vertex -163.199 86.4 123.035
    endloop
  endfacet
  facet normal 0 1 0
    outer loop
      vertex -163.322 86.4 122.85
      vertex -176.378 86.4 122.85
      vertex -176.501 86.4 123.035
    endloop
  endfacet
  facet normal 0 1 -0
    outer loop
      vertex -163.421 86.4 122.651
      vertex -176.378 86.4 122.85
      vertex -163.322 86.4 122.85
    endloop
  endfacet
  facet normal 0 1 0
    outer loop
      vertex -163.421 86.4 122.651
      vertex -176.279 86.4 122.651
      vertex -176.378 86.4 122.85
    endloop
  endfacet
  facet normal 0 1 -0
    outer loop
      vertex -163.492 86.4 122.44
      vertex -176.279 86.4 122.651
      vertex -163.421 86.4 122.651
    endloop
  endfacet
  facet normal 0 1 0
    outer loop
      vertex -163.492 86.4 122.44
      vertex -176.208 86.4 122.44
      vertex -176.279 86.4 122.651
    endloop
  endfacet
  facet normal 0 1 -0
    outer loop
      vertex -163.535 86.4 122.222
      vertex -176.208 86.4 122.44
      vertex -163.492 86.4 122.44
    endloop
  endfacet
  facet normal 0 1 0
    outer loop
      vertex -163.535 86.4 122.222
      vertex -176.165 86.4 122.222
      vertex -176.208 86.4 122.44
    endloop
  endfacet
  facet normal 0 1 -0
    outer loop
      vertex -163.55 86.4 122
      vertex -176.165 86.4 122.222
      vertex -163.535 86.4 122.222
    endloop
  endfacet
  facet normal 0 1 0
    outer loop
      vertex -163.55 86.4 122
      vertex -176.15 86.4 122
      vertex -176.165 86.4 122.222
    endloop
  endfacet
  facet normal 0 1 0
    outer loop
      vertex -163.535 86.4 121.778
      vertex -176.15 86.4 122
      vertex -163.55 86.4 122
    endloop
  endfacet
  facet normal 0 1 0
    outer loop
      vertex -163.535 86.4 121.778
      vertex -176.165 86.4 121.778
      vertex -176.15 86.4 122
    endloop
  endfacet
  facet normal 0 1 0
    outer loop
      vertex -163.492 86.4 121.56
      vertex -176.165 86.4 121.778
      vertex -163.535 86.4 121.778
    endloop
  endfacet
  facet normal 0 1 0
    outer loop
      vertex -163.492 86.4 121.56
      vertex -176.208 86.4 121.56
      vertex -176.165 86.4 121.778
    endloop
  endfacet
  facet normal 0 1 0
    outer loop
      vertex -163.421 86.4 121.349
      vertex -176.208 86.4 121.56
      vertex -163.492 86.4 121.56
    endloop
  endfacet
  facet normal 0 1 0
    outer loop
      vertex -163.421 86.4 121.349
      vertex -176.279 86.4 121.349
      vertex -176.208 86.4 121.56
    endloop
  endfacet
  facet normal 0 1 0
    outer loop
      vertex -163.322 86.4 121.15
      vertex -176.279 86.4 121.349
      vertex -163.421 86.4 121.349
    endloop
  endfacet
  facet normal 0 1 0
    outer loop
      vertex -163.322 86.4 121.15
      vertex -176.378 86.4 121.15
      vertex -176.279 86.4 121.349
    endloop
  endfacet
  facet normal 0 1 0
    outer loop
      vertex -163.199 86.4 120.965
      vertex -176.378 86.4 121.15
      vertex -163.322 86.4 121.15
    endloop
  endfacet
  facet normal 0 1 0
    outer loop
      vertex -163.199 86.4 120.965
      vertex -176.501 86.4 120.965
      vertex -176.378 86.4 121.15
    endloop
  endfacet
  facet normal 0 1 0
    outer loop
      vertex -162.85 86.4 110
      vertex -163.199 86.4 120.965
      vertex -163.052 86.4 120.798
    endloop
  endfacet
  facet normal 0 1 0
    outer loop
      vertex -163.199 86.4 120.965
      vertex -162.85 86.4 110
      vertex -176.501 86.4 120.965
    endloop
  endfacet
  facet normal 0 1 0
    outer loop
      vertex -162.85 86.4 110
      vertex -163.052 86.4 120.798
      vertex -162.885 86.4 120.651
    endloop
  endfacet
  facet normal 0 1 0
    outer loop
      vertex -176.85 86.4 110
      vertex -176.501 86.4 120.965
      vertex -162.85 86.4 110
    endloop
  endfacet
  facet normal 0 1 -0
    outer loop
      vertex -162.85 86.4 110
      vertex -162.885 86.4 120.651
      vertex -162.7 86.4 120.528
    endloop
  endfacet
  facet normal 0 1 0
    outer loop
      vertex -176.501 86.4 120.965
      vertex -176.85 86.4 110
      vertex -176.648 86.4 120.798
    endloop
  endfacet
  facet normal 0 1 0
    outer loop
      vertex -162.85 86.4 110
      vertex -162.7 86.4 120.528
      vertex -162.501 86.4 120.429
    endloop
  endfacet
  facet normal 0 1 0
    outer loop
      vertex -176.648 86.4 120.798
      vertex -176.85 86.4 110
      vertex -176.815 86.4 120.651
    endloop
  endfacet
  facet normal 0 1 0
    outer loop
      vertex -162.85 86.4 110
      vertex -162.501 86.4 120.429
      vertex -162.29 86.4 120.358
    endloop
  endfacet
  facet normal 0 1 0
    outer loop
      vertex -176.815 86.4 120.651
      vertex -176.85 86.4 110
      vertex -177 86.4 120.528
    endloop
  endfacet
  facet normal 0 1 0
    outer loop
      vertex -162.85 86.4 110
      vertex -162.29 86.4 120.358
      vertex -162.072 86.4 120.315
    endloop
  endfacet
  facet normal 0 1 0
    outer loop
      vertex -177 86.4 120.528
      vertex -176.85 86.4 110
      vertex -177.199 86.4 120.429
    endloop
  endfacet
  facet normal 0 1 0
    outer loop
      vertex -162.85 86.4 110
      vertex -162.072 86.4 120.315
      vertex -161.85 86.4 120.3
    endloop
  endfacet
  facet normal 0 1 0
    outer loop
      vertex -177.199 86.4 120.429
      vertex -176.85 86.4 110
      vertex -177.41 86.4 120.358
    endloop
  endfacet
  facet normal 0 1 0
    outer loop
      vertex -150.29 86.4 123.642
      vertex -142.45 86.4 130.4
      vertex -150.072 86.4 123.685
    endloop
  endfacet
  facet normal 0 1 0
    outer loop
      vertex -142.45 86.4 130.4
      vertex -161.628 86.4 123.685
      vertex -161.85 86.4 123.7
    endloop
  endfacet
  facet normal 0 1 0
    outer loop
      vertex -150.501 86.4 123.571
      vertex -142.45 86.4 130.4
      vertex -150.29 86.4 123.642
    endloop
  endfacet
  facet normal 0 1 0
    outer loop
      vertex -142.45 86.4 130.4
      vertex -161.41 86.4 123.642
      vertex -161.628 86.4 123.685
    endloop
  endfacet
  facet normal 0 1 0
    outer loop
      vertex -161.199 86.4 123.571
      vertex -142.45 86.4 130.4
      vertex -150.501 86.4 123.571
    endloop
  endfacet
  facet normal 0 1 0
    outer loop
      vertex -142.45 86.4 130.4
      vertex -161.199 86.4 123.571
      vertex -161.41 86.4 123.642
    endloop
  endfacet
  facet normal 0 1 -0
    outer loop
      vertex -150.7 86.4 123.472
      vertex -161.199 86.4 123.571
      vertex -150.501 86.4 123.571
    endloop
  endfacet
  facet normal 0 1 0
    outer loop
      vertex -150.7 86.4 123.472
      vertex -161 86.4 123.472
      vertex -161.199 86.4 123.571
    endloop
  endfacet
  facet normal 0 1 -0
    outer loop
      vertex -150.885 86.4 123.349
      vertex -161 86.4 123.472
      vertex -150.7 86.4 123.472
    endloop
  endfacet
  facet normal 0 1 0
    outer loop
      vertex -150.885 86.4 123.349
      vertex -160.815 86.4 123.349
      vertex -161 86.4 123.472
    endloop
  endfacet
  facet normal 0 1 -0
    outer loop
      vertex -151.052 86.4 123.202
      vertex -160.815 86.4 123.349
      vertex -150.885 86.4 123.349
    endloop
  endfacet
  facet normal 0 1 0
    outer loop
      vertex -151.052 86.4 123.202
      vertex -160.648 86.4 123.202
      vertex -160.815 86.4 123.349
    endloop
  endfacet
  facet normal 0 1 -0
    outer loop
      vertex -151.199 86.4 123.035
      vertex -160.648 86.4 123.202
      vertex -151.052 86.4 123.202
    endloop
  endfacet
  facet normal 0 1 0
    outer loop
      vertex -151.199 86.4 123.035
      vertex -160.501 86.4 123.035
      vertex -160.648 86.4 123.202
    endloop
  endfacet
  facet normal 0 1 -0
    outer loop
      vertex -151.322 86.4 122.85
      vertex -160.501 86.4 123.035
      vertex -151.199 86.4 123.035
    endloop
  endfacet
  facet normal 0 1 0
    outer loop
      vertex -151.322 86.4 122.85
      vertex -160.378 86.4 122.85
      vertex -160.501 86.4 123.035
    endloop
  endfacet
  facet normal 0 1 -0
    outer loop
      vertex -151.421 86.4 122.651
      vertex -160.378 86.4 122.85
      vertex -151.322 86.4 122.85
    endloop
  endfacet
  facet normal 0 1 0
    outer loop
      vertex -151.421 86.4 122.651
      vertex -160.279 86.4 122.651
      vertex -160.378 86.4 122.85
    endloop
  endfacet
  facet normal 0 1 -0
    outer loop
      vertex -151.492 86.4 122.44
      vertex -160.279 86.4 122.651
      vertex -151.421 86.4 122.651
    endloop
  endfacet
  facet normal 0 1 0
    outer loop
      vertex -151.492 86.4 122.44
      vertex -160.208 86.4 122.44
      vertex -160.279 86.4 122.651
    endloop
  endfacet
  facet normal 0 1 -0
    outer loop
      vertex -151.535 86.4 122.222
      vertex -160.208 86.4 122.44
      vertex -151.492 86.4 122.44
    endloop
  endfacet
  facet normal 0 1 0
    outer loop
      vertex -151.535 86.4 122.222
      vertex -160.165 86.4 122.222
      vertex -160.208 86.4 122.44
    endloop
  endfacet
  facet normal 0 1 -0
    outer loop
      vertex -151.55 86.4 122
      vertex -160.165 86.4 122.222
      vertex -151.535 86.4 122.222
    endloop
  endfacet
  facet normal 0 1 0
    outer loop
      vertex -151.55 86.4 122
      vertex -160.15 86.4 122
      vertex -160.165 86.4 122.222
    endloop
  endfacet
  facet normal 0 1 0
    outer loop
      vertex -151.535 86.4 121.778
      vertex -160.15 86.4 122
      vertex -151.55 86.4 122
    endloop
  endfacet
  facet normal 0 1 0
    outer loop
      vertex -151.535 86.4 121.778
      vertex -160.165 86.4 121.778
      vertex -160.15 86.4 122
    endloop
  endfacet
  facet normal 0 1 0
    outer loop
      vertex -151.492 86.4 121.56
      vertex -160.165 86.4 121.778
      vertex -151.535 86.4 121.778
    endloop
  endfacet
  facet normal 0 1 0
    outer loop
      vertex -151.492 86.4 121.56
      vertex -160.208 86.4 121.56
      vertex -160.165 86.4 121.778
    endloop
  endfacet
  facet normal 0 1 0
    outer loop
      vertex -151.421 86.4 121.349
      vertex -160.208 86.4 121.56
      vertex -151.492 86.4 121.56
    endloop
  endfacet
  facet normal 0 1 0
    outer loop
      vertex -151.421 86.4 121.349
      vertex -160.279 86.4 121.349
      vertex -160.208 86.4 121.56
    endloop
  endfacet
  facet normal 0 1 0
    outer loop
      vertex -151.322 86.4 121.15
      vertex -160.279 86.4 121.349
      vertex -151.421 86.4 121.349
    endloop
  endfacet
  facet normal 0 1 0
    outer loop
      vertex -151.322 86.4 121.15
      vertex -160.378 86.4 121.15
      vertex -160.279 86.4 121.349
    endloop
  endfacet
  facet normal 0 1 0
    outer loop
      vertex -151.199 86.4 120.965
      vertex -160.378 86.4 121.15
      vertex -151.322 86.4 121.15
    endloop
  endfacet
  facet normal 0 1 0
    outer loop
      vertex -151.199 86.4 120.965
      vertex -160.501 86.4 120.965
      vertex -160.378 86.4 121.15
    endloop
  endfacet
  facet normal 0 1 0
    outer loop
      vertex -151.052 86.4 120.798
      vertex -160.501 86.4 120.965
      vertex -151.199 86.4 120.965
    endloop
  endfacet
  facet normal 0 1 0
    outer loop
      vertex -151.052 86.4 120.798
      vertex -160.648 86.4 120.798
      vertex -160.501 86.4 120.965
    endloop
  endfacet
  facet normal 0 1 0
    outer loop
      vertex -150.885 86.4 120.651
      vertex -160.648 86.4 120.798
      vertex -151.052 86.4 120.798
    endloop
  endfacet
  facet normal 0 1 0
    outer loop
      vertex -150.885 86.4 120.651
      vertex -160.815 86.4 120.651
      vertex -160.648 86.4 120.798
    endloop
  endfacet
  facet normal 0 1 0
    outer loop
      vertex -150.29 86.4 120.358
      vertex -150.29 86.4 109.642
      vertex -150.501 86.4 120.429
    endloop
  endfacet
  facet normal 0 1 0
    outer loop
      vertex -150.501 86.4 109.571
      vertex -150.501 86.4 120.429
      vertex -150.29 86.4 109.642
    endloop
  endfacet
  facet normal 0 1 0
    outer loop
      vertex -150.29 86.4 109.642
      vertex -150.29 86.4 120.358
      vertex -150.072 86.4 109.685
    endloop
  endfacet
  facet normal 0 1 0
    outer loop
      vertex -150.501 86.4 120.429
      vertex -150.501 86.4 109.571
      vertex -150.7 86.4 120.528
    endloop
  endfacet
  facet normal 0 1 0
    outer loop
      vertex -150.072 86.4 120.315
      vertex -150.072 86.4 109.685
      vertex -150.29 86.4 120.358
    endloop
  endfacet
  facet normal 0 1 0
    outer loop
      vertex -160.815 86.4 120.651
      vertex -161.85 86.4 109.7
      vertex -161 86.4 120.528
    endloop
  endfacet
  facet normal 0 1 0
    outer loop
      vertex -150.072 86.4 109.685
      vertex -150.072 86.4 120.315
      vertex -149.85 86.4 109.7
    endloop
  endfacet
  facet normal 0 1 0
    outer loop
      vertex -161 86.4 120.528
      vertex -161.85 86.4 109.7
      vertex -161.199 86.4 120.429
    endloop
  endfacet
  facet normal 0 1 -0
    outer loop
      vertex -149.85 86.4 109.7
      vertex -150.072 86.4 120.315
      vertex -149.85 86.4 120.3
    endloop
  endfacet
  facet normal 0 1 0
    outer loop
      vertex -161.199 86.4 120.429
      vertex -161.85 86.4 109.7
      vertex -161.41 86.4 120.358
    endloop
  endfacet
  facet normal 0 1 0
    outer loop
      vertex -150.072 86.4 123.685
      vertex -142.45 86.4 130.4
      vertex -149.85 86.4 123.7
    endloop
  endfacet
  facet normal 0 1 0
    outer loop
      vertex -142.45 86.4 130.4
      vertex -149.628 86.4 123.685
      vertex -149.85 86.4 123.7
    endloop
  endfacet
  facet normal 0 1 0
    outer loop
      vertex -142.45 86.4 130.4
      vertex -149.41 86.4 123.642
      vertex -149.628 86.4 123.685
    endloop
  endfacet
  facet normal 0 1 0
    outer loop
      vertex -142.45 86.4 130.4
      vertex -149.199 86.4 123.571
      vertex -149.41 86.4 123.642
    endloop
  endfacet
  facet normal 0 1 0
    outer loop
      vertex -142.45 86.4 130.4
      vertex -149 86.4 123.472
      vertex -149.199 86.4 123.571
    endloop
  endfacet
  facet normal 0 1 0
    outer loop
      vertex -142.45 86.4 130.4
      vertex -148.815 86.4 123.349
      vertex -149 86.4 123.472
    endloop
  endfacet
  facet normal 0 1 0
    outer loop
      vertex -142.45 86.4 130.4
      vertex -148.648 86.4 123.202
      vertex -148.815 86.4 123.349
    endloop
  endfacet
  facet normal 0 1 0
    outer loop
      vertex -142.45 86.4 130.4
      vertex -148.501 86.4 123.035
      vertex -148.648 86.4 123.202
    endloop
  endfacet
  facet normal 0 1 0
    outer loop
      vertex -142.45 86.4 130.4
      vertex -148.378 86.4 122.85
      vertex -148.501 86.4 123.035
    endloop
  endfacet
  facet normal 0 1 0
    outer loop
      vertex -142.45 86.4 130.4
      vertex -148.279 86.4 122.651
      vertex -148.378 86.4 122.85
    endloop
  endfacet
  facet normal 0 1 0
    outer loop
      vertex -142.45 86.4 130.4
      vertex -148.208 86.4 122.44
      vertex -148.279 86.4 122.651
    endloop
  endfacet
  facet normal 0 1 0
    outer loop
      vertex -142.45 86.4 130.4
      vertex -148.165 86.4 122.222
      vertex -148.208 86.4 122.44
    endloop
  endfacet
  facet normal 0 1 0
    outer loop
      vertex -142.45 86.4 130.4
      vertex -148.15 86.4 122
      vertex -148.165 86.4 122.222
    endloop
  endfacet
  facet normal 0 1 0
    outer loop
      vertex -142.45 86.4 130.4
      vertex -148.165 86.4 121.778
      vertex -148.15 86.4 122
    endloop
  endfacet
  facet normal 0 1 0
    outer loop
      vertex -142.45 86.4 130.4
      vertex -148.208 86.4 121.56
      vertex -148.165 86.4 121.778
    endloop
  endfacet
  facet normal 0 1 0
    outer loop
      vertex -148.208 86.4 108.44
      vertex -148.208 86.4 121.56
      vertex -142.45 86.4 130.4
    endloop
  endfacet
  facet normal 0 1 0
    outer loop
      vertex -148.208 86.4 121.56
      vertex -148.208 86.4 108.44
      vertex -148.279 86.4 121.349
    endloop
  endfacet
  facet normal -0 1 0
    outer loop
      vertex -162.85 86.4 110
      vertex -161.628 86.4 120.315
      vertex -161.85 86.4 109.7
    endloop
  endfacet
  facet normal 0 1 0
    outer loop
      vertex -177.41 86.4 120.358
      vertex -176.85 86.4 110
      vertex -177.628 86.4 120.315
    endloop
  endfacet
  facet normal 0 1 0
    outer loop
      vertex -177.628 86.4 120.315
      vertex -176.85 86.4 110
      vertex -177.85 86.4 120.3
    endloop
  endfacet
  facet normal 0 1 0
    outer loop
      vertex -149.85 86.4 109.7
      vertex -149.85 86.4 120.3
      vertex -149.628 86.4 120.315
    endloop
  endfacet
  facet normal 0 1 0
    outer loop
      vertex -149.628 86.4 109.685
      vertex -149.628 86.4 120.315
      vertex -149.41 86.4 120.358
    endloop
  endfacet
  facet normal 0 1 0
    outer loop
      vertex -149.41 86.4 109.642
      vertex -149.41 86.4 120.358
      vertex -149.199 86.4 120.429
    endloop
  endfacet
  facet normal 0 1 0
    outer loop
      vertex -149.199 86.4 109.571
      vertex -149.199 86.4 120.429
      vertex -149 86.4 120.528
    endloop
  endfacet
  facet normal 0 1 0
    outer loop
      vertex -149 86.4 109.472
      vertex -149 86.4 120.528
      vertex -148.815 86.4 120.651
    endloop
  endfacet
  facet normal 0 1 0
    outer loop
      vertex -161.41 86.4 120.358
      vertex -161.85 86.4 109.7
      vertex -161.628 86.4 120.315
    endloop
  endfacet
  facet normal 0 1 0
    outer loop
      vertex -148.815 86.4 109.349
      vertex -148.815 86.4 120.651
      vertex -148.648 86.4 120.798
    endloop
  endfacet
  facet normal 0 1 0
    outer loop
      vertex -148.648 86.4 109.202
      vertex -148.648 86.4 120.798
      vertex -148.501 86.4 120.965
    endloop
  endfacet
  facet normal 0 1 0
    outer loop
      vertex -148.501 86.4 109.035
      vertex -148.501 86.4 120.965
      vertex -148.378 86.4 121.15
    endloop
  endfacet
  facet normal 0 1 0
    outer loop
      vertex -148.279 86.4 121.349
      vertex -148.279 86.4 108.651
      vertex -148.378 86.4 121.15
    endloop
  endfacet
  facet normal 0 1 0
    outer loop
      vertex -149.628 86.4 120.315
      vertex -149.628 86.4 109.685
      vertex -149.85 86.4 109.7
    endloop
  endfacet
  facet normal 0 1 0
    outer loop
      vertex -149.41 86.4 120.358
      vertex -149.41 86.4 109.642
      vertex -149.628 86.4 109.685
    endloop
  endfacet
  facet normal 0 1 0
    outer loop
      vertex -149.199 86.4 120.429
      vertex -149.199 86.4 109.571
      vertex -149.41 86.4 109.642
    endloop
  endfacet
  facet normal 0 1 0
    outer loop
      vertex -149 86.4 120.528
      vertex -149 86.4 109.472
      vertex -149.199 86.4 109.571
    endloop
  endfacet
  facet normal 0 1 0
    outer loop
      vertex -148.815 86.4 120.651
      vertex -148.815 86.4 109.349
      vertex -149 86.4 109.472
    endloop
  endfacet
  facet normal 0 1 0
    outer loop
      vertex -148.648 86.4 120.798
      vertex -148.648 86.4 109.202
      vertex -148.815 86.4 109.349
    endloop
  endfacet
  facet normal 0 1 0
    outer loop
      vertex -148.501 86.4 120.965
      vertex -148.501 86.4 109.035
      vertex -148.648 86.4 109.202
    endloop
  endfacet
  facet normal 0 1 0
    outer loop
      vertex -148.378 86.4 121.15
      vertex -148.378 86.4 108.85
      vertex -148.501 86.4 109.035
    endloop
  endfacet
  facet normal 0 1 0
    outer loop
      vertex -148.378 86.4 121.15
      vertex -148.279 86.4 108.651
      vertex -148.378 86.4 108.85
    endloop
  endfacet
  facet normal 0 1 0
    outer loop
      vertex -148.279 86.4 121.349
      vertex -148.208 86.4 108.44
      vertex -148.279 86.4 108.651
    endloop
  endfacet
  facet normal 0 1 -0
    outer loop
      vertex -142.45 86.4 98
      vertex -148.208 86.4 108.44
      vertex -142.45 86.4 130.4
    endloop
  endfacet
  facet normal 0 1 0
    outer loop
      vertex -148.208 86.4 108.44
      vertex -142.45 86.4 98
      vertex -148.165 86.4 108.222
    endloop
  endfacet
  facet normal 0 1 0
    outer loop
      vertex -148.165 86.4 108.222
      vertex -142.45 86.4 98
      vertex -148.15 86.4 108
    endloop
  endfacet
  facet normal -0 1 -0
    outer loop
      vertex -144.85 86.4 100
      vertex -148.15 86.4 108
      vertex -142.45 86.4 98
    endloop
  endfacet
  facet normal 0 1 0
    outer loop
      vertex -150.501 86.4 106.429
      vertex -144.85 86.4 100
      vertex -162.85 86.4 100
    endloop
  endfacet
  facet normal 0 1 0
    outer loop
      vertex -149.628 86.4 106.315
      vertex -144.85 86.4 100
      vertex -149.85 86.4 106.3
    endloop
  endfacet
  facet normal 0 1 0
    outer loop
      vertex -149.41 86.4 106.358
      vertex -144.85 86.4 100
      vertex -149.628 86.4 106.315
    endloop
  endfacet
  facet normal 0 1 0
    outer loop
      vertex -149.199 86.4 106.429
      vertex -144.85 86.4 100
      vertex -149.41 86.4 106.358
    endloop
  endfacet
  facet normal 0 1 0
    outer loop
      vertex -149 86.4 106.528
      vertex -144.85 86.4 100
      vertex -149.199 86.4 106.429
    endloop
  endfacet
  facet normal 0 1 0
    outer loop
      vertex -148.815 86.4 106.651
      vertex -144.85 86.4 100
      vertex -149 86.4 106.528
    endloop
  endfacet
  facet normal 0 1 0
    outer loop
      vertex -148.648 86.4 106.798
      vertex -144.85 86.4 100
      vertex -148.815 86.4 106.651
    endloop
  endfacet
  facet normal 0 1 0
    outer loop
      vertex -148.501 86.4 106.965
      vertex -144.85 86.4 100
      vertex -148.648 86.4 106.798
    endloop
  endfacet
  facet normal 0 1 0
    outer loop
      vertex -148.378 86.4 107.15
      vertex -144.85 86.4 100
      vertex -148.501 86.4 106.965
    endloop
  endfacet
  facet normal 0 1 0
    outer loop
      vertex -148.279 86.4 107.349
      vertex -144.85 86.4 100
      vertex -148.378 86.4 107.15
    endloop
  endfacet
  facet normal 0 1 0
    outer loop
      vertex -148.208 86.4 107.56
      vertex -144.85 86.4 100
      vertex -148.279 86.4 107.349
    endloop
  endfacet
  facet normal 0 1 0
    outer loop
      vertex -148.15 86.4 108
      vertex -144.85 86.4 100
      vertex -148.165 86.4 107.778
    endloop
  endfacet
  facet normal 0 1 0
    outer loop
      vertex -148.165 86.4 107.778
      vertex -144.85 86.4 100
      vertex -148.208 86.4 107.56
    endloop
  endfacet
  facet normal 0 1 0
    outer loop
      vertex -144.85 86.4 100
      vertex -142.45 86.4 98
      vertex -144.85 86.4 98
    endloop
  endfacet
  facet normal 0 1 0
    outer loop
      vertex -162.072 86.4 123.685
      vertex -142.45 86.4 130.4
      vertex -161.85 86.4 123.7
    endloop
  endfacet
  facet normal 0 1 0
    outer loop
      vertex -142.45 86.4 130.4
      vertex -162.072 86.4 123.685
      vertex -197.25 86.4 130.4
    endloop
  endfacet
  facet normal 0 1 -0
    outer loop
      vertex -178.072 86.4 123.685
      vertex -197.25 86.4 130.4
      vertex -177.85 86.4 123.7
    endloop
  endfacet
  facet normal 0 1 -0
    outer loop
      vertex -190.072 86.4 123.685
      vertex -197.25 86.4 130.4
      vertex -189.85 86.4 123.7
    endloop
  endfacet
  facet normal 0 1 -0
    outer loop
      vertex -190.29 86.4 123.642
      vertex -197.25 86.4 130.4
      vertex -190.072 86.4 123.685
    endloop
  endfacet
  facet normal 0 1 -0
    outer loop
      vertex -190.501 86.4 123.571
      vertex -197.25 86.4 130.4
      vertex -190.29 86.4 123.642
    endloop
  endfacet
  facet normal 0 1 -0
    outer loop
      vertex -190.7 86.4 123.472
      vertex -197.25 86.4 130.4
      vertex -190.501 86.4 123.571
    endloop
  endfacet
  facet normal 0 1 -0
    outer loop
      vertex -190.885 86.4 123.349
      vertex -197.25 86.4 130.4
      vertex -190.7 86.4 123.472
    endloop
  endfacet
  facet normal 0 1 -0
    outer loop
      vertex -191.052 86.4 123.202
      vertex -197.25 86.4 130.4
      vertex -190.885 86.4 123.349
    endloop
  endfacet
  facet normal 0 1 -0
    outer loop
      vertex -191.199 86.4 123.035
      vertex -197.25 86.4 130.4
      vertex -191.052 86.4 123.202
    endloop
  endfacet
  facet normal 0 1 -0
    outer loop
      vertex -191.322 86.4 122.85
      vertex -197.25 86.4 130.4
      vertex -191.199 86.4 123.035
    endloop
  endfacet
  facet normal 0 1 -0
    outer loop
      vertex -191.421 86.4 122.651
      vertex -197.25 86.4 130.4
      vertex -191.322 86.4 122.85
    endloop
  endfacet
  facet normal 0 1 -0
    outer loop
      vertex -191.492 86.4 122.44
      vertex -197.25 86.4 130.4
      vertex -191.421 86.4 122.651
    endloop
  endfacet
  facet normal 0 1 -0
    outer loop
      vertex -191.535 86.4 122.222
      vertex -197.25 86.4 130.4
      vertex -191.492 86.4 122.44
    endloop
  endfacet
  facet normal 0 1 -0
    outer loop
      vertex -191.55 86.4 122
      vertex -197.25 86.4 130.4
      vertex -191.535 86.4 122.222
    endloop
  endfacet
  facet normal 0 1 0
    outer loop
      vertex -191.535 86.4 121.778
      vertex -197.25 86.4 130.4
      vertex -191.55 86.4 122
    endloop
  endfacet
  facet normal 0 1 0
    outer loop
      vertex -191.492 86.4 121.56
      vertex -197.25 86.4 130.4
      vertex -191.535 86.4 121.778
    endloop
  endfacet
  facet normal 0 1 0
    outer loop
      vertex -191.492 86.4 108.44
      vertex -191.492 86.4 121.56
      vertex -191.421 86.4 121.349
    endloop
  endfacet
  facet normal 0 1 0
    outer loop
      vertex -191.421 86.4 108.651
      vertex -191.421 86.4 121.349
      vertex -191.322 86.4 121.15
    endloop
  endfacet
  facet normal 0 1 0
    outer loop
      vertex -178.072 86.4 109.685
      vertex -176.85 86.4 110
      vertex -177.85 86.4 109.7
    endloop
  endfacet
  facet normal 0 1 0
    outer loop
      vertex -189.41 86.4 120.358
      vertex -189.85 86.4 109.7
      vertex -189.628 86.4 120.315
    endloop
  endfacet
  facet normal 0 1 0
    outer loop
      vertex -189.628 86.4 120.315
      vertex -189.85 86.4 109.7
      vertex -189.85 86.4 120.3
    endloop
  endfacet
  facet normal 0 1 0
    outer loop
      vertex -189.85 86.4 120.3
      vertex -189.85 86.4 109.7
      vertex -190.072 86.4 120.315
    endloop
  endfacet
  facet normal 0 1 0
    outer loop
      vertex -190.072 86.4 109.685
      vertex -190.072 86.4 120.315
      vertex -189.85 86.4 109.7
    endloop
  endfacet
  facet normal 0 1 0
    outer loop
      vertex -190.072 86.4 120.315
      vertex -190.072 86.4 109.685
      vertex -190.29 86.4 120.358
    endloop
  endfacet
  facet normal 0 1 0
    outer loop
      vertex -190.29 86.4 109.642
      vertex -190.29 86.4 120.358
      vertex -190.072 86.4 109.685
    endloop
  endfacet
  facet normal 0 1 0
    outer loop
      vertex -190.29 86.4 120.358
      vertex -190.29 86.4 109.642
      vertex -190.501 86.4 120.429
    endloop
  endfacet
  facet normal 0 1 0
    outer loop
      vertex -190.501 86.4 109.571
      vertex -190.501 86.4 120.429
      vertex -190.29 86.4 109.642
    endloop
  endfacet
  facet normal 0 1 0
    outer loop
      vertex -190.501 86.4 120.429
      vertex -190.501 86.4 109.571
      vertex -190.7 86.4 120.528
    endloop
  endfacet
  facet normal 0 1 0
    outer loop
      vertex -190.7 86.4 109.472
      vertex -190.7 86.4 120.528
      vertex -190.501 86.4 109.571
    endloop
  endfacet
  facet normal 0 1 0
    outer loop
      vertex -190.7 86.4 120.528
      vertex -190.7 86.4 109.472
      vertex -190.885 86.4 120.651
    endloop
  endfacet
  facet normal 0 1 0
    outer loop
      vertex -190.885 86.4 109.349
      vertex -190.885 86.4 120.651
      vertex -190.7 86.4 109.472
    endloop
  endfacet
  facet normal 0 1 0
    outer loop
      vertex -190.885 86.4 120.651
      vertex -190.885 86.4 109.349
      vertex -191.052 86.4 120.798
    endloop
  endfacet
  facet normal 0 1 0
    outer loop
      vertex -191.052 86.4 109.202
      vertex -191.052 86.4 120.798
      vertex -190.885 86.4 109.349
    endloop
  endfacet
  facet normal 0 1 0
    outer loop
      vertex -191.052 86.4 120.798
      vertex -191.052 86.4 109.202
      vertex -191.199 86.4 120.965
    endloop
  endfacet
  facet normal 0 1 0
    outer loop
      vertex -191.199 86.4 109.035
      vertex -191.199 86.4 120.965
      vertex -191.052 86.4 109.202
    endloop
  endfacet
  facet normal 0 1 0
    outer loop
      vertex -191.199 86.4 120.965
      vertex -191.199 86.4 109.035
      vertex -191.322 86.4 121.15
    endloop
  endfacet
  facet normal 0 1 0
    outer loop
      vertex -191.322 86.4 108.85
      vertex -191.322 86.4 121.15
      vertex -191.199 86.4 109.035
    endloop
  endfacet
  facet normal 0 1 0
    outer loop
      vertex -191.421 86.4 108.651
      vertex -191.322 86.4 121.15
      vertex -191.322 86.4 108.85
    endloop
  endfacet
  facet normal 0 1 0
    outer loop
      vertex -191.492 86.4 108.44
      vertex -191.421 86.4 121.349
      vertex -191.421 86.4 108.651
    endloop
  endfacet
  facet normal 0 1 0
    outer loop
      vertex -191.492 86.4 121.56
      vertex -191.492 86.4 108.44
      vertex -197.25 86.4 130.4
    endloop
  endfacet
  facet normal 0 1 0
    outer loop
      vertex -197.25 86.4 98
      vertex -191.492 86.4 108.44
      vertex -191.535 86.4 108.222
    endloop
  endfacet
  facet normal 0 1 0
    outer loop
      vertex -197.25 86.4 98
      vertex -191.535 86.4 108.222
      vertex -191.55 86.4 108
    endloop
  endfacet
  facet normal 0 1 0
    outer loop
      vertex -194.85 86.4 100
      vertex -191.55 86.4 108
      vertex -191.535 86.4 107.778
    endloop
  endfacet
  facet normal 0 1 0
    outer loop
      vertex -194.85 86.4 100
      vertex -191.535 86.4 107.778
      vertex -191.492 86.4 107.56
    endloop
  endfacet
  facet normal 0 1 0
    outer loop
      vertex -189.628 86.4 106.315
      vertex -194.85 86.4 100
      vertex -189.85 86.4 106.3
    endloop
  endfacet
  facet normal 0 1 0
    outer loop
      vertex -189.85 86.4 106.3
      vertex -194.85 86.4 100
      vertex -190.072 86.4 106.315
    endloop
  endfacet
  facet normal 0 1 0
    outer loop
      vertex -190.072 86.4 106.315
      vertex -194.85 86.4 100
      vertex -190.29 86.4 106.358
    endloop
  endfacet
  facet normal 0 1 0
    outer loop
      vertex -190.29 86.4 106.358
      vertex -194.85 86.4 100
      vertex -190.501 86.4 106.429
    endloop
  endfacet
  facet normal 0 1 0
    outer loop
      vertex -194.85 86.4 100
      vertex -190.7 86.4 106.528
      vertex -190.501 86.4 106.429
    endloop
  endfacet
  facet normal 0 1 0
    outer loop
      vertex -194.85 86.4 100
      vertex -190.885 86.4 106.651
      vertex -190.7 86.4 106.528
    endloop
  endfacet
  facet normal 0 1 0
    outer loop
      vertex -194.85 86.4 100
      vertex -191.052 86.4 106.798
      vertex -190.885 86.4 106.651
    endloop
  endfacet
  facet normal 0 1 0
    outer loop
      vertex -194.85 86.4 100
      vertex -191.199 86.4 106.965
      vertex -191.052 86.4 106.798
    endloop
  endfacet
  facet normal 0 1 0
    outer loop
      vertex -194.85 86.4 100
      vertex -191.322 86.4 107.15
      vertex -191.199 86.4 106.965
    endloop
  endfacet
  facet normal 0 1 0
    outer loop
      vertex -194.85 86.4 100
      vertex -191.421 86.4 107.349
      vertex -191.322 86.4 107.15
    endloop
  endfacet
  facet normal 0 1 0
    outer loop
      vertex -194.85 86.4 100
      vertex -191.492 86.4 107.56
      vertex -191.421 86.4 107.349
    endloop
  endfacet
  facet normal 0 1 0
    outer loop
      vertex -191.55 86.4 108
      vertex -194.85 86.4 100
      vertex -197.25 86.4 98
    endloop
  endfacet
  facet normal 0 1 0
    outer loop
      vertex -197.25 86.4 98
      vertex -194.85 86.4 100
      vertex -194.85 86.4 98
    endloop
  endfacet
  facet normal 0 1 0
    outer loop
      vertex -191.492 86.4 108.44
      vertex -197.25 86.4 98
      vertex -197.25 86.4 130.4
    endloop
  endfacet
  facet normal 0 1 0
    outer loop
      vertex -161.628 86.4 120.315
      vertex -162.85 86.4 110
      vertex -161.85 86.4 120.3
    endloop
  endfacet
  facet normal 0 1 -0
    outer loop
      vertex -162.072 86.4 109.685
      vertex -162.85 86.4 110
      vertex -161.85 86.4 109.7
    endloop
  endfacet
  facet normal 0 1 -0
    outer loop
      vertex -162.29 86.4 109.642
      vertex -162.85 86.4 110
      vertex -162.072 86.4 109.685
    endloop
  endfacet
  facet normal 0 1 -0
    outer loop
      vertex -162.501 86.4 109.571
      vertex -162.85 86.4 110
      vertex -162.29 86.4 109.642
    endloop
  endfacet
  facet normal 0 1 -0
    outer loop
      vertex -162.7 86.4 109.472
      vertex -162.85 86.4 110
      vertex -162.501 86.4 109.571
    endloop
  endfacet
  facet normal 0 1 0
    outer loop
      vertex -162.85 86.4 110
      vertex -162.7 86.4 109.472
      vertex -162.85 86.4 109.372
    endloop
  endfacet
  facet normal 0 1 0
    outer loop
      vertex -161.628 86.4 106.315
      vertex -162.85 86.4 100
      vertex -161.85 86.4 106.3
    endloop
  endfacet
  facet normal 0 1 0
    outer loop
      vertex -161.85 86.4 106.3
      vertex -162.85 86.4 100
      vertex -162.072 86.4 106.315
    endloop
  endfacet
  facet normal 0 1 0
    outer loop
      vertex -162.072 86.4 106.315
      vertex -162.85 86.4 100
      vertex -162.29 86.4 106.358
    endloop
  endfacet
  facet normal 0 1 0
    outer loop
      vertex -162.7 86.4 106.528
      vertex -162.85 86.4 100
      vertex -162.85 86.4 106.628
    endloop
  endfacet
  facet normal 0 1 0
    outer loop
      vertex -162.501 86.4 106.429
      vertex -162.85 86.4 100
      vertex -162.7 86.4 106.528
    endloop
  endfacet
  facet normal 0 1 0
    outer loop
      vertex -162.29 86.4 106.358
      vertex -162.85 86.4 100
      vertex -162.501 86.4 106.429
    endloop
  endfacet
  facet normal 0 -1 0
    outer loop
      vertex -197.25 -60.4 87.6
      vertex -142.45 -60.4 130.4
      vertex -197.25 -60.4 130.4
    endloop
  endfacet
  facet normal 0 -1 -0
    outer loop
      vertex -142.45 -60.4 130.4
      vertex -197.25 -60.4 87.6
      vertex -142.45 -60.4 87.6
    endloop
  endfacet
  facet normal 0 -1 0
    outer loop
      vertex -197.25 2 130.4
      vertex -194.85 2 128
      vertex -142.45 2 130.4
    endloop
  endfacet
  facet normal 0 -1 0
    outer loop
      vertex -197.25 2 127
      vertex -194.85 2 128
      vertex -197.25 2 130.4
    endloop
  endfacet
  facet normal 0 -1 -0
    outer loop
      vertex -194.85 2 128
      vertex -197.25 2 127
      vertex -194.85 2 127
    endloop
  endfacet
  facet normal 0 -1 0
    outer loop
      vertex -144.85 2 128
      vertex -142.45 2 130.4
      vertex -194.85 2 128
    endloop
  endfacet
  facet normal 0 -1 0
    outer loop
      vertex -142.45 2 127
      vertex -144.85 2 128
      vertex -144.85 2 127
    endloop
  endfacet
  facet normal 0 -1 0
    outer loop
      vertex -144.85 2 128
      vertex -142.45 2 127
      vertex -142.45 2 130.4
    endloop
  endfacet
  facet normal 0 1 0
    outer loop
      vertex -142.45 -20 130.4
      vertex -144.85 -20 128
      vertex -197.25 -20 130.4
    endloop
  endfacet
  facet normal 0 1 -0
    outer loop
      vertex -142.45 -20 127
      vertex -144.85 -20 128
      vertex -142.45 -20 130.4
    endloop
  endfacet
  facet normal 0 1 0
    outer loop
      vertex -144.85 -20 128
      vertex -142.45 -20 127
      vertex -144.85 -20 127
    endloop
  endfacet
  facet normal 0 1 -0
    outer loop
      vertex -194.85 -20 128
      vertex -197.25 -20 130.4
      vertex -144.85 -20 128
    endloop
  endfacet
  facet normal 0 1 0
    outer loop
      vertex -197.25 -20 127
      vertex -194.85 -20 128
      vertex -194.85 -20 127
    endloop
  endfacet
  facet normal 0 1 0
    outer loop
      vertex -194.85 -20 128
      vertex -197.25 -20 127
      vertex -197.25 -20 130.4
    endloop
  endfacet
  facet normal 0 0 -1
    outer loop
      vertex -197.25 -46.4 124
      vertex -194.85 -22.4 124
      vertex -194.85 -46.4 124
    endloop
  endfacet
  facet normal -0 0 -1
    outer loop
      vertex -194.85 -22.4 124
      vertex -197.25 -46.4 124
      vertex -197.25 -22.4 124
    endloop
  endfacet
  facet normal -0 0 1
    outer loop
      vertex -197.25 -22.4 102
      vertex -194.85 -46.4 102
      vertex -194.85 -22.4 102
    endloop
  endfacet
  facet normal 0 0 1
    outer loop
      vertex -194.85 -46.4 102
      vertex -197.25 -22.4 102
      vertex -197.25 -46.4 102
    endloop
  endfacet
  facet normal 0 -1 0
    outer loop
      vertex -197.25 -22.4 102
      vertex -194.85 -22.4 124
      vertex -197.25 -22.4 124
    endloop
  endfacet
  facet normal 0 -1 -0
    outer loop
      vertex -194.85 -22.4 124
      vertex -197.25 -22.4 102
      vertex -194.85 -22.4 102
    endloop
  endfacet
  facet normal 0 1 -0
    outer loop
      vertex -194.85 -46.4 102
      vertex -197.25 -46.4 124
      vertex -194.85 -46.4 124
    endloop
  endfacet
  facet normal 0 1 0
    outer loop
      vertex -197.25 -46.4 124
      vertex -194.85 -46.4 102
      vertex -197.25 -46.4 102
    endloop
  endfacet
  facet normal 0 0 -1
    outer loop
      vertex -197.25 1.33333 124
      vertex -194.85 25.3333 124
      vertex -194.85 1.33333 124
    endloop
  endfacet
  facet normal -0 0 -1
    outer loop
      vertex -194.85 25.3333 124
      vertex -197.25 1.33333 124
      vertex -197.25 25.3333 124
    endloop
  endfacet
  facet normal -0 0 1
    outer loop
      vertex -197.25 25.3333 102
      vertex -194.85 1.33333 102
      vertex -194.85 25.3333 102
    endloop
  endfacet
  facet normal 0 0 1
    outer loop
      vertex -194.85 1.33333 102
      vertex -197.25 25.3333 102
      vertex -197.25 1.33333 102
    endloop
  endfacet
  facet normal 0 -1 0
    outer loop
      vertex -197.25 25.3333 102
      vertex -194.85 25.3333 124
      vertex -197.25 25.3333 124
    endloop
  endfacet
  facet normal 0 -1 -0
    outer loop
      vertex -194.85 25.3333 124
      vertex -197.25 25.3333 102
      vertex -194.85 25.3333 102
    endloop
  endfacet
  facet normal 0 1 -0
    outer loop
      vertex -194.85 1.33333 102
      vertex -197.25 1.33333 124
      vertex -194.85 1.33333 124
    endloop
  endfacet
  facet normal 0 1 0
    outer loop
      vertex -197.25 1.33333 124
      vertex -194.85 1.33333 102
      vertex -197.25 1.33333 102
    endloop
  endfacet
  facet normal 0 0 -1
    outer loop
      vertex -197.25 48.6667 124
      vertex -194.85 72.6667 124
      vertex -194.85 48.6667 124
    endloop
  endfacet
  facet normal -0 0 -1
    outer loop
      vertex -194.85 72.6667 124
      vertex -197.25 48.6667 124
      vertex -197.25 72.6667 124
    endloop
  endfacet
  facet normal -0 0 1
    outer loop
      vertex -197.25 72.6667 102
      vertex -194.85 48.6667 102
      vertex -194.85 72.6667 102
    endloop
  endfacet
  facet normal 0 0 1
    outer loop
      vertex -194.85 48.6667 102
      vertex -197.25 72.6667 102
      vertex -197.25 48.6667 102
    endloop
  endfacet
  facet normal 0 -1 0
    outer loop
      vertex -197.25 72.6667 102
      vertex -194.85 72.6667 124
      vertex -197.25 72.6667 124
    endloop
  endfacet
  facet normal 0 -1 -0
    outer loop
      vertex -194.85 72.6667 124
      vertex -197.25 72.6667 102
      vertex -194.85 72.6667 102
    endloop
  endfacet
  facet normal 0 1 -0
    outer loop
      vertex -194.85 48.6667 102
      vertex -197.25 48.6667 124
      vertex -194.85 48.6667 124
    endloop
  endfacet
  facet normal 0 1 0
    outer loop
      vertex -197.25 48.6667 124
      vertex -194.85 48.6667 102
      vertex -197.25 48.6667 102
    endloop
  endfacet
  facet normal 0 0 -1
    outer loop
      vertex -197.25 -19.6667 101
      vertex -194.85 -1.66667 101
      vertex -194.85 -19.6667 101
    endloop
  endfacet
  facet normal -0 0 -1
    outer loop
      vertex -194.85 -1.66667 101
      vertex -197.25 -19.6667 101
      vertex -197.25 -1.66667 101
    endloop
  endfacet
  facet normal 0 -1 0
    outer loop
      vertex -197.25 -1.66667 98
      vertex -194.85 -1.66667 101
      vertex -197.25 -1.66667 101
    endloop
  endfacet
  facet normal 0 -1 -0
    outer loop
      vertex -194.85 -1.66667 101
      vertex -197.25 -1.66667 98
      vertex -194.85 -1.66667 98
    endloop
  endfacet
  facet normal 0 1 -0
    outer loop
      vertex -194.85 -19.6667 98
      vertex -197.25 -19.6667 101
      vertex -194.85 -19.6667 101
    endloop
  endfacet
  facet normal 0 1 0
    outer loop
      vertex -197.25 -19.6667 101
      vertex -194.85 -19.6667 98
      vertex -197.25 -19.6667 98
    endloop
  endfacet
  facet normal 0 0 -1
    outer loop
      vertex -197.25 27.6667 101
      vertex -194.85 45.6667 101
      vertex -194.85 27.6667 101
    endloop
  endfacet
  facet normal -0 0 -1
    outer loop
      vertex -194.85 45.6667 101
      vertex -197.25 27.6667 101
      vertex -197.25 45.6667 101
    endloop
  endfacet
  facet normal 0 -1 0
    outer loop
      vertex -197.25 45.6667 98
      vertex -194.85 45.6667 101
      vertex -197.25 45.6667 101
    endloop
  endfacet
  facet normal 0 -1 -0
    outer loop
      vertex -194.85 45.6667 101
      vertex -197.25 45.6667 98
      vertex -194.85 45.6667 98
    endloop
  endfacet
  facet normal 0 1 -0
    outer loop
      vertex -194.85 27.6667 98
      vertex -197.25 27.6667 101
      vertex -194.85 27.6667 101
    endloop
  endfacet
  facet normal 0 1 0
    outer loop
      vertex -197.25 27.6667 101
      vertex -194.85 27.6667 98
      vertex -197.25 27.6667 98
    endloop
  endfacet
  facet normal 1 0 0
    outer loop
      vertex -194.85 -20 128
      vertex -194.85 -22.4 124
      vertex -194.85 -20 127
    endloop
  endfacet
  facet normal 1 0 0
    outer loop
      vertex -194.85 -20 128
      vertex -194.85 -46.4 124
      vertex -194.85 -22.4 124
    endloop
  endfacet
  facet normal 1 0 0
    outer loop
      vertex -194.85 -46.4 124
      vertex -194.85 -58 128
      vertex -194.85 -46.4 102
    endloop
  endfacet
  facet normal 1 -0 0
    outer loop
      vertex -194.85 -58 128
      vertex -194.85 -46.4 124
      vertex -194.85 -20 128
    endloop
  endfacet
  facet normal 1 0 0
    outer loop
      vertex -194.85 84 128
      vertex -194.85 72.6667 124
      vertex -194.85 84 100
    endloop
  endfacet
  facet normal 1 0 0
    outer loop
      vertex -194.85 84 128
      vertex -194.85 48.6667 124
      vertex -194.85 72.6667 124
    endloop
  endfacet
  facet normal 1 0 0
    outer loop
      vertex -194.85 48.6667 124
      vertex -194.85 45.6667 101
      vertex -194.85 48.6667 102
    endloop
  endfacet
  facet normal 1 -0 0
    outer loop
      vertex -194.85 25.3333 124
      vertex -194.85 45.6667 101
      vertex -194.85 48.6667 124
    endloop
  endfacet
  facet normal 1 -0 0
    outer loop
      vertex -194.85 25.3333 102
      vertex -194.85 27.6667 101
      vertex -194.85 25.3333 124
    endloop
  endfacet
  facet normal 1 0 0
    outer loop
      vertex -194.85 45.6667 101
      vertex -194.85 25.3333 124
      vertex -194.85 27.6667 101
    endloop
  endfacet
  facet normal 1 -0 0
    outer loop
      vertex -194.85 2 128
      vertex -194.85 48.6667 124
      vertex -194.85 84 128
    endloop
  endfacet
  facet normal 1 0 0
    outer loop
      vertex -194.85 48.6667 124
      vertex -194.85 2 128
      vertex -194.85 25.3333 124
    endloop
  endfacet
  facet normal 1 -0 0
    outer loop
      vertex -194.85 2 127
      vertex -194.85 25.3333 124
      vertex -194.85 2 128
    endloop
  endfacet
  facet normal 1 0 0
    outer loop
      vertex -194.85 2 127
      vertex -194.85 1.33333 124
      vertex -194.85 25.3333 124
    endloop
  endfacet
  facet normal 1 0 0
    outer loop
      vertex -194.85 1.33333 124
      vertex -194.85 -1.66667 101
      vertex -194.85 1.33333 102
    endloop
  endfacet
  facet normal 1 -0 0
    outer loop
      vertex -194.85 -22.4 124
      vertex -194.85 -1.66667 101
      vertex -194.85 1.33333 124
    endloop
  endfacet
  facet normal 1 -0 0
    outer loop
      vertex -194.85 -20 127
      vertex -194.85 1.33333 124
      vertex -194.85 2 127
    endloop
  endfacet
  facet normal 1 0 0
    outer loop
      vertex -194.85 1.33333 124
      vertex -194.85 -20 127
      vertex -194.85 -22.4 124
    endloop
  endfacet
  facet normal 1 0 0
    outer loop
      vertex -194.85 -1.66667 101
      vertex -194.85 -22.4 124
      vertex -194.85 -19.6667 101
    endloop
  endfacet
  facet normal 1 0 0
    outer loop
      vertex -194.85 -19.6667 101
      vertex -194.85 -22.4 124
      vertex -194.85 -22.4 102
    endloop
  endfacet
  facet normal 1 0 0
    outer loop
      vertex -194.85 -19.6667 101
      vertex -194.85 -22.4 102
      vertex -194.85 -19.6667 98
    endloop
  endfacet
  facet normal 1 -0 0
    outer loop
      vertex -194.85 -46.4 102
      vertex -194.85 -19.6667 98
      vertex -194.85 -22.4 102
    endloop
  endfacet
  facet normal 1 0 0
    outer loop
      vertex -194.85 -46.4 102
      vertex -194.85 -58 98
      vertex -194.85 -19.6667 98
    endloop
  endfacet
  facet normal 1 0 0
    outer loop
      vertex -194.85 -58 98
      vertex -194.85 -46.4 102
      vertex -194.85 -58 128
    endloop
  endfacet
  facet normal 1 -0 0
    outer loop
      vertex -194.85 84 100
      vertex -194.85 86.4 98
      vertex -194.85 86.4 100
    endloop
  endfacet
  facet normal 1 -0 0
    outer loop
      vertex -194.85 72.6667 102
      vertex -194.85 84 100
      vertex -194.85 72.6667 124
    endloop
  endfacet
  facet normal 1 0 0
    outer loop
      vertex -194.85 72.6667 102
      vertex -194.85 86.4 98
      vertex -194.85 84 100
    endloop
  endfacet
  facet normal 1 0 0
    outer loop
      vertex -194.85 45.6667 98
      vertex -194.85 72.6667 102
      vertex -194.85 48.6667 102
    endloop
  endfacet
  facet normal 1 0 0
    outer loop
      vertex -194.85 45.6667 98
      vertex -194.85 48.6667 102
      vertex -194.85 45.6667 101
    endloop
  endfacet
  facet normal 1 0 0
    outer loop
      vertex -194.85 72.6667 102
      vertex -194.85 45.6667 98
      vertex -194.85 86.4 98
    endloop
  endfacet
  facet normal 1 0 0
    outer loop
      vertex -194.85 27.6667 101
      vertex -194.85 25.3333 102
      vertex -194.85 27.6667 98
    endloop
  endfacet
  facet normal 1 -0 0
    outer loop
      vertex -194.85 1.33333 102
      vertex -194.85 27.6667 98
      vertex -194.85 25.3333 102
    endloop
  endfacet
  facet normal 1 0 0
    outer loop
      vertex -194.85 -1.66667 98
      vertex -194.85 1.33333 102
      vertex -194.85 -1.66667 101
    endloop
  endfacet
  facet normal 1 0 0
    outer loop
      vertex -194.85 1.33333 102
      vertex -194.85 -1.66667 98
      vertex -194.85 27.6667 98
    endloop
  endfacet
  facet normal 0 0 -1
    outer loop
      vertex -197.25 45.6667 98
      vertex -194.85 86.4 98
      vertex -194.85 45.6667 98
    endloop
  endfacet
  facet normal -0 0 -1
    outer loop
      vertex -194.85 86.4 98
      vertex -197.25 45.6667 98
      vertex -197.25 86.4 98
    endloop
  endfacet
  facet normal 0 0 -1
    outer loop
      vertex -197.25 -1.66667 98
      vertex -194.85 27.6667 98
      vertex -194.85 -1.66667 98
    endloop
  endfacet
  facet normal -0 0 -1
    outer loop
      vertex -194.85 27.6667 98
      vertex -197.25 -1.66667 98
      vertex -197.25 27.6667 98
    endloop
  endfacet
  facet normal 0 0 -1
    outer loop
      vertex -197.25 -58 98
      vertex -194.85 -19.6667 98
      vertex -194.85 -58 98
    endloop
  endfacet
  facet normal -0 0 -1
    outer loop
      vertex -194.85 -19.6667 98
      vertex -197.25 -58 98
      vertex -197.25 -19.6667 98
    endloop
  endfacet
  facet normal -0 0 1
    outer loop
      vertex -197.25 2 127
      vertex -194.85 -20 127
      vertex -194.85 2 127
    endloop
  endfacet
  facet normal 0 0 1
    outer loop
      vertex -194.85 -20 127
      vertex -197.25 2 127
      vertex -197.25 -20 127
    endloop
  endfacet
  facet normal 0 0 -1
    outer loop
      vertex -144.85 -46.4 124
      vertex -142.45 -22.4 124
      vertex -142.45 -46.4 124
    endloop
  endfacet
  facet normal -0 0 -1
    outer loop
      vertex -142.45 -22.4 124
      vertex -144.85 -46.4 124
      vertex -144.85 -22.4 124
    endloop
  endfacet
  facet normal -0 0 1
    outer loop
      vertex -144.85 -22.4 102
      vertex -142.45 -46.4 102
      vertex -142.45 -22.4 102
    endloop
  endfacet
  facet normal 0 0 1
    outer loop
      vertex -142.45 -46.4 102
      vertex -144.85 -22.4 102
      vertex -144.85 -46.4 102
    endloop
  endfacet
  facet normal 0 -1 0
    outer loop
      vertex -144.85 -22.4 102
      vertex -142.45 -22.4 124
      vertex -144.85 -22.4 124
    endloop
  endfacet
  facet normal 0 -1 -0
    outer loop
      vertex -142.45 -22.4 124
      vertex -144.85 -22.4 102
      vertex -142.45 -22.4 102
    endloop
  endfacet
  facet normal 0 1 -0
    outer loop
      vertex -142.45 -46.4 102
      vertex -144.85 -46.4 124
      vertex -142.45 -46.4 124
    endloop
  endfacet
  facet normal 0 1 0
    outer loop
      vertex -144.85 -46.4 124
      vertex -142.45 -46.4 102
      vertex -144.85 -46.4 102
    endloop
  endfacet
  facet normal 0 0 -1
    outer loop
      vertex -144.85 1.33333 124
      vertex -142.45 25.3333 124
      vertex -142.45 1.33333 124
    endloop
  endfacet
  facet normal -0 0 -1
    outer loop
      vertex -142.45 25.3333 124
      vertex -144.85 1.33333 124
      vertex -144.85 25.3333 124
    endloop
  endfacet
  facet normal -0 0 1
    outer loop
      vertex -144.85 25.3333 102
      vertex -142.45 1.33333 102
      vertex -142.45 25.3333 102
    endloop
  endfacet
  facet normal 0 0 1
    outer loop
      vertex -142.45 1.33333 102
      vertex -144.85 25.3333 102
      vertex -144.85 1.33333 102
    endloop
  endfacet
  facet normal 0 -1 0
    outer loop
      vertex -144.85 25.3333 102
      vertex -142.45 25.3333 124
      vertex -144.85 25.3333 124
    endloop
  endfacet
  facet normal 0 -1 -0
    outer loop
      vertex -142.45 25.3333 124
      vertex -144.85 25.3333 102
      vertex -142.45 25.3333 102
    endloop
  endfacet
  facet normal 0 1 -0
    outer loop
      vertex -142.45 1.33333 102
      vertex -144.85 1.33333 124
      vertex -142.45 1.33333 124
    endloop
  endfacet
  facet normal 0 1 0
    outer loop
      vertex -144.85 1.33333 124
      vertex -142.45 1.33333 102
      vertex -144.85 1.33333 102
    endloop
  endfacet
  facet normal 0 0 -1
    outer loop
      vertex -144.85 48.6667 124
      vertex -142.45 72.6667 124
      vertex -142.45 48.6667 124
    endloop
  endfacet
  facet normal -0 0 -1
    outer loop
      vertex -142.45 72.6667 124
      vertex -144.85 48.6667 124
      vertex -144.85 72.6667 124
    endloop
  endfacet
  facet normal -0 0 1
    outer loop
      vertex -144.85 72.6667 102
      vertex -142.45 48.6667 102
      vertex -142.45 72.6667 102
    endloop
  endfacet
  facet normal 0 0 1
    outer loop
      vertex -142.45 48.6667 102
      vertex -144.85 72.6667 102
      vertex -144.85 48.6667 102
    endloop
  endfacet
  facet normal 0 -1 0
    outer loop
      vertex -144.85 72.6667 102
      vertex -142.45 72.6667 124
      vertex -144.85 72.6667 124
    endloop
  endfacet
  facet normal 0 -1 -0
    outer loop
      vertex -142.45 72.6667 124
      vertex -144.85 72.6667 102
      vertex -142.45 72.6667 102
    endloop
  endfacet
  facet normal 0 1 -0
    outer loop
      vertex -142.45 48.6667 102
      vertex -144.85 48.6667 124
      vertex -142.45 48.6667 124
    endloop
  endfacet
  facet normal 0 1 0
    outer loop
      vertex -144.85 48.6667 124
      vertex -142.45 48.6667 102
      vertex -144.85 48.6667 102
    endloop
  endfacet
  facet normal 0 0 -1
    outer loop
      vertex -144.85 -19.6667 101
      vertex -142.45 -1.66667 101
      vertex -142.45 -19.6667 101
    endloop
  endfacet
  facet normal -0 0 -1
    outer loop
      vertex -142.45 -1.66667 101
      vertex -144.85 -19.6667 101
      vertex -144.85 -1.66667 101
    endloop
  endfacet
  facet normal 0 -1 0
    outer loop
      vertex -144.85 -1.66667 98
      vertex -142.45 -1.66667 101
      vertex -144.85 -1.66667 101
    endloop
  endfacet
  facet normal 0 -1 -0
    outer loop
      vertex -142.45 -1.66667 101
      vertex -144.85 -1.66667 98
      vertex -142.45 -1.66667 98
    endloop
  endfacet
  facet normal 0 1 -0
    outer loop
      vertex -142.45 -19.6667 98
      vertex -144.85 -19.6667 101
      vertex -142.45 -19.6667 101
    endloop
  endfacet
  facet normal 0 1 0
    outer loop
      vertex -144.85 -19.6667 101
      vertex -142.45 -19.6667 98
      vertex -144.85 -19.6667 98
    endloop
  endfacet
  facet normal 0 0 -1
    outer loop
      vertex -144.85 27.6667 101
      vertex -142.45 45.6667 101
      vertex -142.45 27.6667 101
    endloop
  endfacet
  facet normal -0 0 -1
    outer loop
      vertex -142.45 45.6667 101
      vertex -144.85 27.6667 101
      vertex -144.85 45.6667 101
    endloop
  endfacet
  facet normal 0 -1 0
    outer loop
      vertex -144.85 45.6667 98
      vertex -142.45 45.6667 101
      vertex -144.85 45.6667 101
    endloop
  endfacet
  facet normal 0 -1 -0
    outer loop
      vertex -142.45 45.6667 101
      vertex -144.85 45.6667 98
      vertex -142.45 45.6667 98
    endloop
  endfacet
  facet normal 0 1 -0
    outer loop
      vertex -142.45 27.6667 98
      vertex -144.85 27.6667 101
      vertex -142.45 27.6667 101
    endloop
  endfacet
  facet normal 0 1 0
    outer loop
      vertex -144.85 27.6667 101
      vertex -142.45 27.6667 98
      vertex -144.85 27.6667 98
    endloop
  endfacet
  facet normal 0 0 -1
    outer loop
      vertex -144.85 45.6667 98
      vertex -142.45 86.4 98
      vertex -142.45 45.6667 98
    endloop
  endfacet
  facet normal -0 0 -1
    outer loop
      vertex -142.45 86.4 98
      vertex -144.85 45.6667 98
      vertex -144.85 86.4 98
    endloop
  endfacet
  facet normal 0 0 -1
    outer loop
      vertex -144.85 -1.66667 98
      vertex -142.45 27.6667 98
      vertex -142.45 -1.66667 98
    endloop
  endfacet
  facet normal -0 0 -1
    outer loop
      vertex -142.45 27.6667 98
      vertex -144.85 -1.66667 98
      vertex -144.85 27.6667 98
    endloop
  endfacet
  facet normal 0 0 -1
    outer loop
      vertex -144.85 -58 98
      vertex -142.45 -19.6667 98
      vertex -142.45 -58 98
    endloop
  endfacet
  facet normal -0 0 -1
    outer loop
      vertex -142.45 -19.6667 98
      vertex -144.85 -58 98
      vertex -144.85 -19.6667 98
    endloop
  endfacet
  facet normal -1 0 0
    outer loop
      vertex -144.85 -22.4 102
      vertex -144.85 -19.6667 101
      vertex -144.85 -19.6667 98
    endloop
  endfacet
  facet normal -1 0 0
    outer loop
      vertex -144.85 -19.6667 101
      vertex -144.85 -22.4 124
      vertex -144.85 -20 127
    endloop
  endfacet
  facet normal -1 0 0
    outer loop
      vertex -144.85 -22.4 124
      vertex -144.85 -19.6667 101
      vertex -144.85 -22.4 102
    endloop
  endfacet
  facet normal -1 0 0
    outer loop
      vertex -144.85 -19.6667 98
      vertex -144.85 -46.4 102
      vertex -144.85 -22.4 102
    endloop
  endfacet
  facet normal -1 -0 0
    outer loop
      vertex -144.85 -46.4 102
      vertex -144.85 -58 98
      vertex -144.85 -46.4 124
    endloop
  endfacet
  facet normal -1 0 0
    outer loop
      vertex -144.85 -58 98
      vertex -144.85 -46.4 102
      vertex -144.85 -19.6667 98
    endloop
  endfacet
  facet normal -1 -0 0
    outer loop
      vertex -144.85 -20 127
      vertex -144.85 -22.4 124
      vertex -144.85 -20 128
    endloop
  endfacet
  facet normal -1 0 0
    outer loop
      vertex -144.85 -46.4 124
      vertex -144.85 -20 128
      vertex -144.85 -22.4 124
    endloop
  endfacet
  facet normal -1 0 0
    outer loop
      vertex -144.85 -46.4 124
      vertex -144.85 -58 128
      vertex -144.85 -20 128
    endloop
  endfacet
  facet normal -1 0 0
    outer loop
      vertex -144.85 -58 128
      vertex -144.85 -46.4 124
      vertex -144.85 -58 98
    endloop
  endfacet
  facet normal -1 0 0
    outer loop
      vertex -144.85 1.33333 124
      vertex -144.85 2 127
      vertex -144.85 25.3333 124
    endloop
  endfacet
  facet normal -1 -0 0
    outer loop
      vertex -144.85 1.33333 102
      vertex -144.85 -1.66667 101
      vertex -144.85 1.33333 124
    endloop
  endfacet
  facet normal -1 0 0
    outer loop
      vertex -144.85 -19.6667 101
      vertex -144.85 1.33333 124
      vertex -144.85 -1.66667 101
    endloop
  endfacet
  facet normal -1 0 0
    outer loop
      vertex -144.85 -20 127
      vertex -144.85 1.33333 124
      vertex -144.85 -19.6667 101
    endloop
  endfacet
  facet normal -1 0 0
    outer loop
      vertex -144.85 1.33333 124
      vertex -144.85 -20 127
      vertex -144.85 2 127
    endloop
  endfacet
  facet normal -1 0 0
    outer loop
      vertex -144.85 27.6667 98
      vertex -144.85 25.3333 102
      vertex -144.85 27.6667 101
    endloop
  endfacet
  facet normal -1 0 0
    outer loop
      vertex -144.85 27.6667 98
      vertex -144.85 1.33333 102
      vertex -144.85 25.3333 102
    endloop
  endfacet
  facet normal -1 0 0
    outer loop
      vertex -144.85 -1.66667 101
      vertex -144.85 1.33333 102
      vertex -144.85 -1.66667 98
    endloop
  endfacet
  facet normal -1 0 0
    outer loop
      vertex -144.85 -1.66667 98
      vertex -144.85 1.33333 102
      vertex -144.85 27.6667 98
    endloop
  endfacet
  facet normal -1 0 0
    outer loop
      vertex -144.85 86.4 98
      vertex -144.85 84 100
      vertex -144.85 86.4 100
    endloop
  endfacet
  facet normal -1 0 0
    outer loop
      vertex -144.85 72.6667 124
      vertex -144.85 84 100
      vertex -144.85 72.6667 102
    endloop
  endfacet
  facet normal -1 0 0
    outer loop
      vertex -144.85 86.4 98
      vertex -144.85 72.6667 102
      vertex -144.85 84 100
    endloop
  endfacet
  facet normal -1 0 0
    outer loop
      vertex -144.85 45.6667 98
      vertex -144.85 72.6667 102
      vertex -144.85 86.4 98
    endloop
  endfacet
  facet normal -1 0 0
    outer loop
      vertex -144.85 45.6667 101
      vertex -144.85 48.6667 102
      vertex -144.85 45.6667 98
    endloop
  endfacet
  facet normal -1 -0 0
    outer loop
      vertex -144.85 72.6667 102
      vertex -144.85 45.6667 98
      vertex -144.85 48.6667 102
    endloop
  endfacet
  facet normal -1 0 0
    outer loop
      vertex -144.85 84 100
      vertex -144.85 72.6667 124
      vertex -144.85 84 128
    endloop
  endfacet
  facet normal -1 0 0
    outer loop
      vertex -144.85 48.6667 124
      vertex -144.85 84 128
      vertex -144.85 72.6667 124
    endloop
  endfacet
  facet normal -1 -0 0
    outer loop
      vertex -144.85 48.6667 102
      vertex -144.85 45.6667 101
      vertex -144.85 48.6667 124
    endloop
  endfacet
  facet normal -1 0 0
    outer loop
      vertex -144.85 25.3333 124
      vertex -144.85 45.6667 101
      vertex -144.85 27.6667 101
    endloop
  endfacet
  facet normal -1 0 0
    outer loop
      vertex -144.85 25.3333 124
      vertex -144.85 27.6667 101
      vertex -144.85 25.3333 102
    endloop
  endfacet
  facet normal -1 0 0
    outer loop
      vertex -144.85 45.6667 101
      vertex -144.85 25.3333 124
      vertex -144.85 48.6667 124
    endloop
  endfacet
  facet normal -1 0 0
    outer loop
      vertex -144.85 2 128
      vertex -144.85 48.6667 124
      vertex -144.85 25.3333 124
    endloop
  endfacet
  facet normal -1 0 0
    outer loop
      vertex -144.85 2 128
      vertex -144.85 25.3333 124
      vertex -144.85 2 127
    endloop
  endfacet
  facet normal -1 0 0
    outer loop
      vertex -144.85 48.6667 124
      vertex -144.85 2 128
      vertex -144.85 84 128
    endloop
  endfacet
  facet normal -0 0 1
    outer loop
      vertex -144.85 2 127
      vertex -142.45 -20 127
      vertex -142.45 2 127
    endloop
  endfacet
  facet normal 0 0 1
    outer loop
      vertex -142.45 -20 127
      vertex -144.85 2 127
      vertex -144.85 -20 127
    endloop
  endfacet
  facet normal -0.981097 0 0.193519
    outer loop
      vertex -148.208 84 107.56
      vertex -148.165 86.4 107.778
      vertex -148.208 86.4 107.56
    endloop
  endfacet
  facet normal -0.981097 0 0.193519
    outer loop
      vertex -148.165 86.4 107.778
      vertex -148.208 84 107.56
      vertex -148.165 84 107.778
    endloop
  endfacet
  facet normal -0.997725 0 0.0674139
    outer loop
      vertex -148.165 84 107.778
      vertex -148.15 86.4 108
      vertex -148.165 86.4 107.778
    endloop
  endfacet
  facet normal -0.997725 0 0.0674139
    outer loop
      vertex -148.15 86.4 108
      vertex -148.165 84 107.778
      vertex -148.15 84 108
    endloop
  endfacet
  facet normal 0.445413 0 0.895325
    outer loop
      vertex -150.7 86.4 106.528
      vertex -150.501 84 106.429
      vertex -150.501 86.4 106.429
    endloop
  endfacet
  facet normal 0.445413 0 0.895325
    outer loop
      vertex -150.501 84 106.429
      vertex -150.7 86.4 106.528
      vertex -150.7 84 106.528
    endloop
  endfacet
  facet normal 0.553661 0 0.832742
    outer loop
      vertex -150.885 86.4 106.651
      vertex -150.7 84 106.528
      vertex -150.7 86.4 106.528
    endloop
  endfacet
  facet normal 0.553661 0 0.832742
    outer loop
      vertex -150.7 84 106.528
      vertex -150.885 86.4 106.651
      vertex -150.885 84 106.651
    endloop
  endfacet
  facet normal -0.660729 0 -0.750624
    outer loop
      vertex -148.815 84 109.349
      vertex -148.648 86.4 109.202
      vertex -148.648 84 109.202
    endloop
  endfacet
  facet normal -0.660729 0 -0.750624
    outer loop
      vertex -148.648 86.4 109.202
      vertex -148.815 84 109.349
      vertex -148.815 86.4 109.349
    endloop
  endfacet
  facet normal -0.981097 0 -0.193519
    outer loop
      vertex -148.165 84 108.222
      vertex -148.208 86.4 108.44
      vertex -148.165 86.4 108.222
    endloop
  endfacet
  facet normal -0.981097 -0 -0.193519
    outer loop
      vertex -148.208 86.4 108.44
      vertex -148.165 84 108.222
      vertex -148.208 84 108.44
    endloop
  endfacet
  facet normal 0.947781 -0 0.318922
    outer loop
      vertex -151.492 84 107.56
      vertex -151.421 86.4 107.349
      vertex -151.492 86.4 107.56
    endloop
  endfacet
  facet normal 0.947781 0 0.318922
    outer loop
      vertex -151.421 86.4 107.349
      vertex -151.492 84 107.56
      vertex -151.421 84 107.349
    endloop
  endfacet
  facet normal 0.947781 0 -0.318922
    outer loop
      vertex -151.421 84 108.651
      vertex -151.492 86.4 108.44
      vertex -151.421 86.4 108.651
    endloop
  endfacet
  facet normal 0.947781 0 -0.318922
    outer loop
      vertex -151.492 86.4 108.44
      vertex -151.421 84 108.651
      vertex -151.492 84 108.44
    endloop
  endfacet
  facet normal 0.832742 0 -0.553661
    outer loop
      vertex -151.199 84 109.035
      vertex -151.322 86.4 108.85
      vertex -151.199 86.4 109.035
    endloop
  endfacet
  facet normal 0.832742 0 -0.553661
    outer loop
      vertex -151.322 86.4 108.85
      vertex -151.199 84 109.035
      vertex -151.322 84 108.85
    endloop
  endfacet
  facet normal -0.553661 0 0.832742
    outer loop
      vertex -149 86.4 106.528
      vertex -148.815 84 106.651
      vertex -148.815 86.4 106.651
    endloop
  endfacet
  facet normal -0.553661 0 0.832742
    outer loop
      vertex -148.815 84 106.651
      vertex -149 86.4 106.528
      vertex -149 84 106.528
    endloop
  endfacet
  facet normal -0.193519 0 0.981097
    outer loop
      vertex -149.628 86.4 106.315
      vertex -149.41 84 106.358
      vertex -149.41 86.4 106.358
    endloop
  endfacet
  facet normal -0.193519 0 0.981097
    outer loop
      vertex -149.41 84 106.358
      vertex -149.628 86.4 106.315
      vertex -149.628 84 106.315
    endloop
  endfacet
  facet normal 0.660729 0 0.750624
    outer loop
      vertex -151.052 86.4 106.798
      vertex -150.885 84 106.651
      vertex -150.885 86.4 106.651
    endloop
  endfacet
  facet normal 0.660729 0 0.750624
    outer loop
      vertex -150.885 84 106.651
      vertex -151.052 86.4 106.798
      vertex -151.052 84 106.798
    endloop
  endfacet
  facet normal -0.445413 0 0.895325
    outer loop
      vertex -149.199 86.4 106.429
      vertex -149 84 106.528
      vertex -149 86.4 106.528
    endloop
  endfacet
  facet normal -0.445413 0 0.895325
    outer loop
      vertex -149 84 106.528
      vertex -149.199 86.4 106.429
      vertex -149.199 84 106.429
    endloop
  endfacet
  facet normal 0.318922 0 -0.947781
    outer loop
      vertex -150.501 84 109.571
      vertex -150.29 86.4 109.642
      vertex -150.29 84 109.642
    endloop
  endfacet
  facet normal 0.318922 0 -0.947781
    outer loop
      vertex -150.29 86.4 109.642
      vertex -150.501 84 109.571
      vertex -150.501 86.4 109.571
    endloop
  endfacet
  facet normal -0.895325 0 -0.445413
    outer loop
      vertex -148.279 84 108.651
      vertex -148.378 86.4 108.85
      vertex -148.279 86.4 108.651
    endloop
  endfacet
  facet normal -0.895325 -0 -0.445413
    outer loop
      vertex -148.378 86.4 108.85
      vertex -148.279 84 108.651
      vertex -148.378 84 108.85
    endloop
  endfacet
  facet normal -0.832742 0 -0.553661
    outer loop
      vertex -148.378 84 108.85
      vertex -148.501 86.4 109.035
      vertex -148.378 86.4 108.85
    endloop
  endfacet
  facet normal -0.832742 -0 -0.553661
    outer loop
      vertex -148.501 86.4 109.035
      vertex -148.378 84 108.85
      vertex -148.501 84 109.035
    endloop
  endfacet
  facet normal 0.0674139 0 -0.997725
    outer loop
      vertex -150.072 84 109.685
      vertex -149.85 86.4 109.7
      vertex -149.85 84 109.7
    endloop
  endfacet
  facet normal 0.0674139 0 -0.997725
    outer loop
      vertex -149.85 86.4 109.7
      vertex -150.072 84 109.685
      vertex -150.072 86.4 109.685
    endloop
  endfacet
  facet normal -0.318922 0 -0.947781
    outer loop
      vertex -149.41 84 109.642
      vertex -149.199 86.4 109.571
      vertex -149.199 84 109.571
    endloop
  endfacet
  facet normal -0.318922 0 -0.947781
    outer loop
      vertex -149.199 86.4 109.571
      vertex -149.41 84 109.642
      vertex -149.41 86.4 109.642
    endloop
  endfacet
  facet normal -0.318922 0 0.947781
    outer loop
      vertex -149.41 86.4 106.358
      vertex -149.199 84 106.429
      vertex -149.199 86.4 106.429
    endloop
  endfacet
  facet normal -0.318922 0 0.947781
    outer loop
      vertex -149.199 84 106.429
      vertex -149.41 86.4 106.358
      vertex -149.41 84 106.358
    endloop
  endfacet
  facet normal 0.318922 0 0.947781
    outer loop
      vertex -150.501 86.4 106.429
      vertex -150.29 84 106.358
      vertex -150.29 86.4 106.358
    endloop
  endfacet
  facet normal 0.318922 0 0.947781
    outer loop
      vertex -150.29 84 106.358
      vertex -150.501 86.4 106.429
      vertex -150.501 84 106.429
    endloop
  endfacet
  facet normal 0.750624 0 -0.660729
    outer loop
      vertex -151.052 84 109.202
      vertex -151.199 86.4 109.035
      vertex -151.052 86.4 109.202
    endloop
  endfacet
  facet normal 0.750624 0 -0.660729
    outer loop
      vertex -151.199 86.4 109.035
      vertex -151.052 84 109.202
      vertex -151.199 84 109.035
    endloop
  endfacet
  facet normal 0.981097 -0 0.193519
    outer loop
      vertex -151.535 84 107.778
      vertex -151.492 86.4 107.56
      vertex -151.535 86.4 107.778
    endloop
  endfacet
  facet normal 0.981097 0 0.193519
    outer loop
      vertex -151.492 86.4 107.56
      vertex -151.535 84 107.778
      vertex -151.492 84 107.56
    endloop
  endfacet
  facet normal 0.832742 -0 0.553661
    outer loop
      vertex -151.322 84 107.15
      vertex -151.199 86.4 106.965
      vertex -151.322 86.4 107.15
    endloop
  endfacet
  facet normal 0.832742 0 0.553661
    outer loop
      vertex -151.199 86.4 106.965
      vertex -151.322 84 107.15
      vertex -151.199 84 106.965
    endloop
  endfacet
  facet normal 0.981097 0 -0.193519
    outer loop
      vertex -151.492 84 108.44
      vertex -151.535 86.4 108.222
      vertex -151.492 86.4 108.44
    endloop
  endfacet
  facet normal 0.981097 0 -0.193519
    outer loop
      vertex -151.535 86.4 108.222
      vertex -151.492 84 108.44
      vertex -151.535 84 108.222
    endloop
  endfacet
  facet normal -0.947781 0 -0.318922
    outer loop
      vertex -148.208 84 108.44
      vertex -148.279 86.4 108.651
      vertex -148.208 86.4 108.44
    endloop
  endfacet
  facet normal -0.947781 -0 -0.318922
    outer loop
      vertex -148.279 86.4 108.651
      vertex -148.208 84 108.44
      vertex -148.279 84 108.651
    endloop
  endfacet
  facet normal -0.0674139 0 -0.997725
    outer loop
      vertex -149.85 84 109.7
      vertex -149.628 86.4 109.685
      vertex -149.628 84 109.685
    endloop
  endfacet
  facet normal -0.0674139 0 -0.997725
    outer loop
      vertex -149.628 86.4 109.685
      vertex -149.85 84 109.7
      vertex -149.85 86.4 109.7
    endloop
  endfacet
  facet normal 0.750624 -0 0.660729
    outer loop
      vertex -151.199 84 106.965
      vertex -151.052 86.4 106.798
      vertex -151.199 86.4 106.965
    endloop
  endfacet
  facet normal 0.750624 0 0.660729
    outer loop
      vertex -151.052 86.4 106.798
      vertex -151.199 84 106.965
      vertex -151.052 84 106.798
    endloop
  endfacet
  facet normal -0.997725 0 -0.0674139
    outer loop
      vertex -148.15 84 108
      vertex -148.165 86.4 108.222
      vertex -148.15 86.4 108
    endloop
  endfacet
  facet normal -0.997725 -0 -0.0674139
    outer loop
      vertex -148.165 86.4 108.222
      vertex -148.15 84 108
      vertex -148.165 84 108.222
    endloop
  endfacet
  facet normal -0.660729 0 0.750624
    outer loop
      vertex -148.815 86.4 106.651
      vertex -148.648 84 106.798
      vertex -148.648 86.4 106.798
    endloop
  endfacet
  facet normal -0.660729 0 0.750624
    outer loop
      vertex -148.648 84 106.798
      vertex -148.815 86.4 106.651
      vertex -148.815 84 106.651
    endloop
  endfacet
  facet normal 0.193519 0 0.981097
    outer loop
      vertex -150.29 86.4 106.358
      vertex -150.072 84 106.315
      vertex -150.072 86.4 106.315
    endloop
  endfacet
  facet normal 0.193519 0 0.981097
    outer loop
      vertex -150.072 84 106.315
      vertex -150.29 86.4 106.358
      vertex -150.29 84 106.358
    endloop
  endfacet
  facet normal -0.947781 0 0.318922
    outer loop
      vertex -148.279 84 107.349
      vertex -148.208 86.4 107.56
      vertex -148.279 86.4 107.349
    endloop
  endfacet
  facet normal -0.947781 0 0.318922
    outer loop
      vertex -148.208 86.4 107.56
      vertex -148.279 84 107.349
      vertex -148.208 84 107.56
    endloop
  endfacet
  facet normal 0.997725 -0 0.0674139
    outer loop
      vertex -151.55 84 108
      vertex -151.535 86.4 107.778
      vertex -151.55 86.4 108
    endloop
  endfacet
  facet normal 0.997725 0 0.0674139
    outer loop
      vertex -151.535 86.4 107.778
      vertex -151.55 84 108
      vertex -151.535 84 107.778
    endloop
  endfacet
  facet normal -0.832742 0 0.553661
    outer loop
      vertex -148.501 84 106.965
      vertex -148.378 86.4 107.15
      vertex -148.501 86.4 106.965
    endloop
  endfacet
  facet normal -0.832742 0 0.553661
    outer loop
      vertex -148.378 86.4 107.15
      vertex -148.501 84 106.965
      vertex -148.378 84 107.15
    endloop
  endfacet
  facet normal -0.193519 0 -0.981097
    outer loop
      vertex -149.628 84 109.685
      vertex -149.41 86.4 109.642
      vertex -149.41 84 109.642
    endloop
  endfacet
  facet normal -0.193519 0 -0.981097
    outer loop
      vertex -149.41 86.4 109.642
      vertex -149.628 84 109.685
      vertex -149.628 86.4 109.685
    endloop
  endfacet
  facet normal 0.895325 -0 0.445413
    outer loop
      vertex -151.421 84 107.349
      vertex -151.322 86.4 107.15
      vertex -151.421 86.4 107.349
    endloop
  endfacet
  facet normal 0.895325 0 0.445413
    outer loop
      vertex -151.322 86.4 107.15
      vertex -151.421 84 107.349
      vertex -151.322 84 107.15
    endloop
  endfacet
  facet normal -0.895325 0 0.445413
    outer loop
      vertex -148.378 84 107.15
      vertex -148.279 86.4 107.349
      vertex -148.378 86.4 107.15
    endloop
  endfacet
  facet normal -0.895325 0 0.445413
    outer loop
      vertex -148.279 86.4 107.349
      vertex -148.378 84 107.15
      vertex -148.279 84 107.349
    endloop
  endfacet
  facet normal 0.193519 0 -0.981097
    outer loop
      vertex -150.29 84 109.642
      vertex -150.072 86.4 109.685
      vertex -150.072 84 109.685
    endloop
  endfacet
  facet normal 0.193519 0 -0.981097
    outer loop
      vertex -150.072 86.4 109.685
      vertex -150.29 84 109.642
      vertex -150.29 86.4 109.642
    endloop
  endfacet
  facet normal 0.997725 0 -0.0674139
    outer loop
      vertex -151.535 84 108.222
      vertex -151.55 86.4 108
      vertex -151.535 86.4 108.222
    endloop
  endfacet
  facet normal 0.997725 0 -0.0674139
    outer loop
      vertex -151.55 86.4 108
      vertex -151.535 84 108.222
      vertex -151.55 84 108
    endloop
  endfacet
  facet normal -0.0674139 0 0.997725
    outer loop
      vertex -149.85 86.4 106.3
      vertex -149.628 84 106.315
      vertex -149.628 86.4 106.315
    endloop
  endfacet
  facet normal -0.0674139 0 0.997725
    outer loop
      vertex -149.628 84 106.315
      vertex -149.85 86.4 106.3
      vertex -149.85 84 106.3
    endloop
  endfacet
  facet normal -0.750624 0 0.660729
    outer loop
      vertex -148.648 84 106.798
      vertex -148.501 86.4 106.965
      vertex -148.648 86.4 106.798
    endloop
  endfacet
  facet normal -0.750624 0 0.660729
    outer loop
      vertex -148.501 86.4 106.965
      vertex -148.648 84 106.798
      vertex -148.501 84 106.965
    endloop
  endfacet
  facet normal 0.660729 0 -0.750624
    outer loop
      vertex -151.052 84 109.202
      vertex -150.885 86.4 109.349
      vertex -150.885 84 109.349
    endloop
  endfacet
  facet normal 0.660729 0 -0.750624
    outer loop
      vertex -150.885 86.4 109.349
      vertex -151.052 84 109.202
      vertex -151.052 86.4 109.202
    endloop
  endfacet
  facet normal 0.0674139 0 0.997725
    outer loop
      vertex -150.072 86.4 106.315
      vertex -149.85 84 106.3
      vertex -149.85 86.4 106.3
    endloop
  endfacet
  facet normal 0.0674139 0 0.997725
    outer loop
      vertex -149.85 84 106.3
      vertex -150.072 86.4 106.315
      vertex -150.072 84 106.315
    endloop
  endfacet
  facet normal -0.553661 0 -0.832742
    outer loop
      vertex -149 84 109.472
      vertex -148.815 86.4 109.349
      vertex -148.815 84 109.349
    endloop
  endfacet
  facet normal -0.553661 0 -0.832742
    outer loop
      vertex -148.815 86.4 109.349
      vertex -149 84 109.472
      vertex -149 86.4 109.472
    endloop
  endfacet
  facet normal -0.750624 0 -0.660729
    outer loop
      vertex -148.501 84 109.035
      vertex -148.648 86.4 109.202
      vertex -148.501 86.4 109.035
    endloop
  endfacet
  facet normal -0.750624 -0 -0.660729
    outer loop
      vertex -148.648 86.4 109.202
      vertex -148.501 84 109.035
      vertex -148.648 84 109.202
    endloop
  endfacet
  facet normal -0.445413 0 -0.895325
    outer loop
      vertex -149.199 84 109.571
      vertex -149 86.4 109.472
      vertex -149 84 109.472
    endloop
  endfacet
  facet normal -0.445413 0 -0.895325
    outer loop
      vertex -149 86.4 109.472
      vertex -149.199 84 109.571
      vertex -149.199 86.4 109.571
    endloop
  endfacet
  facet normal 0.445413 0 -0.895325
    outer loop
      vertex -150.7 84 109.472
      vertex -150.501 86.4 109.571
      vertex -150.501 84 109.571
    endloop
  endfacet
  facet normal 0.445413 0 -0.895325
    outer loop
      vertex -150.501 86.4 109.571
      vertex -150.7 84 109.472
      vertex -150.7 86.4 109.472
    endloop
  endfacet
  facet normal 0.895325 0 -0.445413
    outer loop
      vertex -151.322 84 108.85
      vertex -151.421 86.4 108.651
      vertex -151.322 86.4 108.85
    endloop
  endfacet
  facet normal 0.895325 0 -0.445413
    outer loop
      vertex -151.421 86.4 108.651
      vertex -151.322 84 108.85
      vertex -151.421 84 108.651
    endloop
  endfacet
  facet normal 0.553661 0 -0.832742
    outer loop
      vertex -150.885 84 109.349
      vertex -150.7 86.4 109.472
      vertex -150.7 84 109.472
    endloop
  endfacet
  facet normal 0.553661 0 -0.832742
    outer loop
      vertex -150.7 86.4 109.472
      vertex -150.885 84 109.349
      vertex -150.885 86.4 109.349
    endloop
  endfacet
  facet normal -0.981097 0 0.193519
    outer loop
      vertex -148.208 84 121.56
      vertex -148.165 86.4 121.778
      vertex -148.208 86.4 121.56
    endloop
  endfacet
  facet normal -0.981097 0 0.193519
    outer loop
      vertex -148.165 86.4 121.778
      vertex -148.208 84 121.56
      vertex -148.165 84 121.778
    endloop
  endfacet
  facet normal -0.997725 0 0.0674139
    outer loop
      vertex -148.165 84 121.778
      vertex -148.15 86.4 122
      vertex -148.165 86.4 121.778
    endloop
  endfacet
  facet normal -0.997725 0 0.0674139
    outer loop
      vertex -148.15 86.4 122
      vertex -148.165 84 121.778
      vertex -148.15 84 122
    endloop
  endfacet
  facet normal 0.445413 0 0.895325
    outer loop
      vertex -150.7 86.4 120.528
      vertex -150.501 84 120.429
      vertex -150.501 86.4 120.429
    endloop
  endfacet
  facet normal 0.445413 0 0.895325
    outer loop
      vertex -150.501 84 120.429
      vertex -150.7 86.4 120.528
      vertex -150.7 84 120.528
    endloop
  endfacet
  facet normal 0.553661 0 0.832742
    outer loop
      vertex -150.885 86.4 120.651
      vertex -150.7 84 120.528
      vertex -150.7 86.4 120.528
    endloop
  endfacet
  facet normal 0.553661 0 0.832742
    outer loop
      vertex -150.7 84 120.528
      vertex -150.885 86.4 120.651
      vertex -150.885 84 120.651
    endloop
  endfacet
  facet normal -0.660729 0 -0.750624
    outer loop
      vertex -148.815 84 123.349
      vertex -148.648 86.4 123.202
      vertex -148.648 84 123.202
    endloop
  endfacet
  facet normal -0.660729 0 -0.750624
    outer loop
      vertex -148.648 86.4 123.202
      vertex -148.815 84 123.349
      vertex -148.815 86.4 123.349
    endloop
  endfacet
  facet normal -0.981097 0 -0.193519
    outer loop
      vertex -148.165 84 122.222
      vertex -148.208 86.4 122.44
      vertex -148.165 86.4 122.222
    endloop
  endfacet
  facet normal -0.981097 -0 -0.193519
    outer loop
      vertex -148.208 86.4 122.44
      vertex -148.165 84 122.222
      vertex -148.208 84 122.44
    endloop
  endfacet
  facet normal 0.947781 -0 0.318922
    outer loop
      vertex -151.492 84 121.56
      vertex -151.421 86.4 121.349
      vertex -151.492 86.4 121.56
    endloop
  endfacet
  facet normal 0.947781 0 0.318922
    outer loop
      vertex -151.421 86.4 121.349
      vertex -151.492 84 121.56
      vertex -151.421 84 121.349
    endloop
  endfacet
  facet normal 0.947781 0 -0.318922
    outer loop
      vertex -151.421 84 122.651
      vertex -151.492 86.4 122.44
      vertex -151.421 86.4 122.651
    endloop
  endfacet
  facet normal 0.947781 0 -0.318922
    outer loop
      vertex -151.492 86.4 122.44
      vertex -151.421 84 122.651
      vertex -151.492 84 122.44
    endloop
  endfacet
  facet normal 0.832742 0 -0.553661
    outer loop
      vertex -151.199 84 123.035
      vertex -151.322 86.4 122.85
      vertex -151.199 86.4 123.035
    endloop
  endfacet
  facet normal 0.832742 0 -0.553661
    outer loop
      vertex -151.322 86.4 122.85
      vertex -151.199 84 123.035
      vertex -151.322 84 122.85
    endloop
  endfacet
  facet normal -0.193519 0 0.981097
    outer loop
      vertex -149.628 86.4 120.315
      vertex -149.41 84 120.358
      vertex -149.41 86.4 120.358
    endloop
  endfacet
  facet normal -0.193519 0 0.981097
    outer loop
      vertex -149.41 84 120.358
      vertex -149.628 86.4 120.315
      vertex -149.628 84 120.315
    endloop
  endfacet
  facet normal 0.660729 0 0.750624
    outer loop
      vertex -151.052 86.4 120.798
      vertex -150.885 84 120.651
      vertex -150.885 86.4 120.651
    endloop
  endfacet
  facet normal 0.660729 0 0.750624
    outer loop
      vertex -150.885 84 120.651
      vertex -151.052 86.4 120.798
      vertex -151.052 84 120.798
    endloop
  endfacet
  facet normal -0.445413 0 0.895325
    outer loop
      vertex -149.199 86.4 120.429
      vertex -149 84 120.528
      vertex -149 86.4 120.528
    endloop
  endfacet
  facet normal -0.445413 0 0.895325
    outer loop
      vertex -149 84 120.528
      vertex -149.199 86.4 120.429
      vertex -149.199 84 120.429
    endloop
  endfacet
  facet normal 0.318922 0 -0.947781
    outer loop
      vertex -150.501 84 123.571
      vertex -150.29 86.4 123.642
      vertex -150.29 84 123.642
    endloop
  endfacet
  facet normal 0.318922 0 -0.947781
    outer loop
      vertex -150.29 86.4 123.642
      vertex -150.501 84 123.571
      vertex -150.501 86.4 123.571
    endloop
  endfacet
  facet normal -0.895325 0 -0.445413
    outer loop
      vertex -148.279 84 122.651
      vertex -148.378 86.4 122.85
      vertex -148.279 86.4 122.651
    endloop
  endfacet
  facet normal -0.895325 -0 -0.445413
    outer loop
      vertex -148.378 86.4 122.85
      vertex -148.279 84 122.651
      vertex -148.378 84 122.85
    endloop
  endfacet
  facet normal -0.832742 0 -0.553661
    outer loop
      vertex -148.378 84 122.85
      vertex -148.501 86.4 123.035
      vertex -148.378 86.4 122.85
    endloop
  endfacet
  facet normal -0.832742 -0 -0.553661
    outer loop
      vertex -148.501 86.4 123.035
      vertex -148.378 84 122.85
      vertex -148.501 84 123.035
    endloop
  endfacet
  facet normal 0.0674139 0 -0.997725
    outer loop
      vertex -150.072 84 123.685
      vertex -149.85 86.4 123.7
      vertex -149.85 84 123.7
    endloop
  endfacet
  facet normal 0.0674139 0 -0.997725
    outer loop
      vertex -149.85 86.4 123.7
      vertex -150.072 84 123.685
      vertex -150.072 86.4 123.685
    endloop
  endfacet
  facet normal -0.318922 0 -0.947781
    outer loop
      vertex -149.41 84 123.642
      vertex -149.199 86.4 123.571
      vertex -149.199 84 123.571
    endloop
  endfacet
  facet normal -0.318922 0 -0.947781
    outer loop
      vertex -149.199 86.4 123.571
      vertex -149.41 84 123.642
      vertex -149.41 86.4 123.642
    endloop
  endfacet
  facet normal -0.318922 0 0.947781
    outer loop
      vertex -149.41 86.4 120.358
      vertex -149.199 84 120.429
      vertex -149.199 86.4 120.429
    endloop
  endfacet
  facet normal -0.318922 0 0.947781
    outer loop
      vertex -149.199 84 120.429
      vertex -149.41 86.4 120.358
      vertex -149.41 84 120.358
    endloop
  endfacet
  facet normal 0.318922 0 0.947781
    outer loop
      vertex -150.501 86.4 120.429
      vertex -150.29 84 120.358
      vertex -150.29 86.4 120.358
    endloop
  endfacet
  facet normal 0.318922 0 0.947781
    outer loop
      vertex -150.29 84 120.358
      vertex -150.501 86.4 120.429
      vertex -150.501 84 120.429
    endloop
  endfacet
  facet normal 0.750624 0 -0.660729
    outer loop
      vertex -151.052 84 123.202
      vertex -151.199 86.4 123.035
      vertex -151.052 86.4 123.202
    endloop
  endfacet
  facet normal 0.750624 0 -0.660729
    outer loop
      vertex -151.199 86.4 123.035
      vertex -151.052 84 123.202
      vertex -151.199 84 123.035
    endloop
  endfacet
  facet normal 0.981097 -0 0.193519
    outer loop
      vertex -151.535 84 121.778
      vertex -151.492 86.4 121.56
      vertex -151.535 86.4 121.778
    endloop
  endfacet
  facet normal 0.981097 0 0.193519
    outer loop
      vertex -151.492 86.4 121.56
      vertex -151.535 84 121.778
      vertex -151.492 84 121.56
    endloop
  endfacet
  facet normal 0.832742 -0 0.553661
    outer loop
      vertex -151.322 84 121.15
      vertex -151.199 86.4 120.965
      vertex -151.322 86.4 121.15
    endloop
  endfacet
  facet normal 0.832742 0 0.553661
    outer loop
      vertex -151.199 86.4 120.965
      vertex -151.322 84 121.15
      vertex -151.199 84 120.965
    endloop
  endfacet
  facet normal 0.981097 0 -0.193519
    outer loop
      vertex -151.492 84 122.44
      vertex -151.535 86.4 122.222
      vertex -151.492 86.4 122.44
    endloop
  endfacet
  facet normal 0.981097 0 -0.193519
    outer loop
      vertex -151.535 86.4 122.222
      vertex -151.492 84 122.44
      vertex -151.535 84 122.222
    endloop
  endfacet
  facet normal -0.947781 0 -0.318922
    outer loop
      vertex -148.208 84 122.44
      vertex -148.279 86.4 122.651
      vertex -148.208 86.4 122.44
    endloop
  endfacet
  facet normal -0.947781 -0 -0.318922
    outer loop
      vertex -148.279 86.4 122.651
      vertex -148.208 84 122.44
      vertex -148.279 84 122.651
    endloop
  endfacet
  facet normal -0.0674139 0 -0.997725
    outer loop
      vertex -149.85 84 123.7
      vertex -149.628 86.4 123.685
      vertex -149.628 84 123.685
    endloop
  endfacet
  facet normal -0.0674139 0 -0.997725
    outer loop
      vertex -149.628 86.4 123.685
      vertex -149.85 84 123.7
      vertex -149.85 86.4 123.7
    endloop
  endfacet
  facet normal 0.750624 -0 0.660729
    outer loop
      vertex -151.199 84 120.965
      vertex -151.052 86.4 120.798
      vertex -151.199 86.4 120.965
    endloop
  endfacet
  facet normal 0.750624 0 0.660729
    outer loop
      vertex -151.052 86.4 120.798
      vertex -151.199 84 120.965
      vertex -151.052 84 120.798
    endloop
  endfacet
  facet normal -0.997725 0 -0.0674139
    outer loop
      vertex -148.15 84 122
      vertex -148.165 86.4 122.222
      vertex -148.15 86.4 122
    endloop
  endfacet
  facet normal -0.997725 -0 -0.0674139
    outer loop
      vertex -148.165 86.4 122.222
      vertex -148.15 84 122
      vertex -148.165 84 122.222
    endloop
  endfacet
  facet normal -0.660729 0 0.750624
    outer loop
      vertex -148.815 86.4 120.651
      vertex -148.648 84 120.798
      vertex -148.648 86.4 120.798
    endloop
  endfacet
  facet normal -0.660729 0 0.750624
    outer loop
      vertex -148.648 84 120.798
      vertex -148.815 86.4 120.651
      vertex -148.815 84 120.651
    endloop
  endfacet
  facet normal 0.193519 0 0.981097
    outer loop
      vertex -150.29 86.4 120.358
      vertex -150.072 84 120.315
      vertex -150.072 86.4 120.315
    endloop
  endfacet
  facet normal 0.193519 0 0.981097
    outer loop
      vertex -150.072 84 120.315
      vertex -150.29 86.4 120.358
      vertex -150.29 84 120.358
    endloop
  endfacet
  facet normal -0.947781 0 0.318922
    outer loop
      vertex -148.279 84 121.349
      vertex -148.208 86.4 121.56
      vertex -148.279 86.4 121.349
    endloop
  endfacet
  facet normal -0.947781 0 0.318922
    outer loop
      vertex -148.208 86.4 121.56
      vertex -148.279 84 121.349
      vertex -148.208 84 121.56
    endloop
  endfacet
  facet normal 0.997725 -0 0.0674139
    outer loop
      vertex -151.55 84 122
      vertex -151.535 86.4 121.778
      vertex -151.55 86.4 122
    endloop
  endfacet
  facet normal 0.997725 0 0.0674139
    outer loop
      vertex -151.535 86.4 121.778
      vertex -151.55 84 122
      vertex -151.535 84 121.778
    endloop
  endfacet
  facet normal -0.832742 0 0.553661
    outer loop
      vertex -148.501 84 120.965
      vertex -148.378 86.4 121.15
      vertex -148.501 86.4 120.965
    endloop
  endfacet
  facet normal -0.832742 0 0.553661
    outer loop
      vertex -148.378 86.4 121.15
      vertex -148.501 84 120.965
      vertex -148.378 84 121.15
    endloop
  endfacet
  facet normal -0.193519 0 -0.981097
    outer loop
      vertex -149.628 84 123.685
      vertex -149.41 86.4 123.642
      vertex -149.41 84 123.642
    endloop
  endfacet
  facet normal -0.193519 0 -0.981097
    outer loop
      vertex -149.41 86.4 123.642
      vertex -149.628 84 123.685
      vertex -149.628 86.4 123.685
    endloop
  endfacet
  facet normal 0.895325 -0 0.445413
    outer loop
      vertex -151.421 84 121.349
      vertex -151.322 86.4 121.15
      vertex -151.421 86.4 121.349
    endloop
  endfacet
  facet normal 0.895325 0 0.445413
    outer loop
      vertex -151.322 86.4 121.15
      vertex -151.421 84 121.349
      vertex -151.322 84 121.15
    endloop
  endfacet
  facet normal -0.895325 0 0.445413
    outer loop
      vertex -148.378 84 121.15
      vertex -148.279 86.4 121.349
      vertex -148.378 86.4 121.15
    endloop
  endfacet
  facet normal -0.895325 0 0.445413
    outer loop
      vertex -148.279 86.4 121.349
      vertex -148.378 84 121.15
      vertex -148.279 84 121.349
    endloop
  endfacet
  facet normal -0.553661 0 0.832742
    outer loop
      vertex -149 86.4 120.528
      vertex -148.815 84 120.651
      vertex -148.815 86.4 120.651
    endloop
  endfacet
  facet normal -0.553661 0 0.832742
    outer loop
      vertex -148.815 84 120.651
      vertex -149 86.4 120.528
      vertex -149 84 120.528
    endloop
  endfacet
  facet normal 0.193519 0 -0.981097
    outer loop
      vertex -150.29 84 123.642
      vertex -150.072 86.4 123.685
      vertex -150.072 84 123.685
    endloop
  endfacet
  facet normal 0.193519 0 -0.981097
    outer loop
      vertex -150.072 86.4 123.685
      vertex -150.29 84 123.642
      vertex -150.29 86.4 123.642
    endloop
  endfacet
  facet normal 0.997725 0 -0.0674139
    outer loop
      vertex -151.535 84 122.222
      vertex -151.55 86.4 122
      vertex -151.535 86.4 122.222
    endloop
  endfacet
  facet normal 0.997725 0 -0.0674139
    outer loop
      vertex -151.55 86.4 122
      vertex -151.535 84 122.222
      vertex -151.55 84 122
    endloop
  endfacet
  facet normal -0.0674139 0 0.997725
    outer loop
      vertex -149.85 86.4 120.3
      vertex -149.628 84 120.315
      vertex -149.628 86.4 120.315
    endloop
  endfacet
  facet normal -0.0674139 0 0.997725
    outer loop
      vertex -149.628 84 120.315
      vertex -149.85 86.4 120.3
      vertex -149.85 84 120.3
    endloop
  endfacet
  facet normal -0.750624 0 0.660729
    outer loop
      vertex -148.648 84 120.798
      vertex -148.501 86.4 120.965
      vertex -148.648 86.4 120.798
    endloop
  endfacet
  facet normal -0.750624 0 0.660729
    outer loop
      vertex -148.501 86.4 120.965
      vertex -148.648 84 120.798
      vertex -148.501 84 120.965
    endloop
  endfacet
  facet normal 0.660729 0 -0.750624
    outer loop
      vertex -151.052 84 123.202
      vertex -150.885 86.4 123.349
      vertex -150.885 84 123.349
    endloop
  endfacet
  facet normal 0.660729 0 -0.750624
    outer loop
      vertex -150.885 86.4 123.349
      vertex -151.052 84 123.202
      vertex -151.052 86.4 123.202
    endloop
  endfacet
  facet normal 0.0674139 0 0.997725
    outer loop
      vertex -150.072 86.4 120.315
      vertex -149.85 84 120.3
      vertex -149.85 86.4 120.3
    endloop
  endfacet
  facet normal 0.0674139 0 0.997725
    outer loop
      vertex -149.85 84 120.3
      vertex -150.072 86.4 120.315
      vertex -150.072 84 120.315
    endloop
  endfacet
  facet normal -0.553661 0 -0.832742
    outer loop
      vertex -149 84 123.472
      vertex -148.815 86.4 123.349
      vertex -148.815 84 123.349
    endloop
  endfacet
  facet normal -0.553661 0 -0.832742
    outer loop
      vertex -148.815 86.4 123.349
      vertex -149 84 123.472
      vertex -149 86.4 123.472
    endloop
  endfacet
  facet normal -0.750624 0 -0.660729
    outer loop
      vertex -148.501 84 123.035
      vertex -148.648 86.4 123.202
      vertex -148.501 86.4 123.035
    endloop
  endfacet
  facet normal -0.750624 -0 -0.660729
    outer loop
      vertex -148.648 86.4 123.202
      vertex -148.501 84 123.035
      vertex -148.648 84 123.202
    endloop
  endfacet
  facet normal -0.445413 0 -0.895325
    outer loop
      vertex -149.199 84 123.571
      vertex -149 86.4 123.472
      vertex -149 84 123.472
    endloop
  endfacet
  facet normal -0.445413 0 -0.895325
    outer loop
      vertex -149 86.4 123.472
      vertex -149.199 84 123.571
      vertex -149.199 86.4 123.571
    endloop
  endfacet
  facet normal 0.445413 0 -0.895325
    outer loop
      vertex -150.7 84 123.472
      vertex -150.501 86.4 123.571
      vertex -150.501 84 123.571
    endloop
  endfacet
  facet normal 0.445413 0 -0.895325
    outer loop
      vertex -150.501 86.4 123.571
      vertex -150.7 84 123.472
      vertex -150.7 86.4 123.472
    endloop
  endfacet
  facet normal 0.895325 0 -0.445413
    outer loop
      vertex -151.322 84 122.85
      vertex -151.421 86.4 122.651
      vertex -151.322 86.4 122.85
    endloop
  endfacet
  facet normal 0.895325 0 -0.445413
    outer loop
      vertex -151.421 86.4 122.651
      vertex -151.322 84 122.85
      vertex -151.421 84 122.651
    endloop
  endfacet
  facet normal 0.553661 0 -0.832742
    outer loop
      vertex -150.885 84 123.349
      vertex -150.7 86.4 123.472
      vertex -150.7 84 123.472
    endloop
  endfacet
  facet normal 0.553661 0 -0.832742
    outer loop
      vertex -150.7 86.4 123.472
      vertex -150.885 84 123.349
      vertex -150.885 86.4 123.349
    endloop
  endfacet
  facet normal -0.981097 0 0.193519
    outer loop
      vertex -160.208 84 107.56
      vertex -160.165 86.4 107.778
      vertex -160.208 86.4 107.56
    endloop
  endfacet
  facet normal -0.981097 0 0.193519
    outer loop
      vertex -160.165 86.4 107.778
      vertex -160.208 84 107.56
      vertex -160.165 84 107.778
    endloop
  endfacet
  facet normal -0.997725 0 0.0674139
    outer loop
      vertex -160.165 84 107.778
      vertex -160.15 86.4 108
      vertex -160.165 86.4 107.778
    endloop
  endfacet
  facet normal -0.997725 0 0.0674139
    outer loop
      vertex -160.15 86.4 108
      vertex -160.165 84 107.778
      vertex -160.15 84 108
    endloop
  endfacet
  facet normal 0.445413 0 0.895325
    outer loop
      vertex -162.7 86.4 106.528
      vertex -162.501 84 106.429
      vertex -162.501 86.4 106.429
    endloop
  endfacet
  facet normal 0.445413 0 0.895325
    outer loop
      vertex -162.501 84 106.429
      vertex -162.7 86.4 106.528
      vertex -162.7 84 106.528
    endloop
  endfacet
  facet normal 0.5547 0 0.83205
    outer loop
      vertex -162.85 86.4 106.628
      vertex -162.7 84 106.528
      vertex -162.7 86.4 106.528
    endloop
  endfacet
  facet normal 0.5547 0 0.83205
    outer loop
      vertex -162.7 84 106.528
      vertex -162.85 86.4 106.628
      vertex -162.85 84 106.628
    endloop
  endfacet
  facet normal -0.660729 0 -0.750624
    outer loop
      vertex -160.815 84 109.349
      vertex -160.648 86.4 109.202
      vertex -160.648 84 109.202
    endloop
  endfacet
  facet normal -0.660729 0 -0.750624
    outer loop
      vertex -160.648 86.4 109.202
      vertex -160.815 84 109.349
      vertex -160.815 86.4 109.349
    endloop
  endfacet
  facet normal -0.981097 0 -0.193519
    outer loop
      vertex -160.165 84 108.222
      vertex -160.208 86.4 108.44
      vertex -160.165 86.4 108.222
    endloop
  endfacet
  facet normal -0.981097 -0 -0.193519
    outer loop
      vertex -160.208 86.4 108.44
      vertex -160.165 84 108.222
      vertex -160.208 84 108.44
    endloop
  endfacet
  facet normal -0.553661 0 0.832742
    outer loop
      vertex -161 86.4 106.528
      vertex -160.815 84 106.651
      vertex -160.815 86.4 106.651
    endloop
  endfacet
  facet normal -0.553661 0 0.832742
    outer loop
      vertex -160.815 84 106.651
      vertex -161 86.4 106.528
      vertex -161 84 106.528
    endloop
  endfacet
  facet normal -0.193519 0 0.981097
    outer loop
      vertex -161.628 86.4 106.315
      vertex -161.41 84 106.358
      vertex -161.41 86.4 106.358
    endloop
  endfacet
  facet normal -0.193519 0 0.981097
    outer loop
      vertex -161.41 84 106.358
      vertex -161.628 86.4 106.315
      vertex -161.628 84 106.315
    endloop
  endfacet
  facet normal -0.445413 0 0.895325
    outer loop
      vertex -161.199 86.4 106.429
      vertex -161 84 106.528
      vertex -161 86.4 106.528
    endloop
  endfacet
  facet normal -0.445413 0 0.895325
    outer loop
      vertex -161 84 106.528
      vertex -161.199 86.4 106.429
      vertex -161.199 84 106.429
    endloop
  endfacet
  facet normal 0.318922 0 -0.947781
    outer loop
      vertex -162.501 84 109.571
      vertex -162.29 86.4 109.642
      vertex -162.29 84 109.642
    endloop
  endfacet
  facet normal 0.318922 0 -0.947781
    outer loop
      vertex -162.29 86.4 109.642
      vertex -162.501 84 109.571
      vertex -162.501 86.4 109.571
    endloop
  endfacet
  facet normal -0.895325 0 -0.445413
    outer loop
      vertex -160.279 84 108.651
      vertex -160.378 86.4 108.85
      vertex -160.279 86.4 108.651
    endloop
  endfacet
  facet normal -0.895325 -0 -0.445413
    outer loop
      vertex -160.378 86.4 108.85
      vertex -160.279 84 108.651
      vertex -160.378 84 108.85
    endloop
  endfacet
  facet normal -0.832742 0 -0.553661
    outer loop
      vertex -160.378 84 108.85
      vertex -160.501 86.4 109.035
      vertex -160.378 86.4 108.85
    endloop
  endfacet
  facet normal -0.832742 -0 -0.553661
    outer loop
      vertex -160.501 86.4 109.035
      vertex -160.378 84 108.85
      vertex -160.501 84 109.035
    endloop
  endfacet
  facet normal 0.0674139 0 -0.997725
    outer loop
      vertex -162.072 84 109.685
      vertex -161.85 86.4 109.7
      vertex -161.85 84 109.7
    endloop
  endfacet
  facet normal 0.0674139 0 -0.997725
    outer loop
      vertex -161.85 86.4 109.7
      vertex -162.072 84 109.685
      vertex -162.072 86.4 109.685
    endloop
  endfacet
  facet normal -0.318922 0 -0.947781
    outer loop
      vertex -161.41 84 109.642
      vertex -161.199 86.4 109.571
      vertex -161.199 84 109.571
    endloop
  endfacet
  facet normal -0.318922 0 -0.947781
    outer loop
      vertex -161.199 86.4 109.571
      vertex -161.41 84 109.642
      vertex -161.41 86.4 109.642
    endloop
  endfacet
  facet normal -0.318922 0 0.947781
    outer loop
      vertex -161.41 86.4 106.358
      vertex -161.199 84 106.429
      vertex -161.199 86.4 106.429
    endloop
  endfacet
  facet normal -0.318922 0 0.947781
    outer loop
      vertex -161.199 84 106.429
      vertex -161.41 86.4 106.358
      vertex -161.41 84 106.358
    endloop
  endfacet
  facet normal 0.318922 0 0.947781
    outer loop
      vertex -162.501 86.4 106.429
      vertex -162.29 84 106.358
      vertex -162.29 86.4 106.358
    endloop
  endfacet
  facet normal 0.318922 0 0.947781
    outer loop
      vertex -162.29 84 106.358
      vertex -162.501 86.4 106.429
      vertex -162.501 84 106.429
    endloop
  endfacet
  facet normal -0.947781 0 -0.318922
    outer loop
      vertex -160.208 84 108.44
      vertex -160.279 86.4 108.651
      vertex -160.208 86.4 108.44
    endloop
  endfacet
  facet normal -0.947781 -0 -0.318922
    outer loop
      vertex -160.279 86.4 108.651
      vertex -160.208 84 108.44
      vertex -160.279 84 108.651
    endloop
  endfacet
  facet normal -0.0674139 0 -0.997725
    outer loop
      vertex -161.85 84 109.7
      vertex -161.628 86.4 109.685
      vertex -161.628 84 109.685
    endloop
  endfacet
  facet normal -0.0674139 0 -0.997725
    outer loop
      vertex -161.628 86.4 109.685
      vertex -161.85 84 109.7
      vertex -161.85 86.4 109.7
    endloop
  endfacet
  facet normal -0.997725 0 -0.0674139
    outer loop
      vertex -160.15 84 108
      vertex -160.165 86.4 108.222
      vertex -160.15 86.4 108
    endloop
  endfacet
  facet normal -0.997725 -0 -0.0674139
    outer loop
      vertex -160.165 86.4 108.222
      vertex -160.15 84 108
      vertex -160.165 84 108.222
    endloop
  endfacet
  facet normal -0.660729 0 0.750624
    outer loop
      vertex -160.815 86.4 106.651
      vertex -160.648 84 106.798
      vertex -160.648 86.4 106.798
    endloop
  endfacet
  facet normal -0.660729 0 0.750624
    outer loop
      vertex -160.648 84 106.798
      vertex -160.815 86.4 106.651
      vertex -160.815 84 106.651
    endloop
  endfacet
  facet normal 0.193519 0 0.981097
    outer loop
      vertex -162.29 86.4 106.358
      vertex -162.072 84 106.315
      vertex -162.072 86.4 106.315
    endloop
  endfacet
  facet normal 0.193519 0 0.981097
    outer loop
      vertex -162.072 84 106.315
      vertex -162.29 86.4 106.358
      vertex -162.29 84 106.358
    endloop
  endfacet
  facet normal -0.947781 0 0.318922
    outer loop
      vertex -160.279 84 107.349
      vertex -160.208 86.4 107.56
      vertex -160.279 86.4 107.349
    endloop
  endfacet
  facet normal -0.947781 0 0.318922
    outer loop
      vertex -160.208 86.4 107.56
      vertex -160.279 84 107.349
      vertex -160.208 84 107.56
    endloop
  endfacet
  facet normal -0.832742 0 0.553661
    outer loop
      vertex -160.501 84 106.965
      vertex -160.378 86.4 107.15
      vertex -160.501 86.4 106.965
    endloop
  endfacet
  facet normal -0.832742 0 0.553661
    outer loop
      vertex -160.378 86.4 107.15
      vertex -160.501 84 106.965
      vertex -160.378 84 107.15
    endloop
  endfacet
  facet normal -0.193519 0 -0.981097
    outer loop
      vertex -161.628 84 109.685
      vertex -161.41 86.4 109.642
      vertex -161.41 84 109.642
    endloop
  endfacet
  facet normal -0.193519 0 -0.981097
    outer loop
      vertex -161.41 86.4 109.642
      vertex -161.628 84 109.685
      vertex -161.628 86.4 109.685
    endloop
  endfacet
  facet normal -0.895325 0 0.445413
    outer loop
      vertex -160.378 84 107.15
      vertex -160.279 86.4 107.349
      vertex -160.378 86.4 107.15
    endloop
  endfacet
  facet normal -0.895325 0 0.445413
    outer loop
      vertex -160.279 86.4 107.349
      vertex -160.378 84 107.15
      vertex -160.279 84 107.349
    endloop
  endfacet
  facet normal 0.193519 0 -0.981097
    outer loop
      vertex -162.29 84 109.642
      vertex -162.072 86.4 109.685
      vertex -162.072 84 109.685
    endloop
  endfacet
  facet normal 0.193519 0 -0.981097
    outer loop
      vertex -162.072 86.4 109.685
      vertex -162.29 84 109.642
      vertex -162.29 86.4 109.642
    endloop
  endfacet
  facet normal -0.0674139 0 0.997725
    outer loop
      vertex -161.85 86.4 106.3
      vertex -161.628 84 106.315
      vertex -161.628 86.4 106.315
    endloop
  endfacet
  facet normal -0.0674139 0 0.997725
    outer loop
      vertex -161.628 84 106.315
      vertex -161.85 86.4 106.3
      vertex -161.85 84 106.3
    endloop
  endfacet
  facet normal -0.750624 0 0.660729
    outer loop
      vertex -160.648 84 106.798
      vertex -160.501 86.4 106.965
      vertex -160.648 86.4 106.798
    endloop
  endfacet
  facet normal -0.750624 0 0.660729
    outer loop
      vertex -160.501 86.4 106.965
      vertex -160.648 84 106.798
      vertex -160.501 84 106.965
    endloop
  endfacet
  facet normal 0.0674139 0 0.997725
    outer loop
      vertex -162.072 86.4 106.315
      vertex -161.85 84 106.3
      vertex -161.85 86.4 106.3
    endloop
  endfacet
  facet normal 0.0674139 0 0.997725
    outer loop
      vertex -161.85 84 106.3
      vertex -162.072 86.4 106.315
      vertex -162.072 84 106.315
    endloop
  endfacet
  facet normal -0.553661 0 -0.832742
    outer loop
      vertex -161 84 109.472
      vertex -160.815 86.4 109.349
      vertex -160.815 84 109.349
    endloop
  endfacet
  facet normal -0.553661 0 -0.832742
    outer loop
      vertex -160.815 86.4 109.349
      vertex -161 84 109.472
      vertex -161 86.4 109.472
    endloop
  endfacet
  facet normal -0.750624 0 -0.660729
    outer loop
      vertex -160.501 84 109.035
      vertex -160.648 86.4 109.202
      vertex -160.501 86.4 109.035
    endloop
  endfacet
  facet normal -0.750624 -0 -0.660729
    outer loop
      vertex -160.648 86.4 109.202
      vertex -160.501 84 109.035
      vertex -160.648 84 109.202
    endloop
  endfacet
  facet normal -0.445413 0 -0.895325
    outer loop
      vertex -161.199 84 109.571
      vertex -161 86.4 109.472
      vertex -161 84 109.472
    endloop
  endfacet
  facet normal -0.445413 0 -0.895325
    outer loop
      vertex -161 86.4 109.472
      vertex -161.199 84 109.571
      vertex -161.199 86.4 109.571
    endloop
  endfacet
  facet normal 0.445413 0 -0.895325
    outer loop
      vertex -162.7 84 109.472
      vertex -162.501 86.4 109.571
      vertex -162.501 84 109.571
    endloop
  endfacet
  facet normal 0.445413 0 -0.895325
    outer loop
      vertex -162.501 86.4 109.571
      vertex -162.7 84 109.472
      vertex -162.7 86.4 109.472
    endloop
  endfacet
  facet normal 0.5547 0 -0.83205
    outer loop
      vertex -162.85 84 109.372
      vertex -162.7 86.4 109.472
      vertex -162.7 84 109.472
    endloop
  endfacet
  facet normal 0.5547 0 -0.83205
    outer loop
      vertex -162.7 86.4 109.472
      vertex -162.85 84 109.372
      vertex -162.85 86.4 109.372
    endloop
  endfacet
  facet normal -0.981097 0 0.193519
    outer loop
      vertex -160.208 84 121.56
      vertex -160.165 86.4 121.778
      vertex -160.208 86.4 121.56
    endloop
  endfacet
  facet normal -0.981097 0 0.193519
    outer loop
      vertex -160.165 86.4 121.778
      vertex -160.208 84 121.56
      vertex -160.165 84 121.778
    endloop
  endfacet
  facet normal -0.997725 0 0.0674139
    outer loop
      vertex -160.165 84 121.778
      vertex -160.15 86.4 122
      vertex -160.165 86.4 121.778
    endloop
  endfacet
  facet normal -0.997725 0 0.0674139
    outer loop
      vertex -160.15 86.4 122
      vertex -160.165 84 121.778
      vertex -160.15 84 122
    endloop
  endfacet
  facet normal 0.445413 0 0.895325
    outer loop
      vertex -162.7 86.4 120.528
      vertex -162.501 84 120.429
      vertex -162.501 86.4 120.429
    endloop
  endfacet
  facet normal 0.445413 0 0.895325
    outer loop
      vertex -162.501 84 120.429
      vertex -162.7 86.4 120.528
      vertex -162.7 84 120.528
    endloop
  endfacet
  facet normal 0.553661 0 0.832742
    outer loop
      vertex -162.885 86.4 120.651
      vertex -162.7 84 120.528
      vertex -162.7 86.4 120.528
    endloop
  endfacet
  facet normal 0.553661 0 0.832742
    outer loop
      vertex -162.7 84 120.528
      vertex -162.885 86.4 120.651
      vertex -162.885 84 120.651
    endloop
  endfacet
  facet normal -0.660729 0 -0.750624
    outer loop
      vertex -160.815 84 123.349
      vertex -160.648 86.4 123.202
      vertex -160.648 84 123.202
    endloop
  endfacet
  facet normal -0.660729 0 -0.750624
    outer loop
      vertex -160.648 86.4 123.202
      vertex -160.815 84 123.349
      vertex -160.815 86.4 123.349
    endloop
  endfacet
  facet normal -0.981097 0 -0.193519
    outer loop
      vertex -160.165 84 122.222
      vertex -160.208 86.4 122.44
      vertex -160.165 86.4 122.222
    endloop
  endfacet
  facet normal -0.981097 -0 -0.193519
    outer loop
      vertex -160.208 86.4 122.44
      vertex -160.165 84 122.222
      vertex -160.208 84 122.44
    endloop
  endfacet
  facet normal 0.947781 -0 0.318922
    outer loop
      vertex -163.492 84 121.56
      vertex -163.421 86.4 121.349
      vertex -163.492 86.4 121.56
    endloop
  endfacet
  facet normal 0.947781 0 0.318922
    outer loop
      vertex -163.421 86.4 121.349
      vertex -163.492 84 121.56
      vertex -163.421 84 121.349
    endloop
  endfacet
  facet normal 0.947781 0 -0.318922
    outer loop
      vertex -163.421 84 122.651
      vertex -163.492 86.4 122.44
      vertex -163.421 86.4 122.651
    endloop
  endfacet
  facet normal 0.947781 0 -0.318922
    outer loop
      vertex -163.492 86.4 122.44
      vertex -163.421 84 122.651
      vertex -163.492 84 122.44
    endloop
  endfacet
  facet normal 0.832742 0 -0.553661
    outer loop
      vertex -163.199 84 123.035
      vertex -163.322 86.4 122.85
      vertex -163.199 86.4 123.035
    endloop
  endfacet
  facet normal 0.832742 0 -0.553661
    outer loop
      vertex -163.322 86.4 122.85
      vertex -163.199 84 123.035
      vertex -163.322 84 122.85
    endloop
  endfacet
  facet normal -0.553661 0 0.832742
    outer loop
      vertex -161 86.4 120.528
      vertex -160.815 84 120.651
      vertex -160.815 86.4 120.651
    endloop
  endfacet
  facet normal -0.553661 0 0.832742
    outer loop
      vertex -160.815 84 120.651
      vertex -161 86.4 120.528
      vertex -161 84 120.528
    endloop
  endfacet
  facet normal -0.193519 0 0.981097
    outer loop
      vertex -161.628 86.4 120.315
      vertex -161.41 84 120.358
      vertex -161.41 86.4 120.358
    endloop
  endfacet
  facet normal -0.193519 0 0.981097
    outer loop
      vertex -161.41 84 120.358
      vertex -161.628 86.4 120.315
      vertex -161.628 84 120.315
    endloop
  endfacet
  facet normal 0.660729 0 0.750624
    outer loop
      vertex -163.052 86.4 120.798
      vertex -162.885 84 120.651
      vertex -162.885 86.4 120.651
    endloop
  endfacet
  facet normal 0.660729 0 0.750624
    outer loop
      vertex -162.885 84 120.651
      vertex -163.052 86.4 120.798
      vertex -163.052 84 120.798
    endloop
  endfacet
  facet normal -0.445413 0 0.895325
    outer loop
      vertex -161.199 86.4 120.429
      vertex -161 84 120.528
      vertex -161 86.4 120.528
    endloop
  endfacet
  facet normal -0.445413 0 0.895325
    outer loop
      vertex -161 84 120.528
      vertex -161.199 86.4 120.429
      vertex -161.199 84 120.429
    endloop
  endfacet
  facet normal 0.318922 0 -0.947781
    outer loop
      vertex -162.501 84 123.571
      vertex -162.29 86.4 123.642
      vertex -162.29 84 123.642
    endloop
  endfacet
  facet normal 0.318922 0 -0.947781
    outer loop
      vertex -162.29 86.4 123.642
      vertex -162.501 84 123.571
      vertex -162.501 86.4 123.571
    endloop
  endfacet
  facet normal -0.895325 0 -0.445413
    outer loop
      vertex -160.279 84 122.651
      vertex -160.378 86.4 122.85
      vertex -160.279 86.4 122.651
    endloop
  endfacet
  facet normal -0.895325 -0 -0.445413
    outer loop
      vertex -160.378 86.4 122.85
      vertex -160.279 84 122.651
      vertex -160.378 84 122.85
    endloop
  endfacet
  facet normal -0.832742 0 -0.553661
    outer loop
      vertex -160.378 84 122.85
      vertex -160.501 86.4 123.035
      vertex -160.378 86.4 122.85
    endloop
  endfacet
  facet normal -0.832742 -0 -0.553661
    outer loop
      vertex -160.501 86.4 123.035
      vertex -160.378 84 122.85
      vertex -160.501 84 123.035
    endloop
  endfacet
  facet normal 0.0674139 0 -0.997725
    outer loop
      vertex -162.072 84 123.685
      vertex -161.85 86.4 123.7
      vertex -161.85 84 123.7
    endloop
  endfacet
  facet normal 0.0674139 0 -0.997725
    outer loop
      vertex -161.85 86.4 123.7
      vertex -162.072 84 123.685
      vertex -162.072 86.4 123.685
    endloop
  endfacet
  facet normal -0.318922 0 -0.947781
    outer loop
      vertex -161.41 84 123.642
      vertex -161.199 86.4 123.571
      vertex -161.199 84 123.571
    endloop
  endfacet
  facet normal -0.318922 0 -0.947781
    outer loop
      vertex -161.199 86.4 123.571
      vertex -161.41 84 123.642
      vertex -161.41 86.4 123.642
    endloop
  endfacet
  facet normal -0.318922 0 0.947781
    outer loop
      vertex -161.41 86.4 120.358
      vertex -161.199 84 120.429
      vertex -161.199 86.4 120.429
    endloop
  endfacet
  facet normal -0.318922 0 0.947781
    outer loop
      vertex -161.199 84 120.429
      vertex -161.41 86.4 120.358
      vertex -161.41 84 120.358
    endloop
  endfacet
  facet normal 0.318922 0 0.947781
    outer loop
      vertex -162.501 86.4 120.429
      vertex -162.29 84 120.358
      vertex -162.29 86.4 120.358
    endloop
  endfacet
  facet normal 0.318922 0 0.947781
    outer loop
      vertex -162.29 84 120.358
      vertex -162.501 86.4 120.429
      vertex -162.501 84 120.429
    endloop
  endfacet
  facet normal 0.750624 0 -0.660729
    outer loop
      vertex -163.052 84 123.202
      vertex -163.199 86.4 123.035
      vertex -163.052 86.4 123.202
    endloop
  endfacet
  facet normal 0.750624 0 -0.660729
    outer loop
      vertex -163.199 86.4 123.035
      vertex -163.052 84 123.202
      vertex -163.199 84 123.035
    endloop
  endfacet
  facet normal 0.981097 -0 0.193519
    outer loop
      vertex -163.535 84 121.778
      vertex -163.492 86.4 121.56
      vertex -163.535 86.4 121.778
    endloop
  endfacet
  facet normal 0.981097 0 0.193519
    outer loop
      vertex -163.492 86.4 121.56
      vertex -163.535 84 121.778
      vertex -163.492 84 121.56
    endloop
  endfacet
  facet normal 0.832742 -0 0.553661
    outer loop
      vertex -163.322 84 121.15
      vertex -163.199 86.4 120.965
      vertex -163.322 86.4 121.15
    endloop
  endfacet
  facet normal 0.832742 0 0.553661
    outer loop
      vertex -163.199 86.4 120.965
      vertex -163.322 84 121.15
      vertex -163.199 84 120.965
    endloop
  endfacet
  facet normal 0.981097 0 -0.193519
    outer loop
      vertex -163.492 84 122.44
      vertex -163.535 86.4 122.222
      vertex -163.492 86.4 122.44
    endloop
  endfacet
  facet normal 0.981097 0 -0.193519
    outer loop
      vertex -163.535 86.4 122.222
      vertex -163.492 84 122.44
      vertex -163.535 84 122.222
    endloop
  endfacet
  facet normal -0.947781 0 -0.318922
    outer loop
      vertex -160.208 84 122.44
      vertex -160.279 86.4 122.651
      vertex -160.208 86.4 122.44
    endloop
  endfacet
  facet normal -0.947781 -0 -0.318922
    outer loop
      vertex -160.279 86.4 122.651
      vertex -160.208 84 122.44
      vertex -160.279 84 122.651
    endloop
  endfacet
  facet normal -0.0674139 0 -0.997725
    outer loop
      vertex -161.85 84 123.7
      vertex -161.628 86.4 123.685
      vertex -161.628 84 123.685
    endloop
  endfacet
  facet normal -0.0674139 0 -0.997725
    outer loop
      vertex -161.628 86.4 123.685
      vertex -161.85 84 123.7
      vertex -161.85 86.4 123.7
    endloop
  endfacet
  facet normal 0.750624 -0 0.660729
    outer loop
      vertex -163.199 84 120.965
      vertex -163.052 86.4 120.798
      vertex -163.199 86.4 120.965
    endloop
  endfacet
  facet normal 0.750624 0 0.660729
    outer loop
      vertex -163.052 86.4 120.798
      vertex -163.199 84 120.965
      vertex -163.052 84 120.798
    endloop
  endfacet
  facet normal -0.997725 0 -0.0674139
    outer loop
      vertex -160.15 84 122
      vertex -160.165 86.4 122.222
      vertex -160.15 86.4 122
    endloop
  endfacet
  facet normal -0.997725 -0 -0.0674139
    outer loop
      vertex -160.165 86.4 122.222
      vertex -160.15 84 122
      vertex -160.165 84 122.222
    endloop
  endfacet
  facet normal -0.660729 0 0.750624
    outer loop
      vertex -160.815 86.4 120.651
      vertex -160.648 84 120.798
      vertex -160.648 86.4 120.798
    endloop
  endfacet
  facet normal -0.660729 0 0.750624
    outer loop
      vertex -160.648 84 120.798
      vertex -160.815 86.4 120.651
      vertex -160.815 84 120.651
    endloop
  endfacet
  facet normal 0.193519 0 0.981097
    outer loop
      vertex -162.29 86.4 120.358
      vertex -162.072 84 120.315
      vertex -162.072 86.4 120.315
    endloop
  endfacet
  facet normal 0.193519 0 0.981097
    outer loop
      vertex -162.072 84 120.315
      vertex -162.29 86.4 120.358
      vertex -162.29 84 120.358
    endloop
  endfacet
  facet normal -0.947781 0 0.318922
    outer loop
      vertex -160.279 84 121.349
      vertex -160.208 86.4 121.56
      vertex -160.279 86.4 121.349
    endloop
  endfacet
  facet normal -0.947781 0 0.318922
    outer loop
      vertex -160.208 86.4 121.56
      vertex -160.279 84 121.349
      vertex -160.208 84 121.56
    endloop
  endfacet
  facet normal 0.997725 -0 0.0674139
    outer loop
      vertex -163.55 84 122
      vertex -163.535 86.4 121.778
      vertex -163.55 86.4 122
    endloop
  endfacet
  facet normal 0.997725 0 0.0674139
    outer loop
      vertex -163.535 86.4 121.778
      vertex -163.55 84 122
      vertex -163.535 84 121.778
    endloop
  endfacet
  facet normal -0.832742 0 0.553661
    outer loop
      vertex -160.501 84 120.965
      vertex -160.378 86.4 121.15
      vertex -160.501 86.4 120.965
    endloop
  endfacet
  facet normal -0.832742 0 0.553661
    outer loop
      vertex -160.378 86.4 121.15
      vertex -160.501 84 120.965
      vertex -160.378 84 121.15
    endloop
  endfacet
  facet normal -0.193519 0 -0.981097
    outer loop
      vertex -161.628 84 123.685
      vertex -161.41 86.4 123.642
      vertex -161.41 84 123.642
    endloop
  endfacet
  facet normal -0.193519 0 -0.981097
    outer loop
      vertex -161.41 86.4 123.642
      vertex -161.628 84 123.685
      vertex -161.628 86.4 123.685
    endloop
  endfacet
  facet normal 0.895325 -0 0.445413
    outer loop
      vertex -163.421 84 121.349
      vertex -163.322 86.4 121.15
      vertex -163.421 86.4 121.349
    endloop
  endfacet
  facet normal 0.895325 0 0.445413
    outer loop
      vertex -163.322 86.4 121.15
      vertex -163.421 84 121.349
      vertex -163.322 84 121.15
    endloop
  endfacet
  facet normal -0.895325 0 0.445413
    outer loop
      vertex -160.378 84 121.15
      vertex -160.279 86.4 121.349
      vertex -160.378 86.4 121.15
    endloop
  endfacet
  facet normal -0.895325 0 0.445413
    outer loop
      vertex -160.279 86.4 121.349
      vertex -160.378 84 121.15
      vertex -160.279 84 121.349
    endloop
  endfacet
  facet normal 0.193519 0 -0.981097
    outer loop
      vertex -162.29 84 123.642
      vertex -162.072 86.4 123.685
      vertex -162.072 84 123.685
    endloop
  endfacet
  facet normal 0.193519 0 -0.981097
    outer loop
      vertex -162.072 86.4 123.685
      vertex -162.29 84 123.642
      vertex -162.29 86.4 123.642
    endloop
  endfacet
  facet normal 0.997725 0 -0.0674139
    outer loop
      vertex -163.535 84 122.222
      vertex -163.55 86.4 122
      vertex -163.535 86.4 122.222
    endloop
  endfacet
  facet normal 0.997725 0 -0.0674139
    outer loop
      vertex -163.55 86.4 122
      vertex -163.535 84 122.222
      vertex -163.55 84 122
    endloop
  endfacet
  facet normal -0.0674139 0 0.997725
    outer loop
      vertex -161.85 86.4 120.3
      vertex -161.628 84 120.315
      vertex -161.628 86.4 120.315
    endloop
  endfacet
  facet normal -0.0674139 0 0.997725
    outer loop
      vertex -161.628 84 120.315
      vertex -161.85 86.4 120.3
      vertex -161.85 84 120.3
    endloop
  endfacet
  facet normal -0.750624 0 0.660729
    outer loop
      vertex -160.648 84 120.798
      vertex -160.501 86.4 120.965
      vertex -160.648 86.4 120.798
    endloop
  endfacet
  facet normal -0.750624 0 0.660729
    outer loop
      vertex -160.501 86.4 120.965
      vertex -160.648 84 120.798
      vertex -160.501 84 120.965
    endloop
  endfacet
  facet normal 0.660729 0 -0.750624
    outer loop
      vertex -163.052 84 123.202
      vertex -162.885 86.4 123.349
      vertex -162.885 84 123.349
    endloop
  endfacet
  facet normal 0.660729 0 -0.750624
    outer loop
      vertex -162.885 86.4 123.349
      vertex -163.052 84 123.202
      vertex -163.052 86.4 123.202
    endloop
  endfacet
  facet normal 0.0674139 0 0.997725
    outer loop
      vertex -162.072 86.4 120.315
      vertex -161.85 84 120.3
      vertex -161.85 86.4 120.3
    endloop
  endfacet
  facet normal 0.0674139 0 0.997725
    outer loop
      vertex -161.85 84 120.3
      vertex -162.072 86.4 120.315
      vertex -162.072 84 120.315
    endloop
  endfacet
  facet normal -0.553661 0 -0.832742
    outer loop
      vertex -161 84 123.472
      vertex -160.815 86.4 123.349
      vertex -160.815 84 123.349
    endloop
  endfacet
  facet normal -0.553661 0 -0.832742
    outer loop
      vertex -160.815 86.4 123.349
      vertex -161 84 123.472
      vertex -161 86.4 123.472
    endloop
  endfacet
  facet normal -0.750624 0 -0.660729
    outer loop
      vertex -160.501 84 123.035
      vertex -160.648 86.4 123.202
      vertex -160.501 86.4 123.035
    endloop
  endfacet
  facet normal -0.750624 -0 -0.660729
    outer loop
      vertex -160.648 86.4 123.202
      vertex -160.501 84 123.035
      vertex -160.648 84 123.202
    endloop
  endfacet
  facet normal -0.445413 0 -0.895325
    outer loop
      vertex -161.199 84 123.571
      vertex -161 86.4 123.472
      vertex -161 84 123.472
    endloop
  endfacet
  facet normal -0.445413 0 -0.895325
    outer loop
      vertex -161 86.4 123.472
      vertex -161.199 84 123.571
      vertex -161.199 86.4 123.571
    endloop
  endfacet
  facet normal 0.445413 0 -0.895325
    outer loop
      vertex -162.7 84 123.472
      vertex -162.501 86.4 123.571
      vertex -162.501 84 123.571
    endloop
  endfacet
  facet normal 0.445413 0 -0.895325
    outer loop
      vertex -162.501 86.4 123.571
      vertex -162.7 84 123.472
      vertex -162.7 86.4 123.472
    endloop
  endfacet
  facet normal 0.895325 0 -0.445413
    outer loop
      vertex -163.322 84 122.85
      vertex -163.421 86.4 122.651
      vertex -163.322 86.4 122.85
    endloop
  endfacet
  facet normal 0.895325 0 -0.445413
    outer loop
      vertex -163.421 86.4 122.651
      vertex -163.322 84 122.85
      vertex -163.421 84 122.651
    endloop
  endfacet
  facet normal 0.553661 0 -0.832742
    outer loop
      vertex -162.885 84 123.349
      vertex -162.7 86.4 123.472
      vertex -162.7 84 123.472
    endloop
  endfacet
  facet normal 0.553661 0 -0.832742
    outer loop
      vertex -162.7 86.4 123.472
      vertex -162.885 84 123.349
      vertex -162.885 86.4 123.349
    endloop
  endfacet
  facet normal 0.445413 0 0.895325
    outer loop
      vertex -178.7 86.4 106.528
      vertex -178.501 84 106.429
      vertex -178.501 86.4 106.429
    endloop
  endfacet
  facet normal 0.445413 0 0.895325
    outer loop
      vertex -178.501 84 106.429
      vertex -178.7 86.4 106.528
      vertex -178.7 84 106.528
    endloop
  endfacet
  facet normal 0.553661 0 0.832742
    outer loop
      vertex -178.885 86.4 106.651
      vertex -178.7 84 106.528
      vertex -178.7 86.4 106.528
    endloop
  endfacet
  facet normal 0.553661 0 0.832742
    outer loop
      vertex -178.7 84 106.528
      vertex -178.885 86.4 106.651
      vertex -178.885 84 106.651
    endloop
  endfacet
  facet normal 0.947781 -0 0.318922
    outer loop
      vertex -179.492 84 107.56
      vertex -179.421 86.4 107.349
      vertex -179.492 86.4 107.56
    endloop
  endfacet
  facet normal 0.947781 0 0.318922
    outer loop
      vertex -179.421 86.4 107.349
      vertex -179.492 84 107.56
      vertex -179.421 84 107.349
    endloop
  endfacet
  facet normal 0.947781 0 -0.318922
    outer loop
      vertex -179.421 84 108.651
      vertex -179.492 86.4 108.44
      vertex -179.421 86.4 108.651
    endloop
  endfacet
  facet normal 0.947781 0 -0.318922
    outer loop
      vertex -179.492 86.4 108.44
      vertex -179.421 84 108.651
      vertex -179.492 84 108.44
    endloop
  endfacet
  facet normal 0.832742 0 -0.553661
    outer loop
      vertex -179.199 84 109.035
      vertex -179.322 86.4 108.85
      vertex -179.199 86.4 109.035
    endloop
  endfacet
  facet normal 0.832742 0 -0.553661
    outer loop
      vertex -179.322 86.4 108.85
      vertex -179.199 84 109.035
      vertex -179.322 84 108.85
    endloop
  endfacet
  facet normal -0.5547 0 0.83205
    outer loop
      vertex -177 86.4 106.528
      vertex -176.85 84 106.628
      vertex -176.85 86.4 106.628
    endloop
  endfacet
  facet normal -0.5547 0 0.83205
    outer loop
      vertex -176.85 84 106.628
      vertex -177 86.4 106.528
      vertex -177 84 106.528
    endloop
  endfacet
  facet normal -0.193519 0 0.981097
    outer loop
      vertex -177.628 86.4 106.315
      vertex -177.41 84 106.358
      vertex -177.41 86.4 106.358
    endloop
  endfacet
  facet normal -0.193519 0 0.981097
    outer loop
      vertex -177.41 84 106.358
      vertex -177.628 86.4 106.315
      vertex -177.628 84 106.315
    endloop
  endfacet
  facet normal 0.660729 0 0.750624
    outer loop
      vertex -179.052 86.4 106.798
      vertex -178.885 84 106.651
      vertex -178.885 86.4 106.651
    endloop
  endfacet
  facet normal 0.660729 0 0.750624
    outer loop
      vertex -178.885 84 106.651
      vertex -179.052 86.4 106.798
      vertex -179.052 84 106.798
    endloop
  endfacet
  facet normal -0.445413 0 0.895325
    outer loop
      vertex -177.199 86.4 106.429
      vertex -177 84 106.528
      vertex -177 86.4 106.528
    endloop
  endfacet
  facet normal -0.445413 0 0.895325
    outer loop
      vertex -177 84 106.528
      vertex -177.199 86.4 106.429
      vertex -177.199 84 106.429
    endloop
  endfacet
  facet normal 0.318922 0 -0.947781
    outer loop
      vertex -178.501 84 109.571
      vertex -178.29 86.4 109.642
      vertex -178.29 84 109.642
    endloop
  endfacet
  facet normal 0.318922 0 -0.947781
    outer loop
      vertex -178.29 86.4 109.642
      vertex -178.501 84 109.571
      vertex -178.501 86.4 109.571
    endloop
  endfacet
  facet normal 0.0674139 0 -0.997725
    outer loop
      vertex -178.072 84 109.685
      vertex -177.85 86.4 109.7
      vertex -177.85 84 109.7
    endloop
  endfacet
  facet normal 0.0674139 0 -0.997725
    outer loop
      vertex -177.85 86.4 109.7
      vertex -178.072 84 109.685
      vertex -178.072 86.4 109.685
    endloop
  endfacet
  facet normal -0.318922 0 -0.947781
    outer loop
      vertex -177.41 84 109.642
      vertex -177.199 86.4 109.571
      vertex -177.199 84 109.571
    endloop
  endfacet
  facet normal -0.318922 0 -0.947781
    outer loop
      vertex -177.199 86.4 109.571
      vertex -177.41 84 109.642
      vertex -177.41 86.4 109.642
    endloop
  endfacet
  facet normal -0.318922 0 0.947781
    outer loop
      vertex -177.41 86.4 106.358
      vertex -177.199 84 106.429
      vertex -177.199 86.4 106.429
    endloop
  endfacet
  facet normal -0.318922 0 0.947781
    outer loop
      vertex -177.199 84 106.429
      vertex -177.41 86.4 106.358
      vertex -177.41 84 106.358
    endloop
  endfacet
  facet normal 0.318922 0 0.947781
    outer loop
      vertex -178.501 86.4 106.429
      vertex -178.29 84 106.358
      vertex -178.29 86.4 106.358
    endloop
  endfacet
  facet normal 0.318922 0 0.947781
    outer loop
      vertex -178.29 84 106.358
      vertex -178.501 86.4 106.429
      vertex -178.501 84 106.429
    endloop
  endfacet
  facet normal 0.750624 0 -0.660729
    outer loop
      vertex -179.052 84 109.202
      vertex -179.199 86.4 109.035
      vertex -179.052 86.4 109.202
    endloop
  endfacet
  facet normal 0.750624 0 -0.660729
    outer loop
      vertex -179.199 86.4 109.035
      vertex -179.052 84 109.202
      vertex -179.199 84 109.035
    endloop
  endfacet
  facet normal 0.981097 -0 0.193519
    outer loop
      vertex -179.535 84 107.778
      vertex -179.492 86.4 107.56
      vertex -179.535 86.4 107.778
    endloop
  endfacet
  facet normal 0.981097 0 0.193519
    outer loop
      vertex -179.492 86.4 107.56
      vertex -179.535 84 107.778
      vertex -179.492 84 107.56
    endloop
  endfacet
  facet normal 0.832742 -0 0.553661
    outer loop
      vertex -179.322 84 107.15
      vertex -179.199 86.4 106.965
      vertex -179.322 86.4 107.15
    endloop
  endfacet
  facet normal 0.832742 0 0.553661
    outer loop
      vertex -179.199 86.4 106.965
      vertex -179.322 84 107.15
      vertex -179.199 84 106.965
    endloop
  endfacet
  facet normal 0.981097 0 -0.193519
    outer loop
      vertex -179.492 84 108.44
      vertex -179.535 86.4 108.222
      vertex -179.492 86.4 108.44
    endloop
  endfacet
  facet normal 0.981097 0 -0.193519
    outer loop
      vertex -179.535 86.4 108.222
      vertex -179.492 84 108.44
      vertex -179.535 84 108.222
    endloop
  endfacet
  facet normal -0.0674139 0 -0.997725
    outer loop
      vertex -177.85 84 109.7
      vertex -177.628 86.4 109.685
      vertex -177.628 84 109.685
    endloop
  endfacet
  facet normal -0.0674139 0 -0.997725
    outer loop
      vertex -177.628 86.4 109.685
      vertex -177.85 84 109.7
      vertex -177.85 86.4 109.7
    endloop
  endfacet
  facet normal 0.750624 -0 0.660729
    outer loop
      vertex -179.199 84 106.965
      vertex -179.052 86.4 106.798
      vertex -179.199 86.4 106.965
    endloop
  endfacet
  facet normal 0.750624 0 0.660729
    outer loop
      vertex -179.052 86.4 106.798
      vertex -179.199 84 106.965
      vertex -179.052 84 106.798
    endloop
  endfacet
  facet normal 0.193519 0 0.981097
    outer loop
      vertex -178.29 86.4 106.358
      vertex -178.072 84 106.315
      vertex -178.072 86.4 106.315
    endloop
  endfacet
  facet normal 0.193519 0 0.981097
    outer loop
      vertex -178.072 84 106.315
      vertex -178.29 86.4 106.358
      vertex -178.29 84 106.358
    endloop
  endfacet
  facet normal 0.997725 -0 0.0674139
    outer loop
      vertex -179.55 84 108
      vertex -179.535 86.4 107.778
      vertex -179.55 86.4 108
    endloop
  endfacet
  facet normal 0.997725 0 0.0674139
    outer loop
      vertex -179.535 86.4 107.778
      vertex -179.55 84 108
      vertex -179.535 84 107.778
    endloop
  endfacet
  facet normal -0.193519 0 -0.981097
    outer loop
      vertex -177.628 84 109.685
      vertex -177.41 86.4 109.642
      vertex -177.41 84 109.642
    endloop
  endfacet
  facet normal -0.193519 0 -0.981097
    outer loop
      vertex -177.41 86.4 109.642
      vertex -177.628 84 109.685
      vertex -177.628 86.4 109.685
    endloop
  endfacet
  facet normal 0.895325 -0 0.445413
    outer loop
      vertex -179.421 84 107.349
      vertex -179.322 86.4 107.15
      vertex -179.421 86.4 107.349
    endloop
  endfacet
  facet normal 0.895325 0 0.445413
    outer loop
      vertex -179.322 86.4 107.15
      vertex -179.421 84 107.349
      vertex -179.322 84 107.15
    endloop
  endfacet
  facet normal 0.193519 0 -0.981097
    outer loop
      vertex -178.29 84 109.642
      vertex -178.072 86.4 109.685
      vertex -178.072 84 109.685
    endloop
  endfacet
  facet normal 0.193519 0 -0.981097
    outer loop
      vertex -178.072 86.4 109.685
      vertex -178.29 84 109.642
      vertex -178.29 86.4 109.642
    endloop
  endfacet
  facet normal 0.895325 0 -0.445413
    outer loop
      vertex -179.322 84 108.85
      vertex -179.421 86.4 108.651
      vertex -179.322 86.4 108.85
    endloop
  endfacet
  facet normal 0.895325 0 -0.445413
    outer loop
      vertex -179.421 86.4 108.651
      vertex -179.322 84 108.85
      vertex -179.421 84 108.651
    endloop
  endfacet
  facet normal 0.997725 0 -0.0674139
    outer loop
      vertex -179.535 84 108.222
      vertex -179.55 86.4 108
      vertex -179.535 86.4 108.222
    endloop
  endfacet
  facet normal 0.997725 0 -0.0674139
    outer loop
      vertex -179.55 86.4 108
      vertex -179.535 84 108.222
      vertex -179.55 84 108
    endloop
  endfacet
  facet normal -0.0674139 0 0.997725
    outer loop
      vertex -177.85 86.4 106.3
      vertex -177.628 84 106.315
      vertex -177.628 86.4 106.315
    endloop
  endfacet
  facet normal -0.0674139 0 0.997725
    outer loop
      vertex -177.628 84 106.315
      vertex -177.85 86.4 106.3
      vertex -177.85 84 106.3
    endloop
  endfacet
  facet normal 0.660729 0 -0.750624
    outer loop
      vertex -179.052 84 109.202
      vertex -178.885 86.4 109.349
      vertex -178.885 84 109.349
    endloop
  endfacet
  facet normal 0.660729 0 -0.750624
    outer loop
      vertex -178.885 86.4 109.349
      vertex -179.052 84 109.202
      vertex -179.052 86.4 109.202
    endloop
  endfacet
  facet normal 0.0674139 0 0.997725
    outer loop
      vertex -178.072 86.4 106.315
      vertex -177.85 84 106.3
      vertex -177.85 86.4 106.3
    endloop
  endfacet
  facet normal 0.0674139 0 0.997725
    outer loop
      vertex -177.85 84 106.3
      vertex -178.072 86.4 106.315
      vertex -178.072 84 106.315
    endloop
  endfacet
  facet normal -0.5547 0 -0.83205
    outer loop
      vertex -177 84 109.472
      vertex -176.85 86.4 109.372
      vertex -176.85 84 109.372
    endloop
  endfacet
  facet normal -0.5547 0 -0.83205
    outer loop
      vertex -176.85 86.4 109.372
      vertex -177 84 109.472
      vertex -177 86.4 109.472
    endloop
  endfacet
  facet normal -0.445413 0 -0.895325
    outer loop
      vertex -177.199 84 109.571
      vertex -177 86.4 109.472
      vertex -177 84 109.472
    endloop
  endfacet
  facet normal -0.445413 0 -0.895325
    outer loop
      vertex -177 86.4 109.472
      vertex -177.199 84 109.571
      vertex -177.199 86.4 109.571
    endloop
  endfacet
  facet normal 0.445413 0 -0.895325
    outer loop
      vertex -178.7 84 109.472
      vertex -178.501 86.4 109.571
      vertex -178.501 84 109.571
    endloop
  endfacet
  facet normal 0.445413 0 -0.895325
    outer loop
      vertex -178.501 86.4 109.571
      vertex -178.7 84 109.472
      vertex -178.7 86.4 109.472
    endloop
  endfacet
  facet normal 0.553661 0 -0.832742
    outer loop
      vertex -178.885 84 109.349
      vertex -178.7 86.4 109.472
      vertex -178.7 84 109.472
    endloop
  endfacet
  facet normal 0.553661 0 -0.832742
    outer loop
      vertex -178.7 86.4 109.472
      vertex -178.885 84 109.349
      vertex -178.885 86.4 109.349
    endloop
  endfacet
  facet normal -0.981097 0 0.193519
    outer loop
      vertex -176.208 84 121.56
      vertex -176.165 86.4 121.778
      vertex -176.208 86.4 121.56
    endloop
  endfacet
  facet normal -0.981097 0 0.193519
    outer loop
      vertex -176.165 86.4 121.778
      vertex -176.208 84 121.56
      vertex -176.165 84 121.778
    endloop
  endfacet
  facet normal -0.997725 0 0.0674139
    outer loop
      vertex -176.165 84 121.778
      vertex -176.15 86.4 122
      vertex -176.165 86.4 121.778
    endloop
  endfacet
  facet normal -0.997725 0 0.0674139
    outer loop
      vertex -176.15 86.4 122
      vertex -176.165 84 121.778
      vertex -176.15 84 122
    endloop
  endfacet
  facet normal 0.445413 0 0.895325
    outer loop
      vertex -178.7 86.4 120.528
      vertex -178.501 84 120.429
      vertex -178.501 86.4 120.429
    endloop
  endfacet
  facet normal 0.445413 0 0.895325
    outer loop
      vertex -178.501 84 120.429
      vertex -178.7 86.4 120.528
      vertex -178.7 84 120.528
    endloop
  endfacet
  facet normal 0.553661 0 0.832742
    outer loop
      vertex -178.885 86.4 120.651
      vertex -178.7 84 120.528
      vertex -178.7 86.4 120.528
    endloop
  endfacet
  facet normal 0.553661 0 0.832742
    outer loop
      vertex -178.7 84 120.528
      vertex -178.885 86.4 120.651
      vertex -178.885 84 120.651
    endloop
  endfacet
  facet normal -0.660729 0 -0.750624
    outer loop
      vertex -176.815 84 123.349
      vertex -176.648 86.4 123.202
      vertex -176.648 84 123.202
    endloop
  endfacet
  facet normal -0.660729 0 -0.750624
    outer loop
      vertex -176.648 86.4 123.202
      vertex -176.815 84 123.349
      vertex -176.815 86.4 123.349
    endloop
  endfacet
  facet normal -0.981097 0 -0.193519
    outer loop
      vertex -176.165 84 122.222
      vertex -176.208 86.4 122.44
      vertex -176.165 86.4 122.222
    endloop
  endfacet
  facet normal -0.981097 -0 -0.193519
    outer loop
      vertex -176.208 86.4 122.44
      vertex -176.165 84 122.222
      vertex -176.208 84 122.44
    endloop
  endfacet
  facet normal 0.947781 -0 0.318922
    outer loop
      vertex -179.492 84 121.56
      vertex -179.421 86.4 121.349
      vertex -179.492 86.4 121.56
    endloop
  endfacet
  facet normal 0.947781 0 0.318922
    outer loop
      vertex -179.421 86.4 121.349
      vertex -179.492 84 121.56
      vertex -179.421 84 121.349
    endloop
  endfacet
  facet normal 0.947781 0 -0.318922
    outer loop
      vertex -179.421 84 122.651
      vertex -179.492 86.4 122.44
      vertex -179.421 86.4 122.651
    endloop
  endfacet
  facet normal 0.947781 0 -0.318922
    outer loop
      vertex -179.492 86.4 122.44
      vertex -179.421 84 122.651
      vertex -179.492 84 122.44
    endloop
  endfacet
  facet normal 0.832742 0 -0.553661
    outer loop
      vertex -179.199 84 123.035
      vertex -179.322 86.4 122.85
      vertex -179.199 86.4 123.035
    endloop
  endfacet
  facet normal 0.832742 0 -0.553661
    outer loop
      vertex -179.322 86.4 122.85
      vertex -179.199 84 123.035
      vertex -179.322 84 122.85
    endloop
  endfacet
  facet normal -0.553661 0 0.832742
    outer loop
      vertex -177 86.4 120.528
      vertex -176.815 84 120.651
      vertex -176.815 86.4 120.651
    endloop
  endfacet
  facet normal -0.553661 0 0.832742
    outer loop
      vertex -176.815 84 120.651
      vertex -177 86.4 120.528
      vertex -177 84 120.528
    endloop
  endfacet
  facet normal -0.193519 0 0.981097
    outer loop
      vertex -177.628 86.4 120.315
      vertex -177.41 84 120.358
      vertex -177.41 86.4 120.358
    endloop
  endfacet
  facet normal -0.193519 0 0.981097
    outer loop
      vertex -177.41 84 120.358
      vertex -177.628 86.4 120.315
      vertex -177.628 84 120.315
    endloop
  endfacet
  facet normal 0.660729 0 0.750624
    outer loop
      vertex -179.052 86.4 120.798
      vertex -178.885 84 120.651
      vertex -178.885 86.4 120.651
    endloop
  endfacet
  facet normal 0.660729 0 0.750624
    outer loop
      vertex -178.885 84 120.651
      vertex -179.052 86.4 120.798
      vertex -179.052 84 120.798
    endloop
  endfacet
  facet normal -0.445413 0 0.895325
    outer loop
      vertex -177.199 86.4 120.429
      vertex -177 84 120.528
      vertex -177 86.4 120.528
    endloop
  endfacet
  facet normal -0.445413 0 0.895325
    outer loop
      vertex -177 84 120.528
      vertex -177.199 86.4 120.429
      vertex -177.199 84 120.429
    endloop
  endfacet
  facet normal 0.318922 0 -0.947781
    outer loop
      vertex -178.501 84 123.571
      vertex -178.29 86.4 123.642
      vertex -178.29 84 123.642
    endloop
  endfacet
  facet normal 0.318922 0 -0.947781
    outer loop
      vertex -178.29 86.4 123.642
      vertex -178.501 84 123.571
      vertex -178.501 86.4 123.571
    endloop
  endfacet
  facet normal -0.895325 0 -0.445413
    outer loop
      vertex -176.279 84 122.651
      vertex -176.378 86.4 122.85
      vertex -176.279 86.4 122.651
    endloop
  endfacet
  facet normal -0.895325 -0 -0.445413
    outer loop
      vertex -176.378 86.4 122.85
      vertex -176.279 84 122.651
      vertex -176.378 84 122.85
    endloop
  endfacet
  facet normal -0.832742 0 -0.553661
    outer loop
      vertex -176.378 84 122.85
      vertex -176.501 86.4 123.035
      vertex -176.378 86.4 122.85
    endloop
  endfacet
  facet normal -0.832742 -0 -0.553661
    outer loop
      vertex -176.501 86.4 123.035
      vertex -176.378 84 122.85
      vertex -176.501 84 123.035
    endloop
  endfacet
  facet normal 0.0674139 0 -0.997725
    outer loop
      vertex -178.072 84 123.685
      vertex -177.85 86.4 123.7
      vertex -177.85 84 123.7
    endloop
  endfacet
  facet normal 0.0674139 0 -0.997725
    outer loop
      vertex -177.85 86.4 123.7
      vertex -178.072 84 123.685
      vertex -178.072 86.4 123.685
    endloop
  endfacet
  facet normal -0.318922 0 -0.947781
    outer loop
      vertex -177.41 84 123.642
      vertex -177.199 86.4 123.571
      vertex -177.199 84 123.571
    endloop
  endfacet
  facet normal -0.318922 0 -0.947781
    outer loop
      vertex -177.199 86.4 123.571
      vertex -177.41 84 123.642
      vertex -177.41 86.4 123.642
    endloop
  endfacet
  facet normal -0.318922 0 0.947781
    outer loop
      vertex -177.41 86.4 120.358
      vertex -177.199 84 120.429
      vertex -177.199 86.4 120.429
    endloop
  endfacet
  facet normal -0.318922 0 0.947781
    outer loop
      vertex -177.199 84 120.429
      vertex -177.41 86.4 120.358
      vertex -177.41 84 120.358
    endloop
  endfacet
  facet normal 0.318922 0 0.947781
    outer loop
      vertex -178.501 86.4 120.429
      vertex -178.29 84 120.358
      vertex -178.29 86.4 120.358
    endloop
  endfacet
  facet normal 0.318922 0 0.947781
    outer loop
      vertex -178.29 84 120.358
      vertex -178.501 86.4 120.429
      vertex -178.501 84 120.429
    endloop
  endfacet
  facet normal 0.750624 0 -0.660729
    outer loop
      vertex -179.052 84 123.202
      vertex -179.199 86.4 123.035
      vertex -179.052 86.4 123.202
    endloop
  endfacet
  facet normal 0.750624 0 -0.660729
    outer loop
      vertex -179.199 86.4 123.035
      vertex -179.052 84 123.202
      vertex -179.199 84 123.035
    endloop
  endfacet
  facet normal 0.981097 -0 0.193519
    outer loop
      vertex -179.535 84 121.778
      vertex -179.492 86.4 121.56
      vertex -179.535 86.4 121.778
    endloop
  endfacet
  facet normal 0.981097 0 0.193519
    outer loop
      vertex -179.492 86.4 121.56
      vertex -179.535 84 121.778
      vertex -179.492 84 121.56
    endloop
  endfacet
  facet normal 0.832742 -0 0.553661
    outer loop
      vertex -179.322 84 121.15
      vertex -179.199 86.4 120.965
      vertex -179.322 86.4 121.15
    endloop
  endfacet
  facet normal 0.832742 0 0.553661
    outer loop
      vertex -179.199 86.4 120.965
      vertex -179.322 84 121.15
      vertex -179.199 84 120.965
    endloop
  endfacet
  facet normal 0.981097 0 -0.193519
    outer loop
      vertex -179.492 84 122.44
      vertex -179.535 86.4 122.222
      vertex -179.492 86.4 122.44
    endloop
  endfacet
  facet normal 0.981097 0 -0.193519
    outer loop
      vertex -179.535 86.4 122.222
      vertex -179.492 84 122.44
      vertex -179.535 84 122.222
    endloop
  endfacet
  facet normal -0.947781 0 -0.318922
    outer loop
      vertex -176.208 84 122.44
      vertex -176.279 86.4 122.651
      vertex -176.208 86.4 122.44
    endloop
  endfacet
  facet normal -0.947781 -0 -0.318922
    outer loop
      vertex -176.279 86.4 122.651
      vertex -176.208 84 122.44
      vertex -176.279 84 122.651
    endloop
  endfacet
  facet normal -0.0674139 0 -0.997725
    outer loop
      vertex -177.85 84 123.7
      vertex -177.628 86.4 123.685
      vertex -177.628 84 123.685
    endloop
  endfacet
  facet normal -0.0674139 0 -0.997725
    outer loop
      vertex -177.628 86.4 123.685
      vertex -177.85 84 123.7
      vertex -177.85 86.4 123.7
    endloop
  endfacet
  facet normal 0.750624 -0 0.660729
    outer loop
      vertex -179.199 84 120.965
      vertex -179.052 86.4 120.798
      vertex -179.199 86.4 120.965
    endloop
  endfacet
  facet normal 0.750624 0 0.660729
    outer loop
      vertex -179.052 86.4 120.798
      vertex -179.199 84 120.965
      vertex -179.052 84 120.798
    endloop
  endfacet
  facet normal -0.997725 0 -0.0674139
    outer loop
      vertex -176.15 84 122
      vertex -176.165 86.4 122.222
      vertex -176.15 86.4 122
    endloop
  endfacet
  facet normal -0.997725 -0 -0.0674139
    outer loop
      vertex -176.165 86.4 122.222
      vertex -176.15 84 122
      vertex -176.165 84 122.222
    endloop
  endfacet
  facet normal -0.660729 0 0.750624
    outer loop
      vertex -176.815 86.4 120.651
      vertex -176.648 84 120.798
      vertex -176.648 86.4 120.798
    endloop
  endfacet
  facet normal -0.660729 0 0.750624
    outer loop
      vertex -176.648 84 120.798
      vertex -176.815 86.4 120.651
      vertex -176.815 84 120.651
    endloop
  endfacet
  facet normal 0.193519 0 0.981097
    outer loop
      vertex -178.29 86.4 120.358
      vertex -178.072 84 120.315
      vertex -178.072 86.4 120.315
    endloop
  endfacet
  facet normal 0.193519 0 0.981097
    outer loop
      vertex -178.072 84 120.315
      vertex -178.29 86.4 120.358
      vertex -178.29 84 120.358
    endloop
  endfacet
  facet normal -0.947781 0 0.318922
    outer loop
      vertex -176.279 84 121.349
      vertex -176.208 86.4 121.56
      vertex -176.279 86.4 121.349
    endloop
  endfacet
  facet normal -0.947781 0 0.318922
    outer loop
      vertex -176.208 86.4 121.56
      vertex -176.279 84 121.349
      vertex -176.208 84 121.56
    endloop
  endfacet
  facet normal 0.997725 -0 0.0674139
    outer loop
      vertex -179.55 84 122
      vertex -179.535 86.4 121.778
      vertex -179.55 86.4 122
    endloop
  endfacet
  facet normal 0.997725 0 0.0674139
    outer loop
      vertex -179.535 86.4 121.778
      vertex -179.55 84 122
      vertex -179.535 84 121.778
    endloop
  endfacet
  facet normal -0.832742 0 0.553661
    outer loop
      vertex -176.501 84 120.965
      vertex -176.378 86.4 121.15
      vertex -176.501 86.4 120.965
    endloop
  endfacet
  facet normal -0.832742 0 0.553661
    outer loop
      vertex -176.378 86.4 121.15
      vertex -176.501 84 120.965
      vertex -176.378 84 121.15
    endloop
  endfacet
  facet normal -0.193519 0 -0.981097
    outer loop
      vertex -177.628 84 123.685
      vertex -177.41 86.4 123.642
      vertex -177.41 84 123.642
    endloop
  endfacet
  facet normal -0.193519 0 -0.981097
    outer loop
      vertex -177.41 86.4 123.642
      vertex -177.628 84 123.685
      vertex -177.628 86.4 123.685
    endloop
  endfacet
  facet normal 0.895325 -0 0.445413
    outer loop
      vertex -179.421 84 121.349
      vertex -179.322 86.4 121.15
      vertex -179.421 86.4 121.349
    endloop
  endfacet
  facet normal 0.895325 0 0.445413
    outer loop
      vertex -179.322 86.4 121.15
      vertex -179.421 84 121.349
      vertex -179.322 84 121.15
    endloop
  endfacet
  facet normal -0.895325 0 0.445413
    outer loop
      vertex -176.378 84 121.15
      vertex -176.279 86.4 121.349
      vertex -176.378 86.4 121.15
    endloop
  endfacet
  facet normal -0.895325 0 0.445413
    outer loop
      vertex -176.279 86.4 121.349
      vertex -176.378 84 121.15
      vertex -176.279 84 121.349
    endloop
  endfacet
  facet normal 0.193519 0 -0.981097
    outer loop
      vertex -178.29 84 123.642
      vertex -178.072 86.4 123.685
      vertex -178.072 84 123.685
    endloop
  endfacet
  facet normal 0.193519 0 -0.981097
    outer loop
      vertex -178.072 86.4 123.685
      vertex -178.29 84 123.642
      vertex -178.29 86.4 123.642
    endloop
  endfacet
  facet normal 0.997725 0 -0.0674139
    outer loop
      vertex -179.535 84 122.222
      vertex -179.55 86.4 122
      vertex -179.535 86.4 122.222
    endloop
  endfacet
  facet normal 0.997725 0 -0.0674139
    outer loop
      vertex -179.55 86.4 122
      vertex -179.535 84 122.222
      vertex -179.55 84 122
    endloop
  endfacet
  facet normal -0.0674139 0 0.997725
    outer loop
      vertex -177.85 86.4 120.3
      vertex -177.628 84 120.315
      vertex -177.628 86.4 120.315
    endloop
  endfacet
  facet normal -0.0674139 0 0.997725
    outer loop
      vertex -177.628 84 120.315
      vertex -177.85 86.4 120.3
      vertex -177.85 84 120.3
    endloop
  endfacet
  facet normal -0.750624 0 0.660729
    outer loop
      vertex -176.648 84 120.798
      vertex -176.501 86.4 120.965
      vertex -176.648 86.4 120.798
    endloop
  endfacet
  facet normal -0.750624 0 0.660729
    outer loop
      vertex -176.501 86.4 120.965
      vertex -176.648 84 120.798
      vertex -176.501 84 120.965
    endloop
  endfacet
  facet normal 0.660729 0 -0.750624
    outer loop
      vertex -179.052 84 123.202
      vertex -178.885 86.4 123.349
      vertex -178.885 84 123.349
    endloop
  endfacet
  facet normal 0.660729 0 -0.750624
    outer loop
      vertex -178.885 86.4 123.349
      vertex -179.052 84 123.202
      vertex -179.052 86.4 123.202
    endloop
  endfacet
  facet normal 0.0674139 0 0.997725
    outer loop
      vertex -178.072 86.4 120.315
      vertex -177.85 84 120.3
      vertex -177.85 86.4 120.3
    endloop
  endfacet
  facet normal 0.0674139 0 0.997725
    outer loop
      vertex -177.85 84 120.3
      vertex -178.072 86.4 120.315
      vertex -178.072 84 120.315
    endloop
  endfacet
  facet normal -0.553661 0 -0.832742
    outer loop
      vertex -177 84 123.472
      vertex -176.815 86.4 123.349
      vertex -176.815 84 123.349
    endloop
  endfacet
  facet normal -0.553661 0 -0.832742
    outer loop
      vertex -176.815 86.4 123.349
      vertex -177 84 123.472
      vertex -177 86.4 123.472
    endloop
  endfacet
  facet normal -0.750624 0 -0.660729
    outer loop
      vertex -176.501 84 123.035
      vertex -176.648 86.4 123.202
      vertex -176.501 86.4 123.035
    endloop
  endfacet
  facet normal -0.750624 -0 -0.660729
    outer loop
      vertex -176.648 86.4 123.202
      vertex -176.501 84 123.035
      vertex -176.648 84 123.202
    endloop
  endfacet
  facet normal -0.445413 0 -0.895325
    outer loop
      vertex -177.199 84 123.571
      vertex -177 86.4 123.472
      vertex -177 84 123.472
    endloop
  endfacet
  facet normal -0.445413 0 -0.895325
    outer loop
      vertex -177 86.4 123.472
      vertex -177.199 84 123.571
      vertex -177.199 86.4 123.571
    endloop
  endfacet
  facet normal 0.445413 0 -0.895325
    outer loop
      vertex -178.7 84 123.472
      vertex -178.501 86.4 123.571
      vertex -178.501 84 123.571
    endloop
  endfacet
  facet normal 0.445413 0 -0.895325
    outer loop
      vertex -178.501 86.4 123.571
      vertex -178.7 84 123.472
      vertex -178.7 86.4 123.472
    endloop
  endfacet
  facet normal 0.895325 0 -0.445413
    outer loop
      vertex -179.322 84 122.85
      vertex -179.421 86.4 122.651
      vertex -179.322 86.4 122.85
    endloop
  endfacet
  facet normal 0.895325 0 -0.445413
    outer loop
      vertex -179.421 86.4 122.651
      vertex -179.322 84 122.85
      vertex -179.421 84 122.651
    endloop
  endfacet
  facet normal 0.553661 0 -0.832742
    outer loop
      vertex -178.885 84 123.349
      vertex -178.7 86.4 123.472
      vertex -178.7 84 123.472
    endloop
  endfacet
  facet normal 0.553661 0 -0.832742
    outer loop
      vertex -178.7 86.4 123.472
      vertex -178.885 84 123.349
      vertex -178.885 86.4 123.349
    endloop
  endfacet
  facet normal -0.981097 0 0.193519
    outer loop
      vertex -188.208 84 107.56
      vertex -188.165 86.4 107.778
      vertex -188.208 86.4 107.56
    endloop
  endfacet
  facet normal -0.981097 0 0.193519
    outer loop
      vertex -188.165 86.4 107.778
      vertex -188.208 84 107.56
      vertex -188.165 84 107.778
    endloop
  endfacet
  facet normal -0.997725 0 0.0674139
    outer loop
      vertex -188.165 84 107.778
      vertex -188.15 86.4 108
      vertex -188.165 86.4 107.778
    endloop
  endfacet
  facet normal -0.997725 0 0.0674139
    outer loop
      vertex -188.15 86.4 108
      vertex -188.165 84 107.778
      vertex -188.15 84 108
    endloop
  endfacet
  facet normal 0.445413 0 0.895325
    outer loop
      vertex -190.7 86.4 106.528
      vertex -190.501 84 106.429
      vertex -190.501 86.4 106.429
    endloop
  endfacet
  facet normal 0.445413 0 0.895325
    outer loop
      vertex -190.501 84 106.429
      vertex -190.7 86.4 106.528
      vertex -190.7 84 106.528
    endloop
  endfacet
  facet normal 0.553661 0 0.832742
    outer loop
      vertex -190.885 86.4 106.651
      vertex -190.7 84 106.528
      vertex -190.7 86.4 106.528
    endloop
  endfacet
  facet normal 0.553661 0 0.832742
    outer loop
      vertex -190.7 84 106.528
      vertex -190.885 86.4 106.651
      vertex -190.885 84 106.651
    endloop
  endfacet
  facet normal -0.660729 0 -0.750624
    outer loop
      vertex -188.815 84 109.349
      vertex -188.648 86.4 109.202
      vertex -188.648 84 109.202
    endloop
  endfacet
  facet normal -0.660729 0 -0.750624
    outer loop
      vertex -188.648 86.4 109.202
      vertex -188.815 84 109.349
      vertex -188.815 86.4 109.349
    endloop
  endfacet
  facet normal -0.981097 0 -0.193519
    outer loop
      vertex -188.165 84 108.222
      vertex -188.208 86.4 108.44
      vertex -188.165 86.4 108.222
    endloop
  endfacet
  facet normal -0.981097 -0 -0.193519
    outer loop
      vertex -188.208 86.4 108.44
      vertex -188.165 84 108.222
      vertex -188.208 84 108.44
    endloop
  endfacet
  facet normal 0.947781 -0 0.318922
    outer loop
      vertex -191.492 84 107.56
      vertex -191.421 86.4 107.349
      vertex -191.492 86.4 107.56
    endloop
  endfacet
  facet normal 0.947781 0 0.318922
    outer loop
      vertex -191.421 86.4 107.349
      vertex -191.492 84 107.56
      vertex -191.421 84 107.349
    endloop
  endfacet
  facet normal 0.947781 0 -0.318922
    outer loop
      vertex -191.421 84 108.651
      vertex -191.492 86.4 108.44
      vertex -191.421 86.4 108.651
    endloop
  endfacet
  facet normal 0.947781 0 -0.318922
    outer loop
      vertex -191.492 86.4 108.44
      vertex -191.421 84 108.651
      vertex -191.492 84 108.44
    endloop
  endfacet
  facet normal 0.832742 0 -0.553661
    outer loop
      vertex -191.199 84 109.035
      vertex -191.322 86.4 108.85
      vertex -191.199 86.4 109.035
    endloop
  endfacet
  facet normal 0.832742 0 -0.553661
    outer loop
      vertex -191.322 86.4 108.85
      vertex -191.199 84 109.035
      vertex -191.322 84 108.85
    endloop
  endfacet
  facet normal -0.553661 0 0.832742
    outer loop
      vertex -189 86.4 106.528
      vertex -188.815 84 106.651
      vertex -188.815 86.4 106.651
    endloop
  endfacet
  facet normal -0.553661 0 0.832742
    outer loop
      vertex -188.815 84 106.651
      vertex -189 86.4 106.528
      vertex -189 84 106.528
    endloop
  endfacet
  facet normal -0.193519 0 0.981097
    outer loop
      vertex -189.628 86.4 106.315
      vertex -189.41 84 106.358
      vertex -189.41 86.4 106.358
    endloop
  endfacet
  facet normal -0.193519 0 0.981097
    outer loop
      vertex -189.41 84 106.358
      vertex -189.628 86.4 106.315
      vertex -189.628 84 106.315
    endloop
  endfacet
  facet normal 0.660729 0 0.750624
    outer loop
      vertex -191.052 86.4 106.798
      vertex -190.885 84 106.651
      vertex -190.885 86.4 106.651
    endloop
  endfacet
  facet normal 0.660729 0 0.750624
    outer loop
      vertex -190.885 84 106.651
      vertex -191.052 86.4 106.798
      vertex -191.052 84 106.798
    endloop
  endfacet
  facet normal -0.445413 0 0.895325
    outer loop
      vertex -189.199 86.4 106.429
      vertex -189 84 106.528
      vertex -189 86.4 106.528
    endloop
  endfacet
  facet normal -0.445413 0 0.895325
    outer loop
      vertex -189 84 106.528
      vertex -189.199 86.4 106.429
      vertex -189.199 84 106.429
    endloop
  endfacet
  facet normal 0.318922 0 -0.947781
    outer loop
      vertex -190.501 84 109.571
      vertex -190.29 86.4 109.642
      vertex -190.29 84 109.642
    endloop
  endfacet
  facet normal 0.318922 0 -0.947781
    outer loop
      vertex -190.29 86.4 109.642
      vertex -190.501 84 109.571
      vertex -190.501 86.4 109.571
    endloop
  endfacet
  facet normal -0.895325 0 -0.445413
    outer loop
      vertex -188.279 84 108.651
      vertex -188.378 86.4 108.85
      vertex -188.279 86.4 108.651
    endloop
  endfacet
  facet normal -0.895325 -0 -0.445413
    outer loop
      vertex -188.378 86.4 108.85
      vertex -188.279 84 108.651
      vertex -188.378 84 108.85
    endloop
  endfacet
  facet normal -0.832742 0 -0.553661
    outer loop
      vertex -188.378 84 108.85
      vertex -188.501 86.4 109.035
      vertex -188.378 86.4 108.85
    endloop
  endfacet
  facet normal -0.832742 -0 -0.553661
    outer loop
      vertex -188.501 86.4 109.035
      vertex -188.378 84 108.85
      vertex -188.501 84 109.035
    endloop
  endfacet
  facet normal 0.0674139 0 -0.997725
    outer loop
      vertex -190.072 84 109.685
      vertex -189.85 86.4 109.7
      vertex -189.85 84 109.7
    endloop
  endfacet
  facet normal 0.0674139 0 -0.997725
    outer loop
      vertex -189.85 86.4 109.7
      vertex -190.072 84 109.685
      vertex -190.072 86.4 109.685
    endloop
  endfacet
  facet normal -0.318922 0 -0.947781
    outer loop
      vertex -189.41 84 109.642
      vertex -189.199 86.4 109.571
      vertex -189.199 84 109.571
    endloop
  endfacet
  facet normal -0.318922 0 -0.947781
    outer loop
      vertex -189.199 86.4 109.571
      vertex -189.41 84 109.642
      vertex -189.41 86.4 109.642
    endloop
  endfacet
  facet normal -0.318922 0 0.947781
    outer loop
      vertex -189.41 86.4 106.358
      vertex -189.199 84 106.429
      vertex -189.199 86.4 106.429
    endloop
  endfacet
  facet normal -0.318922 0 0.947781
    outer loop
      vertex -189.199 84 106.429
      vertex -189.41 86.4 106.358
      vertex -189.41 84 106.358
    endloop
  endfacet
  facet normal 0.318922 0 0.947781
    outer loop
      vertex -190.501 86.4 106.429
      vertex -190.29 84 106.358
      vertex -190.29 86.4 106.358
    endloop
  endfacet
  facet normal 0.318922 0 0.947781
    outer loop
      vertex -190.29 84 106.358
      vertex -190.501 86.4 106.429
      vertex -190.501 84 106.429
    endloop
  endfacet
  facet normal 0.750624 0 -0.660729
    outer loop
      vertex -191.052 84 109.202
      vertex -191.199 86.4 109.035
      vertex -191.052 86.4 109.202
    endloop
  endfacet
  facet normal 0.750624 0 -0.660729
    outer loop
      vertex -191.199 86.4 109.035
      vertex -191.052 84 109.202
      vertex -191.199 84 109.035
    endloop
  endfacet
  facet normal 0.981097 -0 0.193519
    outer loop
      vertex -191.535 84 107.778
      vertex -191.492 86.4 107.56
      vertex -191.535 86.4 107.778
    endloop
  endfacet
  facet normal 0.981097 0 0.193519
    outer loop
      vertex -191.492 86.4 107.56
      vertex -191.535 84 107.778
      vertex -191.492 84 107.56
    endloop
  endfacet
  facet normal 0.832742 -0 0.553661
    outer loop
      vertex -191.322 84 107.15
      vertex -191.199 86.4 106.965
      vertex -191.322 86.4 107.15
    endloop
  endfacet
  facet normal 0.832742 0 0.553661
    outer loop
      vertex -191.199 86.4 106.965
      vertex -191.322 84 107.15
      vertex -191.199 84 106.965
    endloop
  endfacet
  facet normal 0.981097 0 -0.193519
    outer loop
      vertex -191.492 84 108.44
      vertex -191.535 86.4 108.222
      vertex -191.492 86.4 108.44
    endloop
  endfacet
  facet normal 0.981097 0 -0.193519
    outer loop
      vertex -191.535 86.4 108.222
      vertex -191.492 84 108.44
      vertex -191.535 84 108.222
    endloop
  endfacet
  facet normal -0.947781 0 -0.318922
    outer loop
      vertex -188.208 84 108.44
      vertex -188.279 86.4 108.651
      vertex -188.208 86.4 108.44
    endloop
  endfacet
  facet normal -0.947781 -0 -0.318922
    outer loop
      vertex -188.279 86.4 108.651
      vertex -188.208 84 108.44
      vertex -188.279 84 108.651
    endloop
  endfacet
  facet normal -0.0674139 0 -0.997725
    outer loop
      vertex -189.85 84 109.7
      vertex -189.628 86.4 109.685
      vertex -189.628 84 109.685
    endloop
  endfacet
  facet normal -0.0674139 0 -0.997725
    outer loop
      vertex -189.628 86.4 109.685
      vertex -189.85 84 109.7
      vertex -189.85 86.4 109.7
    endloop
  endfacet
  facet normal 0.750624 -0 0.660729
    outer loop
      vertex -191.199 84 106.965
      vertex -191.052 86.4 106.798
      vertex -191.199 86.4 106.965
    endloop
  endfacet
  facet normal 0.750624 0 0.660729
    outer loop
      vertex -191.052 86.4 106.798
      vertex -191.199 84 106.965
      vertex -191.052 84 106.798
    endloop
  endfacet
  facet normal -0.997725 0 -0.0674139
    outer loop
      vertex -188.15 84 108
      vertex -188.165 86.4 108.222
      vertex -188.15 86.4 108
    endloop
  endfacet
  facet normal -0.997725 -0 -0.0674139
    outer loop
      vertex -188.165 86.4 108.222
      vertex -188.15 84 108
      vertex -188.165 84 108.222
    endloop
  endfacet
  facet normal -0.660729 0 0.750624
    outer loop
      vertex -188.815 86.4 106.651
      vertex -188.648 84 106.798
      vertex -188.648 86.4 106.798
    endloop
  endfacet
  facet normal -0.660729 0 0.750624
    outer loop
      vertex -188.648 84 106.798
      vertex -188.815 86.4 106.651
      vertex -188.815 84 106.651
    endloop
  endfacet
  facet normal 0.193519 0 0.981097
    outer loop
      vertex -190.29 86.4 106.358
      vertex -190.072 84 106.315
      vertex -190.072 86.4 106.315
    endloop
  endfacet
  facet normal 0.193519 0 0.981097
    outer loop
      vertex -190.072 84 106.315
      vertex -190.29 86.4 106.358
      vertex -190.29 84 106.358
    endloop
  endfacet
  facet normal 0.997725 -0 0.0674139
    outer loop
      vertex -191.55 84 108
      vertex -191.535 86.4 107.778
      vertex -191.55 86.4 108
    endloop
  endfacet
  facet normal 0.997725 0 0.0674139
    outer loop
      vertex -191.535 86.4 107.778
      vertex -191.55 84 108
      vertex -191.535 84 107.778
    endloop
  endfacet
  facet normal -0.832742 0 0.553661
    outer loop
      vertex -188.501 84 106.965
      vertex -188.378 86.4 107.15
      vertex -188.501 86.4 106.965
    endloop
  endfacet
  facet normal -0.832742 0 0.553661
    outer loop
      vertex -188.378 86.4 107.15
      vertex -188.501 84 106.965
      vertex -188.378 84 107.15
    endloop
  endfacet
  facet normal -0.193519 0 -0.981097
    outer loop
      vertex -189.628 84 109.685
      vertex -189.41 86.4 109.642
      vertex -189.41 84 109.642
    endloop
  endfacet
  facet normal -0.193519 0 -0.981097
    outer loop
      vertex -189.41 86.4 109.642
      vertex -189.628 84 109.685
      vertex -189.628 86.4 109.685
    endloop
  endfacet
  facet normal 0.895325 -0 0.445413
    outer loop
      vertex -191.421 84 107.349
      vertex -191.322 86.4 107.15
      vertex -191.421 86.4 107.349
    endloop
  endfacet
  facet normal 0.895325 0 0.445413
    outer loop
      vertex -191.322 86.4 107.15
      vertex -191.421 84 107.349
      vertex -191.322 84 107.15
    endloop
  endfacet
  facet normal -0.895325 0 0.445413
    outer loop
      vertex -188.378 84 107.15
      vertex -188.279 86.4 107.349
      vertex -188.378 86.4 107.15
    endloop
  endfacet
  facet normal -0.895325 0 0.445413
    outer loop
      vertex -188.279 86.4 107.349
      vertex -188.378 84 107.15
      vertex -188.279 84 107.349
    endloop
  endfacet
  facet normal 0.193519 0 -0.981097
    outer loop
      vertex -190.29 84 109.642
      vertex -190.072 86.4 109.685
      vertex -190.072 84 109.685
    endloop
  endfacet
  facet normal 0.193519 0 -0.981097
    outer loop
      vertex -190.072 86.4 109.685
      vertex -190.29 84 109.642
      vertex -190.29 86.4 109.642
    endloop
  endfacet
  facet normal 0.997725 0 -0.0674139
    outer loop
      vertex -191.535 84 108.222
      vertex -191.55 86.4 108
      vertex -191.535 86.4 108.222
    endloop
  endfacet
  facet normal 0.997725 0 -0.0674139
    outer loop
      vertex -191.55 86.4 108
      vertex -191.535 84 108.222
      vertex -191.55 84 108
    endloop
  endfacet
  facet normal -0.0674139 0 0.997725
    outer loop
      vertex -189.85 86.4 106.3
      vertex -189.628 84 106.315
      vertex -189.628 86.4 106.315
    endloop
  endfacet
  facet normal -0.0674139 0 0.997725
    outer loop
      vertex -189.628 84 106.315
      vertex -189.85 86.4 106.3
      vertex -189.85 84 106.3
    endloop
  endfacet
  facet normal -0.750624 0 0.660729
    outer loop
      vertex -188.648 84 106.798
      vertex -188.501 86.4 106.965
      vertex -188.648 86.4 106.798
    endloop
  endfacet
  facet normal -0.750624 0 0.660729
    outer loop
      vertex -188.501 86.4 106.965
      vertex -188.648 84 106.798
      vertex -188.501 84 106.965
    endloop
  endfacet
  facet normal 0.660729 0 -0.750624
    outer loop
      vertex -191.052 84 109.202
      vertex -190.885 86.4 109.349
      vertex -190.885 84 109.349
    endloop
  endfacet
  facet normal 0.660729 0 -0.750624
    outer loop
      vertex -190.885 86.4 109.349
      vertex -191.052 84 109.202
      vertex -191.052 86.4 109.202
    endloop
  endfacet
  facet normal -0.947781 0 0.318922
    outer loop
      vertex -188.279 84 107.349
      vertex -188.208 86.4 107.56
      vertex -188.279 86.4 107.349
    endloop
  endfacet
  facet normal -0.947781 0 0.318922
    outer loop
      vertex -188.208 86.4 107.56
      vertex -188.279 84 107.349
      vertex -188.208 84 107.56
    endloop
  endfacet
  facet normal 0.0674139 0 0.997725
    outer loop
      vertex -190.072 86.4 106.315
      vertex -189.85 84 106.3
      vertex -189.85 86.4 106.3
    endloop
  endfacet
  facet normal 0.0674139 0 0.997725
    outer loop
      vertex -189.85 84 106.3
      vertex -190.072 86.4 106.315
      vertex -190.072 84 106.315
    endloop
  endfacet
  facet normal -0.553661 0 -0.832742
    outer loop
      vertex -189 84 109.472
      vertex -188.815 86.4 109.349
      vertex -188.815 84 109.349
    endloop
  endfacet
  facet normal -0.553661 0 -0.832742
    outer loop
      vertex -188.815 86.4 109.349
      vertex -189 84 109.472
      vertex -189 86.4 109.472
    endloop
  endfacet
  facet normal -0.750624 0 -0.660729
    outer loop
      vertex -188.501 84 109.035
      vertex -188.648 86.4 109.202
      vertex -188.501 86.4 109.035
    endloop
  endfacet
  facet normal -0.750624 -0 -0.660729
    outer loop
      vertex -188.648 86.4 109.202
      vertex -188.501 84 109.035
      vertex -188.648 84 109.202
    endloop
  endfacet
  facet normal -0.445413 0 -0.895325
    outer loop
      vertex -189.199 84 109.571
      vertex -189 86.4 109.472
      vertex -189 84 109.472
    endloop
  endfacet
  facet normal -0.445413 0 -0.895325
    outer loop
      vertex -189 86.4 109.472
      vertex -189.199 84 109.571
      vertex -189.199 86.4 109.571
    endloop
  endfacet
  facet normal 0.445413 0 -0.895325
    outer loop
      vertex -190.7 84 109.472
      vertex -190.501 86.4 109.571
      vertex -190.501 84 109.571
    endloop
  endfacet
  facet normal 0.445413 0 -0.895325
    outer loop
      vertex -190.501 86.4 109.571
      vertex -190.7 84 109.472
      vertex -190.7 86.4 109.472
    endloop
  endfacet
  facet normal 0.895325 0 -0.445413
    outer loop
      vertex -191.322 84 108.85
      vertex -191.421 86.4 108.651
      vertex -191.322 86.4 108.85
    endloop
  endfacet
  facet normal 0.895325 0 -0.445413
    outer loop
      vertex -191.421 86.4 108.651
      vertex -191.322 84 108.85
      vertex -191.421 84 108.651
    endloop
  endfacet
  facet normal 0.553661 0 -0.832742
    outer loop
      vertex -190.885 84 109.349
      vertex -190.7 86.4 109.472
      vertex -190.7 84 109.472
    endloop
  endfacet
  facet normal 0.553661 0 -0.832742
    outer loop
      vertex -190.7 86.4 109.472
      vertex -190.885 84 109.349
      vertex -190.885 86.4 109.349
    endloop
  endfacet
  facet normal -0.981097 0 0.193519
    outer loop
      vertex -188.208 84 121.56
      vertex -188.165 86.4 121.778
      vertex -188.208 86.4 121.56
    endloop
  endfacet
  facet normal -0.981097 0 0.193519
    outer loop
      vertex -188.165 86.4 121.778
      vertex -188.208 84 121.56
      vertex -188.165 84 121.778
    endloop
  endfacet
  facet normal -0.997725 0 0.0674139
    outer loop
      vertex -188.165 84 121.778
      vertex -188.15 86.4 122
      vertex -188.165 86.4 121.778
    endloop
  endfacet
  facet normal -0.997725 0 0.0674139
    outer loop
      vertex -188.15 86.4 122
      vertex -188.165 84 121.778
      vertex -188.15 84 122
    endloop
  endfacet
  facet normal 0.445413 0 0.895325
    outer loop
      vertex -190.7 86.4 120.528
      vertex -190.501 84 120.429
      vertex -190.501 86.4 120.429
    endloop
  endfacet
  facet normal 0.445413 0 0.895325
    outer loop
      vertex -190.501 84 120.429
      vertex -190.7 86.4 120.528
      vertex -190.7 84 120.528
    endloop
  endfacet
  facet normal 0.553661 0 0.832742
    outer loop
      vertex -190.885 86.4 120.651
      vertex -190.7 84 120.528
      vertex -190.7 86.4 120.528
    endloop
  endfacet
  facet normal 0.553661 0 0.832742
    outer loop
      vertex -190.7 84 120.528
      vertex -190.885 86.4 120.651
      vertex -190.885 84 120.651
    endloop
  endfacet
  facet normal -0.660729 0 -0.750624
    outer loop
      vertex -188.815 84 123.349
      vertex -188.648 86.4 123.202
      vertex -188.648 84 123.202
    endloop
  endfacet
  facet normal -0.660729 0 -0.750624
    outer loop
      vertex -188.648 86.4 123.202
      vertex -188.815 84 123.349
      vertex -188.815 86.4 123.349
    endloop
  endfacet
  facet normal -0.981097 0 -0.193519
    outer loop
      vertex -188.165 84 122.222
      vertex -188.208 86.4 122.44
      vertex -188.165 86.4 122.222
    endloop
  endfacet
  facet normal -0.981097 -0 -0.193519
    outer loop
      vertex -188.208 86.4 122.44
      vertex -188.165 84 122.222
      vertex -188.208 84 122.44
    endloop
  endfacet
  facet normal 0.947781 -0 0.318922
    outer loop
      vertex -191.492 84 121.56
      vertex -191.421 86.4 121.349
      vertex -191.492 86.4 121.56
    endloop
  endfacet
  facet normal 0.947781 0 0.318922
    outer loop
      vertex -191.421 86.4 121.349
      vertex -191.492 84 121.56
      vertex -191.421 84 121.349
    endloop
  endfacet
  facet normal 0.947781 0 -0.318922
    outer loop
      vertex -191.421 84 122.651
      vertex -191.492 86.4 122.44
      vertex -191.421 86.4 122.651
    endloop
  endfacet
  facet normal 0.947781 0 -0.318922
    outer loop
      vertex -191.492 86.4 122.44
      vertex -191.421 84 122.651
      vertex -191.492 84 122.44
    endloop
  endfacet
  facet normal 0.832742 0 -0.553661
    outer loop
      vertex -191.199 84 123.035
      vertex -191.322 86.4 122.85
      vertex -191.199 86.4 123.035
    endloop
  endfacet
  facet normal 0.832742 0 -0.553661
    outer loop
      vertex -191.322 86.4 122.85
      vertex -191.199 84 123.035
      vertex -191.322 84 122.85
    endloop
  endfacet
  facet normal -0.553661 0 0.832742
    outer loop
      vertex -189 86.4 120.528
      vertex -188.815 84 120.651
      vertex -188.815 86.4 120.651
    endloop
  endfacet
  facet normal -0.553661 0 0.832742
    outer loop
      vertex -188.815 84 120.651
      vertex -189 86.4 120.528
      vertex -189 84 120.528
    endloop
  endfacet
  facet normal -0.193519 0 0.981097
    outer loop
      vertex -189.628 86.4 120.315
      vertex -189.41 84 120.358
      vertex -189.41 86.4 120.358
    endloop
  endfacet
  facet normal -0.193519 0 0.981097
    outer loop
      vertex -189.41 84 120.358
      vertex -189.628 86.4 120.315
      vertex -189.628 84 120.315
    endloop
  endfacet
  facet normal 0.660729 0 0.750624
    outer loop
      vertex -191.052 86.4 120.798
      vertex -190.885 84 120.651
      vertex -190.885 86.4 120.651
    endloop
  endfacet
  facet normal 0.660729 0 0.750624
    outer loop
      vertex -190.885 84 120.651
      vertex -191.052 86.4 120.798
      vertex -191.052 84 120.798
    endloop
  endfacet
  facet normal -0.445413 0 0.895325
    outer loop
      vertex -189.199 86.4 120.429
      vertex -189 84 120.528
      vertex -189 86.4 120.528
    endloop
  endfacet
  facet normal -0.445413 0 0.895325
    outer loop
      vertex -189 84 120.528
      vertex -189.199 86.4 120.429
      vertex -189.199 84 120.429
    endloop
  endfacet
  facet normal 0.318922 0 -0.947781
    outer loop
      vertex -190.501 84 123.571
      vertex -190.29 86.4 123.642
      vertex -190.29 84 123.642
    endloop
  endfacet
  facet normal 0.318922 0 -0.947781
    outer loop
      vertex -190.29 86.4 123.642
      vertex -190.501 84 123.571
      vertex -190.501 86.4 123.571
    endloop
  endfacet
  facet normal -0.895325 0 -0.445413
    outer loop
      vertex -188.279 84 122.651
      vertex -188.378 86.4 122.85
      vertex -188.279 86.4 122.651
    endloop
  endfacet
  facet normal -0.895325 -0 -0.445413
    outer loop
      vertex -188.378 86.4 122.85
      vertex -188.279 84 122.651
      vertex -188.378 84 122.85
    endloop
  endfacet
  facet normal -0.832742 0 -0.553661
    outer loop
      vertex -188.378 84 122.85
      vertex -188.501 86.4 123.035
      vertex -188.378 86.4 122.85
    endloop
  endfacet
  facet normal -0.832742 -0 -0.553661
    outer loop
      vertex -188.501 86.4 123.035
      vertex -188.378 84 122.85
      vertex -188.501 84 123.035
    endloop
  endfacet
  facet normal 0.0674139 0 -0.997725
    outer loop
      vertex -190.072 84 123.685
      vertex -189.85 86.4 123.7
      vertex -189.85 84 123.7
    endloop
  endfacet
  facet normal 0.0674139 0 -0.997725
    outer loop
      vertex -189.85 86.4 123.7
      vertex -190.072 84 123.685
      vertex -190.072 86.4 123.685
    endloop
  endfacet
  facet normal -0.318922 0 -0.947781
    outer loop
      vertex -189.41 84 123.642
      vertex -189.199 86.4 123.571
      vertex -189.199 84 123.571
    endloop
  endfacet
  facet normal -0.318922 0 -0.947781
    outer loop
      vertex -189.199 86.4 123.571
      vertex -189.41 84 123.642
      vertex -189.41 86.4 123.642
    endloop
  endfacet
  facet normal -0.318922 0 0.947781
    outer loop
      vertex -189.41 86.4 120.358
      vertex -189.199 84 120.429
      vertex -189.199 86.4 120.429
    endloop
  endfacet
  facet normal -0.318922 0 0.947781
    outer loop
      vertex -189.199 84 120.429
      vertex -189.41 86.4 120.358
      vertex -189.41 84 120.358
    endloop
  endfacet
  facet normal 0.318922 0 0.947781
    outer loop
      vertex -190.501 86.4 120.429
      vertex -190.29 84 120.358
      vertex -190.29 86.4 120.358
    endloop
  endfacet
  facet normal 0.318922 0 0.947781
    outer loop
      vertex -190.29 84 120.358
      vertex -190.501 86.4 120.429
      vertex -190.501 84 120.429
    endloop
  endfacet
  facet normal 0.750624 0 -0.660729
    outer loop
      vertex -191.052 84 123.202
      vertex -191.199 86.4 123.035
      vertex -191.052 86.4 123.202
    endloop
  endfacet
  facet normal 0.750624 0 -0.660729
    outer loop
      vertex -191.199 86.4 123.035
      vertex -191.052 84 123.202
      vertex -191.199 84 123.035
    endloop
  endfacet
  facet normal 0.981097 -0 0.193519
    outer loop
      vertex -191.535 84 121.778
      vertex -191.492 86.4 121.56
      vertex -191.535 86.4 121.778
    endloop
  endfacet
  facet normal 0.981097 0 0.193519
    outer loop
      vertex -191.492 86.4 121.56
      vertex -191.535 84 121.778
      vertex -191.492 84 121.56
    endloop
  endfacet
  facet normal 0.832742 -0 0.553661
    outer loop
      vertex -191.322 84 121.15
      vertex -191.199 86.4 120.965
      vertex -191.322 86.4 121.15
    endloop
  endfacet
  facet normal 0.832742 0 0.553661
    outer loop
      vertex -191.199 86.4 120.965
      vertex -191.322 84 121.15
      vertex -191.199 84 120.965
    endloop
  endfacet
  facet normal 0.981097 0 -0.193519
    outer loop
      vertex -191.492 84 122.44
      vertex -191.535 86.4 122.222
      vertex -191.492 86.4 122.44
    endloop
  endfacet
  facet normal 0.981097 0 -0.193519
    outer loop
      vertex -191.535 86.4 122.222
      vertex -191.492 84 122.44
      vertex -191.535 84 122.222
    endloop
  endfacet
  facet normal -0.947781 0 -0.318922
    outer loop
      vertex -188.208 84 122.44
      vertex -188.279 86.4 122.651
      vertex -188.208 86.4 122.44
    endloop
  endfacet
  facet normal -0.947781 -0 -0.318922
    outer loop
      vertex -188.279 86.4 122.651
      vertex -188.208 84 122.44
      vertex -188.279 84 122.651
    endloop
  endfacet
  facet normal -0.0674139 0 -0.997725
    outer loop
      vertex -189.85 84 123.7
      vertex -189.628 86.4 123.685
      vertex -189.628 84 123.685
    endloop
  endfacet
  facet normal -0.0674139 0 -0.997725
    outer loop
      vertex -189.628 86.4 123.685
      vertex -189.85 84 123.7
      vertex -189.85 86.4 123.7
    endloop
  endfacet
  facet normal 0.750624 -0 0.660729
    outer loop
      vertex -191.199 84 120.965
      vertex -191.052 86.4 120.798
      vertex -191.199 86.4 120.965
    endloop
  endfacet
  facet normal 0.750624 0 0.660729
    outer loop
      vertex -191.052 86.4 120.798
      vertex -191.199 84 120.965
      vertex -191.052 84 120.798
    endloop
  endfacet
  facet normal -0.997725 0 -0.0674139
    outer loop
      vertex -188.15 84 122
      vertex -188.165 86.4 122.222
      vertex -188.15 86.4 122
    endloop
  endfacet
  facet normal -0.997725 -0 -0.0674139
    outer loop
      vertex -188.165 86.4 122.222
      vertex -188.15 84 122
      vertex -188.165 84 122.222
    endloop
  endfacet
  facet normal -0.660729 0 0.750624
    outer loop
      vertex -188.815 86.4 120.651
      vertex -188.648 84 120.798
      vertex -188.648 86.4 120.798
    endloop
  endfacet
  facet normal -0.660729 0 0.750624
    outer loop
      vertex -188.648 84 120.798
      vertex -188.815 86.4 120.651
      vertex -188.815 84 120.651
    endloop
  endfacet
  facet normal 0.193519 0 0.981097
    outer loop
      vertex -190.29 86.4 120.358
      vertex -190.072 84 120.315
      vertex -190.072 86.4 120.315
    endloop
  endfacet
  facet normal 0.193519 0 0.981097
    outer loop
      vertex -190.072 84 120.315
      vertex -190.29 86.4 120.358
      vertex -190.29 84 120.358
    endloop
  endfacet
  facet normal -0.947781 0 0.318922
    outer loop
      vertex -188.279 84 121.349
      vertex -188.208 86.4 121.56
      vertex -188.279 86.4 121.349
    endloop
  endfacet
  facet normal -0.947781 0 0.318922
    outer loop
      vertex -188.208 86.4 121.56
      vertex -188.279 84 121.349
      vertex -188.208 84 121.56
    endloop
  endfacet
  facet normal 0.997725 -0 0.0674139
    outer loop
      vertex -191.55 84 122
      vertex -191.535 86.4 121.778
      vertex -191.55 86.4 122
    endloop
  endfacet
  facet normal 0.997725 0 0.0674139
    outer loop
      vertex -191.535 86.4 121.778
      vertex -191.55 84 122
      vertex -191.535 84 121.778
    endloop
  endfacet
  facet normal -0.832742 0 0.553661
    outer loop
      vertex -188.501 84 120.965
      vertex -188.378 86.4 121.15
      vertex -188.501 86.4 120.965
    endloop
  endfacet
  facet normal -0.832742 0 0.553661
    outer loop
      vertex -188.378 86.4 121.15
      vertex -188.501 84 120.965
      vertex -188.378 84 121.15
    endloop
  endfacet
  facet normal -0.193519 0 -0.981097
    outer loop
      vertex -189.628 84 123.685
      vertex -189.41 86.4 123.642
      vertex -189.41 84 123.642
    endloop
  endfacet
  facet normal -0.193519 0 -0.981097
    outer loop
      vertex -189.41 86.4 123.642
      vertex -189.628 84 123.685
      vertex -189.628 86.4 123.685
    endloop
  endfacet
  facet normal 0.895325 -0 0.445413
    outer loop
      vertex -191.421 84 121.349
      vertex -191.322 86.4 121.15
      vertex -191.421 86.4 121.349
    endloop
  endfacet
  facet normal 0.895325 0 0.445413
    outer loop
      vertex -191.322 86.4 121.15
      vertex -191.421 84 121.349
      vertex -191.322 84 121.15
    endloop
  endfacet
  facet normal -0.895325 0 0.445413
    outer loop
      vertex -188.378 84 121.15
      vertex -188.279 86.4 121.349
      vertex -188.378 86.4 121.15
    endloop
  endfacet
  facet normal -0.895325 0 0.445413
    outer loop
      vertex -188.279 86.4 121.349
      vertex -188.378 84 121.15
      vertex -188.279 84 121.349
    endloop
  endfacet
  facet normal 0.193519 0 -0.981097
    outer loop
      vertex -190.29 84 123.642
      vertex -190.072 86.4 123.685
      vertex -190.072 84 123.685
    endloop
  endfacet
  facet normal 0.193519 0 -0.981097
    outer loop
      vertex -190.072 86.4 123.685
      vertex -190.29 84 123.642
      vertex -190.29 86.4 123.642
    endloop
  endfacet
  facet normal 0.895325 0 -0.445413
    outer loop
      vertex -191.322 84 122.85
      vertex -191.421 86.4 122.651
      vertex -191.322 86.4 122.85
    endloop
  endfacet
  facet normal 0.895325 0 -0.445413
    outer loop
      vertex -191.421 86.4 122.651
      vertex -191.322 84 122.85
      vertex -191.421 84 122.651
    endloop
  endfacet
  facet normal 0.997725 0 -0.0674139
    outer loop
      vertex -191.535 84 122.222
      vertex -191.55 86.4 122
      vertex -191.535 86.4 122.222
    endloop
  endfacet
  facet normal 0.997725 0 -0.0674139
    outer loop
      vertex -191.55 86.4 122
      vertex -191.535 84 122.222
      vertex -191.55 84 122
    endloop
  endfacet
  facet normal -0.0674139 0 0.997725
    outer loop
      vertex -189.85 86.4 120.3
      vertex -189.628 84 120.315
      vertex -189.628 86.4 120.315
    endloop
  endfacet
  facet normal -0.0674139 0 0.997725
    outer loop
      vertex -189.628 84 120.315
      vertex -189.85 86.4 120.3
      vertex -189.85 84 120.3
    endloop
  endfacet
  facet normal -0.750624 0 0.660729
    outer loop
      vertex -188.648 84 120.798
      vertex -188.501 86.4 120.965
      vertex -188.648 86.4 120.798
    endloop
  endfacet
  facet normal -0.750624 0 0.660729
    outer loop
      vertex -188.501 86.4 120.965
      vertex -188.648 84 120.798
      vertex -188.501 84 120.965
    endloop
  endfacet
  facet normal 0.660729 0 -0.750624
    outer loop
      vertex -191.052 84 123.202
      vertex -190.885 86.4 123.349
      vertex -190.885 84 123.349
    endloop
  endfacet
  facet normal 0.660729 0 -0.750624
    outer loop
      vertex -190.885 86.4 123.349
      vertex -191.052 84 123.202
      vertex -191.052 86.4 123.202
    endloop
  endfacet
  facet normal 0.0674139 0 0.997725
    outer loop
      vertex -190.072 86.4 120.315
      vertex -189.85 84 120.3
      vertex -189.85 86.4 120.3
    endloop
  endfacet
  facet normal 0.0674139 0 0.997725
    outer loop
      vertex -189.85 84 120.3
      vertex -190.072 86.4 120.315
      vertex -190.072 84 120.315
    endloop
  endfacet
  facet normal -0.553661 0 -0.832742
    outer loop
      vertex -189 84 123.472
      vertex -188.815 86.4 123.349
      vertex -188.815 84 123.349
    endloop
  endfacet
  facet normal -0.553661 0 -0.832742
    outer loop
      vertex -188.815 86.4 123.349
      vertex -189 84 123.472
      vertex -189 86.4 123.472
    endloop
  endfacet
  facet normal -0.750624 0 -0.660729
    outer loop
      vertex -188.501 84 123.035
      vertex -188.648 86.4 123.202
      vertex -188.501 86.4 123.035
    endloop
  endfacet
  facet normal -0.750624 -0 -0.660729
    outer loop
      vertex -188.648 86.4 123.202
      vertex -188.501 84 123.035
      vertex -188.648 84 123.202
    endloop
  endfacet
  facet normal -0.445413 0 -0.895325
    outer loop
      vertex -189.199 84 123.571
      vertex -189 86.4 123.472
      vertex -189 84 123.472
    endloop
  endfacet
  facet normal -0.445413 0 -0.895325
    outer loop
      vertex -189 86.4 123.472
      vertex -189.199 84 123.571
      vertex -189.199 86.4 123.571
    endloop
  endfacet
  facet normal 0.445413 0 -0.895325
    outer loop
      vertex -190.7 84 123.472
      vertex -190.501 86.4 123.571
      vertex -190.501 84 123.571
    endloop
  endfacet
  facet normal 0.445413 0 -0.895325
    outer loop
      vertex -190.501 86.4 123.571
      vertex -190.7 84 123.472
      vertex -190.7 86.4 123.472
    endloop
  endfacet
  facet normal 0.553661 0 -0.832742
    outer loop
      vertex -190.885 84 123.349
      vertex -190.7 86.4 123.472
      vertex -190.7 84 123.472
    endloop
  endfacet
  facet normal 0.553661 0 -0.832742
    outer loop
      vertex -190.7 86.4 123.472
      vertex -190.885 84 123.349
      vertex -190.885 86.4 123.349
    endloop
  endfacet
  facet normal 0 0 -1
    outer loop
      vertex -194.85 84 100
      vertex -176.85 86.4 100
      vertex -176.85 84 100
    endloop
  endfacet
  facet normal -0 0 -1
    outer loop
      vertex -176.85 86.4 100
      vertex -194.85 84 100
      vertex -194.85 86.4 100
    endloop
  endfacet
  facet normal 0 0 -1
    outer loop
      vertex -162.85 84 100
      vertex -144.85 86.4 100
      vertex -144.85 84 100
    endloop
  endfacet
  facet normal -0 0 -1
    outer loop
      vertex -144.85 86.4 100
      vertex -162.85 84 100
      vertex -162.85 86.4 100
    endloop
  endfacet
  facet normal 0 -1 0
    outer loop
      vertex -161 84 109.472
      vertex -161 84 120.528
      vertex -161.199 84 109.571
    endloop
  endfacet
  facet normal 0 -1 0
    outer loop
      vertex -150.885 84 120.651
      vertex -150.072 84 109.685
      vertex -149.85 84 109.7
    endloop
  endfacet
  facet normal 0 -1 0
    outer loop
      vertex -161 84 120.528
      vertex -161 84 109.472
      vertex -160.815 84 120.651
    endloop
  endfacet
  facet normal 0 -1 0
    outer loop
      vertex -150.885 84 120.651
      vertex -150.29 84 109.642
      vertex -150.072 84 109.685
    endloop
  endfacet
  facet normal 0 -1 0
    outer loop
      vertex -160.815 84 109.349
      vertex -160.815 84 120.651
      vertex -161 84 109.472
    endloop
  endfacet
  facet normal 0 -1 0
    outer loop
      vertex -150.885 84 120.651
      vertex -150.501 84 109.571
      vertex -150.29 84 109.642
    endloop
  endfacet
  facet normal 0 -1 0
    outer loop
      vertex -160.815 84 120.651
      vertex -160.815 84 109.349
      vertex -150.885 84 120.651
    endloop
  endfacet
  facet normal 0 -1 0
    outer loop
      vertex -150.885 84 120.651
      vertex -150.7 84 109.472
      vertex -150.501 84 109.571
    endloop
  endfacet
  facet normal 0 -1 0
    outer loop
      vertex -150.885 84 109.349
      vertex -150.885 84 120.651
      vertex -160.815 84 109.349
    endloop
  endfacet
  facet normal 0 -1 0
    outer loop
      vertex -150.885 84 120.651
      vertex -150.885 84 109.349
      vertex -150.7 84 109.472
    endloop
  endfacet
  facet normal 0 -1 0
    outer loop
      vertex -160.648 84 109.202
      vertex -150.885 84 109.349
      vertex -160.815 84 109.349
    endloop
  endfacet
  facet normal 0 -1 0
    outer loop
      vertex -160.648 84 109.202
      vertex -151.052 84 109.202
      vertex -150.885 84 109.349
    endloop
  endfacet
  facet normal 0 -1 0
    outer loop
      vertex -160.501 84 109.035
      vertex -151.052 84 109.202
      vertex -160.648 84 109.202
    endloop
  endfacet
  facet normal 0 -1 0
    outer loop
      vertex -160.501 84 109.035
      vertex -151.199 84 109.035
      vertex -151.052 84 109.202
    endloop
  endfacet
  facet normal 0 -1 0
    outer loop
      vertex -160.378 84 108.85
      vertex -151.199 84 109.035
      vertex -160.501 84 109.035
    endloop
  endfacet
  facet normal 0 -1 0
    outer loop
      vertex -160.378 84 108.85
      vertex -151.322 84 108.85
      vertex -151.199 84 109.035
    endloop
  endfacet
  facet normal 0 -1 0
    outer loop
      vertex -160.279 84 108.651
      vertex -151.322 84 108.85
      vertex -160.378 84 108.85
    endloop
  endfacet
  facet normal 0 -1 0
    outer loop
      vertex -160.279 84 108.651
      vertex -151.421 84 108.651
      vertex -151.322 84 108.85
    endloop
  endfacet
  facet normal 0 -1 0
    outer loop
      vertex -160.208 84 108.44
      vertex -151.421 84 108.651
      vertex -160.279 84 108.651
    endloop
  endfacet
  facet normal 0 -1 0
    outer loop
      vertex -160.208 84 108.44
      vertex -151.492 84 108.44
      vertex -151.421 84 108.651
    endloop
  endfacet
  facet normal 0 -1 0
    outer loop
      vertex -160.165 84 108.222
      vertex -151.492 84 108.44
      vertex -160.208 84 108.44
    endloop
  endfacet
  facet normal 0 -1 0
    outer loop
      vertex -160.165 84 108.222
      vertex -151.535 84 108.222
      vertex -151.492 84 108.44
    endloop
  endfacet
  facet normal 0 -1 0
    outer loop
      vertex -160.15 84 108
      vertex -151.535 84 108.222
      vertex -160.165 84 108.222
    endloop
  endfacet
  facet normal 0 -1 0
    outer loop
      vertex -160.15 84 108
      vertex -151.55 84 108
      vertex -151.535 84 108.222
    endloop
  endfacet
  facet normal 0 -1 0
    outer loop
      vertex -160.165 84 107.778
      vertex -151.55 84 108
      vertex -160.15 84 108
    endloop
  endfacet
  facet normal 0 -1 0
    outer loop
      vertex -160.165 84 107.778
      vertex -151.535 84 107.778
      vertex -151.55 84 108
    endloop
  endfacet
  facet normal 0 -1 0
    outer loop
      vertex -160.208 84 107.56
      vertex -151.535 84 107.778
      vertex -160.165 84 107.778
    endloop
  endfacet
  facet normal 0 -1 0
    outer loop
      vertex -160.208 84 107.56
      vertex -151.492 84 107.56
      vertex -151.535 84 107.778
    endloop
  endfacet
  facet normal 0 -1 0
    outer loop
      vertex -160.279 84 107.349
      vertex -151.492 84 107.56
      vertex -160.208 84 107.56
    endloop
  endfacet
  facet normal 0 -1 0
    outer loop
      vertex -160.279 84 107.349
      vertex -151.421 84 107.349
      vertex -151.492 84 107.56
    endloop
  endfacet
  facet normal 0 -1 0
    outer loop
      vertex -160.378 84 107.15
      vertex -151.421 84 107.349
      vertex -160.279 84 107.349
    endloop
  endfacet
  facet normal 0 -1 0
    outer loop
      vertex -160.378 84 107.15
      vertex -151.322 84 107.15
      vertex -151.421 84 107.349
    endloop
  endfacet
  facet normal 0 -1 0
    outer loop
      vertex -160.501 84 106.965
      vertex -151.322 84 107.15
      vertex -160.378 84 107.15
    endloop
  endfacet
  facet normal 0 -1 0
    outer loop
      vertex -160.501 84 106.965
      vertex -151.199 84 106.965
      vertex -151.322 84 107.15
    endloop
  endfacet
  facet normal 0 -1 0
    outer loop
      vertex -160.648 84 106.798
      vertex -151.199 84 106.965
      vertex -160.501 84 106.965
    endloop
  endfacet
  facet normal 0 -1 0
    outer loop
      vertex -160.648 84 106.798
      vertex -151.052 84 106.798
      vertex -151.199 84 106.965
    endloop
  endfacet
  facet normal 0 -1 0
    outer loop
      vertex -162.85 84 100
      vertex -160.648 84 106.798
      vertex -160.815 84 106.651
    endloop
  endfacet
  facet normal 0 -1 -0
    outer loop
      vertex -160.648 84 106.798
      vertex -162.85 84 100
      vertex -151.052 84 106.798
    endloop
  endfacet
  facet normal 0 -1 0
    outer loop
      vertex -162.85 84 100
      vertex -160.815 84 106.651
      vertex -161 84 106.528
    endloop
  endfacet
  facet normal 0 -1 -0
    outer loop
      vertex -151.052 84 106.798
      vertex -162.85 84 100
      vertex -150.885 84 106.651
    endloop
  endfacet
  facet normal 0 -1 0
    outer loop
      vertex -162.85 84 100
      vertex -161 84 106.528
      vertex -161.199 84 106.429
    endloop
  endfacet
  facet normal 0 -1 -0
    outer loop
      vertex -150.885 84 106.651
      vertex -162.85 84 100
      vertex -150.7 84 106.528
    endloop
  endfacet
  facet normal 0 -1 0
    outer loop
      vertex -162.85 84 100
      vertex -161.199 84 106.429
      vertex -161.41 84 106.358
    endloop
  endfacet
  facet normal 0 -1 -0
    outer loop
      vertex -150.7 84 106.528
      vertex -162.85 84 100
      vertex -150.501 84 106.429
    endloop
  endfacet
  facet normal 0 -1 0
    outer loop
      vertex -162.85 84 100
      vertex -161.41 84 106.358
      vertex -161.628 84 106.315
    endloop
  endfacet
  facet normal 0 -1 0
    outer loop
      vertex -144.85 84 100
      vertex -150.501 84 106.429
      vertex -162.85 84 100
    endloop
  endfacet
  facet normal 0 -1 0
    outer loop
      vertex -162.85 84 100
      vertex -161.628 84 106.315
      vertex -161.85 84 106.3
    endloop
  endfacet
  facet normal 0 -1 0
    outer loop
      vertex -150.501 84 106.429
      vertex -144.85 84 100
      vertex -150.29 84 106.358
    endloop
  endfacet
  facet normal 0 -1 0
    outer loop
      vertex -162.85 84 110
      vertex -162.072 84 109.685
      vertex -161.85 84 109.7
    endloop
  endfacet
  facet normal 0 -1 0
    outer loop
      vertex -162.85 84 110
      vertex -162.29 84 109.642
      vertex -162.072 84 109.685
    endloop
  endfacet
  facet normal 0 -1 0
    outer loop
      vertex -162.85 84 110
      vertex -162.501 84 109.571
      vertex -162.29 84 109.642
    endloop
  endfacet
  facet normal 0 -1 0
    outer loop
      vertex -162.85 84 110
      vertex -162.7 84 109.472
      vertex -162.501 84 109.571
    endloop
  endfacet
  facet normal -0 -1 0
    outer loop
      vertex -162.7 84 109.472
      vertex -162.85 84 110
      vertex -162.85 84 109.372
    endloop
  endfacet
  facet normal 0 -1 0
    outer loop
      vertex -189 84 109.472
      vertex -189 84 120.528
      vertex -189.199 84 109.571
    endloop
  endfacet
  facet normal 0 -1 0
    outer loop
      vertex -178.885 84 120.651
      vertex -178.072 84 109.685
      vertex -177.85 84 109.7
    endloop
  endfacet
  facet normal 0 -1 0
    outer loop
      vertex -189 84 120.528
      vertex -189 84 109.472
      vertex -188.815 84 120.651
    endloop
  endfacet
  facet normal 0 -1 0
    outer loop
      vertex -178.885 84 120.651
      vertex -178.29 84 109.642
      vertex -178.072 84 109.685
    endloop
  endfacet
  facet normal 0 -1 0
    outer loop
      vertex -188.815 84 109.349
      vertex -188.815 84 120.651
      vertex -189 84 109.472
    endloop
  endfacet
  facet normal 0 -1 0
    outer loop
      vertex -178.885 84 120.651
      vertex -178.501 84 109.571
      vertex -178.29 84 109.642
    endloop
  endfacet
  facet normal 0 -1 0
    outer loop
      vertex -188.815 84 120.651
      vertex -188.815 84 109.349
      vertex -178.885 84 120.651
    endloop
  endfacet
  facet normal 0 -1 0
    outer loop
      vertex -178.885 84 120.651
      vertex -178.7 84 109.472
      vertex -178.501 84 109.571
    endloop
  endfacet
  facet normal 0 -1 0
    outer loop
      vertex -178.885 84 109.349
      vertex -178.885 84 120.651
      vertex -188.815 84 109.349
    endloop
  endfacet
  facet normal 0 -1 0
    outer loop
      vertex -178.885 84 120.651
      vertex -178.885 84 109.349
      vertex -178.7 84 109.472
    endloop
  endfacet
  facet normal 0 -1 0
    outer loop
      vertex -188.648 84 109.202
      vertex -178.885 84 109.349
      vertex -188.815 84 109.349
    endloop
  endfacet
  facet normal 0 -1 0
    outer loop
      vertex -188.648 84 109.202
      vertex -179.052 84 109.202
      vertex -178.885 84 109.349
    endloop
  endfacet
  facet normal 0 -1 0
    outer loop
      vertex -188.501 84 109.035
      vertex -179.052 84 109.202
      vertex -188.648 84 109.202
    endloop
  endfacet
  facet normal 0 -1 0
    outer loop
      vertex -188.501 84 109.035
      vertex -179.199 84 109.035
      vertex -179.052 84 109.202
    endloop
  endfacet
  facet normal 0 -1 0
    outer loop
      vertex -188.378 84 108.85
      vertex -179.199 84 109.035
      vertex -188.501 84 109.035
    endloop
  endfacet
  facet normal 0 -1 0
    outer loop
      vertex -188.378 84 108.85
      vertex -179.322 84 108.85
      vertex -179.199 84 109.035
    endloop
  endfacet
  facet normal 0 -1 0
    outer loop
      vertex -188.279 84 108.651
      vertex -179.322 84 108.85
      vertex -188.378 84 108.85
    endloop
  endfacet
  facet normal 0 -1 0
    outer loop
      vertex -188.279 84 108.651
      vertex -179.421 84 108.651
      vertex -179.322 84 108.85
    endloop
  endfacet
  facet normal 0 -1 0
    outer loop
      vertex -188.208 84 108.44
      vertex -179.421 84 108.651
      vertex -188.279 84 108.651
    endloop
  endfacet
  facet normal 0 -1 0
    outer loop
      vertex -188.208 84 108.44
      vertex -179.492 84 108.44
      vertex -179.421 84 108.651
    endloop
  endfacet
  facet normal 0 -1 0
    outer loop
      vertex -188.165 84 108.222
      vertex -179.492 84 108.44
      vertex -188.208 84 108.44
    endloop
  endfacet
  facet normal 0 -1 0
    outer loop
      vertex -188.165 84 108.222
      vertex -179.535 84 108.222
      vertex -179.492 84 108.44
    endloop
  endfacet
  facet normal 0 -1 0
    outer loop
      vertex -188.15 84 108
      vertex -179.535 84 108.222
      vertex -188.165 84 108.222
    endloop
  endfacet
  facet normal 0 -1 0
    outer loop
      vertex -188.15 84 108
      vertex -179.55 84 108
      vertex -179.535 84 108.222
    endloop
  endfacet
  facet normal 0 -1 0
    outer loop
      vertex -188.165 84 107.778
      vertex -179.55 84 108
      vertex -188.15 84 108
    endloop
  endfacet
  facet normal 0 -1 0
    outer loop
      vertex -188.165 84 107.778
      vertex -179.535 84 107.778
      vertex -179.55 84 108
    endloop
  endfacet
  facet normal 0 -1 0
    outer loop
      vertex -188.208 84 107.56
      vertex -179.535 84 107.778
      vertex -188.165 84 107.778
    endloop
  endfacet
  facet normal 0 -1 0
    outer loop
      vertex -188.208 84 107.56
      vertex -179.492 84 107.56
      vertex -179.535 84 107.778
    endloop
  endfacet
  facet normal 0 -1 0
    outer loop
      vertex -188.279 84 107.349
      vertex -179.492 84 107.56
      vertex -188.208 84 107.56
    endloop
  endfacet
  facet normal 0 -1 0
    outer loop
      vertex -188.279 84 107.349
      vertex -179.421 84 107.349
      vertex -179.492 84 107.56
    endloop
  endfacet
  facet normal 0 -1 0
    outer loop
      vertex -188.378 84 107.15
      vertex -179.421 84 107.349
      vertex -188.279 84 107.349
    endloop
  endfacet
  facet normal 0 -1 0
    outer loop
      vertex -188.378 84 107.15
      vertex -179.322 84 107.15
      vertex -179.421 84 107.349
    endloop
  endfacet
  facet normal 0 -1 0
    outer loop
      vertex -188.501 84 106.965
      vertex -179.322 84 107.15
      vertex -188.378 84 107.15
    endloop
  endfacet
  facet normal 0 -1 0
    outer loop
      vertex -188.501 84 106.965
      vertex -179.199 84 106.965
      vertex -179.322 84 107.15
    endloop
  endfacet
  facet normal 0 -1 0
    outer loop
      vertex -188.648 84 106.798
      vertex -179.199 84 106.965
      vertex -188.501 84 106.965
    endloop
  endfacet
  facet normal 0 -1 0
    outer loop
      vertex -188.648 84 106.798
      vertex -179.052 84 106.798
      vertex -179.199 84 106.965
    endloop
  endfacet
  facet normal 0 -1 0
    outer loop
      vertex -176.85 84 100
      vertex -188.648 84 106.798
      vertex -188.815 84 106.651
    endloop
  endfacet
  facet normal 0 -1 0
    outer loop
      vertex -188.648 84 106.798
      vertex -176.85 84 100
      vertex -179.052 84 106.798
    endloop
  endfacet
  facet normal 0 -1 0
    outer loop
      vertex -176.85 84 100
      vertex -188.815 84 106.651
      vertex -189 84 106.528
    endloop
  endfacet
  facet normal 0 -1 0
    outer loop
      vertex -179.052 84 106.798
      vertex -176.85 84 100
      vertex -178.885 84 106.651
    endloop
  endfacet
  facet normal 0 -1 0
    outer loop
      vertex -176.85 84 100
      vertex -189 84 106.528
      vertex -189.199 84 106.429
    endloop
  endfacet
  facet normal 0 -1 0
    outer loop
      vertex -178.885 84 106.651
      vertex -176.85 84 100
      vertex -178.7 84 106.528
    endloop
  endfacet
  facet normal 0 -1 0
    outer loop
      vertex -194.85 84 100
      vertex -189.199 84 106.429
      vertex -189.41 84 106.358
    endloop
  endfacet
  facet normal 0 -1 0
    outer loop
      vertex -178.7 84 106.528
      vertex -176.85 84 100
      vertex -178.501 84 106.429
    endloop
  endfacet
  facet normal 0 -1 0
    outer loop
      vertex -194.85 84 100
      vertex -189.41 84 106.358
      vertex -189.628 84 106.315
    endloop
  endfacet
  facet normal 0 -1 0
    outer loop
      vertex -178.501 84 106.429
      vertex -176.85 84 100
      vertex -178.29 84 106.358
    endloop
  endfacet
  facet normal 0 -1 0
    outer loop
      vertex -194.85 84 100
      vertex -189.628 84 106.315
      vertex -189.85 84 106.3
    endloop
  endfacet
  facet normal 0 -1 0
    outer loop
      vertex -178.29 84 106.358
      vertex -176.85 84 100
      vertex -178.072 84 106.315
    endloop
  endfacet
  facet normal 0 -1 -0
    outer loop
      vertex -156.85 84 128
      vertex -161.41 84 123.642
      vertex -156.85 84 126
    endloop
  endfacet
  facet normal 0 -1 0
    outer loop
      vertex -156.85 84 126
      vertex -150.072 84 123.685
      vertex -149.85 84 123.7
    endloop
  endfacet
  facet normal 0 -1 0
    outer loop
      vertex -161.199 84 123.571
      vertex -156.85 84 126
      vertex -161.41 84 123.642
    endloop
  endfacet
  facet normal 0 -1 0
    outer loop
      vertex -156.85 84 126
      vertex -150.29 84 123.642
      vertex -150.072 84 123.685
    endloop
  endfacet
  facet normal 0 -1 0
    outer loop
      vertex -161 84 123.472
      vertex -156.85 84 126
      vertex -161.199 84 123.571
    endloop
  endfacet
  facet normal 0 -1 0
    outer loop
      vertex -156.85 84 126
      vertex -150.501 84 123.571
      vertex -150.29 84 123.642
    endloop
  endfacet
  facet normal 0 -1 0
    outer loop
      vertex -160.815 84 123.349
      vertex -156.85 84 126
      vertex -161 84 123.472
    endloop
  endfacet
  facet normal 0 -1 0
    outer loop
      vertex -156.85 84 126
      vertex -150.7 84 123.472
      vertex -150.501 84 123.571
    endloop
  endfacet
  facet normal 0 -1 0
    outer loop
      vertex -160.648 84 123.202
      vertex -156.85 84 126
      vertex -160.815 84 123.349
    endloop
  endfacet
  facet normal 0 -1 0
    outer loop
      vertex -156.85 84 126
      vertex -150.885 84 123.349
      vertex -150.7 84 123.472
    endloop
  endfacet
  facet normal 0 -1 0
    outer loop
      vertex -160.501 84 123.035
      vertex -156.85 84 126
      vertex -160.648 84 123.202
    endloop
  endfacet
  facet normal 0 -1 0
    outer loop
      vertex -156.85 84 126
      vertex -151.052 84 123.202
      vertex -150.885 84 123.349
    endloop
  endfacet
  facet normal 0 -1 0
    outer loop
      vertex -160.378 84 122.85
      vertex -156.85 84 126
      vertex -160.501 84 123.035
    endloop
  endfacet
  facet normal 0 -1 0
    outer loop
      vertex -156.85 84 126
      vertex -151.199 84 123.035
      vertex -151.052 84 123.202
    endloop
  endfacet
  facet normal 0 -1 0
    outer loop
      vertex -160.279 84 122.651
      vertex -156.85 84 126
      vertex -160.378 84 122.85
    endloop
  endfacet
  facet normal 0 -1 0
    outer loop
      vertex -156.85 84 126
      vertex -151.322 84 122.85
      vertex -151.199 84 123.035
    endloop
  endfacet
  facet normal 0 -1 0
    outer loop
      vertex -160.208 84 122.44
      vertex -156.85 84 126
      vertex -160.279 84 122.651
    endloop
  endfacet
  facet normal 0 -1 0
    outer loop
      vertex -156.85 84 126
      vertex -151.421 84 122.651
      vertex -151.322 84 122.85
    endloop
  endfacet
  facet normal 0 -1 0
    outer loop
      vertex -160.165 84 122.222
      vertex -156.85 84 126
      vertex -160.208 84 122.44
    endloop
  endfacet
  facet normal 0 -1 0
    outer loop
      vertex -156.85 84 126
      vertex -151.492 84 122.44
      vertex -151.421 84 122.651
    endloop
  endfacet
  facet normal 0 -1 0
    outer loop
      vertex -160.15 84 122
      vertex -156.85 84 126
      vertex -160.165 84 122.222
    endloop
  endfacet
  facet normal 0 -1 0
    outer loop
      vertex -156.85 84 126
      vertex -151.535 84 122.222
      vertex -151.492 84 122.44
    endloop
  endfacet
  facet normal 0 -1 0
    outer loop
      vertex -151.55 84 122
      vertex -156.85 84 126
      vertex -160.15 84 122
    endloop
  endfacet
  facet normal 0 -1 0
    outer loop
      vertex -156.85 84 126
      vertex -151.55 84 122
      vertex -151.535 84 122.222
    endloop
  endfacet
  facet normal 0 -1 0
    outer loop
      vertex -160.165 84 121.778
      vertex -151.55 84 122
      vertex -160.15 84 122
    endloop
  endfacet
  facet normal 0 -1 0
    outer loop
      vertex -160.165 84 121.778
      vertex -151.535 84 121.778
      vertex -151.55 84 122
    endloop
  endfacet
  facet normal 0 -1 0
    outer loop
      vertex -160.208 84 121.56
      vertex -151.535 84 121.778
      vertex -160.165 84 121.778
    endloop
  endfacet
  facet normal 0 -1 0
    outer loop
      vertex -160.208 84 121.56
      vertex -151.492 84 121.56
      vertex -151.535 84 121.778
    endloop
  endfacet
  facet normal 0 -1 0
    outer loop
      vertex -160.279 84 121.349
      vertex -151.492 84 121.56
      vertex -160.208 84 121.56
    endloop
  endfacet
  facet normal 0 -1 0
    outer loop
      vertex -160.279 84 121.349
      vertex -151.421 84 121.349
      vertex -151.492 84 121.56
    endloop
  endfacet
  facet normal 0 -1 0
    outer loop
      vertex -160.378 84 121.15
      vertex -151.421 84 121.349
      vertex -160.279 84 121.349
    endloop
  endfacet
  facet normal 0 -1 0
    outer loop
      vertex -160.378 84 121.15
      vertex -151.322 84 121.15
      vertex -151.421 84 121.349
    endloop
  endfacet
  facet normal 0 -1 0
    outer loop
      vertex -160.501 84 120.965
      vertex -151.322 84 121.15
      vertex -160.378 84 121.15
    endloop
  endfacet
  facet normal 0 -1 0
    outer loop
      vertex -160.501 84 120.965
      vertex -151.199 84 120.965
      vertex -151.322 84 121.15
    endloop
  endfacet
  facet normal 0 -1 0
    outer loop
      vertex -160.648 84 120.798
      vertex -151.199 84 120.965
      vertex -160.501 84 120.965
    endloop
  endfacet
  facet normal 0 -1 0
    outer loop
      vertex -160.648 84 120.798
      vertex -151.052 84 120.798
      vertex -151.199 84 120.965
    endloop
  endfacet
  facet normal 0 -1 0
    outer loop
      vertex -160.815 84 120.651
      vertex -151.052 84 120.798
      vertex -160.648 84 120.798
    endloop
  endfacet
  facet normal 0 -1 0
    outer loop
      vertex -160.815 84 120.651
      vertex -150.885 84 120.651
      vertex -151.052 84 120.798
    endloop
  endfacet
  facet normal 0 -1 0
    outer loop
      vertex -161.41 84 120.358
      vertex -161.41 84 109.642
      vertex -161.199 84 120.429
    endloop
  endfacet
  facet normal 0 -1 0
    outer loop
      vertex -161.199 84 109.571
      vertex -161.199 84 120.429
      vertex -161.41 84 109.642
    endloop
  endfacet
  facet normal 0 -1 0
    outer loop
      vertex -161.41 84 109.642
      vertex -161.41 84 120.358
      vertex -161.628 84 109.685
    endloop
  endfacet
  facet normal 0 -1 0
    outer loop
      vertex -161.199 84 120.429
      vertex -161.199 84 109.571
      vertex -161 84 120.528
    endloop
  endfacet
  facet normal 0 -1 0
    outer loop
      vertex -161.628 84 120.315
      vertex -161.628 84 109.685
      vertex -161.41 84 120.358
    endloop
  endfacet
  facet normal 0 -1 0
    outer loop
      vertex -150.885 84 120.651
      vertex -149.85 84 109.7
      vertex -150.7 84 120.528
    endloop
  endfacet
  facet normal 0 -1 0
    outer loop
      vertex -162.85 84 110
      vertex -161.628 84 109.685
      vertex -161.628 84 120.315
    endloop
  endfacet
  facet normal 0 -1 0
    outer loop
      vertex -150.7 84 120.528
      vertex -149.85 84 109.7
      vertex -150.501 84 120.429
    endloop
  endfacet
  facet normal 0 -1 0
    outer loop
      vertex -162.85 84 110
      vertex -161.628 84 120.315
      vertex -161.85 84 120.3
    endloop
  endfacet
  facet normal 0 -1 0
    outer loop
      vertex -150.501 84 120.429
      vertex -149.85 84 109.7
      vertex -150.29 84 120.358
    endloop
  endfacet
  facet normal 0 -1 0
    outer loop
      vertex -161.628 84 123.685
      vertex -156.85 84 128
      vertex -161.85 84 123.7
    endloop
  endfacet
  facet normal 0 -1 0
    outer loop
      vertex -156.85 84 128
      vertex -162.072 84 123.685
      vertex -161.85 84 123.7
    endloop
  endfacet
  facet normal 0 -1 0
    outer loop
      vertex -182.85 84 128
      vertex -177.199 84 123.571
      vertex -156.85 84 128
    endloop
  endfacet
  facet normal 0 -1 0
    outer loop
      vertex -156.85 84 128
      vertex -162.29 84 123.642
      vertex -162.072 84 123.685
    endloop
  endfacet
  facet normal 0 -1 0
    outer loop
      vertex -162.501 84 123.571
      vertex -156.85 84 128
      vertex -177.199 84 123.571
    endloop
  endfacet
  facet normal 0 -1 0
    outer loop
      vertex -156.85 84 128
      vertex -162.501 84 123.571
      vertex -162.29 84 123.642
    endloop
  endfacet
  facet normal 0 -1 0
    outer loop
      vertex -177 84 123.472
      vertex -162.501 84 123.571
      vertex -177.199 84 123.571
    endloop
  endfacet
  facet normal 0 -1 0
    outer loop
      vertex -177 84 123.472
      vertex -162.7 84 123.472
      vertex -162.501 84 123.571
    endloop
  endfacet
  facet normal 0 -1 0
    outer loop
      vertex -176.815 84 123.349
      vertex -162.7 84 123.472
      vertex -177 84 123.472
    endloop
  endfacet
  facet normal 0 -1 0
    outer loop
      vertex -176.815 84 123.349
      vertex -162.885 84 123.349
      vertex -162.7 84 123.472
    endloop
  endfacet
  facet normal 0 -1 0
    outer loop
      vertex -176.648 84 123.202
      vertex -162.885 84 123.349
      vertex -176.815 84 123.349
    endloop
  endfacet
  facet normal 0 -1 0
    outer loop
      vertex -176.648 84 123.202
      vertex -163.052 84 123.202
      vertex -162.885 84 123.349
    endloop
  endfacet
  facet normal 0 -1 0
    outer loop
      vertex -176.501 84 123.035
      vertex -163.052 84 123.202
      vertex -176.648 84 123.202
    endloop
  endfacet
  facet normal 0 -1 0
    outer loop
      vertex -176.501 84 123.035
      vertex -163.199 84 123.035
      vertex -163.052 84 123.202
    endloop
  endfacet
  facet normal 0 -1 0
    outer loop
      vertex -176.378 84 122.85
      vertex -163.199 84 123.035
      vertex -176.501 84 123.035
    endloop
  endfacet
  facet normal 0 -1 0
    outer loop
      vertex -176.378 84 122.85
      vertex -163.322 84 122.85
      vertex -163.199 84 123.035
    endloop
  endfacet
  facet normal 0 -1 0
    outer loop
      vertex -176.279 84 122.651
      vertex -163.322 84 122.85
      vertex -176.378 84 122.85
    endloop
  endfacet
  facet normal 0 -1 0
    outer loop
      vertex -176.279 84 122.651
      vertex -163.421 84 122.651
      vertex -163.322 84 122.85
    endloop
  endfacet
  facet normal 0 -1 0
    outer loop
      vertex -176.208 84 122.44
      vertex -163.421 84 122.651
      vertex -176.279 84 122.651
    endloop
  endfacet
  facet normal 0 -1 0
    outer loop
      vertex -176.208 84 122.44
      vertex -163.492 84 122.44
      vertex -163.421 84 122.651
    endloop
  endfacet
  facet normal 0 -1 0
    outer loop
      vertex -176.165 84 122.222
      vertex -163.492 84 122.44
      vertex -176.208 84 122.44
    endloop
  endfacet
  facet normal 0 -1 0
    outer loop
      vertex -176.165 84 122.222
      vertex -163.535 84 122.222
      vertex -163.492 84 122.44
    endloop
  endfacet
  facet normal 0 -1 0
    outer loop
      vertex -176.15 84 122
      vertex -163.535 84 122.222
      vertex -176.165 84 122.222
    endloop
  endfacet
  facet normal 0 -1 0
    outer loop
      vertex -176.15 84 122
      vertex -163.55 84 122
      vertex -163.535 84 122.222
    endloop
  endfacet
  facet normal 0 -1 0
    outer loop
      vertex -176.165 84 121.778
      vertex -163.55 84 122
      vertex -176.15 84 122
    endloop
  endfacet
  facet normal 0 -1 0
    outer loop
      vertex -176.165 84 121.778
      vertex -163.535 84 121.778
      vertex -163.55 84 122
    endloop
  endfacet
  facet normal 0 -1 0
    outer loop
      vertex -176.208 84 121.56
      vertex -163.535 84 121.778
      vertex -176.165 84 121.778
    endloop
  endfacet
  facet normal 0 -1 0
    outer loop
      vertex -176.208 84 121.56
      vertex -163.492 84 121.56
      vertex -163.535 84 121.778
    endloop
  endfacet
  facet normal 0 -1 0
    outer loop
      vertex -176.279 84 121.349
      vertex -163.492 84 121.56
      vertex -176.208 84 121.56
    endloop
  endfacet
  facet normal 0 -1 0
    outer loop
      vertex -176.279 84 121.349
      vertex -163.421 84 121.349
      vertex -163.492 84 121.56
    endloop
  endfacet
  facet normal 0 -1 0
    outer loop
      vertex -176.378 84 121.15
      vertex -163.421 84 121.349
      vertex -176.279 84 121.349
    endloop
  endfacet
  facet normal 0 -1 0
    outer loop
      vertex -176.378 84 121.15
      vertex -163.322 84 121.15
      vertex -163.421 84 121.349
    endloop
  endfacet
  facet normal 0 -1 0
    outer loop
      vertex -176.501 84 120.965
      vertex -163.322 84 121.15
      vertex -176.378 84 121.15
    endloop
  endfacet
  facet normal 0 -1 0
    outer loop
      vertex -176.501 84 120.965
      vertex -163.199 84 120.965
      vertex -163.322 84 121.15
    endloop
  endfacet
  facet normal 0 -1 0
    outer loop
      vertex -176.85 84 110
      vertex -176.501 84 120.965
      vertex -176.648 84 120.798
    endloop
  endfacet
  facet normal 0 -1 -0
    outer loop
      vertex -176.501 84 120.965
      vertex -176.85 84 110
      vertex -163.199 84 120.965
    endloop
  endfacet
  facet normal 0 -1 0
    outer loop
      vertex -176.85 84 110
      vertex -176.648 84 120.798
      vertex -176.815 84 120.651
    endloop
  endfacet
  facet normal 0 -1 0
    outer loop
      vertex -162.85 84 110
      vertex -163.199 84 120.965
      vertex -176.85 84 110
    endloop
  endfacet
  facet normal 0 -1 0
    outer loop
      vertex -176.85 84 110
      vertex -176.815 84 120.651
      vertex -177 84 120.528
    endloop
  endfacet
  facet normal 0 -1 0
    outer loop
      vertex -163.199 84 120.965
      vertex -162.85 84 110
      vertex -163.052 84 120.798
    endloop
  endfacet
  facet normal 0 -1 0
    outer loop
      vertex -176.85 84 110
      vertex -177 84 120.528
      vertex -177.199 84 120.429
    endloop
  endfacet
  facet normal 0 -1 0
    outer loop
      vertex -163.052 84 120.798
      vertex -162.85 84 110
      vertex -162.885 84 120.651
    endloop
  endfacet
  facet normal 0 -1 0
    outer loop
      vertex -176.85 84 110
      vertex -177.199 84 120.429
      vertex -177.41 84 120.358
    endloop
  endfacet
  facet normal 0 -1 0
    outer loop
      vertex -162.885 84 120.651
      vertex -162.85 84 110
      vertex -162.7 84 120.528
    endloop
  endfacet
  facet normal 0 -1 0
    outer loop
      vertex -176.85 84 110
      vertex -177.41 84 120.358
      vertex -177.628 84 120.315
    endloop
  endfacet
  facet normal 0 -1 -0
    outer loop
      vertex -162.7 84 120.528
      vertex -162.85 84 110
      vertex -162.501 84 120.429
    endloop
  endfacet
  facet normal 0 -1 0
    outer loop
      vertex -176.85 84 110
      vertex -177.628 84 120.315
      vertex -177.85 84 120.3
    endloop
  endfacet
  facet normal 0 -1 -0
    outer loop
      vertex -162.501 84 120.429
      vertex -162.85 84 110
      vertex -162.29 84 120.358
    endloop
  endfacet
  facet normal 0 -1 0
    outer loop
      vertex -192.85 84 126
      vertex -189.41 84 123.642
      vertex -182.85 84 126
    endloop
  endfacet
  facet normal 0 -1 0
    outer loop
      vertex -182.85 84 126
      vertex -178.072 84 123.685
      vertex -177.85 84 123.7
    endloop
  endfacet
  facet normal 0 -1 0
    outer loop
      vertex -189.199 84 123.571
      vertex -182.85 84 126
      vertex -189.41 84 123.642
    endloop
  endfacet
  facet normal 0 -1 0
    outer loop
      vertex -182.85 84 126
      vertex -178.29 84 123.642
      vertex -178.072 84 123.685
    endloop
  endfacet
  facet normal 0 -1 0
    outer loop
      vertex -189 84 123.472
      vertex -182.85 84 126
      vertex -189.199 84 123.571
    endloop
  endfacet
  facet normal 0 -1 0
    outer loop
      vertex -182.85 84 126
      vertex -178.501 84 123.571
      vertex -178.29 84 123.642
    endloop
  endfacet
  facet normal 0 -1 0
    outer loop
      vertex -188.815 84 123.349
      vertex -182.85 84 126
      vertex -189 84 123.472
    endloop
  endfacet
  facet normal 0 -1 0
    outer loop
      vertex -182.85 84 126
      vertex -178.7 84 123.472
      vertex -178.501 84 123.571
    endloop
  endfacet
  facet normal 0 -1 0
    outer loop
      vertex -188.648 84 123.202
      vertex -182.85 84 126
      vertex -188.815 84 123.349
    endloop
  endfacet
  facet normal 0 -1 0
    outer loop
      vertex -182.85 84 126
      vertex -178.885 84 123.349
      vertex -178.7 84 123.472
    endloop
  endfacet
  facet normal 0 -1 0
    outer loop
      vertex -188.501 84 123.035
      vertex -182.85 84 126
      vertex -188.648 84 123.202
    endloop
  endfacet
  facet normal 0 -1 0
    outer loop
      vertex -182.85 84 126
      vertex -179.052 84 123.202
      vertex -178.885 84 123.349
    endloop
  endfacet
  facet normal 0 -1 0
    outer loop
      vertex -188.378 84 122.85
      vertex -182.85 84 126
      vertex -188.501 84 123.035
    endloop
  endfacet
  facet normal 0 -1 0
    outer loop
      vertex -182.85 84 126
      vertex -179.199 84 123.035
      vertex -179.052 84 123.202
    endloop
  endfacet
  facet normal 0 -1 0
    outer loop
      vertex -188.279 84 122.651
      vertex -182.85 84 126
      vertex -188.378 84 122.85
    endloop
  endfacet
  facet normal 0 -1 0
    outer loop
      vertex -182.85 84 126
      vertex -179.322 84 122.85
      vertex -179.199 84 123.035
    endloop
  endfacet
  facet normal 0 -1 0
    outer loop
      vertex -188.208 84 122.44
      vertex -182.85 84 126
      vertex -188.279 84 122.651
    endloop
  endfacet
  facet normal 0 -1 0
    outer loop
      vertex -182.85 84 126
      vertex -179.421 84 122.651
      vertex -179.322 84 122.85
    endloop
  endfacet
  facet normal 0 -1 0
    outer loop
      vertex -188.165 84 122.222
      vertex -182.85 84 126
      vertex -188.208 84 122.44
    endloop
  endfacet
  facet normal 0 -1 0
    outer loop
      vertex -182.85 84 126
      vertex -179.492 84 122.44
      vertex -179.421 84 122.651
    endloop
  endfacet
  facet normal 0 -1 0
    outer loop
      vertex -188.15 84 122
      vertex -182.85 84 126
      vertex -188.165 84 122.222
    endloop
  endfacet
  facet normal 0 -1 0
    outer loop
      vertex -182.85 84 126
      vertex -179.535 84 122.222
      vertex -179.492 84 122.44
    endloop
  endfacet
  facet normal 0 -1 0
    outer loop
      vertex -179.55 84 122
      vertex -182.85 84 126
      vertex -188.15 84 122
    endloop
  endfacet
  facet normal 0 -1 0
    outer loop
      vertex -182.85 84 126
      vertex -179.55 84 122
      vertex -179.535 84 122.222
    endloop
  endfacet
  facet normal 0 -1 0
    outer loop
      vertex -188.165 84 121.778
      vertex -179.55 84 122
      vertex -188.15 84 122
    endloop
  endfacet
  facet normal 0 -1 0
    outer loop
      vertex -188.165 84 121.778
      vertex -179.535 84 121.778
      vertex -179.55 84 122
    endloop
  endfacet
  facet normal 0 -1 0
    outer loop
      vertex -188.208 84 121.56
      vertex -179.535 84 121.778
      vertex -188.165 84 121.778
    endloop
  endfacet
  facet normal 0 -1 0
    outer loop
      vertex -188.208 84 121.56
      vertex -179.492 84 121.56
      vertex -179.535 84 121.778
    endloop
  endfacet
  facet normal 0 -1 0
    outer loop
      vertex -188.279 84 121.349
      vertex -179.492 84 121.56
      vertex -188.208 84 121.56
    endloop
  endfacet
  facet normal 0 -1 0
    outer loop
      vertex -188.279 84 121.349
      vertex -179.421 84 121.349
      vertex -179.492 84 121.56
    endloop
  endfacet
  facet normal 0 -1 0
    outer loop
      vertex -188.378 84 121.15
      vertex -179.421 84 121.349
      vertex -188.279 84 121.349
    endloop
  endfacet
  facet normal 0 -1 0
    outer loop
      vertex -188.378 84 121.15
      vertex -179.322 84 121.15
      vertex -179.421 84 121.349
    endloop
  endfacet
  facet normal 0 -1 0
    outer loop
      vertex -188.501 84 120.965
      vertex -179.322 84 121.15
      vertex -188.378 84 121.15
    endloop
  endfacet
  facet normal 0 -1 0
    outer loop
      vertex -188.501 84 120.965
      vertex -179.199 84 120.965
      vertex -179.322 84 121.15
    endloop
  endfacet
  facet normal 0 -1 0
    outer loop
      vertex -188.648 84 120.798
      vertex -179.199 84 120.965
      vertex -188.501 84 120.965
    endloop
  endfacet
  facet normal 0 -1 0
    outer loop
      vertex -188.648 84 120.798
      vertex -179.052 84 120.798
      vertex -179.199 84 120.965
    endloop
  endfacet
  facet normal 0 -1 0
    outer loop
      vertex -188.815 84 120.651
      vertex -179.052 84 120.798
      vertex -188.648 84 120.798
    endloop
  endfacet
  facet normal 0 -1 0
    outer loop
      vertex -188.815 84 120.651
      vertex -178.885 84 120.651
      vertex -179.052 84 120.798
    endloop
  endfacet
  facet normal 0 -1 0
    outer loop
      vertex -189.41 84 120.358
      vertex -189.41 84 109.642
      vertex -189.199 84 120.429
    endloop
  endfacet
  facet normal 0 -1 0
    outer loop
      vertex -189.199 84 109.571
      vertex -189.199 84 120.429
      vertex -189.41 84 109.642
    endloop
  endfacet
  facet normal 0 -1 0
    outer loop
      vertex -189.41 84 109.642
      vertex -189.41 84 120.358
      vertex -189.628 84 109.685
    endloop
  endfacet
  facet normal 0 -1 0
    outer loop
      vertex -189.199 84 120.429
      vertex -189.199 84 109.571
      vertex -189 84 120.528
    endloop
  endfacet
  facet normal 0 -1 0
    outer loop
      vertex -189.628 84 120.315
      vertex -189.628 84 109.685
      vertex -189.41 84 120.358
    endloop
  endfacet
  facet normal 0 -1 0
    outer loop
      vertex -178.885 84 120.651
      vertex -177.85 84 109.7
      vertex -178.7 84 120.528
    endloop
  endfacet
  facet normal 0 -1 0
    outer loop
      vertex -189.628 84 109.685
      vertex -189.628 84 120.315
      vertex -189.85 84 109.7
    endloop
  endfacet
  facet normal 0 -1 0
    outer loop
      vertex -178.7 84 120.528
      vertex -177.85 84 109.7
      vertex -178.501 84 120.429
    endloop
  endfacet
  facet normal 0 -1 0
    outer loop
      vertex -189.85 84 109.7
      vertex -189.628 84 120.315
      vertex -189.85 84 120.3
    endloop
  endfacet
  facet normal 0 -1 0
    outer loop
      vertex -178.501 84 120.429
      vertex -177.85 84 109.7
      vertex -178.29 84 120.358
    endloop
  endfacet
  facet normal 0 -1 0
    outer loop
      vertex -194.85 84 128
      vertex -192.85 84 126
      vertex -192.85 84 128
    endloop
  endfacet
  facet normal 0 -1 0
    outer loop
      vertex -189.628 84 123.685
      vertex -192.85 84 126
      vertex -189.85 84 123.7
    endloop
  endfacet
  facet normal 0 -1 0
    outer loop
      vertex -177.628 84 123.685
      vertex -182.85 84 126
      vertex -177.85 84 123.7
    endloop
  endfacet
  facet normal 0 -1 0
    outer loop
      vertex -189.41 84 123.642
      vertex -192.85 84 126
      vertex -189.628 84 123.685
    endloop
  endfacet
  facet normal 0 -1 0
    outer loop
      vertex -192.85 84 126
      vertex -190.072 84 123.685
      vertex -189.85 84 123.7
    endloop
  endfacet
  facet normal 0 -1 0
    outer loop
      vertex -192.85 84 126
      vertex -190.29 84 123.642
      vertex -190.072 84 123.685
    endloop
  endfacet
  facet normal 0 -1 0
    outer loop
      vertex -192.85 84 126
      vertex -190.501 84 123.571
      vertex -190.29 84 123.642
    endloop
  endfacet
  facet normal 0 -1 0
    outer loop
      vertex -191.55 84 122
      vertex -192.85 84 126
      vertex -194.85 84 128
    endloop
  endfacet
  facet normal 0 -1 0
    outer loop
      vertex -192.85 84 126
      vertex -190.7 84 123.472
      vertex -190.501 84 123.571
    endloop
  endfacet
  facet normal 0 -1 0
    outer loop
      vertex -192.85 84 126
      vertex -190.885 84 123.349
      vertex -190.7 84 123.472
    endloop
  endfacet
  facet normal 0 -1 0
    outer loop
      vertex -192.85 84 126
      vertex -191.052 84 123.202
      vertex -190.885 84 123.349
    endloop
  endfacet
  facet normal 0 -1 0
    outer loop
      vertex -192.85 84 126
      vertex -191.199 84 123.035
      vertex -191.052 84 123.202
    endloop
  endfacet
  facet normal 0 -1 0
    outer loop
      vertex -192.85 84 126
      vertex -191.322 84 122.85
      vertex -191.199 84 123.035
    endloop
  endfacet
  facet normal 0 -1 0
    outer loop
      vertex -192.85 84 126
      vertex -191.421 84 122.651
      vertex -191.322 84 122.85
    endloop
  endfacet
  facet normal 0 -1 0
    outer loop
      vertex -192.85 84 126
      vertex -191.492 84 122.44
      vertex -191.421 84 122.651
    endloop
  endfacet
  facet normal 0 -1 0
    outer loop
      vertex -192.85 84 126
      vertex -191.535 84 122.222
      vertex -191.492 84 122.44
    endloop
  endfacet
  facet normal 0 -1 0
    outer loop
      vertex -192.85 84 126
      vertex -191.55 84 122
      vertex -191.535 84 122.222
    endloop
  endfacet
  facet normal 0 -1 0
    outer loop
      vertex -194.85 84 128
      vertex -191.535 84 121.778
      vertex -191.55 84 122
    endloop
  endfacet
  facet normal 0 -1 0
    outer loop
      vertex -194.85 84 128
      vertex -191.492 84 121.56
      vertex -191.535 84 121.778
    endloop
  endfacet
  facet normal 0 -1 0
    outer loop
      vertex -191.492 84 108.44
      vertex -191.492 84 121.56
      vertex -194.85 84 128
    endloop
  endfacet
  facet normal 0 -1 0
    outer loop
      vertex -191.492 84 121.56
      vertex -191.492 84 108.44
      vertex -191.421 84 121.349
    endloop
  endfacet
  facet normal -0 -1 0
    outer loop
      vertex -176.85 84 110
      vertex -178.072 84 120.315
      vertex -177.85 84 109.7
    endloop
  endfacet
  facet normal 0 -1 -0
    outer loop
      vertex -162.29 84 120.358
      vertex -162.85 84 110
      vertex -162.072 84 120.315
    endloop
  endfacet
  facet normal 0 -1 -0
    outer loop
      vertex -162.072 84 120.315
      vertex -162.85 84 110
      vertex -161.85 84 120.3
    endloop
  endfacet
  facet normal 0 -1 0
    outer loop
      vertex -189.85 84 109.7
      vertex -189.85 84 120.3
      vertex -190.072 84 120.315
    endloop
  endfacet
  facet normal 0 -1 0
    outer loop
      vertex -190.072 84 109.685
      vertex -190.072 84 120.315
      vertex -190.29 84 120.358
    endloop
  endfacet
  facet normal 0 -1 0
    outer loop
      vertex -190.29 84 109.642
      vertex -190.29 84 120.358
      vertex -190.501 84 120.429
    endloop
  endfacet
  facet normal 0 -1 0
    outer loop
      vertex -190.501 84 109.571
      vertex -190.501 84 120.429
      vertex -190.7 84 120.528
    endloop
  endfacet
  facet normal 0 -1 0
    outer loop
      vertex -190.7 84 109.472
      vertex -190.7 84 120.528
      vertex -190.885 84 120.651
    endloop
  endfacet
  facet normal 0 -1 0
    outer loop
      vertex -178.29 84 120.358
      vertex -177.85 84 109.7
      vertex -178.072 84 120.315
    endloop
  endfacet
  facet normal 0 -1 0
    outer loop
      vertex -190.885 84 109.349
      vertex -190.885 84 120.651
      vertex -191.052 84 120.798
    endloop
  endfacet
  facet normal 0 -1 0
    outer loop
      vertex -191.052 84 109.202
      vertex -191.052 84 120.798
      vertex -191.199 84 120.965
    endloop
  endfacet
  facet normal 0 -1 0
    outer loop
      vertex -191.199 84 109.035
      vertex -191.199 84 120.965
      vertex -191.322 84 121.15
    endloop
  endfacet
  facet normal -0 -1 0
    outer loop
      vertex -191.421 84 108.651
      vertex -191.421 84 121.349
      vertex -191.492 84 108.44
    endloop
  endfacet
  facet normal 0 -1 0
    outer loop
      vertex -190.072 84 120.315
      vertex -190.072 84 109.685
      vertex -189.85 84 109.7
    endloop
  endfacet
  facet normal 0 -1 0
    outer loop
      vertex -190.29 84 120.358
      vertex -190.29 84 109.642
      vertex -190.072 84 109.685
    endloop
  endfacet
  facet normal 0 -1 0
    outer loop
      vertex -190.501 84 120.429
      vertex -190.501 84 109.571
      vertex -190.29 84 109.642
    endloop
  endfacet
  facet normal 0 -1 0
    outer loop
      vertex -190.7 84 120.528
      vertex -190.7 84 109.472
      vertex -190.501 84 109.571
    endloop
  endfacet
  facet normal 0 -1 0
    outer loop
      vertex -190.885 84 120.651
      vertex -190.885 84 109.349
      vertex -190.7 84 109.472
    endloop
  endfacet
  facet normal 0 -1 0
    outer loop
      vertex -191.052 84 120.798
      vertex -191.052 84 109.202
      vertex -190.885 84 109.349
    endloop
  endfacet
  facet normal 0 -1 0
    outer loop
      vertex -191.199 84 120.965
      vertex -191.199 84 109.035
      vertex -191.052 84 109.202
    endloop
  endfacet
  facet normal 0 -1 0
    outer loop
      vertex -191.322 84 121.15
      vertex -191.322 84 108.85
      vertex -191.199 84 109.035
    endloop
  endfacet
  facet normal 0 -1 -0
    outer loop
      vertex -191.322 84 121.15
      vertex -191.421 84 108.651
      vertex -191.322 84 108.85
    endloop
  endfacet
  facet normal 0 -1 0
    outer loop
      vertex -191.421 84 121.349
      vertex -191.421 84 108.651
      vertex -191.322 84 121.15
    endloop
  endfacet
  facet normal 0 -1 0
    outer loop
      vertex -194.85 84 100
      vertex -191.492 84 108.44
      vertex -194.85 84 128
    endloop
  endfacet
  facet normal 0 -1 0
    outer loop
      vertex -191.492 84 108.44
      vertex -194.85 84 100
      vertex -191.535 84 108.222
    endloop
  endfacet
  facet normal 0 -1 0
    outer loop
      vertex -191.535 84 108.222
      vertex -194.85 84 100
      vertex -191.55 84 108
    endloop
  endfacet
  facet normal 0 -1 -0
    outer loop
      vertex -189.199 84 106.429
      vertex -194.85 84 100
      vertex -176.85 84 100
    endloop
  endfacet
  facet normal 0 -1 -0
    outer loop
      vertex -190.072 84 106.315
      vertex -194.85 84 100
      vertex -189.85 84 106.3
    endloop
  endfacet
  facet normal 0 -1 -0
    outer loop
      vertex -190.29 84 106.358
      vertex -194.85 84 100
      vertex -190.072 84 106.315
    endloop
  endfacet
  facet normal 0 -1 -0
    outer loop
      vertex -190.501 84 106.429
      vertex -194.85 84 100
      vertex -190.29 84 106.358
    endloop
  endfacet
  facet normal 0 -1 -0
    outer loop
      vertex -190.7 84 106.528
      vertex -194.85 84 100
      vertex -190.501 84 106.429
    endloop
  endfacet
  facet normal 0 -1 -0
    outer loop
      vertex -190.885 84 106.651
      vertex -194.85 84 100
      vertex -190.7 84 106.528
    endloop
  endfacet
  facet normal 0 -1 -0
    outer loop
      vertex -191.052 84 106.798
      vertex -194.85 84 100
      vertex -190.885 84 106.651
    endloop
  endfacet
  facet normal 0 -1 -0
    outer loop
      vertex -191.199 84 106.965
      vertex -194.85 84 100
      vertex -191.052 84 106.798
    endloop
  endfacet
  facet normal 0 -1 -0
    outer loop
      vertex -191.322 84 107.15
      vertex -194.85 84 100
      vertex -191.199 84 106.965
    endloop
  endfacet
  facet normal 0 -1 -0
    outer loop
      vertex -191.421 84 107.349
      vertex -194.85 84 100
      vertex -191.322 84 107.15
    endloop
  endfacet
  facet normal 0 -1 -0
    outer loop
      vertex -191.492 84 107.56
      vertex -194.85 84 100
      vertex -191.421 84 107.349
    endloop
  endfacet
  facet normal 0 -1 -0
    outer loop
      vertex -191.535 84 107.778
      vertex -194.85 84 100
      vertex -191.492 84 107.56
    endloop
  endfacet
  facet normal 0 -1 -0
    outer loop
      vertex -191.55 84 108
      vertex -194.85 84 100
      vertex -191.535 84 107.778
    endloop
  endfacet
  facet normal 0 -1 0
    outer loop
      vertex -177.628 84 123.685
      vertex -182.85 84 128
      vertex -182.85 84 126
    endloop
  endfacet
  facet normal 0 -1 0
    outer loop
      vertex -177.41 84 123.642
      vertex -182.85 84 128
      vertex -177.628 84 123.685
    endloop
  endfacet
  facet normal 0 -1 0
    outer loop
      vertex -146.85 84 126
      vertex -144.85 84 128
      vertex -146.85 84 128
    endloop
  endfacet
  facet normal 0 -1 0
    outer loop
      vertex -177.199 84 123.571
      vertex -182.85 84 128
      vertex -177.41 84 123.642
    endloop
  endfacet
  facet normal 0 -1 0
    outer loop
      vertex -161.41 84 123.642
      vertex -156.85 84 128
      vertex -161.628 84 123.685
    endloop
  endfacet
  facet normal 0 -1 0
    outer loop
      vertex -156.85 84 126
      vertex -149.85 84 123.7
      vertex -146.85 84 126
    endloop
  endfacet
  facet normal 0 -1 0
    outer loop
      vertex -149.628 84 123.685
      vertex -146.85 84 126
      vertex -149.85 84 123.7
    endloop
  endfacet
  facet normal 0 -1 0
    outer loop
      vertex -149.41 84 123.642
      vertex -146.85 84 126
      vertex -149.628 84 123.685
    endloop
  endfacet
  facet normal 0 -1 0
    outer loop
      vertex -149.199 84 123.571
      vertex -146.85 84 126
      vertex -149.41 84 123.642
    endloop
  endfacet
  facet normal 0 -1 0
    outer loop
      vertex -149 84 123.472
      vertex -146.85 84 126
      vertex -149.199 84 123.571
    endloop
  endfacet
  facet normal 0 -1 0
    outer loop
      vertex -148.815 84 123.349
      vertex -146.85 84 126
      vertex -149 84 123.472
    endloop
  endfacet
  facet normal 0 -1 0
    outer loop
      vertex -148.648 84 123.202
      vertex -146.85 84 126
      vertex -148.815 84 123.349
    endloop
  endfacet
  facet normal 0 -1 0
    outer loop
      vertex -148.501 84 123.035
      vertex -146.85 84 126
      vertex -148.648 84 123.202
    endloop
  endfacet
  facet normal 0 -1 0
    outer loop
      vertex -148.378 84 122.85
      vertex -146.85 84 126
      vertex -148.501 84 123.035
    endloop
  endfacet
  facet normal 0 -1 0
    outer loop
      vertex -148.279 84 122.651
      vertex -146.85 84 126
      vertex -148.378 84 122.85
    endloop
  endfacet
  facet normal 0 -1 0
    outer loop
      vertex -148.208 84 122.44
      vertex -146.85 84 126
      vertex -148.279 84 122.651
    endloop
  endfacet
  facet normal 0 -1 0
    outer loop
      vertex -148.165 84 122.222
      vertex -146.85 84 126
      vertex -148.208 84 122.44
    endloop
  endfacet
  facet normal 0 -1 0
    outer loop
      vertex -148.15 84 122
      vertex -146.85 84 126
      vertex -148.165 84 122.222
    endloop
  endfacet
  facet normal 0 -1 -0
    outer loop
      vertex -146.85 84 126
      vertex -148.15 84 122
      vertex -144.85 84 128
    endloop
  endfacet
  facet normal 0 -1 0
    outer loop
      vertex -148.165 84 121.778
      vertex -144.85 84 128
      vertex -148.15 84 122
    endloop
  endfacet
  facet normal 0 -1 0
    outer loop
      vertex -148.208 84 121.56
      vertex -144.85 84 128
      vertex -148.165 84 121.778
    endloop
  endfacet
  facet normal 0 -1 0
    outer loop
      vertex -148.208 84 108.44
      vertex -148.208 84 121.56
      vertex -148.279 84 121.349
    endloop
  endfacet
  facet normal 0 -1 0
    outer loop
      vertex -148.279 84 108.651
      vertex -148.279 84 121.349
      vertex -148.378 84 121.15
    endloop
  endfacet
  facet normal 0 -1 0
    outer loop
      vertex -161.628 84 109.685
      vertex -162.85 84 110
      vertex -161.85 84 109.7
    endloop
  endfacet
  facet normal 0 -1 0
    outer loop
      vertex -150.29 84 120.358
      vertex -149.85 84 109.7
      vertex -150.072 84 120.315
    endloop
  endfacet
  facet normal 0 -1 0
    outer loop
      vertex -150.072 84 120.315
      vertex -149.85 84 109.7
      vertex -149.85 84 120.3
    endloop
  endfacet
  facet normal 0 -1 0
    outer loop
      vertex -149.85 84 120.3
      vertex -149.85 84 109.7
      vertex -149.628 84 120.315
    endloop
  endfacet
  facet normal 0 -1 0
    outer loop
      vertex -149.628 84 109.685
      vertex -149.628 84 120.315
      vertex -149.85 84 109.7
    endloop
  endfacet
  facet normal 0 -1 0
    outer loop
      vertex -149.628 84 120.315
      vertex -149.628 84 109.685
      vertex -149.41 84 120.358
    endloop
  endfacet
  facet normal 0 -1 0
    outer loop
      vertex -149.41 84 109.642
      vertex -149.41 84 120.358
      vertex -149.628 84 109.685
    endloop
  endfacet
  facet normal 0 -1 0
    outer loop
      vertex -149.41 84 120.358
      vertex -149.41 84 109.642
      vertex -149.199 84 120.429
    endloop
  endfacet
  facet normal 0 -1 0
    outer loop
      vertex -149.199 84 109.571
      vertex -149.199 84 120.429
      vertex -149.41 84 109.642
    endloop
  endfacet
  facet normal 0 -1 0
    outer loop
      vertex -149.199 84 120.429
      vertex -149.199 84 109.571
      vertex -149 84 120.528
    endloop
  endfacet
  facet normal 0 -1 0
    outer loop
      vertex -149 84 109.472
      vertex -149 84 120.528
      vertex -149.199 84 109.571
    endloop
  endfacet
  facet normal 0 -1 0
    outer loop
      vertex -149 84 120.528
      vertex -149 84 109.472
      vertex -148.815 84 120.651
    endloop
  endfacet
  facet normal 0 -1 0
    outer loop
      vertex -148.815 84 109.349
      vertex -148.815 84 120.651
      vertex -149 84 109.472
    endloop
  endfacet
  facet normal 0 -1 0
    outer loop
      vertex -148.815 84 120.651
      vertex -148.815 84 109.349
      vertex -148.648 84 120.798
    endloop
  endfacet
  facet normal 0 -1 0
    outer loop
      vertex -148.648 84 109.202
      vertex -148.648 84 120.798
      vertex -148.815 84 109.349
    endloop
  endfacet
  facet normal 0 -1 0
    outer loop
      vertex -148.648 84 120.798
      vertex -148.648 84 109.202
      vertex -148.501 84 120.965
    endloop
  endfacet
  facet normal 0 -1 0
    outer loop
      vertex -148.501 84 109.035
      vertex -148.501 84 120.965
      vertex -148.648 84 109.202
    endloop
  endfacet
  facet normal 0 -1 0
    outer loop
      vertex -148.501 84 120.965
      vertex -148.501 84 109.035
      vertex -148.378 84 121.15
    endloop
  endfacet
  facet normal 0 -1 0
    outer loop
      vertex -148.378 84 108.85
      vertex -148.378 84 121.15
      vertex -148.501 84 109.035
    endloop
  endfacet
  facet normal 0 -1 0
    outer loop
      vertex -148.279 84 108.651
      vertex -148.378 84 121.15
      vertex -148.378 84 108.85
    endloop
  endfacet
  facet normal 0 -1 0
    outer loop
      vertex -148.279 84 121.349
      vertex -148.279 84 108.651
      vertex -148.208 84 108.44
    endloop
  endfacet
  facet normal 0 -1 0
    outer loop
      vertex -148.208 84 121.56
      vertex -148.208 84 108.44
      vertex -144.85 84 128
    endloop
  endfacet
  facet normal 0 -1 0
    outer loop
      vertex -144.85 84 100
      vertex -148.208 84 108.44
      vertex -148.165 84 108.222
    endloop
  endfacet
  facet normal 0 -1 0
    outer loop
      vertex -144.85 84 100
      vertex -148.165 84 108.222
      vertex -148.15 84 108
    endloop
  endfacet
  facet normal 0 -1 0
    outer loop
      vertex -144.85 84 100
      vertex -148.15 84 108
      vertex -148.165 84 107.778
    endloop
  endfacet
  facet normal 0 -1 0
    outer loop
      vertex -150.072 84 106.315
      vertex -144.85 84 100
      vertex -149.85 84 106.3
    endloop
  endfacet
  facet normal 0 -1 0
    outer loop
      vertex -149.85 84 106.3
      vertex -144.85 84 100
      vertex -149.628 84 106.315
    endloop
  endfacet
  facet normal 0 -1 0
    outer loop
      vertex -149.628 84 106.315
      vertex -144.85 84 100
      vertex -149.41 84 106.358
    endloop
  endfacet
  facet normal 0 -1 0
    outer loop
      vertex -148.208 84 108.44
      vertex -144.85 84 100
      vertex -144.85 84 128
    endloop
  endfacet
  facet normal 0 -1 0
    outer loop
      vertex -148.208 84 107.56
      vertex -144.85 84 100
      vertex -148.165 84 107.778
    endloop
  endfacet
  facet normal 0 -1 0
    outer loop
      vertex -148.279 84 107.349
      vertex -144.85 84 100
      vertex -148.208 84 107.56
    endloop
  endfacet
  facet normal 0 -1 0
    outer loop
      vertex -148.378 84 107.15
      vertex -144.85 84 100
      vertex -148.279 84 107.349
    endloop
  endfacet
  facet normal 0 -1 0
    outer loop
      vertex -148.501 84 106.965
      vertex -144.85 84 100
      vertex -148.378 84 107.15
    endloop
  endfacet
  facet normal 0 -1 0
    outer loop
      vertex -148.648 84 106.798
      vertex -144.85 84 100
      vertex -148.501 84 106.965
    endloop
  endfacet
  facet normal 0 -1 0
    outer loop
      vertex -148.815 84 106.651
      vertex -144.85 84 100
      vertex -148.648 84 106.798
    endloop
  endfacet
  facet normal 0 -1 0
    outer loop
      vertex -149 84 106.528
      vertex -144.85 84 100
      vertex -148.815 84 106.651
    endloop
  endfacet
  facet normal 0 -1 0
    outer loop
      vertex -149.199 84 106.429
      vertex -144.85 84 100
      vertex -149 84 106.528
    endloop
  endfacet
  facet normal 0 -1 0
    outer loop
      vertex -149.41 84 106.358
      vertex -144.85 84 100
      vertex -149.199 84 106.429
    endloop
  endfacet
  facet normal 0 -1 0
    outer loop
      vertex -178.072 84 120.315
      vertex -176.85 84 110
      vertex -177.85 84 120.3
    endloop
  endfacet
  facet normal 0 -1 0
    outer loop
      vertex -177.628 84 109.685
      vertex -176.85 84 110
      vertex -177.85 84 109.7
    endloop
  endfacet
  facet normal 0 -1 0
    outer loop
      vertex -177.41 84 109.642
      vertex -176.85 84 110
      vertex -177.628 84 109.685
    endloop
  endfacet
  facet normal 0 -1 0
    outer loop
      vertex -177.199 84 109.571
      vertex -176.85 84 110
      vertex -177.41 84 109.642
    endloop
  endfacet
  facet normal 0 -1 0
    outer loop
      vertex -177 84 109.472
      vertex -176.85 84 110
      vertex -177.199 84 109.571
    endloop
  endfacet
  facet normal 0 -1 -0
    outer loop
      vertex -176.85 84 110
      vertex -177 84 109.472
      vertex -176.85 84 109.372
    endloop
  endfacet
  facet normal 0 -1 0
    outer loop
      vertex -178.072 84 106.315
      vertex -176.85 84 100
      vertex -177.85 84 106.3
    endloop
  endfacet
  facet normal 0 -1 0
    outer loop
      vertex -177.85 84 106.3
      vertex -176.85 84 100
      vertex -177.628 84 106.315
    endloop
  endfacet
  facet normal 0 -1 0
    outer loop
      vertex -177.628 84 106.315
      vertex -176.85 84 100
      vertex -177.41 84 106.358
    endloop
  endfacet
  facet normal 0 -1 0
    outer loop
      vertex -177 84 106.528
      vertex -176.85 84 100
      vertex -176.85 84 106.628
    endloop
  endfacet
  facet normal 0 -1 0
    outer loop
      vertex -177.199 84 106.429
      vertex -176.85 84 100
      vertex -177 84 106.528
    endloop
  endfacet
  facet normal 0 -1 0
    outer loop
      vertex -177.41 84 106.358
      vertex -176.85 84 100
      vertex -177.199 84 106.429
    endloop
  endfacet
  facet normal 0 -1 0
    outer loop
      vertex -150.29 84 106.358
      vertex -144.85 84 100
      vertex -150.072 84 106.315
    endloop
  endfacet
  facet normal 0 -1 -0
    outer loop
      vertex -162.072 84 106.315
      vertex -162.85 84 100
      vertex -161.85 84 106.3
    endloop
  endfacet
  facet normal 0 -1 -0
    outer loop
      vertex -162.29 84 106.358
      vertex -162.85 84 100
      vertex -162.072 84 106.315
    endloop
  endfacet
  facet normal 0 -1 -0
    outer loop
      vertex -162.501 84 106.429
      vertex -162.85 84 100
      vertex -162.29 84 106.358
    endloop
  endfacet
  facet normal 0 -1 -0
    outer loop
      vertex -162.7 84 106.528
      vertex -162.85 84 100
      vertex -162.501 84 106.429
    endloop
  endfacet
  facet normal 0 -1 0
    outer loop
      vertex -162.85 84 100
      vertex -162.7 84 106.528
      vertex -162.85 84 106.628
    endloop
  endfacet
  facet normal -1 0 0
    outer loop
      vertex -162.85 84 100
      vertex -162.85 86.4 106.628
      vertex -162.85 86.4 100
    endloop
  endfacet
  facet normal -1 -0 0
    outer loop
      vertex -162.85 86.4 106.628
      vertex -162.85 84 100
      vertex -162.85 84 106.628
    endloop
  endfacet
  facet normal -1 0 0
    outer loop
      vertex -162.85 84 109.372
      vertex -162.85 86.4 110
      vertex -162.85 86.4 109.372
    endloop
  endfacet
  facet normal -1 -0 0
    outer loop
      vertex -162.85 86.4 110
      vertex -162.85 84 109.372
      vertex -162.85 84 110
    endloop
  endfacet
  facet normal 0 0 -1
    outer loop
      vertex -176.85 84 110
      vertex -162.85 86.4 110
      vertex -162.85 84 110
    endloop
  endfacet
  facet normal -0 0 -1
    outer loop
      vertex -162.85 86.4 110
      vertex -176.85 84 110
      vertex -176.85 86.4 110
    endloop
  endfacet
  facet normal 1 -0 0
    outer loop
      vertex -176.85 84 106.628
      vertex -176.85 86.4 100
      vertex -176.85 86.4 106.628
    endloop
  endfacet
  facet normal 1 0 0
    outer loop
      vertex -176.85 86.4 100
      vertex -176.85 84 106.628
      vertex -176.85 84 100
    endloop
  endfacet
  facet normal 1 -0 0
    outer loop
      vertex -176.85 84 110
      vertex -176.85 86.4 109.372
      vertex -176.85 86.4 110
    endloop
  endfacet
  facet normal 1 0 0
    outer loop
      vertex -176.85 86.4 109.372
      vertex -176.85 84 110
      vertex -176.85 84 109.372
    endloop
  endfacet
  facet normal 0 0 -1
    outer loop
      vertex -197.25 -60.4 87.6
      vertex -142.45 -58 87.6
      vertex -142.45 -60.4 87.6
    endloop
  endfacet
  facet normal -0 0 -1
    outer loop
      vertex -142.45 -58 87.6
      vertex -197.25 -60.4 87.6
      vertex -197.25 -58 87.6
    endloop
  endfacet
  facet normal 0 1 -0
    outer loop
      vertex -142.45 -58 87.6
      vertex -144.85 -58 98
      vertex -142.45 -58 98
    endloop
  endfacet
  facet normal 0 1 0
    outer loop
      vertex -144.85 -58 98
      vertex -142.45 -58 87.6
      vertex -194.85 -58 98
    endloop
  endfacet
  facet normal 0 1 0
    outer loop
      vertex -197.25 -58 87.6
      vertex -194.85 -58 98
      vertex -142.45 -58 87.6
    endloop
  endfacet
  facet normal 0 1 0
    outer loop
      vertex -194.85 -58 98
      vertex -197.25 -58 87.6
      vertex -197.25 -58 98
    endloop
  endfacet
  facet normal 0 1 -0
    outer loop
      vertex -144.85 -58 98
      vertex -194.85 -58 128
      vertex -144.85 -58 128
    endloop
  endfacet
  facet normal 0 1 0
    outer loop
      vertex -194.85 -58 128
      vertex -144.85 -58 98
      vertex -194.85 -58 98
    endloop
  endfacet
  facet normal 1 -0 0
    outer loop
      vertex -182.85 -55 128
      vertex -182.85 -45 126
      vertex -182.85 -45 128
    endloop
  endfacet
  facet normal 1 0 0
    outer loop
      vertex -182.85 -45 126
      vertex -182.85 -55 128
      vertex -182.85 -55 126
    endloop
  endfacet
  facet normal 0 0 -1
    outer loop
      vertex -182.85 -55 126
      vertex -186.15 -50 126
      vertex -182.85 -45 126
    endloop
  endfacet
  facet normal 0 0 -1
    outer loop
      vertex -182.85 -55 126
      vertex -186.165 -50.2219 126
      vertex -186.15 -50 126
    endloop
  endfacet
  facet normal 0 0 -1
    outer loop
      vertex -182.85 -55 126
      vertex -186.208 -50.44 126
      vertex -186.165 -50.2219 126
    endloop
  endfacet
  facet normal 0 0 -1
    outer loop
      vertex -182.85 -55 126
      vertex -186.279 -50.6506 126
      vertex -186.208 -50.44 126
    endloop
  endfacet
  facet normal 0 0 -1
    outer loop
      vertex -182.85 -55 126
      vertex -186.378 -50.85 126
      vertex -186.279 -50.6506 126
    endloop
  endfacet
  facet normal 0 0 -1
    outer loop
      vertex -182.85 -55 126
      vertex -186.501 -51.0349 126
      vertex -186.378 -50.85 126
    endloop
  endfacet
  facet normal 0 0 -1
    outer loop
      vertex -182.85 -55 126
      vertex -186.648 -51.2021 126
      vertex -186.501 -51.0349 126
    endloop
  endfacet
  facet normal 0 0 -1
    outer loop
      vertex -182.85 -55 126
      vertex -186.815 -51.3487 126
      vertex -186.648 -51.2021 126
    endloop
  endfacet
  facet normal 0 0 -1
    outer loop
      vertex -182.85 -55 126
      vertex -187 -51.4722 126
      vertex -186.815 -51.3487 126
    endloop
  endfacet
  facet normal 0 0 -1
    outer loop
      vertex -182.85 -55 126
      vertex -187.199 -51.5706 126
      vertex -187 -51.4722 126
    endloop
  endfacet
  facet normal 0 0 -1
    outer loop
      vertex -182.85 -55 126
      vertex -187.41 -51.6421 126
      vertex -187.199 -51.5706 126
    endloop
  endfacet
  facet normal 0 0 -1
    outer loop
      vertex -182.85 -55 126
      vertex -187.628 -51.6855 126
      vertex -187.41 -51.6421 126
    endloop
  endfacet
  facet normal 0 0 -1
    outer loop
      vertex -182.85 -55 126
      vertex -187.85 -51.7 126
      vertex -187.628 -51.6855 126
    endloop
  endfacet
  facet normal 0 0 -1
    outer loop
      vertex -192.85 -55 126
      vertex -187.85 -51.7 126
      vertex -182.85 -55 126
    endloop
  endfacet
  facet normal -0 0 -1
    outer loop
      vertex -187.85 -51.7 126
      vertex -192.85 -55 126
      vertex -188.072 -51.6855 126
    endloop
  endfacet
  facet normal -0 0 -1
    outer loop
      vertex -188.072 -51.6855 126
      vertex -192.85 -55 126
      vertex -188.29 -51.6421 126
    endloop
  endfacet
  facet normal -0 0 -1
    outer loop
      vertex -188.29 -51.6421 126
      vertex -192.85 -55 126
      vertex -188.501 -51.5706 126
    endloop
  endfacet
  facet normal -0 0 -1
    outer loop
      vertex -189.535 -50.2219 126
      vertex -192.85 -55 126
      vertex -189.55 -50 126
    endloop
  endfacet
  facet normal -0 0 -1
    outer loop
      vertex -189.492 -50.44 126
      vertex -192.85 -55 126
      vertex -189.535 -50.2219 126
    endloop
  endfacet
  facet normal -0 0 -1
    outer loop
      vertex -189.421 -50.6506 126
      vertex -192.85 -55 126
      vertex -189.492 -50.44 126
    endloop
  endfacet
  facet normal -0 0 -1
    outer loop
      vertex -189.322 -50.85 126
      vertex -192.85 -55 126
      vertex -189.421 -50.6506 126
    endloop
  endfacet
  facet normal -0 0 -1
    outer loop
      vertex -189.199 -51.0349 126
      vertex -192.85 -55 126
      vertex -189.322 -50.85 126
    endloop
  endfacet
  facet normal -0 0 -1
    outer loop
      vertex -189.052 -51.2021 126
      vertex -192.85 -55 126
      vertex -189.199 -51.0349 126
    endloop
  endfacet
  facet normal -0 0 -1
    outer loop
      vertex -188.885 -51.3487 126
      vertex -192.85 -55 126
      vertex -189.052 -51.2021 126
    endloop
  endfacet
  facet normal -0 0 -1
    outer loop
      vertex -188.7 -51.4722 126
      vertex -192.85 -55 126
      vertex -188.885 -51.3487 126
    endloop
  endfacet
  facet normal -0 0 -1
    outer loop
      vertex -188.501 -51.5706 126
      vertex -192.85 -55 126
      vertex -188.7 -51.4722 126
    endloop
  endfacet
  facet normal 0 0 -1
    outer loop
      vertex -186.165 -49.7781 126
      vertex -182.85 -45 126
      vertex -186.15 -50 126
    endloop
  endfacet
  facet normal 0 0 -1
    outer loop
      vertex -186.208 -49.56 126
      vertex -182.85 -45 126
      vertex -186.165 -49.7781 126
    endloop
  endfacet
  facet normal 0 0 -1
    outer loop
      vertex -186.279 -49.3494 126
      vertex -182.85 -45 126
      vertex -186.208 -49.56 126
    endloop
  endfacet
  facet normal 0 0 -1
    outer loop
      vertex -186.378 -49.15 126
      vertex -182.85 -45 126
      vertex -186.279 -49.3494 126
    endloop
  endfacet
  facet normal 0 0 -1
    outer loop
      vertex -186.501 -48.9651 126
      vertex -182.85 -45 126
      vertex -186.378 -49.15 126
    endloop
  endfacet
  facet normal 0 0 -1
    outer loop
      vertex -186.648 -48.7979 126
      vertex -182.85 -45 126
      vertex -186.501 -48.9651 126
    endloop
  endfacet
  facet normal 0 0 -1
    outer loop
      vertex -186.815 -48.6513 126
      vertex -182.85 -45 126
      vertex -186.648 -48.7979 126
    endloop
  endfacet
  facet normal 0 0 -1
    outer loop
      vertex -187 -48.5278 126
      vertex -182.85 -45 126
      vertex -186.815 -48.6513 126
    endloop
  endfacet
  facet normal 0 0 -1
    outer loop
      vertex -187.199 -48.4294 126
      vertex -182.85 -45 126
      vertex -187 -48.5278 126
    endloop
  endfacet
  facet normal 0 0 -1
    outer loop
      vertex -187.41 -48.3579 126
      vertex -182.85 -45 126
      vertex -187.199 -48.4294 126
    endloop
  endfacet
  facet normal 0 0 -1
    outer loop
      vertex -187.628 -48.3145 126
      vertex -182.85 -45 126
      vertex -187.41 -48.3579 126
    endloop
  endfacet
  facet normal 0 0 -1
    outer loop
      vertex -187.85 -48.3 126
      vertex -182.85 -45 126
      vertex -187.628 -48.3145 126
    endloop
  endfacet
  facet normal 0 0 -1
    outer loop
      vertex -192.85 -45 126
      vertex -187.85 -48.3 126
      vertex -188.072 -48.3145 126
    endloop
  endfacet
  facet normal 0 0 -1
    outer loop
      vertex -192.85 -45 126
      vertex -188.072 -48.3145 126
      vertex -188.29 -48.3579 126
    endloop
  endfacet
  facet normal 0 0 -1
    outer loop
      vertex -192.85 -45 126
      vertex -188.29 -48.3579 126
      vertex -188.501 -48.4294 126
    endloop
  endfacet
  facet normal 0 0 -1
    outer loop
      vertex -192.85 -45 126
      vertex -188.501 -48.4294 126
      vertex -188.7 -48.5278 126
    endloop
  endfacet
  facet normal 0 0 -1
    outer loop
      vertex -192.85 -45 126
      vertex -189.55 -50 126
      vertex -192.85 -55 126
    endloop
  endfacet
  facet normal 0 0 -1
    outer loop
      vertex -189.55 -50 126
      vertex -192.85 -45 126
      vertex -189.535 -49.7781 126
    endloop
  endfacet
  facet normal 0 0 -1
    outer loop
      vertex -189.535 -49.7781 126
      vertex -192.85 -45 126
      vertex -189.492 -49.56 126
    endloop
  endfacet
  facet normal 0 0 -1
    outer loop
      vertex -189.492 -49.56 126
      vertex -192.85 -45 126
      vertex -189.421 -49.3494 126
    endloop
  endfacet
  facet normal 0 0 -1
    outer loop
      vertex -187.85 -48.3 126
      vertex -192.85 -45 126
      vertex -182.85 -45 126
    endloop
  endfacet
  facet normal 0 0 -1
    outer loop
      vertex -188.885 -48.6513 126
      vertex -192.85 -45 126
      vertex -188.7 -48.5278 126
    endloop
  endfacet
  facet normal 0 0 -1
    outer loop
      vertex -189.052 -48.7979 126
      vertex -192.85 -45 126
      vertex -188.885 -48.6513 126
    endloop
  endfacet
  facet normal 0 0 -1
    outer loop
      vertex -189.199 -48.9651 126
      vertex -192.85 -45 126
      vertex -189.052 -48.7979 126
    endloop
  endfacet
  facet normal 0 0 -1
    outer loop
      vertex -189.322 -49.15 126
      vertex -192.85 -45 126
      vertex -189.199 -48.9651 126
    endloop
  endfacet
  facet normal 0 0 -1
    outer loop
      vertex -189.421 -49.3494 126
      vertex -192.85 -45 126
      vertex -189.322 -49.15 126
    endloop
  endfacet
  facet normal -1 0 0
    outer loop
      vertex -192.85 -55 126
      vertex -192.85 -45 128
      vertex -192.85 -45 126
    endloop
  endfacet
  facet normal -1 -0 0
    outer loop
      vertex -192.85 -45 128
      vertex -192.85 -55 126
      vertex -192.85 -55 128
    endloop
  endfacet
  facet normal 0 1 -0
    outer loop
      vertex -182.85 -45 126
      vertex -192.85 -45 128
      vertex -182.85 -45 128
    endloop
  endfacet
  facet normal 0 1 0
    outer loop
      vertex -192.85 -45 128
      vertex -182.85 -45 126
      vertex -192.85 -45 126
    endloop
  endfacet
  facet normal 0 -1 0
    outer loop
      vertex -192.85 -55 126
      vertex -182.85 -55 128
      vertex -192.85 -55 128
    endloop
  endfacet
  facet normal 0 -1 -0
    outer loop
      vertex -182.85 -55 128
      vertex -192.85 -55 126
      vertex -182.85 -55 126
    endloop
  endfacet
  facet normal 1 -0 0
    outer loop
      vertex -182.85 75 128
      vertex -182.85 84 126
      vertex -182.85 84 128
    endloop
  endfacet
  facet normal 1 0 0
    outer loop
      vertex -182.85 84 126
      vertex -182.85 75 128
      vertex -182.85 75 126
    endloop
  endfacet
  facet normal 0 0 -1
    outer loop
      vertex -186.165 79.7781 126
      vertex -182.85 84 126
      vertex -182.85 75 126
    endloop
  endfacet
  facet normal 0 0 -1
    outer loop
      vertex -182.85 84 126
      vertex -186.165 79.7781 126
      vertex -186.15 80 126
    endloop
  endfacet
  facet normal 0 0 -1
    outer loop
      vertex -182.85 75 126
      vertex -186.208 79.56 126
      vertex -186.165 79.7781 126
    endloop
  endfacet
  facet normal 0 0 -1
    outer loop
      vertex -182.85 75 126
      vertex -186.279 79.3494 126
      vertex -186.208 79.56 126
    endloop
  endfacet
  facet normal 0 0 -1
    outer loop
      vertex -182.85 75 126
      vertex -186.378 79.15 126
      vertex -186.279 79.3494 126
    endloop
  endfacet
  facet normal 0 0 -1
    outer loop
      vertex -182.85 75 126
      vertex -186.501 78.9651 126
      vertex -186.378 79.15 126
    endloop
  endfacet
  facet normal 0 0 -1
    outer loop
      vertex -182.85 75 126
      vertex -186.648 78.7979 126
      vertex -186.501 78.9651 126
    endloop
  endfacet
  facet normal 0 0 -1
    outer loop
      vertex -182.85 75 126
      vertex -186.815 78.6513 126
      vertex -186.648 78.7979 126
    endloop
  endfacet
  facet normal 0 0 -1
    outer loop
      vertex -182.85 75 126
      vertex -187 78.5278 126
      vertex -186.815 78.6513 126
    endloop
  endfacet
  facet normal 0 0 -1
    outer loop
      vertex -182.85 75 126
      vertex -187.199 78.4294 126
      vertex -187 78.5278 126
    endloop
  endfacet
  facet normal 0 0 -1
    outer loop
      vertex -182.85 75 126
      vertex -187.41 78.3579 126
      vertex -187.199 78.4294 126
    endloop
  endfacet
  facet normal 0 0 -1
    outer loop
      vertex -182.85 75 126
      vertex -187.628 78.3145 126
      vertex -187.41 78.3579 126
    endloop
  endfacet
  facet normal 0 0 -1
    outer loop
      vertex -182.85 75 126
      vertex -187.85 78.3 126
      vertex -187.628 78.3145 126
    endloop
  endfacet
  facet normal 0 0 -1
    outer loop
      vertex -192.85 75 126
      vertex -187.85 78.3 126
      vertex -182.85 75 126
    endloop
  endfacet
  facet normal -0 0 -1
    outer loop
      vertex -187.85 78.3 126
      vertex -192.85 75 126
      vertex -188.072 78.3145 126
    endloop
  endfacet
  facet normal -0 0 -1
    outer loop
      vertex -188.072 78.3145 126
      vertex -192.85 75 126
      vertex -188.29 78.3579 126
    endloop
  endfacet
  facet normal -0 0 -1
    outer loop
      vertex -188.29 78.3579 126
      vertex -192.85 75 126
      vertex -188.501 78.4294 126
    endloop
  endfacet
  facet normal 0 0 -1
    outer loop
      vertex -192.85 84 126
      vertex -189.535 79.7781 126
      vertex -192.85 75 126
    endloop
  endfacet
  facet normal -0 0 -1
    outer loop
      vertex -189.492 79.56 126
      vertex -192.85 75 126
      vertex -189.535 79.7781 126
    endloop
  endfacet
  facet normal -0 0 -1
    outer loop
      vertex -189.421 79.3494 126
      vertex -192.85 75 126
      vertex -189.492 79.56 126
    endloop
  endfacet
  facet normal -0 0 -1
    outer loop
      vertex -189.322 79.15 126
      vertex -192.85 75 126
      vertex -189.421 79.3494 126
    endloop
  endfacet
  facet normal -0 0 -1
    outer loop
      vertex -189.199 78.9651 126
      vertex -192.85 75 126
      vertex -189.322 79.15 126
    endloop
  endfacet
  facet normal -0 0 -1
    outer loop
      vertex -189.052 78.7979 126
      vertex -192.85 75 126
      vertex -189.199 78.9651 126
    endloop
  endfacet
  facet normal -0 0 -1
    outer loop
      vertex -188.885 78.6513 126
      vertex -192.85 75 126
      vertex -189.052 78.7979 126
    endloop
  endfacet
  facet normal -0 0 -1
    outer loop
      vertex -188.7 78.5278 126
      vertex -192.85 75 126
      vertex -188.885 78.6513 126
    endloop
  endfacet
  facet normal -0 0 -1
    outer loop
      vertex -188.501 78.4294 126
      vertex -192.85 75 126
      vertex -188.7 78.5278 126
    endloop
  endfacet
  facet normal 0 0 -1
    outer loop
      vertex -186.165 80.2219 126
      vertex -182.85 84 126
      vertex -186.15 80 126
    endloop
  endfacet
  facet normal 0 0 -1
    outer loop
      vertex -186.208 80.44 126
      vertex -182.85 84 126
      vertex -186.165 80.2219 126
    endloop
  endfacet
  facet normal 0 0 -1
    outer loop
      vertex -186.279 80.6506 126
      vertex -182.85 84 126
      vertex -186.208 80.44 126
    endloop
  endfacet
  facet normal 0 0 -1
    outer loop
      vertex -186.378 80.85 126
      vertex -182.85 84 126
      vertex -186.279 80.6506 126
    endloop
  endfacet
  facet normal 0 0 -1
    outer loop
      vertex -186.501 81.0349 126
      vertex -182.85 84 126
      vertex -186.378 80.85 126
    endloop
  endfacet
  facet normal 0 0 -1
    outer loop
      vertex -186.648 81.2021 126
      vertex -182.85 84 126
      vertex -186.501 81.0349 126
    endloop
  endfacet
  facet normal 0 0 -1
    outer loop
      vertex -186.815 81.3487 126
      vertex -182.85 84 126
      vertex -186.648 81.2021 126
    endloop
  endfacet
  facet normal 0 0 -1
    outer loop
      vertex -187 81.4722 126
      vertex -182.85 84 126
      vertex -186.815 81.3487 126
    endloop
  endfacet
  facet normal 0 0 -1
    outer loop
      vertex -187.199 81.5706 126
      vertex -182.85 84 126
      vertex -187 81.4722 126
    endloop
  endfacet
  facet normal 0 0 -1
    outer loop
      vertex -187.41 81.6421 126
      vertex -182.85 84 126
      vertex -187.199 81.5706 126
    endloop
  endfacet
  facet normal 0 0 -1
    outer loop
      vertex -187.628 81.6855 126
      vertex -182.85 84 126
      vertex -187.41 81.6421 126
    endloop
  endfacet
  facet normal 0 0 -1
    outer loop
      vertex -187.85 81.7 126
      vertex -182.85 84 126
      vertex -187.628 81.6855 126
    endloop
  endfacet
  facet normal 0 0 -1
    outer loop
      vertex -192.85 84 126
      vertex -187.85 81.7 126
      vertex -188.072 81.6855 126
    endloop
  endfacet
  facet normal 0 0 -1
    outer loop
      vertex -192.85 84 126
      vertex -188.072 81.6855 126
      vertex -188.29 81.6421 126
    endloop
  endfacet
  facet normal 0 0 -1
    outer loop
      vertex -192.85 84 126
      vertex -188.29 81.6421 126
      vertex -188.501 81.5706 126
    endloop
  endfacet
  facet normal 0 0 -1
    outer loop
      vertex -189.535 79.7781 126
      vertex -192.85 84 126
      vertex -189.55 80 126
    endloop
  endfacet
  facet normal 0 0 -1
    outer loop
      vertex -189.55 80 126
      vertex -192.85 84 126
      vertex -189.535 80.2219 126
    endloop
  endfacet
  facet normal 0 0 -1
    outer loop
      vertex -189.535 80.2219 126
      vertex -192.85 84 126
      vertex -189.492 80.44 126
    endloop
  endfacet
  facet normal 0 0 -1
    outer loop
      vertex -189.492 80.44 126
      vertex -192.85 84 126
      vertex -189.421 80.6506 126
    endloop
  endfacet
  facet normal 0 0 -1
    outer loop
      vertex -187.85 81.7 126
      vertex -192.85 84 126
      vertex -182.85 84 126
    endloop
  endfacet
  facet normal 0 0 -1
    outer loop
      vertex -188.7 81.4722 126
      vertex -192.85 84 126
      vertex -188.501 81.5706 126
    endloop
  endfacet
  facet normal 0 0 -1
    outer loop
      vertex -188.885 81.3487 126
      vertex -192.85 84 126
      vertex -188.7 81.4722 126
    endloop
  endfacet
  facet normal 0 0 -1
    outer loop
      vertex -189.052 81.2021 126
      vertex -192.85 84 126
      vertex -188.885 81.3487 126
    endloop
  endfacet
  facet normal 0 0 -1
    outer loop
      vertex -189.199 81.0349 126
      vertex -192.85 84 126
      vertex -189.052 81.2021 126
    endloop
  endfacet
  facet normal 0 0 -1
    outer loop
      vertex -189.322 80.85 126
      vertex -192.85 84 126
      vertex -189.199 81.0349 126
    endloop
  endfacet
  facet normal 0 0 -1
    outer loop
      vertex -189.421 80.6506 126
      vertex -192.85 84 126
      vertex -189.322 80.85 126
    endloop
  endfacet
  facet normal -1 0 0
    outer loop
      vertex -192.85 75 126
      vertex -192.85 84 128
      vertex -192.85 84 126
    endloop
  endfacet
  facet normal -1 -0 0
    outer loop
      vertex -192.85 84 128
      vertex -192.85 75 126
      vertex -192.85 75 128
    endloop
  endfacet
  facet normal 0 -1 0
    outer loop
      vertex -192.85 75 126
      vertex -182.85 75 128
      vertex -192.85 75 128
    endloop
  endfacet
  facet normal 0 -1 -0
    outer loop
      vertex -182.85 75 128
      vertex -192.85 75 126
      vertex -182.85 75 126
    endloop
  endfacet
  facet normal 1 -0 0
    outer loop
      vertex -146.85 -55 128
      vertex -146.85 -45 126
      vertex -146.85 -45 128
    endloop
  endfacet
  facet normal 1 0 0
    outer loop
      vertex -146.85 -45 126
      vertex -146.85 -55 128
      vertex -146.85 -55 126
    endloop
  endfacet
  facet normal 0 0 -1
    outer loop
      vertex -146.85 -55 126
      vertex -150.15 -50 126
      vertex -146.85 -45 126
    endloop
  endfacet
  facet normal 0 0 -1
    outer loop
      vertex -146.85 -55 126
      vertex -150.165 -50.2219 126
      vertex -150.15 -50 126
    endloop
  endfacet
  facet normal 0 0 -1
    outer loop
      vertex -146.85 -55 126
      vertex -150.208 -50.44 126
      vertex -150.165 -50.2219 126
    endloop
  endfacet
  facet normal 0 0 -1
    outer loop
      vertex -146.85 -55 126
      vertex -150.279 -50.6506 126
      vertex -150.208 -50.44 126
    endloop
  endfacet
  facet normal 0 0 -1
    outer loop
      vertex -146.85 -55 126
      vertex -150.378 -50.85 126
      vertex -150.279 -50.6506 126
    endloop
  endfacet
  facet normal 0 0 -1
    outer loop
      vertex -146.85 -55 126
      vertex -150.501 -51.0349 126
      vertex -150.378 -50.85 126
    endloop
  endfacet
  facet normal 0 0 -1
    outer loop
      vertex -146.85 -55 126
      vertex -150.648 -51.2021 126
      vertex -150.501 -51.0349 126
    endloop
  endfacet
  facet normal 0 0 -1
    outer loop
      vertex -146.85 -55 126
      vertex -150.815 -51.3487 126
      vertex -150.648 -51.2021 126
    endloop
  endfacet
  facet normal 0 0 -1
    outer loop
      vertex -146.85 -55 126
      vertex -151 -51.4722 126
      vertex -150.815 -51.3487 126
    endloop
  endfacet
  facet normal 0 0 -1
    outer loop
      vertex -146.85 -55 126
      vertex -151.199 -51.5706 126
      vertex -151 -51.4722 126
    endloop
  endfacet
  facet normal 0 0 -1
    outer loop
      vertex -146.85 -55 126
      vertex -151.41 -51.6421 126
      vertex -151.199 -51.5706 126
    endloop
  endfacet
  facet normal 0 0 -1
    outer loop
      vertex -146.85 -55 126
      vertex -151.628 -51.6855 126
      vertex -151.41 -51.6421 126
    endloop
  endfacet
  facet normal 0 0 -1
    outer loop
      vertex -146.85 -55 126
      vertex -151.85 -51.7 126
      vertex -151.628 -51.6855 126
    endloop
  endfacet
  facet normal 0 0 -1
    outer loop
      vertex -156.85 -55 126
      vertex -151.85 -51.7 126
      vertex -146.85 -55 126
    endloop
  endfacet
  facet normal -0 0 -1
    outer loop
      vertex -151.85 -51.7 126
      vertex -156.85 -55 126
      vertex -152.072 -51.6855 126
    endloop
  endfacet
  facet normal -0 0 -1
    outer loop
      vertex -152.072 -51.6855 126
      vertex -156.85 -55 126
      vertex -152.29 -51.6421 126
    endloop
  endfacet
  facet normal -0 0 -1
    outer loop
      vertex -152.29 -51.6421 126
      vertex -156.85 -55 126
      vertex -152.501 -51.5706 126
    endloop
  endfacet
  facet normal -0 0 -1
    outer loop
      vertex -153.535 -50.2219 126
      vertex -156.85 -55 126
      vertex -153.55 -50 126
    endloop
  endfacet
  facet normal -0 0 -1
    outer loop
      vertex -153.492 -50.44 126
      vertex -156.85 -55 126
      vertex -153.535 -50.2219 126
    endloop
  endfacet
  facet normal -0 0 -1
    outer loop
      vertex -153.421 -50.6506 126
      vertex -156.85 -55 126
      vertex -153.492 -50.44 126
    endloop
  endfacet
  facet normal -0 0 -1
    outer loop
      vertex -153.322 -50.85 126
      vertex -156.85 -55 126
      vertex -153.421 -50.6506 126
    endloop
  endfacet
  facet normal -0 0 -1
    outer loop
      vertex -153.199 -51.0349 126
      vertex -156.85 -55 126
      vertex -153.322 -50.85 126
    endloop
  endfacet
  facet normal -0 0 -1
    outer loop
      vertex -153.052 -51.2021 126
      vertex -156.85 -55 126
      vertex -153.199 -51.0349 126
    endloop
  endfacet
  facet normal -0 0 -1
    outer loop
      vertex -152.885 -51.3487 126
      vertex -156.85 -55 126
      vertex -153.052 -51.2021 126
    endloop
  endfacet
  facet normal -0 0 -1
    outer loop
      vertex -152.7 -51.4722 126
      vertex -156.85 -55 126
      vertex -152.885 -51.3487 126
    endloop
  endfacet
  facet normal -0 0 -1
    outer loop
      vertex -152.501 -51.5706 126
      vertex -156.85 -55 126
      vertex -152.7 -51.4722 126
    endloop
  endfacet
  facet normal 0 0 -1
    outer loop
      vertex -150.165 -49.7781 126
      vertex -146.85 -45 126
      vertex -150.15 -50 126
    endloop
  endfacet
  facet normal 0 0 -1
    outer loop
      vertex -150.208 -49.56 126
      vertex -146.85 -45 126
      vertex -150.165 -49.7781 126
    endloop
  endfacet
  facet normal 0 0 -1
    outer loop
      vertex -150.279 -49.3494 126
      vertex -146.85 -45 126
      vertex -150.208 -49.56 126
    endloop
  endfacet
  facet normal 0 0 -1
    outer loop
      vertex -150.378 -49.15 126
      vertex -146.85 -45 126
      vertex -150.279 -49.3494 126
    endloop
  endfacet
  facet normal 0 0 -1
    outer loop
      vertex -150.501 -48.9651 126
      vertex -146.85 -45 126
      vertex -150.378 -49.15 126
    endloop
  endfacet
  facet normal 0 0 -1
    outer loop
      vertex -150.648 -48.7979 126
      vertex -146.85 -45 126
      vertex -150.501 -48.9651 126
    endloop
  endfacet
  facet normal 0 0 -1
    outer loop
      vertex -150.815 -48.6513 126
      vertex -146.85 -45 126
      vertex -150.648 -48.7979 126
    endloop
  endfacet
  facet normal 0 0 -1
    outer loop
      vertex -151 -48.5278 126
      vertex -146.85 -45 126
      vertex -150.815 -48.6513 126
    endloop
  endfacet
  facet normal 0 0 -1
    outer loop
      vertex -151.199 -48.4294 126
      vertex -146.85 -45 126
      vertex -151 -48.5278 126
    endloop
  endfacet
  facet normal 0 0 -1
    outer loop
      vertex -151.41 -48.3579 126
      vertex -146.85 -45 126
      vertex -151.199 -48.4294 126
    endloop
  endfacet
  facet normal 0 0 -1
    outer loop
      vertex -151.628 -48.3145 126
      vertex -146.85 -45 126
      vertex -151.41 -48.3579 126
    endloop
  endfacet
  facet normal 0 0 -1
    outer loop
      vertex -151.85 -48.3 126
      vertex -146.85 -45 126
      vertex -151.628 -48.3145 126
    endloop
  endfacet
  facet normal 0 0 -1
    outer loop
      vertex -156.85 -45 126
      vertex -151.85 -48.3 126
      vertex -152.072 -48.3145 126
    endloop
  endfacet
  facet normal 0 0 -1
    outer loop
      vertex -156.85 -45 126
      vertex -152.072 -48.3145 126
      vertex -152.29 -48.3579 126
    endloop
  endfacet
  facet normal 0 0 -1
    outer loop
      vertex -156.85 -45 126
      vertex -152.29 -48.3579 126
      vertex -152.501 -48.4294 126
    endloop
  endfacet
  facet normal 0 0 -1
    outer loop
      vertex -156.85 -45 126
      vertex -152.501 -48.4294 126
      vertex -152.7 -48.5278 126
    endloop
  endfacet
  facet normal 0 0 -1
    outer loop
      vertex -156.85 -45 126
      vertex -153.55 -50 126
      vertex -156.85 -55 126
    endloop
  endfacet
  facet normal 0 0 -1
    outer loop
      vertex -153.55 -50 126
      vertex -156.85 -45 126
      vertex -153.535 -49.7781 126
    endloop
  endfacet
  facet normal 0 0 -1
    outer loop
      vertex -153.535 -49.7781 126
      vertex -156.85 -45 126
      vertex -153.492 -49.56 126
    endloop
  endfacet
  facet normal 0 0 -1
    outer loop
      vertex -153.492 -49.56 126
      vertex -156.85 -45 126
      vertex -153.421 -49.3494 126
    endloop
  endfacet
  facet normal 0 0 -1
    outer loop
      vertex -151.85 -48.3 126
      vertex -156.85 -45 126
      vertex -146.85 -45 126
    endloop
  endfacet
  facet normal 0 0 -1
    outer loop
      vertex -152.885 -48.6513 126
      vertex -156.85 -45 126
      vertex -152.7 -48.5278 126
    endloop
  endfacet
  facet normal 0 0 -1
    outer loop
      vertex -153.052 -48.7979 126
      vertex -156.85 -45 126
      vertex -152.885 -48.6513 126
    endloop
  endfacet
  facet normal 0 0 -1
    outer loop
      vertex -153.199 -48.9651 126
      vertex -156.85 -45 126
      vertex -153.052 -48.7979 126
    endloop
  endfacet
  facet normal 0 0 -1
    outer loop
      vertex -153.322 -49.15 126
      vertex -156.85 -45 126
      vertex -153.199 -48.9651 126
    endloop
  endfacet
  facet normal 0 0 -1
    outer loop
      vertex -153.421 -49.3494 126
      vertex -156.85 -45 126
      vertex -153.322 -49.15 126
    endloop
  endfacet
  facet normal -1 0 0
    outer loop
      vertex -156.85 -55 126
      vertex -156.85 -45 128
      vertex -156.85 -45 126
    endloop
  endfacet
  facet normal -1 -0 0
    outer loop
      vertex -156.85 -45 128
      vertex -156.85 -55 126
      vertex -156.85 -55 128
    endloop
  endfacet
  facet normal 0 1 -0
    outer loop
      vertex -146.85 -45 126
      vertex -156.85 -45 128
      vertex -146.85 -45 128
    endloop
  endfacet
  facet normal 0 1 0
    outer loop
      vertex -156.85 -45 128
      vertex -146.85 -45 126
      vertex -156.85 -45 126
    endloop
  endfacet
  facet normal 0 -1 0
    outer loop
      vertex -156.85 -55 126
      vertex -146.85 -55 128
      vertex -156.85 -55 128
    endloop
  endfacet
  facet normal 0 -1 -0
    outer loop
      vertex -146.85 -55 128
      vertex -156.85 -55 126
      vertex -146.85 -55 126
    endloop
  endfacet
  facet normal 1 -0 0
    outer loop
      vertex -146.85 75 128
      vertex -146.85 84 126
      vertex -146.85 84 128
    endloop
  endfacet
  facet normal 1 0 0
    outer loop
      vertex -146.85 84 126
      vertex -146.85 75 128
      vertex -146.85 75 126
    endloop
  endfacet
  facet normal 0 0 -1
    outer loop
      vertex -150.165 79.7781 126
      vertex -146.85 84 126
      vertex -146.85 75 126
    endloop
  endfacet
  facet normal 0 0 -1
    outer loop
      vertex -146.85 84 126
      vertex -150.165 79.7781 126
      vertex -150.15 80 126
    endloop
  endfacet
  facet normal 0 0 -1
    outer loop
      vertex -146.85 75 126
      vertex -150.208 79.56 126
      vertex -150.165 79.7781 126
    endloop
  endfacet
  facet normal 0 0 -1
    outer loop
      vertex -146.85 75 126
      vertex -150.279 79.3494 126
      vertex -150.208 79.56 126
    endloop
  endfacet
  facet normal 0 0 -1
    outer loop
      vertex -146.85 75 126
      vertex -150.378 79.15 126
      vertex -150.279 79.3494 126
    endloop
  endfacet
  facet normal 0 0 -1
    outer loop
      vertex -146.85 75 126
      vertex -150.501 78.9651 126
      vertex -150.378 79.15 126
    endloop
  endfacet
  facet normal 0 0 -1
    outer loop
      vertex -146.85 75 126
      vertex -150.648 78.7979 126
      vertex -150.501 78.9651 126
    endloop
  endfacet
  facet normal 0 0 -1
    outer loop
      vertex -146.85 75 126
      vertex -150.815 78.6513 126
      vertex -150.648 78.7979 126
    endloop
  endfacet
  facet normal 0 0 -1
    outer loop
      vertex -146.85 75 126
      vertex -151 78.5278 126
      vertex -150.815 78.6513 126
    endloop
  endfacet
  facet normal 0 0 -1
    outer loop
      vertex -146.85 75 126
      vertex -151.199 78.4294 126
      vertex -151 78.5278 126
    endloop
  endfacet
  facet normal 0 0 -1
    outer loop
      vertex -146.85 75 126
      vertex -151.41 78.3579 126
      vertex -151.199 78.4294 126
    endloop
  endfacet
  facet normal 0 0 -1
    outer loop
      vertex -146.85 75 126
      vertex -151.628 78.3145 126
      vertex -151.41 78.3579 126
    endloop
  endfacet
  facet normal 0 0 -1
    outer loop
      vertex -146.85 75 126
      vertex -151.85 78.3 126
      vertex -151.628 78.3145 126
    endloop
  endfacet
  facet normal 0 0 -1
    outer loop
      vertex -156.85 75 126
      vertex -151.85 78.3 126
      vertex -146.85 75 126
    endloop
  endfacet
  facet normal -0 0 -1
    outer loop
      vertex -151.85 78.3 126
      vertex -156.85 75 126
      vertex -152.072 78.3145 126
    endloop
  endfacet
  facet normal -0 0 -1
    outer loop
      vertex -152.072 78.3145 126
      vertex -156.85 75 126
      vertex -152.29 78.3579 126
    endloop
  endfacet
  facet normal -0 0 -1
    outer loop
      vertex -152.29 78.3579 126
      vertex -156.85 75 126
      vertex -152.501 78.4294 126
    endloop
  endfacet
  facet normal 0 0 -1
    outer loop
      vertex -156.85 84 126
      vertex -153.535 79.7781 126
      vertex -156.85 75 126
    endloop
  endfacet
  facet normal -0 0 -1
    outer loop
      vertex -153.492 79.56 126
      vertex -156.85 75 126
      vertex -153.535 79.7781 126
    endloop
  endfacet
  facet normal -0 0 -1
    outer loop
      vertex -153.421 79.3494 126
      vertex -156.85 75 126
      vertex -153.492 79.56 126
    endloop
  endfacet
  facet normal -0 0 -1
    outer loop
      vertex -153.322 79.15 126
      vertex -156.85 75 126
      vertex -153.421 79.3494 126
    endloop
  endfacet
  facet normal -0 0 -1
    outer loop
      vertex -153.199 78.9651 126
      vertex -156.85 75 126
      vertex -153.322 79.15 126
    endloop
  endfacet
  facet normal -0 0 -1
    outer loop
      vertex -153.052 78.7979 126
      vertex -156.85 75 126
      vertex -153.199 78.9651 126
    endloop
  endfacet
  facet normal -0 0 -1
    outer loop
      vertex -152.885 78.6513 126
      vertex -156.85 75 126
      vertex -153.052 78.7979 126
    endloop
  endfacet
  facet normal -0 0 -1
    outer loop
      vertex -152.7 78.5278 126
      vertex -156.85 75 126
      vertex -152.885 78.6513 126
    endloop
  endfacet
  facet normal -0 0 -1
    outer loop
      vertex -152.501 78.4294 126
      vertex -156.85 75 126
      vertex -152.7 78.5278 126
    endloop
  endfacet
  facet normal 0 0 -1
    outer loop
      vertex -150.165 80.2219 126
      vertex -146.85 84 126
      vertex -150.15 80 126
    endloop
  endfacet
  facet normal 0 0 -1
    outer loop
      vertex -150.208 80.44 126
      vertex -146.85 84 126
      vertex -150.165 80.2219 126
    endloop
  endfacet
  facet normal 0 0 -1
    outer loop
      vertex -150.279 80.6506 126
      vertex -146.85 84 126
      vertex -150.208 80.44 126
    endloop
  endfacet
  facet normal 0 0 -1
    outer loop
      vertex -150.378 80.85 126
      vertex -146.85 84 126
      vertex -150.279 80.6506 126
    endloop
  endfacet
  facet normal 0 0 -1
    outer loop
      vertex -150.501 81.0349 126
      vertex -146.85 84 126
      vertex -150.378 80.85 126
    endloop
  endfacet
  facet normal 0 0 -1
    outer loop
      vertex -150.648 81.2021 126
      vertex -146.85 84 126
      vertex -150.501 81.0349 126
    endloop
  endfacet
  facet normal 0 0 -1
    outer loop
      vertex -150.815 81.3487 126
      vertex -146.85 84 126
      vertex -150.648 81.2021 126
    endloop
  endfacet
  facet normal 0 0 -1
    outer loop
      vertex -151 81.4722 126
      vertex -146.85 84 126
      vertex -150.815 81.3487 126
    endloop
  endfacet
  facet normal 0 0 -1
    outer loop
      vertex -151.199 81.5706 126
      vertex -146.85 84 126
      vertex -151 81.4722 126
    endloop
  endfacet
  facet normal 0 0 -1
    outer loop
      vertex -151.41 81.6421 126
      vertex -146.85 84 126
      vertex -151.199 81.5706 126
    endloop
  endfacet
  facet normal 0 0 -1
    outer loop
      vertex -151.628 81.6855 126
      vertex -146.85 84 126
      vertex -151.41 81.6421 126
    endloop
  endfacet
  facet normal 0 0 -1
    outer loop
      vertex -151.85 81.7 126
      vertex -146.85 84 126
      vertex -151.628 81.6855 126
    endloop
  endfacet
  facet normal 0 0 -1
    outer loop
      vertex -156.85 84 126
      vertex -151.85 81.7 126
      vertex -152.072 81.6855 126
    endloop
  endfacet
  facet normal 0 0 -1
    outer loop
      vertex -156.85 84 126
      vertex -152.072 81.6855 126
      vertex -152.29 81.6421 126
    endloop
  endfacet
  facet normal 0 0 -1
    outer loop
      vertex -156.85 84 126
      vertex -152.29 81.6421 126
      vertex -152.501 81.5706 126
    endloop
  endfacet
  facet normal 0 0 -1
    outer loop
      vertex -153.535 79.7781 126
      vertex -156.85 84 126
      vertex -153.55 80 126
    endloop
  endfacet
  facet normal 0 0 -1
    outer loop
      vertex -153.55 80 126
      vertex -156.85 84 126
      vertex -153.535 80.2219 126
    endloop
  endfacet
  facet normal 0 0 -1
    outer loop
      vertex -153.535 80.2219 126
      vertex -156.85 84 126
      vertex -153.492 80.44 126
    endloop
  endfacet
  facet normal 0 0 -1
    outer loop
      vertex -153.492 80.44 126
      vertex -156.85 84 126
      vertex -153.421 80.6506 126
    endloop
  endfacet
  facet normal 0 0 -1
    outer loop
      vertex -151.85 81.7 126
      vertex -156.85 84 126
      vertex -146.85 84 126
    endloop
  endfacet
  facet normal 0 0 -1
    outer loop
      vertex -152.7 81.4722 126
      vertex -156.85 84 126
      vertex -152.501 81.5706 126
    endloop
  endfacet
  facet normal 0 0 -1
    outer loop
      vertex -152.885 81.3487 126
      vertex -156.85 84 126
      vertex -152.7 81.4722 126
    endloop
  endfacet
  facet normal 0 0 -1
    outer loop
      vertex -153.052 81.2021 126
      vertex -156.85 84 126
      vertex -152.885 81.3487 126
    endloop
  endfacet
  facet normal 0 0 -1
    outer loop
      vertex -153.199 81.0349 126
      vertex -156.85 84 126
      vertex -153.052 81.2021 126
    endloop
  endfacet
  facet normal 0 0 -1
    outer loop
      vertex -153.322 80.85 126
      vertex -156.85 84 126
      vertex -153.199 81.0349 126
    endloop
  endfacet
  facet normal 0 0 -1
    outer loop
      vertex -153.421 80.6506 126
      vertex -156.85 84 126
      vertex -153.322 80.85 126
    endloop
  endfacet
  facet normal -1 0 0
    outer loop
      vertex -156.85 75 126
      vertex -156.85 84 128
      vertex -156.85 84 126
    endloop
  endfacet
  facet normal -1 -0 0
    outer loop
      vertex -156.85 84 128
      vertex -156.85 75 126
      vertex -156.85 75 128
    endloop
  endfacet
  facet normal 0 -1 0
    outer loop
      vertex -156.85 75 126
      vertex -146.85 75 128
      vertex -156.85 75 128
    endloop
  endfacet
  facet normal 0 -1 -0
    outer loop
      vertex -146.85 75 128
      vertex -156.85 75 126
      vertex -146.85 75 126
    endloop
  endfacet
endsolid OpenSCAD_Model
