solid OpenSCAD_Model
  facet normal 0 0 -1
    outer loop
      vertex -26 2.16512 3
      vertex -20.5 -26.3357 3
      vertex -20.999 -27.059 3
    endloop
  endfacet
  facet normal 0 0 -1
    outer loop
      vertex -20.5 -26.3357 3
      vertex -26 2.16512 3
      vertex -20.5 0.531156 3
    endloop
  endfacet
  facet normal -0 -0 -1
    outer loop
      vertex -24.56 1.99105 3
      vertex -20.5 0.531156 3
      vertex -24.9067 2.03328 3
    endloop
  endfacet
  facet normal 0 0 -1
    outer loop
      vertex -26 2.16512 3
      vertex -20.999 -27.059 3
      vertex -21.4051 -27.62 3
    endloop
  endfacet
  facet normal 0 0 -1
    outer loop
      vertex -26 2.16512 3
      vertex -21.4051 -27.62 3
      vertex -21.56 -27.8262 3
    endloop
  endfacet
  facet normal -0 -0 -1
    outer loop
      vertex -22.4334 1.50661 3
      vertex -20.5 0.531156 3
      vertex -24.56 1.99105 3
    endloop
  endfacet
  facet normal 0 0 -1
    outer loop
      vertex -20.5 0.531156 3
      vertex -22.4334 1.50661 3
      vertex -21.0416 0.88 3
    endloop
  endfacet
  facet normal 0 0 -1
    outer loop
      vertex -26 2.16512 3
      vertex -21.56 -27.8262 3
      vertex -22.5288 -29.12 3
    endloop
  endfacet
  facet normal 0 0 -1
    outer loop
      vertex -26 2.16512 3
      vertex -22.5288 -29.12 3
      vertex -23.06 -29.8234 3
    endloop
  endfacet
  facet normal 0 0 -1
    outer loop
      vertex -21.3756 1.06438 3
      vertex -22.4334 1.50661 3
      vertex -21.56 1.17765 3
    endloop
  endfacet
  facet normal 0 0 -1
    outer loop
      vertex -22.4334 1.50661 3
      vertex -23.6027 1.83728 3
      vertex -23.06 1.73823 3
    endloop
  endfacet
  facet normal 0 0 -1
    outer loop
      vertex -26 2.16512 3
      vertex -23.06 -29.8234 3
      vertex -23.685 -30.62 3
    endloop
  endfacet
  facet normal 0 0 -1
    outer loop
      vertex -26 2.16512 3
      vertex -23.685 -30.62 3
      vertex -24.56 -31.7403 3
    endloop
  endfacet
  facet normal 0 0 -1
    outer loop
      vertex -22.4334 1.50661 3
      vertex -24.56 1.99105 3
      vertex -23.6027 1.83728 3
    endloop
  endfacet
  facet normal 0 0 -1
    outer loop
      vertex -26 2.16512 3
      vertex -24.56 -31.7403 3
      vertex -24.879 -32.12 3
    endloop
  endfacet
  facet normal 0 0 -1
    outer loop
      vertex -21.0416 0.88 3
      vertex -22.4334 1.50661 3
      vertex -21.3756 1.06438 3
    endloop
  endfacet
  facet normal 0 0 -1
    outer loop
      vertex -26 2.16512 3
      vertex -24.879 -32.12 3
      vertex -26 -33.5101 3
    endloop
  endfacet
  facet normal 0 0 -1
    outer loop
      vertex -20.5 0.531156 3
      vertex -26 2.16512 3
      vertex -24.9067 2.03328 3
    endloop
  endfacet
  facet normal -1 0 0
    outer loop
      vertex -26 2.16512 3
      vertex -26 0.88 3.26688
      vertex -26 0.94 3.25444
    endloop
  endfacet
  facet normal -1 0 0
    outer loop
      vertex -26 -12.56 4.45574
      vertex -26 0.88 3.26688
      vertex -26 2.16512 3
    endloop
  endfacet
  facet normal -1 0 0
    outer loop
      vertex -26 0.88 3.26688
      vertex -26 -11.12 4.48559
      vertex -26 -0.56 3.56496
    endloop
  endfacet
  facet normal -1 0 0
    outer loop
      vertex -26 -0.56 3.56496
      vertex -26 -11.12 4.48559
      vertex -26 -0.62 3.57723
    endloop
  endfacet
  facet normal -1 0 0
    outer loop
      vertex -26 -0.62 3.57723
      vertex -26 -11.12 4.48559
      vertex -26 -1.49079 3.75761
    endloop
  endfacet
  facet normal -1 0 0
    outer loop
      vertex -26 -1.49079 3.75761
      vertex -26 -11.12 4.48559
      vertex -26 -1.53457 3.76588
    endloop
  endfacet
  facet normal -1 0 -0
    outer loop
      vertex -26 -9.62 4.5168
      vertex -26 -1.53457 3.76588
      vertex -26 -11.06 4.48729
    endloop
  endfacet
  facet normal -1 0 0
    outer loop
      vertex -26 -1.53457 3.76588
      vertex -26 -2.28457 3.91945
      vertex -26 -2.25457 3.91427
    endloop
  endfacet
  facet normal -1 0 0
    outer loop
      vertex -26 -2.28457 3.91945
      vertex -26 -9.62 4.5168
      vertex -26 -3.57377 4.16481
    endloop
  endfacet
  facet normal -1 0 -0
    outer loop
      vertex -26 -9.56 4.5192
      vertex -26 -3.57377 4.16481
      vertex -26 -9.62 4.5168
    endloop
  endfacet
  facet normal -1 0 -0
    outer loop
      vertex -26 -8.06 4.56116
      vertex -26 -3.62 4.17279
      vertex -26 -8.12 4.56042
    endloop
  endfacet
  facet normal -1 0 -0
    outer loop
      vertex -26 -6.56 4.57494
      vertex -26 -5.06 4.43025
      vertex -26 -8.06 4.56116
    endloop
  endfacet
  facet normal -1 0 0
    outer loop
      vertex -26 -5.06 4.43025
      vertex -26 -6.56 4.57494
      vertex -26 -5.12 4.44094
    endloop
  endfacet
  facet normal -1 -0 0
    outer loop
      vertex -26 -6.56 4.57494
      vertex -26 -8.06 4.56116
      vertex -26 -6.62 4.5812
    endloop
  endfacet
  facet normal -1 0 0
    outer loop
      vertex -26 -3.62 4.17279
      vertex -26 -8.06 4.56116
      vertex -26 -5.06 4.43025
    endloop
  endfacet
  facet normal -1 0 0
    outer loop
      vertex -26 -3.62 4.17279
      vertex -26 -9.56 4.5192
      vertex -26 -8.12 4.56042
    endloop
  endfacet
  facet normal -1 0 0
    outer loop
      vertex -26 -3.57377 4.16481
      vertex -26 -9.56 4.5192
      vertex -26 -3.62 4.17279
    endloop
  endfacet
  facet normal -1 -0 -0
    outer loop
      vertex -26 -2.28457 3.91945
      vertex -26 -1.53457 3.76588
      vertex -26 -9.62 4.5168
    endloop
  endfacet
  facet normal -1 0 0
    outer loop
      vertex -26 -1.53457 3.76588
      vertex -26 -11.12 4.48559
      vertex -26 -11.06 4.48729
    endloop
  endfacet
  facet normal -1 0 0
    outer loop
      vertex -26 0.88 3.26688
      vertex -26 -12.56 4.45574
      vertex -26 -11.12 4.48559
    endloop
  endfacet
  facet normal -1 0 0
    outer loop
      vertex -26 2.16512 3
      vertex -26 -12.62 4.45453
      vertex -26 -12.56 4.45574
    endloop
  endfacet
  facet normal -1 0 0
    outer loop
      vertex -26 2.16512 3
      vertex -26 -14.06 4.4037
      vertex -26 -12.62 4.45453
    endloop
  endfacet
  facet normal -1 0 0
    outer loop
      vertex -26 2.16512 3
      vertex -26 -14.12 4.40161
      vertex -26 -14.06 4.4037
    endloop
  endfacet
  facet normal -1 0 0
    outer loop
      vertex -26 2.16512 3
      vertex -26 -15.56 4.32356
      vertex -26 -14.12 4.40161
    endloop
  endfacet
  facet normal -1 0 0
    outer loop
      vertex -26 2.16512 3
      vertex -26 -15.62 4.31992
      vertex -26 -15.56 4.32356
    endloop
  endfacet
  facet normal -1 0 0
    outer loop
      vertex -26 2.16512 3
      vertex -26 -17.06 4.23354
      vertex -26 -15.62 4.31992
    endloop
  endfacet
  facet normal -1 0 0
    outer loop
      vertex -26 2.16512 3
      vertex -26 -17.12 4.22935
      vertex -26 -17.06 4.23354
    endloop
  endfacet
  facet normal -1 0 0
    outer loop
      vertex -26 2.16512 3
      vertex -26 -18.56 4.14611
      vertex -26 -17.12 4.22935
    endloop
  endfacet
  facet normal -1 0 0
    outer loop
      vertex -26 2.16512 3
      vertex -26 -18.62 4.14153
      vertex -26 -18.56 4.14611
    endloop
  endfacet
  facet normal -1 0 0
    outer loop
      vertex -26 2.16512 3
      vertex -26 -20.06 4.06566
      vertex -26 -18.62 4.14153
    endloop
  endfacet
  facet normal -1 0 0
    outer loop
      vertex -26 2.16512 3
      vertex -26 -20.1207 4.06186
      vertex -26 -20.06 4.06566
    endloop
  endfacet
  facet normal -1 0 0
    outer loop
      vertex -26 2.16512 3
      vertex -26 -21.5646 3.98117
      vertex -26 -20.1207 4.06186
    endloop
  endfacet
  facet normal -1 0 0
    outer loop
      vertex -26 2.16512 3
      vertex -26 -21.62 3.97761
      vertex -26 -21.5646 3.98117
    endloop
  endfacet
  facet normal -1 0 0
    outer loop
      vertex -26 2.16512 3
      vertex -26 -22.5556 3.92123
      vertex -26 -21.62 3.97761
    endloop
  endfacet
  facet normal -1 0 0
    outer loop
      vertex -26 2.16512 3
      vertex -26 -23.1078 3.88735
      vertex -26 -22.5556 3.92123
    endloop
  endfacet
  facet normal -1 0 0
    outer loop
      vertex -26 2.16512 3
      vertex -26 -23.1411 3.88503
      vertex -26 -23.1078 3.88735
    endloop
  endfacet
  facet normal -1 0 0
    outer loop
      vertex -26 2.16512 3
      vertex -26 -23.2197 3.88033
      vertex -26 -23.1411 3.88503
    endloop
  endfacet
  facet normal -1 0 0
    outer loop
      vertex -26 2.16512 3
      vertex -26 -24.1866 3.8195
      vertex -26 -23.2197 3.88033
    endloop
  endfacet
  facet normal -1 0 0
    outer loop
      vertex -26 2.16512 3
      vertex -26 -24.62 3.79163
      vertex -26 -24.1866 3.8195
    endloop
  endfacet
  facet normal -1 0 0
    outer loop
      vertex -26 2.16512 3
      vertex -26 -24.8789 3.77227
      vertex -26 -24.62 3.79163
    endloop
  endfacet
  facet normal -1 0 0
    outer loop
      vertex -26 2.16512 3
      vertex -26 -25.5544 3.72204
      vertex -26 -24.8789 3.77227
    endloop
  endfacet
  facet normal -1 0 0
    outer loop
      vertex -26 2.16512 3
      vertex -26 -25.8996 3.69489
      vertex -26 -25.5544 3.72204
    endloop
  endfacet
  facet normal -1 0 0
    outer loop
      vertex -26 2.16512 3
      vertex -26 -26.0504 3.68435
      vertex -26 -25.8996 3.69489
    endloop
  endfacet
  facet normal -1 0 0
    outer loop
      vertex -26 2.16512 3
      vertex -26 -27.56 3.57192
      vertex -26 -26.0504 3.68435
    endloop
  endfacet
  facet normal -1 0 0
    outer loop
      vertex -26 2.16512 3
      vertex -26 -27.62 3.56776
      vertex -26 -27.56 3.57192
    endloop
  endfacet
  facet normal -1 0 0
    outer loop
      vertex -26 2.16512 3
      vertex -26 -29.06 3.45948
      vertex -26 -27.62 3.56776
    endloop
  endfacet
  facet normal -1 0 0
    outer loop
      vertex -26 2.16512 3
      vertex -26 -29.12 3.45476
      vertex -26 -29.06 3.45948
    endloop
  endfacet
  facet normal -1 0 0
    outer loop
      vertex -26 2.16512 3
      vertex -26 -30.56 3.3259
      vertex -26 -29.12 3.45476
    endloop
  endfacet
  facet normal -1 0 0
    outer loop
      vertex -26 2.16512 3
      vertex -26 -30.62 3.31973
      vertex -26 -30.56 3.3259
    endloop
  endfacet
  facet normal -1 0 0
    outer loop
      vertex -26 2.16512 3
      vertex -26 -32.06 3.16562
      vertex -26 -30.62 3.31973
    endloop
  endfacet
  facet normal -1 0 0
    outer loop
      vertex -26 2.16512 3
      vertex -26 -32.12 3.15849
      vertex -26 -32.06 3.16562
    endloop
  endfacet
  facet normal -1 0 -0
    outer loop
      vertex -26 -32.12 3.15849
      vertex -26 2.16512 3
      vertex -26 -33.5101 3
    endloop
  endfacet
  facet normal 0.139107 -0.112178 0.983903
    outer loop
      vertex -24.879 -32.12 3
      vertex -26 -32.12 3.15849
      vertex -26 -33.5101 3
    endloop
  endfacet
  facet normal 0.112377 -0.0740974 0.990899
    outer loop
      vertex -25.692 -24.62 3.7567
      vertex -26 -24.62 3.79163
      vertex -26 -24.8789 3.77227
    endloop
  endfacet
  facet normal 0.112036 -0.0736881 0.990968
    outer loop
      vertex -25.692 -24.62 3.7567
      vertex -26 -24.8789 3.77227
      vertex -26 -25.5544 3.72204
    endloop
  endfacet
  facet normal 0.111128 -0.0623775 0.991847
    outer loop
      vertex -26 -23.2197 3.88033
      vertex -25.401 -23.5992 3.78935
      vertex -25.9646 -23.1075 3.88342
    endloop
  endfacet
  facet normal 0.111115 -0.0623995 0.991847
    outer loop
      vertex -25.401 -23.5992 3.78935
      vertex -26 -23.2197 3.88033
      vertex -26 -24.1866 3.8195
    endloop
  endfacet
  facet normal 0.112449 -0.0637721 0.991609
    outer loop
      vertex -26 -24.1866 3.8195
      vertex -25.692 -24.62 3.7567
      vertex -25.401 -23.5992 3.78935
    endloop
  endfacet
  facet normal 0.112457 -0.0637659 0.991608
    outer loop
      vertex -25.692 -24.62 3.7567
      vertex -26 -24.1866 3.8195
      vertex -26 -24.62 3.79163
    endloop
  endfacet
  facet normal 0.110654 -0.0690744 0.991456
    outer loop
      vertex -25.9646 -23.1075 3.88342
      vertex -26 -23.1078 3.88735
      vertex -26 -23.1411 3.88503
    endloop
  endfacet
  facet normal 0.101527 -0.0593814 0.993059
    outer loop
      vertex -25.9646 -23.1075 3.88342
      vertex -26 -23.1411 3.88503
      vertex -26 -23.2197 3.88033
    endloop
  endfacet
  facet normal 0.110644 -0.0608634 0.991995
    outer loop
      vertex -25.9646 -23.1075 3.88342
      vertex -26 -22.5556 3.92123
      vertex -26 -23.1078 3.88735
    endloop
  endfacet
  facet normal 0.127852 -0.10554 0.986162
    outer loop
      vertex -24.56 -30.62 3.13304
      vertex -26 -30.62 3.31973
      vertex -26 -32.06 3.16562
    endloop
  endfacet
  facet normal 0.139029 -0.11678 0.983379
    outer loop
      vertex -26 -32.06 3.16562
      vertex -24.56 -31.7403 3
      vertex -24.56 -30.62 3.13304
    endloop
  endfacet
  facet normal 0.139035 -0.116808 0.983374
    outer loop
      vertex -24.56 -31.7403 3
      vertex -26 -32.06 3.16562
      vertex -24.879 -32.12 3
    endloop
  endfacet
  facet normal 0.139031 -0.116857 0.983369
    outer loop
      vertex -24.879 -32.12 3
      vertex -26 -32.06 3.16562
      vertex -26 -32.12 3.15849
    endloop
  endfacet
  facet normal 0.115161 -0.088537 0.989393
    outer loop
      vertex -24.56 -29.12 3.28715
      vertex -26 -29.12 3.45476
      vertex -26 -30.56 3.3259
    endloop
  endfacet
  facet normal 0.127911 -0.101362 0.986592
    outer loop
      vertex -26 -30.56 3.3259
      vertex -24.56 -30.62 3.13304
      vertex -24.56 -29.12 3.28715
    endloop
  endfacet
  facet normal 0.127906 -0.101454 0.986584
    outer loop
      vertex -24.56 -30.62 3.13304
      vertex -26 -30.56 3.3259
      vertex -26 -30.62 3.31973
    endloop
  endfacet
  facet normal 0.111939 -0.0745115 0.990918
    outer loop
      vertex -24.56 -27.62 3.40509
      vertex -26 -27.62 3.56776
      vertex -26 -29.06 3.45948
    endloop
  endfacet
  facet normal 0.115266 -0.0778623 0.990278
    outer loop
      vertex -26 -29.06 3.45948
      vertex -24.56 -29.12 3.28715
      vertex -24.56 -27.62 3.40509
    endloop
  endfacet
  facet normal 0.115264 -0.0779017 0.990275
    outer loop
      vertex -24.56 -29.12 3.28715
      vertex -26 -29.06 3.45948
      vertex -26 -29.12 3.45476
    endloop
  endfacet
  facet normal 0.11694 -0.0737614 0.990396
    outer loop
      vertex -24.56 -26.12 3.50914
      vertex -26 -26.0504 3.68435
      vertex -26 -27.56 3.57192
    endloop
  endfacet
  facet normal 0.111984 -0.0687651 0.991328
    outer loop
      vertex -26 -27.56 3.57192
      vertex -24.56 -27.62 3.40509
      vertex -24.56 -26.12 3.50914
    endloop
  endfacet
  facet normal 0.111986 -0.0687322 0.99133
    outer loop
      vertex -24.56 -27.62 3.40509
      vertex -26 -27.56 3.57192
      vertex -26 -27.62 3.56776
    endloop
  endfacet
  facet normal 0.124726 -0.0778028 0.989136
    outer loop
      vertex -26 -25.5544 3.72204
      vertex -24.56 -24.62 3.61396
      vertex -25.692 -24.62 3.7567
    endloop
  endfacet
  facet normal 0.124721 -0.0777957 0.989137
    outer loop
      vertex -24.56 -24.62 3.61396
      vertex -26 -25.5544 3.72204
      vertex -26 -25.8996 3.69489
    endloop
  endfacet
  facet normal 0.117197 -0.0692296 0.990693
    outer loop
      vertex -26 -25.8996 3.69489
      vertex -24.56 -26.12 3.50914
      vertex -24.56 -24.62 3.61396
    endloop
  endfacet
  facet normal 0.117194 -0.0692433 0.990692
    outer loop
      vertex -24.56 -26.12 3.50914
      vertex -26 -25.8996 3.69489
      vertex -26 -26.0504 3.68435
    endloop
  endfacet
  facet normal 0.138035 -0.070947 0.987883
    outer loop
      vertex -24.6589 -23.1075 3.72097
      vertex -25.401 -23.5992 3.78935
      vertex -25.692 -24.62 3.7567
    endloop
  endfacet
  facet normal 0.124865 -0.0618953 0.990241
    outer loop
      vertex -24.56 -24.62 3.61396
      vertex -24.6589 -23.1075 3.72097
      vertex -25.692 -24.62 3.7567
    endloop
  endfacet
  facet normal 0.128646 -0.042097 0.990797
    outer loop
      vertex -25.401 -23.5992 3.78935
      vertex -25.2248 -22.5992 3.80896
      vertex -25.9646 -23.1075 3.88342
    endloop
  endfacet
  facet normal 0.118104 -0.0402666 0.992185
    outer loop
      vertex -24.6589 -23.1075 3.72097
      vertex -25.2248 -22.5992 3.80896
      vertex -25.401 -23.5992 3.78935
    endloop
  endfacet
  facet normal 0.103344 -0.0626359 0.992672
    outer loop
      vertex -24.1763 -21.62 3.76159
      vertex -24.9263 -21.62 3.83967
      vertex -25.2248 -22.5992 3.80896
    endloop
  endfacet
  facet normal 0.100709 -0.0597934 0.993118
    outer loop
      vertex -24.6589 -23.1075 3.72097
      vertex -24.1763 -21.62 3.76159
      vertex -25.2248 -22.5992 3.80896
    endloop
  endfacet
  facet normal 0.127197 -0.0596631 0.990081
    outer loop
      vertex -26 -22.5556 3.92123
      vertex -24.9263 -21.62 3.83967
      vertex -26 -21.62 3.97761
    endloop
  endfacet
  facet normal 0.127203 -0.0596701 0.99008
    outer loop
      vertex -24.9263 -21.62 3.83967
      vertex -26 -22.5556 3.92123
      vertex -25.9646 -23.1075 3.88342
    endloop
  endfacet
  facet normal 0.152301 -0.0773289 0.985304
    outer loop
      vertex -25.2248 -22.5992 3.80896
      vertex -24.9263 -21.62 3.83967
      vertex -25.9646 -23.1075 3.88342
    endloop
  endfacet
  facet normal 0.0949662 -0.053501 0.994042
    outer loop
      vertex -23.8836 -20.6506 3.79223
      vertex -24.4542 -20.1384 3.87431
      vertex -24.9263 -21.62 3.83967
    endloop
  endfacet
  facet normal 0.103344 -0.0625793 0.992675
    outer loop
      vertex -24.1763 -21.62 3.76159
      vertex -23.8836 -20.6506 3.79223
      vertex -24.9263 -21.62 3.83967
    endloop
  endfacet
  facet normal 0.119635 -0.0553956 0.991271
    outer loop
      vertex -24.4542 -20.1384 3.87431
      vertex -26 -20.1207 4.06186
      vertex -26 -21.5646 3.98117
    endloop
  endfacet
  facet normal 0.127163 -0.063662 0.989837
    outer loop
      vertex -26 -21.5646 3.98117
      vertex -24.9263 -21.62 3.83967
      vertex -24.4542 -20.1384 3.87431
    endloop
  endfacet
  facet normal 0.127166 -0.063607 0.98984
    outer loop
      vertex -24.9263 -21.62 3.83967
      vertex -26 -21.5646 3.98117
      vertex -26 -21.62 3.97761
    endloop
  endfacet
  facet normal 0.149293 -0.116604 0.981894
    outer loop
      vertex -23.685 -30.62 3
      vertex -24.56 -30.62 3.13304
      vertex -24.56 -31.7403 3
    endloop
  endfacet
  facet normal 0.13357 -0.101286 0.98585
    outer loop
      vertex -23.06 -29.12 3.08392
      vertex -24.56 -29.12 3.28715
      vertex -24.56 -30.62 3.13304
    endloop
  endfacet
  facet normal 0.14929 -0.117138 0.98183
    outer loop
      vertex -24.56 -30.62 3.13304
      vertex -23.06 -29.8234 3
      vertex -23.06 -29.12 3.08392
    endloop
  endfacet
  facet normal 0.149284 -0.117126 0.981833
    outer loop
      vertex -23.06 -29.8234 3
      vertex -24.56 -30.62 3.13304
      vertex -23.685 -30.62 3
    endloop
  endfacet
  facet normal 0.117001 -0.0778464 0.990076
    outer loop
      vertex -23.06 -27.62 3.22783
      vertex -24.56 -27.62 3.40509
      vertex -24.56 -29.12 3.28715
    endloop
  endfacet
  facet normal 0.133657 -0.0946446 0.986498
    outer loop
      vertex -23.06 -29.12 3.08392
      vertex -23.06 -27.62 3.22783
      vertex -24.56 -29.12 3.28715
    endloop
  endfacet
  facet normal 0.110525 -0.0687764 0.991491
    outer loop
      vertex -23.06 -26.12 3.34193
      vertex -24.56 -26.12 3.50914
      vertex -24.56 -27.62 3.40509
    endloop
  endfacet
  facet normal 0.117023 -0.0753264 0.990268
    outer loop
      vertex -23.06 -27.62 3.22783
      vertex -23.06 -26.12 3.34193
      vertex -24.56 -27.62 3.40509
    endloop
  endfacet
  facet normal 0.106405 -0.0693143 0.991904
    outer loop
      vertex -23.06 -24.62 3.45305
      vertex -24.56 -24.62 3.61396
      vertex -24.56 -26.12 3.50914
    endloop
  endfacet
  facet normal 0.110488 -0.0734252 0.991161
    outer loop
      vertex -23.06 -26.12 3.34193
      vertex -23.06 -24.62 3.45305
      vertex -24.56 -26.12 3.50914
    endloop
  endfacet
  facet normal 0.0981053 -0.0638491 0.993126
    outer loop
      vertex -24.56 -24.62 3.61396
      vertex -23.06 -23.12 3.56222
      vertex -24.6589 -23.1075 3.72097
    endloop
  endfacet
  facet normal 0.106383 -0.0721761 0.991702
    outer loop
      vertex -23.06 -24.62 3.45305
      vertex -23.06 -23.12 3.56222
      vertex -24.56 -24.62 3.61396
    endloop
  endfacet
  facet normal 0.0841834 -0.0544821 0.99496
    outer loop
      vertex -23.06 -21.62 3.66714
      vertex -24.1763 -21.62 3.76159
      vertex -24.6589 -23.1075 3.72097
    endloop
  endfacet
  facet normal 0.0980251 -0.0694401 0.992758
    outer loop
      vertex -23.06 -23.12 3.56222
      vertex -23.06 -21.62 3.66714
      vertex -24.6589 -23.1075 3.72097
    endloop
  endfacet
  facet normal 0.0699914 -0.0526189 0.996159
    outer loop
      vertex -23.0633 -20.1384 3.76165
      vertex -23.8836 -20.6506 3.79223
      vertex -24.1763 -21.62 3.76159
    endloop
  endfacet
  facet normal 0.0841398 -0.0632474 0.994445
    outer loop
      vertex -23.06 -21.62 3.66714
      vertex -23.0633 -20.1384 3.76165
      vertex -24.1763 -21.62 3.76159
    endloop
  endfacet
  facet normal 0.0988877 -0.0491075 0.993886
    outer loop
      vertex -23.8836 -20.6506 3.79223
      vertex -23.5654 -19.6506 3.80998
      vertex -24.4542 -20.1384 3.87431
    endloop
  endfacet
  facet normal 0.0602031 -0.0368623 0.997505
    outer loop
      vertex -23.0633 -20.1384 3.76165
      vertex -23.5654 -19.6506 3.80998
      vertex -23.8836 -20.6506 3.79223
    endloop
  endfacet
  facet normal 0.154974 -0.117035 0.980962
    outer loop
      vertex -22.5288 -29.12 3
      vertex -23.06 -29.12 3.08392
      vertex -23.06 -29.8234 3
    endloop
  endfacet
  facet normal 0.133786 -0.0946429 0.986481
    outer loop
      vertex -21.56 -27.62 3.0244
      vertex -23.06 -27.62 3.22783
      vertex -23.06 -29.12 3.08392
    endloop
  endfacet
  facet normal 0.15502 -0.116091 0.981067
    outer loop
      vertex -23.06 -29.12 3.08392
      vertex -21.56 -27.8262 3
      vertex -21.56 -27.62 3.0244
    endloop
  endfacet
  facet normal 0.154992 -0.116058 0.981075
    outer loop
      vertex -21.56 -27.8262 3
      vertex -23.06 -29.12 3.08392
      vertex -22.5288 -29.12 3
    endloop
  endfacet
  facet normal 0.11387 -0.0753542 0.990634
    outer loop
      vertex -21.56 -26.12 3.16951
      vertex -23.06 -26.12 3.34193
      vertex -23.06 -27.62 3.22783
    endloop
  endfacet
  facet normal 0.133776 -0.095425 0.986407
    outer loop
      vertex -21.56 -27.62 3.0244
      vertex -21.56 -26.12 3.16951
      vertex -23.06 -27.62 3.22783
    endloop
  endfacet
  facet normal 0.105386 -0.0734662 0.991714
    outer loop
      vertex -21.56 -24.62 3.29365
      vertex -23.06 -24.62 3.45305
      vertex -23.06 -26.12 3.34193
    endloop
  endfacet
  facet normal 0.113811 -0.0819421 0.990117
    outer loop
      vertex -21.56 -26.12 3.16951
      vertex -21.56 -24.62 3.29365
      vertex -23.06 -26.12 3.34193
    endloop
  endfacet
  facet normal 0.0990669 -0.0722309 0.992456
    outer loop
      vertex -21.56 -23.12 3.41249
      vertex -23.06 -23.12 3.56222
      vertex -23.06 -24.62 3.45305
    endloop
  endfacet
  facet normal 0.105345 -0.0785397 0.991329
    outer loop
      vertex -21.56 -24.62 3.29365
      vertex -21.56 -23.12 3.41249
      vertex -23.06 -24.62 3.45305
    endloop
  endfacet
  facet normal 0.093066 -0.0694734 0.993233
    outer loop
      vertex -21.56 -21.62 3.52659
      vertex -23.06 -21.62 3.66714
      vertex -23.06 -23.12 3.56222
    endloop
  endfacet
  facet normal 0.0990431 -0.0754746 0.992217
    outer loop
      vertex -21.56 -23.12 3.41249
      vertex -21.56 -21.62 3.52659
      vertex -23.06 -23.12 3.56222
    endloop
  endfacet
  facet normal 0.0810294 -0.0632707 0.994701
    outer loop
      vertex -23.06 -21.62 3.66714
      vertex -21.56 -20.12 3.64036
      vertex -23.0633 -20.1384 3.76165
    endloop
  endfacet
  facet normal 0.0930265 -0.0753015 0.992812
    outer loop
      vertex -21.56 -21.62 3.52659
      vertex -21.56 -20.12 3.64036
      vertex -23.06 -21.62 3.66714
    endloop
  endfacet
  facet normal 0.15455 -0.1161 0.98114
    outer loop
      vertex -21.4051 -27.62 3
      vertex -21.56 -27.62 3.0244
      vertex -21.56 -27.8262 3
    endloop
  endfacet
  facet normal 0.138244 -0.095335 0.985799
    outer loop
      vertex -21.56 -26.12 3.16951
      vertex -20.5 -26.3357 3
      vertex -20.5 -26.12 3.02086
    endloop
  endfacet
  facet normal 0.138237 -0.0953689 0.985797
    outer loop
      vertex -20.5 -26.3357 3
      vertex -21.56 -26.12 3.16951
      vertex -20.999 -27.059 3
    endloop
  endfacet
  facet normal 0.138242 -0.0953659 0.985796
    outer loop
      vertex -20.999 -27.059 3
      vertex -21.56 -26.12 3.16951
      vertex -21.56 -27.62 3.0244
    endloop
  endfacet
  facet normal 0.154625 -0.111931 0.981612
    outer loop
      vertex -21.4051 -27.62 3
      vertex -20.999 -27.059 3
      vertex -21.56 -27.62 3.0244
    endloop
  endfacet
  facet normal 0.129198 -0.0817993 0.988239
    outer loop
      vertex -21.56 -24.62 3.29365
      vertex -20.5 -25.06 3.11865
      vertex -20.5 -24.62 3.15507
    endloop
  endfacet
  facet normal 0.129204 -0.0817867 0.98824
    outer loop
      vertex -20.5 -25.06 3.11865
      vertex -21.56 -24.62 3.29365
      vertex -21.56 -26.12 3.16951
    endloop
  endfacet
  facet normal 0.138301 -0.0909818 0.986202
    outer loop
      vertex -20.5 -26.12 3.02086
      vertex -20.5 -25.06 3.11865
      vertex -21.56 -26.12 3.16951
    endloop
  endfacet
  facet normal 0.126418 -0.0783455 0.988878
    outer loop
      vertex -20.06 -23.12 3.22073
      vertex -21.56 -23.12 3.41249
      vertex -21.56 -24.62 3.29365
    endloop
  endfacet
  facet normal 0.129226 -0.0811696 0.988288
    outer loop
      vertex -20.06 -23.12 3.22073
      vertex -20.5 -24.0729 3.2
      vertex -20.06 -23.3724 3.2
    endloop
  endfacet
  facet normal 0.129205 -0.0811623 0.988291
    outer loop
      vertex -20.5 -24.0729 3.2
      vertex -21.56 -24.62 3.29365
      vertex -20.5 -24.62 3.15507
    endloop
  endfacet
  facet normal 0.129204 -0.0811595 0.988291
    outer loop
      vertex -21.56 -24.62 3.29365
      vertex -20.5 -24.0729 3.2
      vertex -20.06 -23.12 3.22073
    endloop
  endfacet
  facet normal 0.12055 -0.0752944 0.989848
    outer loop
      vertex -20.06 -21.62 3.34391
      vertex -21.56 -21.62 3.52659
      vertex -21.56 -23.12 3.41249
    endloop
  endfacet
  facet normal 0.126389 -0.0811882 0.988653
    outer loop
      vertex -20.06 -23.12 3.22073
      vertex -20.06 -21.62 3.34391
      vertex -21.56 -23.12 3.41249
    endloop
  endfacet
  facet normal 0.114537 -0.0751317 0.990574
    outer loop
      vertex -20.06 -20.12 3.46692
      vertex -21.56 -20.12 3.64036
      vertex -21.56 -21.62 3.52659
    endloop
  endfacet
  facet normal 0.120495 -0.0811368 0.989393
    outer loop
      vertex -20.06 -21.62 3.34391
      vertex -20.06 -20.12 3.46692
      vertex -21.56 -21.62 3.52659
    endloop
  endfacet
  facet normal 0.109749 -0.0522967 0.992583
    outer loop
      vertex -24.56 -18.62 3.98231
      vertex -26 -18.62 4.14153
      vertex -26 -20.06 4.06566
    endloop
  endfacet
  facet normal 0.119507 -0.0621522 0.990886
    outer loop
      vertex -26 -20.06 4.06566
      vertex -24.4542 -20.1384 3.87431
      vertex -24.56 -18.62 3.98231
    endloop
  endfacet
  facet normal 0.119513 -0.0620328 0.990893
    outer loop
      vertex -24.4542 -20.1384 3.87431
      vertex -26 -20.06 4.06566
      vertex -26 -20.1207 4.06186
    endloop
  endfacet
  facet normal 0.0913727 -0.0574678 0.994157
    outer loop
      vertex -24.56 -17.12 4.097
      vertex -26 -17.12 4.22935
      vertex -26 -18.56 4.14611
    endloop
  endfacet
  facet normal 0.109579 -0.0757784 0.991085
    outer loop
      vertex -26 -18.56 4.14611
      vertex -24.56 -18.62 3.98231
      vertex -24.56 -17.12 4.097
    endloop
  endfacet
  facet normal 0.109585 -0.0756535 0.991094
    outer loop
      vertex -24.56 -18.62 3.98231
      vertex -26 -18.56 4.14611
      vertex -26 -18.62 4.14153
    endloop
  endfacet
  facet normal 0.0816006 -0.0596788 0.994877
    outer loop
      vertex -24.56 -15.62 4.20181
      vertex -26 -15.62 4.31992
      vertex -26 -17.06 4.23354
    endloop
  endfacet
  facet normal 0.0913016 -0.0694123 0.993401
    outer loop
      vertex -26 -17.06 4.23354
      vertex -24.56 -17.12 4.097
      vertex -24.56 -15.62 4.20181
    endloop
  endfacet
  facet normal 0.0913035 -0.0693727 0.993404
    outer loop
      vertex -24.56 -17.12 4.097
      vertex -26 -17.06 4.23354
      vertex -26 -17.12 4.22935
    endloop
  endfacet
  facet normal 0.0752516 -0.0539685 0.995703
    outer loop
      vertex -24.56 -14.12 4.29278
      vertex -26 -14.12 4.40161
      vertex -26 -15.56 4.32356
    endloop
  endfacet
  facet normal 0.0815982 -0.0603336 0.994837
    outer loop
      vertex -26 -15.56 4.32356
      vertex -24.56 -15.62 4.20181
      vertex -24.56 -14.12 4.29278
    endloop
  endfacet
  facet normal 0.0815973 -0.0603534 0.994836
    outer loop
      vertex -24.56 -15.62 4.20181
      vertex -26 -15.56 4.32356
      vertex -26 -15.62 4.31992
    endloop
  endfacet
  facet normal 0.0756589 -0.0351755 0.996513
    outer loop
      vertex -24.56 -12.62 4.3452
      vertex -26 -12.62 4.45453
      vertex -26 -14.06 4.4037
    endloop
  endfacet
  facet normal 0.0753111 -0.0348262 0.996552
    outer loop
      vertex -26 -14.06 4.4037
      vertex -24.56 -14.12 4.29278
      vertex -24.56 -12.62 4.3452
    endloop
  endfacet
  facet normal 0.0753161 -0.0347133 0.996555
    outer loop
      vertex -24.56 -14.12 4.29278
      vertex -26 -14.06 4.4037
      vertex -26 -14.12 4.40161
    endloop
  endfacet
  facet normal 0.0762746 -0.0206643 0.996873
    outer loop
      vertex -24.56 -11.12 4.37541
      vertex -26 -11.12 4.48559
      vertex -26 -12.56 4.45574
    endloop
  endfacet
  facet normal 0.0756916 -0.0200782 0.996929
    outer loop
      vertex -26 -12.56 4.45574
      vertex -24.56 -12.62 4.3452
      vertex -24.56 -11.12 4.37541
    endloop
  endfacet
  facet normal 0.0756904 -0.0201047 0.996929
    outer loop
      vertex -24.56 -12.62 4.3452
      vertex -26 -12.56 4.45574
      vertex -26 -12.62 4.45453
    endloop
  endfacet
  facet normal 0.0685117 -0.0204406 0.997441
    outer loop
      vertex -24.56 -9.62 4.41789
      vertex -26 -9.62 4.5168
      vertex -26 -11.06 4.48729
    endloop
  endfacet
  facet normal 0.0762611 -0.0282262 0.996688
    outer loop
      vertex -26 -11.06 4.48729
      vertex -24.56 -11.12 4.37541
      vertex -24.56 -9.62 4.41789
    endloop
  endfacet
  facet normal 0.0762605 -0.0282395 0.996688
    outer loop
      vertex -24.56 -11.12 4.37541
      vertex -26 -11.06 4.48729
      vertex -26 -11.12 4.48559
    endloop
  endfacet
  facet normal 0.0571124 -0.0285666 0.997959
    outer loop
      vertex -24.56 -8.12 4.47801
      vertex -26 -8.12 4.56042
      vertex -26 -9.56 4.5192
    endloop
  endfacet
  facet normal 0.068468 -0.0399539 0.996853
    outer loop
      vertex -26 -9.56 4.5192
      vertex -24.56 -9.62 4.41789
      vertex -24.56 -8.12 4.47801
    endloop
  endfacet
  facet normal 0.0684715 -0.0398742 0.996856
    outer loop
      vertex -24.56 -9.62 4.41789
      vertex -26 -9.56 4.5192
      vertex -26 -9.62 4.5168
    endloop
  endfacet
  facet normal 0.0531475 -0.0776123 0.995566
    outer loop
      vertex -22.5654 -19.2266 3.78965
      vertex -23.0633 -18.684 3.85853
      vertex -23.5654 -19.6506 3.80998
    endloop
  endfacet
  facet normal 0.0432938 -0.0542755 0.997587
    outer loop
      vertex -23.0633 -20.1384 3.76165
      vertex -22.5654 -19.2266 3.78965
      vertex -23.5654 -19.6506 3.80998
    endloop
  endfacet
  facet normal 0.0794752 -0.0652129 0.994701
    outer loop
      vertex -24.4542 -20.1384 3.87431
      vertex -23.0633 -18.684 3.85853
      vertex -24.56 -18.62 3.98231
    endloop
  endfacet
  facet normal 0.137441 -0.120773 0.983119
    outer loop
      vertex -23.5654 -19.6506 3.80998
      vertex -23.0633 -18.684 3.85853
      vertex -24.4542 -20.1384 3.87431
    endloop
  endfacet
  facet normal 0.0749492 -0.076023 0.994285
    outer loop
      vertex -23.06 -17.12 3.98393
      vertex -24.56 -17.12 4.097
      vertex -24.56 -18.62 3.98231
    endloop
  endfacet
  facet normal 0.0787662 -0.0798394 0.993691
    outer loop
      vertex -23.0633 -18.684 3.85853
      vertex -23.06 -17.12 3.98393
      vertex -24.56 -18.62 3.98231
    endloop
  endfacet
  facet normal 0.0747607 -0.0695083 0.994776
    outer loop
      vertex -23.06 -15.62 4.08908
      vertex -24.56 -15.62 4.20181
      vertex -24.56 -17.12 4.097
    endloop
  endfacet
  facet normal 0.0749838 -0.0697315 0.994744
    outer loop
      vertex -23.06 -17.12 3.98393
      vertex -23.06 -15.62 4.08908
      vertex -24.56 -17.12 4.097
    endloop
  endfacet
  facet normal 0.0763425 -0.0603588 0.995253
    outer loop
      vertex -23.06 -14.12 4.17772
      vertex -24.56 -14.12 4.29278
      vertex -24.56 -15.62 4.20181
    endloop
  endfacet
  facet normal 0.0748122 -0.0588251 0.995461
    outer loop
      vertex -23.06 -15.62 4.08908
      vertex -23.06 -14.12 4.17772
      vertex -24.56 -15.62 4.20181
    endloop
  endfacet
  facet normal 0.0766337 -0.0348226 0.996451
    outer loop
      vertex -23.06 -12.62 4.22984
      vertex -24.56 -12.62 4.3452
      vertex -24.56 -14.12 4.29278
    endloop
  endfacet
  facet normal 0.0764361 -0.0346241 0.996473
    outer loop
      vertex -23.06 -14.12 4.17772
      vertex -23.06 -12.62 4.22984
      vertex -24.56 -14.12 4.29278
    endloop
  endfacet
  facet normal 0.0688158 -0.0200882 0.997427
    outer loop
      vertex -23.06 -11.12 4.27192
      vertex -24.56 -11.12 4.37541
      vertex -24.56 -12.62 4.3452
    endloop
  endfacet
  facet normal 0.0766503 -0.0279598 0.996666
    outer loop
      vertex -23.06 -12.62 4.22984
      vertex -23.06 -11.12 4.27192
      vertex -24.56 -12.62 4.3452
    endloop
  endfacet
  facet normal 0.0572695 -0.0282622 0.997959
    outer loop
      vertex -23.06 -9.62 4.33181
      vertex -24.56 -9.62 4.41789
      vertex -24.56 -11.12 4.37541
    endloop
  endfacet
  facet normal 0.0687752 -0.0398004 0.996838
    outer loop
      vertex -23.06 -11.12 4.27192
      vertex -23.06 -9.62 4.33181
      vertex -24.56 -11.12 4.37541
    endloop
  endfacet
  facet normal 0.052094 -0.0399935 0.997841
    outer loop
      vertex -23.06 -8.12 4.3997
      vertex -24.56 -8.12 4.47801
      vertex -24.56 -9.62 4.41789
    endloop
  endfacet
  facet normal 0.057234 -0.0451396 0.99734
    outer loop
      vertex -23.06 -9.62 4.33181
      vertex -23.06 -8.12 4.3997
      vertex -24.56 -9.62 4.41789
    endloop
  endfacet
  facet normal 0.0772843 -0.0727372 0.994352
    outer loop
      vertex -21.5294 -18.684 3.74882
      vertex -22.5654 -19.2266 3.78965
      vertex -23.0633 -20.1384 3.76165
    endloop
  endfacet
  facet normal 0.0811175 -0.0767852 0.993742
    outer loop
      vertex -21.56 -20.12 3.64036
      vertex -21.5294 -18.684 3.74882
      vertex -23.0633 -20.1384 3.76165
    endloop
  endfacet
  facet normal 0.0618758 -0.0696141 0.995653
    outer loop
      vertex -22.5654 -19.2266 3.78965
      vertex -22.009 -18.2266 3.82499
      vertex -23.0633 -18.684 3.85853
    endloop
  endfacet
  facet normal 0.0812058 -0.0802917 0.993458
    outer loop
      vertex -21.5294 -18.684 3.74882
      vertex -22.009 -18.2266 3.82499
      vertex -22.5654 -19.2266 3.78965
    endloop
  endfacet
  facet normal 0.0832911 -0.0731041 0.99384
    outer loop
      vertex -21.009 -17.6581 3.783
      vertex -21.5294 -17.1429 3.86451
      vertex -22.009 -18.2266 3.82499
    endloop
  endfacet
  facet normal 0.0850619 -0.0762477 0.993454
    outer loop
      vertex -21.5294 -18.684 3.74882
      vertex -21.009 -17.6581 3.783
      vertex -22.009 -18.2266 3.82499
    endloop
  endfacet
  facet normal 0.0763494 -0.0798493 0.993879
    outer loop
      vertex -21.5294 -17.1429 3.86451
      vertex -23.06 -17.12 3.98393
      vertex -23.0633 -18.684 3.85853
    endloop
  endfacet
  facet normal 0.0587361 -0.0623278 0.996326
    outer loop
      vertex -22.009 -18.2266 3.82499
      vertex -21.5294 -17.1429 3.86451
      vertex -23.0633 -18.684 3.85853
    endloop
  endfacet
  facet normal 0.074753 -0.0697327 0.994761
    outer loop
      vertex -21.56 -15.62 3.97636
      vertex -23.06 -15.62 4.08908
      vertex -23.06 -17.12 3.98393
    endloop
  endfacet
  facet normal 0.0765228 -0.0715039 0.994501
    outer loop
      vertex -21.5294 -17.1429 3.86451
      vertex -21.56 -15.62 3.97636
      vertex -23.06 -17.12 3.98393
    endloop
  endfacet
  facet normal 0.0752609 -0.0588231 0.995427
    outer loop
      vertex -21.56 -14.12 4.06431
      vertex -23.06 -14.12 4.17772
      vertex -23.06 -15.62 4.08908
    endloop
  endfacet
  facet normal 0.0748076 -0.0583688 0.995488
    outer loop
      vertex -21.56 -15.62 3.97636
      vertex -21.56 -14.12 4.06431
      vertex -23.06 -15.62 4.08908
    endloop
  endfacet
  facet normal 0.0691985 -0.0346425 0.997001
    outer loop
      vertex -21.56 -12.62 4.12573
      vertex -23.06 -12.62 4.22984
      vertex -23.06 -14.12 4.17772
    endloop
  endfacet
  facet normal 0.0753287 -0.0407961 0.996324
    outer loop
      vertex -21.56 -14.12 4.06431
      vertex -21.56 -12.62 4.12573
      vertex -23.06 -14.12 4.17772
    endloop
  endfacet
  facet normal 0.0574158 -0.027996 0.997958
    outer loop
      vertex -21.56 -11.12 4.18562
      vertex -23.06 -11.12 4.27192
      vertex -23.06 -12.62 4.22984
    endloop
  endfacet
  facet normal 0.0691852 -0.0397993 0.99681
    outer loop
      vertex -21.56 -12.62 4.12573
      vertex -21.56 -11.12 4.18562
      vertex -23.06 -12.62 4.22984
    endloop
  endfacet
  facet normal 0.0520876 -0.0398407 0.997847
    outer loop
      vertex -21.56 -9.62 4.25351
      vertex -23.06 -9.62 4.33181
      vertex -23.06 -11.12 4.27192
    endloop
  endfacet
  facet normal 0.0573798 -0.0451392 0.997331
    outer loop
      vertex -21.56 -11.12 4.18562
      vertex -21.56 -9.62 4.25351
      vertex -23.06 -11.12 4.27192
    endloop
  endfacet
  facet normal 0.0519764 -0.0451526 0.997627
    outer loop
      vertex -21.56 -8.12 4.32155
      vertex -23.06 -8.12 4.3997
      vertex -23.06 -9.62 4.33181
    endloop
  endfacet
  facet normal 0.0520756 -0.0452519 0.997617
    outer loop
      vertex -21.56 -9.62 4.25351
      vertex -21.56 -8.12 4.32155
      vertex -23.06 -9.62 4.33181
    endloop
  endfacet
  facet normal 0.110575 -0.0771956 0.990865
    outer loop
      vertex -20.06 -18.62 3.58983
      vertex -21.5294 -18.684 3.74882
      vertex -21.56 -20.12 3.64036
    endloop
  endfacet
  facet normal 0.114483 -0.0811294 0.990107
    outer loop
      vertex -20.06 -20.12 3.46692
      vertex -20.06 -18.62 3.58983
      vertex -21.56 -20.12 3.64036
    endloop
  endfacet
  facet normal 0.129614 -0.0986205 0.986648
    outer loop
      vertex -20.1034 -17.1429 3.71553
      vertex -21.009 -17.6581 3.783
      vertex -21.5294 -18.684 3.74882
    endloop
  endfacet
  facet normal 0.110707 -0.0810416 0.990543
    outer loop
      vertex -20.06 -18.62 3.58983
      vertex -20.1034 -17.1429 3.71553
      vertex -21.5294 -18.684 3.74882
    endloop
  endfacet
  facet normal 0.0850921 -0.0712817 0.99382
    outer loop
      vertex -21.009 -17.6581 3.783
      vertex -20.6324 -16.6581 3.82248
      vertex -21.5294 -17.1429 3.86451
    endloop
  endfacet
  facet normal 0.12203 -0.0849975 0.98888
    outer loop
      vertex -20.1034 -17.1429 3.71553
      vertex -20.6324 -16.6581 3.82248
      vertex -21.009 -17.6581 3.783
    endloop
  endfacet
  facet normal 0.120757 -0.074003 0.98992
    outer loop
      vertex -19.5538 -15.62 3.76851
      vertex -20.3038 -15.62 3.86
      vertex -20.6324 -16.6581 3.82248
    endloop
  endfacet
  facet normal 0.126526 -0.0800586 0.988727
    outer loop
      vertex -20.1034 -17.1429 3.71553
      vertex -19.5538 -15.62 3.76851
      vertex -20.6324 -16.6581 3.82248
    endloop
  endfacet
  facet normal 0.0920003 -0.0710987 0.993217
    outer loop
      vertex -21.5294 -17.1429 3.86451
      vertex -20.3038 -15.62 3.86
      vertex -21.56 -15.62 3.97636
    endloop
  endfacet
  facet normal 0.0796873 -0.0611843 0.99494
    outer loop
      vertex -20.6324 -16.6581 3.82248
      vertex -20.3038 -15.62 3.86
      vertex -21.5294 -17.1429 3.86451
    endloop
  endfacet
  facet normal 0.111316 -0.0670314 0.991522
    outer loop
      vertex -19.3126 -14.8662 3.79968
      vertex -19.9116 -14.2677 3.90739
      vertex -20.3038 -15.62 3.86
    endloop
  endfacet
  facet normal 0.120705 -0.0795393 0.989497
    outer loop
      vertex -19.5538 -15.62 3.76851
      vertex -19.3126 -14.8662 3.79968
      vertex -20.3038 -15.62 3.86
    endloop
  endfacet
  facet normal 0.0894277 -0.0582983 0.994286
    outer loop
      vertex -19.9116 -14.2677 3.90739
      vertex -21.56 -14.12 4.06431
      vertex -21.56 -15.62 3.97636
    endloop
  endfacet
  facet normal 0.092059 -0.0615279 0.993851
    outer loop
      vertex -20.3038 -15.62 3.86
      vertex -19.9116 -14.2677 3.90739
      vertex -21.56 -15.62 3.97636
    endloop
  endfacet
  facet normal 0.0651334 -0.0408255 0.997041
    outer loop
      vertex -20.06 -12.62 4.02774
      vertex -21.56 -12.62 4.12573
      vertex -21.56 -14.12 4.06431
    endloop
  endfacet
  facet normal 0.0888312 -0.0645987 0.99395
    outer loop
      vertex -19.9116 -14.2677 3.90739
      vertex -20.06 -12.62 4.02774
      vertex -21.56 -14.12 4.06431
    endloop
  endfacet
  facet normal 0.0521009 -0.0398407 0.997847
    outer loop
      vertex -20.06 -11.12 4.1073
      vertex -21.56 -11.12 4.18562
      vertex -21.56 -12.62 4.12573
    endloop
  endfacet
  facet normal 0.0650966 -0.0528532 0.996478
    outer loop
      vertex -20.06 -12.62 4.02774
      vertex -20.06 -11.12 4.1073
      vertex -21.56 -12.62 4.12573
    endloop
  endfacet
  facet normal 0.0519896 -0.0451526 0.997626
    outer loop
      vertex -20.06 -9.62 4.17534
      vertex -21.56 -9.62 4.25351
      vertex -21.56 -11.12 4.18562
    endloop
  endfacet
  facet normal 0.0520889 -0.0452519 0.997617
    outer loop
      vertex -20.06 -11.12 4.1073
      vertex -20.06 -9.62 4.17534
      vertex -21.56 -11.12 4.18562
    endloop
  endfacet
  facet normal 0.051996 -0.0452455 0.997622
    outer loop
      vertex -21.56 -8.12 4.32155
      vertex -20.06 -9.62 4.17534
      vertex -20.06 -8.12 4.24337
    endloop
  endfacet
  facet normal 0.0519894 -0.0452521 0.997622
    outer loop
      vertex -20.06 -9.62 4.17534
      vertex -21.56 -8.12 4.32155
      vertex -21.56 -9.62 4.25351
    endloop
  endfacet
  facet normal 0.0586985 -0.0138913 0.998179
    outer loop
      vertex -24.56 -6.62 4.49652
      vertex -26 -6.62 4.5812
      vertex -26 -8.06 4.56116
    endloop
  endfacet
  facet normal 0.0571311 -0.0123189 0.998291
    outer loop
      vertex -26 -8.06 4.56116
      vertex -24.56 -8.12 4.47801
      vertex -24.56 -6.62 4.49652
    endloop
  endfacet
  facet normal 0.0571313 -0.0123123 0.998291
    outer loop
      vertex -24.56 -8.12 4.47801
      vertex -26 -8.06 4.56116
      vertex -26 -8.12 4.56042
    endloop
  endfacet
  facet normal 0.0695988 0.0924306 0.993284
    outer loop
      vertex -24.56 -5.12 4.34004
      vertex -26 -5.12 4.44094
      vertex -26 -6.56 4.57494
    endloop
  endfacet
  facet normal 0.0583878 0.10358 0.992906
    outer loop
      vertex -26 -6.56 4.57494
      vertex -24.56 -6.62 4.49652
      vertex -24.56 -5.12 4.34004
    endloop
  endfacet
  facet normal 0.0583883 0.103593 0.992904
    outer loop
      vertex -24.56 -6.62 4.49652
      vertex -26 -6.56 4.57494
      vertex -26 -6.62 4.5812
    endloop
  endfacet
  facet normal 0.0681877 0.175591 0.982099
    outer loop
      vertex -24.56 -3.62 4.07281
      vertex -26 -3.62 4.17279
      vertex -26 -5.06 4.43025
    endloop
  endfacet
  facet normal 0.0688192 0.174976 0.982165
    outer loop
      vertex -26 -5.06 4.43025
      vertex -24.56 -5.12 4.34004
      vertex -24.56 -3.62 4.07281
    endloop
  endfacet
  facet normal 0.0688196 0.174989 0.982162
    outer loop
      vertex -24.56 -5.12 4.34004
      vertex -26 -5.06 4.43025
      vertex -26 -5.12 4.44094
    endloop
  endfacet
  facet normal 0.0527043 0.169721 0.984082
    outer loop
      vertex -26 -2.25457 3.91427
      vertex -24.56 -2.46436 3.87333
      vertex -24.56 -1.71436 3.74398
    endloop
  endfacet
  facet normal 0.0527311 0.169912 0.984047
    outer loop
      vertex -24.56 -2.46436 3.87333
      vertex -26 -2.25457 3.91427
      vertex -26 -2.28457 3.91945
    endloop
  endfacet
  facet normal 0.0400655 0.201693 0.978629
    outer loop
      vertex -24.56 -1.71436 3.74398
      vertex -26 -1.53457 3.76588
      vertex -26 -2.25457 3.91427
    endloop
  endfacet
  facet normal 0.0547241 0.186683 0.980895
    outer loop
      vertex -24.56 -2.46436 3.87333
      vertex -26 -2.28457 3.91945
      vertex -26 -3.57377 4.16481
    endloop
  endfacet
  facet normal 0.0682591 0.169702 0.983129
    outer loop
      vertex -26 -3.57377 4.16481
      vertex -24.56 -3.62 4.07281
      vertex -24.56 -2.46436 3.87333
    endloop
  endfacet
  facet normal 0.0682592 0.169703 0.983128
    outer loop
      vertex -24.56 -3.62 4.07281
      vertex -26 -3.57377 4.16481
      vertex -26 -3.62 4.17279
    endloop
  endfacet
  facet normal 0.0272922 0.202764 0.978847
    outer loop
      vertex -24.56 -0.62 3.53708
      vertex -26 -0.62 3.57723
      vertex -26 -1.49079 3.75761
    endloop
  endfacet
  facet normal 0.0381148 0.185634 0.981879
    outer loop
      vertex -26 -1.49079 3.75761
      vertex -24.56 -1.71436 3.74398
      vertex -24.56 -0.62 3.53708
    endloop
  endfacet
  facet normal 0.0380914 0.185482 0.981909
    outer loop
      vertex -24.56 -1.71436 3.74398
      vertex -26 -1.49079 3.75761
      vertex -26 -1.53457 3.76588
    endloop
  endfacet
  facet normal 0.0247319 0.202641 0.978941
    outer loop
      vertex -24.56 0.88 3.2305
      vertex -26 0.88 3.26688
      vertex -26 -0.56 3.56496
    endloop
  endfacet
  facet normal 0.0273024 0.200172 0.97938
    outer loop
      vertex -26 -0.56 3.56496
      vertex -24.56 -0.62 3.53708
      vertex -24.56 0.88 3.2305
    endloop
  endfacet
  facet normal 0.0273064 0.200279 0.979358
    outer loop
      vertex -24.56 -0.62 3.53708
      vertex -26 -0.56 3.56496
      vertex -26 -0.62 3.57723
    endloop
  endfacet
  facet normal 0.024514 0.203285 0.978813
    outer loop
      vertex -24.9067 2.03328 3
      vertex -26 2.16512 3
      vertex -26 0.94 3.25444
    endloop
  endfacet
  facet normal 0.0247355 0.203074 0.978851
    outer loop
      vertex -24.9067 2.03328 3
      vertex -24.56 0.88 3.2305
      vertex -24.56 1.99105 3
    endloop
  endfacet
  facet normal 0.0247348 0.203074 0.978851
    outer loop
      vertex -26 0.94 3.25444
      vertex -24.56 0.88 3.2305
      vertex -24.9067 2.03328 3
    endloop
  endfacet
  facet normal 0.0247302 0.202954 0.978876
    outer loop
      vertex -24.56 0.88 3.2305
      vertex -26 0.94 3.25444
      vertex -26 0.88 3.26688
    endloop
  endfacet
  facet normal 0.0581636 -0.0123182 0.998231
    outer loop
      vertex -23.06 -6.62 4.40912
      vertex -24.56 -6.62 4.49652
      vertex -24.56 -8.12 4.47801
    endloop
  endfacet
  facet normal 0.0521346 -0.00627134 0.99862
    outer loop
      vertex -23.06 -8.12 4.3997
      vertex -23.06 -6.62 4.40912
      vertex -24.56 -8.12 4.47801
    endloop
  endfacet
  facet normal 0.0648769 0.103538 0.992507
    outer loop
      vertex -23.06 -5.12 4.24199
      vertex -24.56 -5.12 4.34004
      vertex -24.56 -6.62 4.49652
    endloop
  endfacet
  facet normal 0.0578115 0.11055 0.992188
    outer loop
      vertex -23.06 -6.62 4.40912
      vertex -23.06 -5.12 4.24199
      vertex -24.56 -6.62 4.49652
    endloop
  endfacet
  facet normal 0.0737332 0.174914 0.981819
    outer loop
      vertex -22.9978 -3.50296 3.93464
      vertex -24.56 -3.62 4.07281
      vertex -24.56 -5.12 4.34004
    endloop
  endfacet
  facet normal 0.0641143 0.183962 0.98084
    outer loop
      vertex -23.06 -5.12 4.24199
      vertex -22.9978 -3.50296 3.93464
      vertex -24.56 -5.12 4.34004
    endloop
  endfacet
  facet normal 0.0566959 0.165532 0.984573
    outer loop
      vertex -22.9978 -3.50296 3.93464
      vertex -22.9978 -2.16337 3.70942
      vertex -23.4564 -2.69227 3.82475
    endloop
  endfacet
  facet normal 0.0875644 0.165162 0.982372
    outer loop
      vertex -22.4564 -2.92493 3.7892
      vertex -22.9978 -2.16337 3.70942
      vertex -22.9978 -3.50296 3.93464
    endloop
  endfacet
  facet normal 0.074456 0.150404 0.985817
    outer loop
      vertex -23.4564 -2.69227 3.82475
      vertex -22.9978 -2.16337 3.70942
      vertex -24.56 -2.46436 3.87333
    endloop
  endfacet
  facet normal 0.0704746 0.169535 0.983001
    outer loop
      vertex -22.9978 -2.16337 3.70942
      vertex -24.56 -1.71436 3.74398
      vertex -24.56 -2.46436 3.87333
    endloop
  endfacet
  facet normal 0.0782652 0.169577 0.982404
    outer loop
      vertex -23.4564 -2.69227 3.82475
      vertex -24.56 -2.46436 3.87333
      vertex -24.56 -3.62 4.07281
    endloop
  endfacet
  facet normal 0.073743 0.174805 0.981838
    outer loop
      vertex -22.9978 -3.50296 3.93464
      vertex -23.4564 -2.69227 3.82475
      vertex -24.56 -3.62 4.07281
    endloop
  endfacet
  facet normal 0.0513089 0.185525 0.981299
    outer loop
      vertex -23.06 -0.62 3.45865
      vertex -24.56 -0.62 3.53708
      vertex -24.56 -1.71436 3.74398
    endloop
  endfacet
  facet normal 0.0685364 0.162692 0.984294
    outer loop
      vertex -22.9978 -2.16337 3.70942
      vertex -23.06 -0.62 3.45865
      vertex -24.56 -1.71436 3.74398
    endloop
  endfacet
  facet normal 0.0363832 0.200114 0.979097
    outer loop
      vertex -23.06 0.88 3.17476
      vertex -24.56 0.88 3.2305
      vertex -24.56 -0.62 3.53708
    endloop
  endfacet
  facet normal 0.051307 0.185714 0.981263
    outer loop
      vertex -23.06 -0.62 3.45865
      vertex -23.06 0.88 3.17476
      vertex -24.56 -0.62 3.53708
    endloop
  endfacet
  facet normal 0.0326121 0.203028 0.97863
    outer loop
      vertex -23.6027 1.83728 3
      vertex -24.56 1.99105 3
      vertex -24.56 0.88 3.2305
    endloop
  endfacet
  facet normal 0.0363934 0.199401 0.979242
    outer loop
      vertex -23.6027 1.83728 3
      vertex -23.06 0.88 3.17476
      vertex -23.06 1.73823 3
    endloop
  endfacet
  facet normal 0.0363887 0.199399 0.979243
    outer loop
      vertex -23.06 0.88 3.17476
      vertex -23.6027 1.83728 3
      vertex -24.56 0.88 3.2305
    endloop
  endfacet
  facet normal 0.0581801 -0.00626924 0.998286
    outer loop
      vertex -21.56 -6.62 4.3217
      vertex -23.06 -6.62 4.40912
      vertex -23.06 -8.12 4.3997
    endloop
  endfacet
  facet normal 0.0520294 -9.98646e-05 0.998646
    outer loop
      vertex -21.56 -8.12 4.32155
      vertex -21.56 -6.62 4.3217
      vertex -23.06 -8.12 4.3997
    endloop
  endfacet
  facet normal 0.0640774 0.110507 0.991808
    outer loop
      vertex -21.56 -5.12 4.14508
      vertex -23.06 -5.12 4.24199
      vertex -23.06 -6.62 4.40912
    endloop
  endfacet
  facet normal 0.0577834 0.116743 0.99148
    outer loop
      vertex -21.56 -6.62 4.3217
      vertex -21.56 -5.12 4.14508
      vertex -23.06 -6.62 4.40912
    endloop
  endfacet
  facet normal 0.065912 0.187125 0.980122
    outer loop
      vertex -21.56 -3.83399 3.90115
      vertex -21.56 -3.08399 3.75796
      vertex -22.9978 -3.50296 3.93464
    endloop
  endfacet
  facet normal 0.0668475 0.184127 0.980627
    outer loop
      vertex -21.56 -3.08399 3.75796
      vertex -22.4564 -2.92493 3.7892
      vertex -22.9978 -3.50296 3.93464
    endloop
  endfacet
  facet normal 0.0651868 0.183909 0.980779
    outer loop
      vertex -21.56 -3.83399 3.90115
      vertex -22.9978 -3.50296 3.93464
      vertex -23.06 -5.12 4.24199
    endloop
  endfacet
  facet normal 0.0633474 0.185983 0.980509
    outer loop
      vertex -21.56 -5.12 4.14508
      vertex -21.56 -3.83399 3.90115
      vertex -23.06 -5.12 4.24199
    endloop
  endfacet
  facet normal 0.0809765 0.160617 0.983689
    outer loop
      vertex -22.4564 -2.92493 3.7892
      vertex -21.56 -2.12 3.58398
      vertex -22.9978 -2.16337 3.70942
    endloop
  endfacet
  facet normal 0.06567 0.177226 0.981977
    outer loop
      vertex -21.56 -3.08399 3.75796
      vertex -21.56 -2.12 3.58398
      vertex -22.4564 -2.92493 3.7892
    endloop
  endfacet
  facet normal 0.083554 0.163098 0.983066
    outer loop
      vertex -22.9978 -2.16337 3.70942
      vertex -21.56 -0.62 3.33116
      vertex -23.06 -0.62 3.45865
    endloop
  endfacet
  facet normal 0.080753 0.16566 0.982871
    outer loop
      vertex -21.56 -2.12 3.58398
      vertex -21.56 -0.62 3.33116
      vertex -22.9978 -2.16337 3.70942
    endloop
  endfacet
  facet normal 0.0747658 0.185438 0.979807
    outer loop
      vertex -21.56 0.88 3.0603
      vertex -23.06 0.88 3.17476
      vertex -23.06 -0.62 3.45865
    endloop
  endfacet
  facet normal 0.0833496 0.177081 0.980661
    outer loop
      vertex -21.56 -0.62 3.33116
      vertex -21.56 0.88 3.0603
      vertex -23.06 -0.62 3.45865
    endloop
  endfacet
  facet normal 0.0735569 0.198993 0.977236
    outer loop
      vertex -22.4334 1.50661 3
      vertex -23.06 1.73823 3
      vertex -23.06 0.88 3.17476
    endloop
  endfacet
  facet normal 0.0745755 0.198001 0.977361
    outer loop
      vertex -22.4334 1.50661 3
      vertex -21.56 0.88 3.0603
      vertex -21.56 1.17765 3
    endloop
  endfacet
  facet normal 0.0745791 0.198005 0.97736
    outer loop
      vertex -21.56 0.88 3.0603
      vertex -22.4334 1.50661 3
      vertex -23.06 0.88 3.17476
    endloop
  endfacet
  facet normal 0.058168 -9.98307e-05 0.998307
    outer loop
      vertex -20.06 -6.62 4.2343
      vertex -21.56 -6.62 4.3217
      vertex -21.56 -8.12 4.32155
    endloop
  endfacet
  facet normal 0.0520484 0.00603836 0.998626
    outer loop
      vertex -20.06 -8.12 4.24337
      vertex -20.06 -6.62 4.2343
      vertex -21.56 -8.12 4.32155
    endloop
  endfacet
  facet normal 0.0638606 0.1167 0.991112
    outer loop
      vertex -20.06 -5.12 4.04843
      vertex -21.56 -5.12 4.14508
      vertex -21.56 -6.62 4.3217
    endloop
  endfacet
  facet normal 0.057728 0.122768 0.990755
    outer loop
      vertex -20.06 -6.62 4.2343
      vertex -20.06 -5.12 4.04843
      vertex -21.56 -6.62 4.3217
    endloop
  endfacet
  facet normal 0.0641394 0.189012 0.979878
    outer loop
      vertex -20.06 -4.0925 3.85283
      vertex -20.06 -3.3425 3.70816
      vertex -21.56 -3.83399 3.90115
    endloop
  endfacet
  facet normal 0.0647939 0.187139 0.980194
    outer loop
      vertex -20.06 -3.3425 3.70816
      vertex -21.56 -3.08399 3.75796
      vertex -21.56 -3.83399 3.90115
    endloop
  endfacet
  facet normal 0.0636365 0.185979 0.980491
    outer loop
      vertex -20.06 -4.0925 3.85283
      vertex -21.56 -3.83399 3.90115
      vertex -21.56 -5.12 4.14508
    endloop
  endfacet
  facet normal 0.0631702 0.186633 0.980397
    outer loop
      vertex -20.06 -5.12 4.04843
      vertex -20.06 -4.0925 3.85283
      vertex -21.56 -5.12 4.14508
    endloop
  endfacet
  facet normal 0.0715831 0.177154 0.981576
    outer loop
      vertex -20.06 -2.12 3.47459
      vertex -21.56 -2.12 3.58398
      vertex -21.56 -3.08399 3.75796
    endloop
  endfacet
  facet normal 0.0648157 0.18727 0.980168
    outer loop
      vertex -20.06 -3.3425 3.70816
      vertex -20.06 -2.12 3.47459
      vertex -21.56 -3.08399 3.75796
    endloop
  endfacet
  facet normal 0.094124 0.165465 0.981714
    outer loop
      vertex -21.56 -2.12 3.58398
      vertex -20.192 -0.62 3.2
      vertex -21.56 -0.62 3.33116
    endloop
  endfacet
  facet normal 0.09415 0.165441 0.981715
    outer loop
      vertex -20.192 -0.62 3.2
      vertex -21.56 -2.12 3.58398
      vertex -20.1079 -0.66786 3.2
    endloop
  endfacet
  facet normal 0.0713818 0.1876 0.979648
    outer loop
      vertex -20.1079 -0.66786 3.2
      vertex -20.06 -2.12 3.47459
      vertex -20.06 -0.686086 3.2
    endloop
  endfacet
  facet normal 0.0714422 0.187601 0.979644
    outer loop
      vertex -20.06 -2.12 3.47459
      vertex -20.1079 -0.66786 3.2
      vertex -21.56 -2.12 3.58398
    endloop
  endfacet
  facet normal 0.113711 0.176543 0.977703
    outer loop
      vertex -21.0416 0.88 3
      vertex -20.5 0.44 3.01646
      vertex -20.5 0.531156 3
    endloop
  endfacet
  facet normal 0.113726 0.176547 0.9777
    outer loop
      vertex -21.56 -0.62 3.33116
      vertex -21.0416 0.88 3
      vertex -21.56 0.88 3.0603
    endloop
  endfacet
  facet normal 0.113717 0.17655 0.977701
    outer loop
      vertex -21.0416 0.88 3
      vertex -21.56 -0.62 3.33116
      vertex -20.5 0.44 3.01646
    endloop
  endfacet
  facet normal 0.0935844 0.196203 0.976087
    outer loop
      vertex -20.5 0.44 3.01646
      vertex -21.56 -0.62 3.33116
      vertex -20.5 -0.47309 3.2
    endloop
  endfacet
  facet normal 0.0935845 0.196202 0.976087
    outer loop
      vertex -20.192 -0.62 3.2
      vertex -20.5 -0.47309 3.2
      vertex -21.56 -0.62 3.33116
    endloop
  endfacet
  facet normal 0.121067 0.197093 0.972881
    outer loop
      vertex -21.3756 1.06438 3
      vertex -21.56 1.17765 3
      vertex -21.56 0.88 3.0603
    endloop
  endfacet
  facet normal 0.11309 0.20486 0.972236
    outer loop
      vertex -21.0416 0.88 3
      vertex -21.3756 1.06438 3
      vertex -21.56 0.88 3.0603
    endloop
  endfacet
  facet normal 0.129407 -0.0811535 0.988265
    outer loop
      vertex -20.06 -21.62 3.34391
      vertex -18.56 -20.9806 3.2
      vertex -18.56 -20.12 3.27067
    endloop
  endfacet
  facet normal 0.129408 -0.0811563 0.988265
    outer loop
      vertex -20.06 -23.12 3.22073
      vertex -18.56 -20.9806 3.2
      vertex -20.06 -21.62 3.34391
    endloop
  endfacet
  facet normal 0.129424 -0.0811675 0.988262
    outer loop
      vertex -18.56 -20.9806 3.2
      vertex -20.06 -23.12 3.22073
      vertex -20.06 -23.3724 3.2
    endloop
  endfacet
  facet normal 0.129301 -0.0810462 0.988288
    outer loop
      vertex -18.56 -20.12 3.27067
      vertex -20.06 -20.12 3.46692
      vertex -20.06 -21.62 3.34391
    endloop
  endfacet
  facet normal 0.129525 -0.0811522 0.98825
    outer loop
      vertex -18.0208 -20.12 3.2
      vertex -18.56 -20.12 3.27067
      vertex -18.56 -20.9806 3.2
    endloop
  endfacet
  facet normal 0.12912 -0.0809827 0.988317
    outer loop
      vertex -18.56 -18.62 3.39386
      vertex -20.06 -18.62 3.58983
      vertex -20.06 -20.12 3.46692
    endloop
  endfacet
  facet normal 0.1293 -0.081164 0.988278
    outer loop
      vertex -18.56 -20.12 3.27067
      vertex -18.56 -18.62 3.39386
      vertex -20.06 -20.12 3.46692
    endloop
  endfacet
  facet normal 0.128914 -0.0803241 0.988397
    outer loop
      vertex -20.06 -18.62 3.58983
      vertex -18.56 -17.12 3.51609
      vertex -20.1034 -17.1429 3.71553
    endloop
  endfacet
  facet normal 0.129125 -0.0805375 0.988352
    outer loop
      vertex -18.56 -18.62 3.39386
      vertex -18.56 -17.12 3.51609
      vertex -20.06 -18.62 3.58983
    endloop
  endfacet
  facet normal 0.129825 -0.0812311 0.988204
    outer loop
      vertex -18.56 -15.62 3.63795
      vertex -19.5538 -15.62 3.76851
      vertex -20.1034 -17.1429 3.71553
    endloop
  endfacet
  facet normal 0.128914 -0.0802976 0.9884
    outer loop
      vertex -18.56 -17.12 3.51609
      vertex -18.56 -15.62 3.63795
      vertex -20.1034 -17.1429 3.71553
    endloop
  endfacet
  facet normal 0.13528 -0.0841092 0.987231
    outer loop
      vertex -18.5297 -14.2677 3.74339
      vertex -19.3126 -14.8662 3.79968
      vertex -19.5538 -15.62 3.76851
    endloop
  endfacet
  facet normal 0.129838 -0.0799682 0.988305
    outer loop
      vertex -18.56 -15.62 3.63795
      vertex -18.5297 -14.2677 3.74339
      vertex -19.5538 -15.62 3.76851
    endloop
  endfacet
  facet normal 0.106194 -0.0721941 0.991721
    outer loop
      vertex -19.3126 -14.8662 3.79968
      vertex -19.0094 -13.8662 3.84001
      vertex -19.9116 -14.2677 3.90739
    endloop
  endfacet
  facet normal 0.132122 -0.0799058 0.988007
    outer loop
      vertex -18.5297 -14.2677 3.74339
      vertex -19.0094 -13.8662 3.84001
      vertex -19.3126 -14.8662 3.79968
    endloop
  endfacet
  facet normal 0.131132 -0.0784841 0.988253
    outer loop
      vertex -18.0094 -13.0408 3.77287
      vertex -18.5297 -12.5725 3.8791
      vertex -19.0094 -13.8662 3.84001
    endloop
  endfacet
  facet normal 0.132206 -0.0798053 0.988004
    outer loop
      vertex -18.5297 -14.2677 3.74339
      vertex -18.0094 -13.0408 3.77287
      vertex -19.0094 -13.8662 3.84001
    endloop
  endfacet
  facet normal 0.0984378 -0.0636717 0.993104
    outer loop
      vertex -19.9116 -14.2677 3.90739
      vertex -18.5297 -12.5725 3.8791
      vertex -20.06 -12.62 4.02774
    endloop
  endfacet
  facet normal 0.104716 -0.0688058 0.992119
    outer loop
      vertex -19.0094 -13.8662 3.84001
      vertex -18.5297 -12.5725 3.8791
      vertex -19.9116 -14.2677 3.90739
    endloop
  endfacet
  facet normal 0.0811504 -0.0527909 0.995303
    outer loop
      vertex -18.56 -11.12 3.985
      vertex -20.06 -11.12 4.1073
      vertex -20.06 -12.62 4.02774
    endloop
  endfacet
  facet normal 0.098599 -0.0703153 0.99264
    outer loop
      vertex -18.5297 -12.5725 3.8791
      vertex -18.56 -11.12 3.985
      vertex -20.06 -12.62 4.02774
    endloop
  endfacet
  facet normal 0.0637908 -0.0452211 0.996938
    outer loop
      vertex -18.56 -9.62 4.07936
      vertex -20.06 -9.62 4.17534
      vertex -20.06 -11.12 4.1073
    endloop
  endfacet
  facet normal 0.0811044 -0.0625757 0.994739
    outer loop
      vertex -18.56 -11.12 3.985
      vertex -18.56 -9.62 4.07936
      vertex -20.06 -11.12 4.1073
    endloop
  endfacet
  facet normal 0.0535546 -0.0452417 0.99754
    outer loop
      vertex -18.56 -8.12 4.16284
      vertex -20.06 -8.12 4.24337
      vertex -20.06 -9.62 4.17534
    endloop
  endfacet
  facet normal 0.0637578 -0.0554543 0.996423
    outer loop
      vertex -18.56 -9.62 4.07936
      vertex -18.56 -8.12 4.16284
      vertex -20.06 -9.62 4.17534
    endloop
  endfacet
  facet normal 0.13001 -0.0811411 0.988187
    outer loop
      vertex -18.56 -18.62 3.39386
      vertex -17.1305 -18.6905 3.2
      vertex -17.0865 -18.62 3.2
    endloop
  endfacet
  facet normal 0.130009 -0.0811564 0.988186
    outer loop
      vertex -17.1305 -18.6905 3.2
      vertex -18.56 -18.62 3.39386
      vertex -18.56 -20.12 3.27067
    endloop
  endfacet
  facet normal 0.12953 -0.0806717 0.988289
    outer loop
      vertex -18.0208 -20.12 3.2
      vertex -17.1305 -18.6905 3.2
      vertex -18.56 -20.12 3.27067
    endloop
  endfacet
  facet normal 0.130433 -0.0805236 0.988182
    outer loop
      vertex -17.06 -17.12 3.3181
      vertex -18.56 -17.12 3.51609
      vertex -18.56 -18.62 3.39386
    endloop
  endfacet
  facet normal 0.13002 -0.0801062 0.98827
    outer loop
      vertex -18.56 -18.62 3.39386
      vertex -17.06 -18.577 3.2
      vertex -17.06 -17.12 3.3181
    endloop
  endfacet
  facet normal 0.130021 -0.0801291 0.988268
    outer loop
      vertex -17.06 -18.577 3.2
      vertex -18.56 -18.62 3.39386
      vertex -17.0865 -18.62 3.2
    endloop
  endfacet
  facet normal 0.131012 -0.0802753 0.988125
    outer loop
      vertex -17.06 -15.62 3.43907
      vertex -18.56 -15.62 3.63795
      vertex -18.56 -17.12 3.51609
    endloop
  endfacet
  facet normal 0.130442 -0.0796989 0.988247
    outer loop
      vertex -17.06 -17.12 3.3181
      vertex -17.06 -15.62 3.43907
      vertex -18.56 -17.12 3.51609
    endloop
  endfacet
  facet normal 0.131613 -0.0799895 0.988069
    outer loop
      vertex -17.06 -14.12 3.55958
      vertex -18.5297 -14.2677 3.74339
      vertex -18.56 -15.62 3.63795
    endloop
  endfacet
  facet normal 0.131022 -0.0793916 0.988195
    outer loop
      vertex -17.06 -15.62 3.43907
      vertex -17.06 -14.12 3.55958
      vertex -18.56 -15.62 3.63795
    endloop
  endfacet
  facet normal 0.131475 -0.0794981 0.988127
    outer loop
      vertex -17.1479 -12.5725 3.69592
      vertex -18.0094 -13.0408 3.77287
      vertex -18.5297 -14.2677 3.74339
    endloop
  endfacet
  facet normal 0.131577 -0.0795818 0.988106
    outer loop
      vertex -17.06 -14.12 3.55958
      vertex -17.1479 -12.5725 3.69592
      vertex -18.5297 -14.2677 3.74339
    endloop
  endfacet
  facet normal 0.129984 -0.0797708 0.988302
    outer loop
      vertex -18.0094 -13.0408 3.77287
      vertex -17.7066 -12.0408 3.81376
      vertex -18.5297 -12.5725 3.8791
    endloop
  endfacet
  facet normal 0.131924 -0.0803458 0.987998
    outer loop
      vertex -17.1479 -12.5725 3.69592
      vertex -17.7066 -12.0408 3.81376
      vertex -18.0094 -13.0408 3.77287
    endloop
  endfacet
  facet normal 0.133895 -0.079355 0.987813
    outer loop
      vertex -16.6848 -11.12 3.74923
      vertex -17.4348 -11.12 3.85089
      vertex -17.7066 -12.0408 3.81376
    endloop
  endfacet
  facet normal 0.133391 -0.0787882 0.987927
    outer loop
      vertex -17.1479 -12.5725 3.69592
      vertex -16.6848 -11.12 3.74923
      vertex -17.7066 -12.0408 3.81376
    endloop
  endfacet
  facet normal 0.118062 -0.0697572 0.990553
    outer loop
      vertex -18.5297 -12.5725 3.8791
      vertex -17.4348 -11.12 3.85089
      vertex -18.56 -11.12 3.985
    endloop
  endfacet
  facet normal 0.128786 -0.0778793 0.98861
    outer loop
      vertex -17.7066 -12.0408 3.81376
      vertex -17.4348 -11.12 3.85089
      vertex -18.5297 -12.5725 3.8791
    endloop
  endfacet
  facet normal 0.134705 -0.0779125 0.987818
    outer loop
      vertex -16.4132 -10.1824 3.78553
      vertex -16.9719 -9.65748 3.90312
      vertex -17.4348 -11.12 3.85089
    endloop
  endfacet
  facet normal 0.133919 -0.0770441 0.987993
    outer loop
      vertex -16.6848 -11.12 3.74923
      vertex -16.4132 -10.1824 3.78553
      vertex -17.4348 -11.12 3.85089
    endloop
  endfacet
  facet normal 0.108628 -0.062411 0.992121
    outer loop
      vertex -16.9719 -9.65748 3.90312
      vertex -18.56 -9.62 4.07936
      vertex -18.56 -11.12 3.985
    endloop
  endfacet
  facet normal 0.118037 -0.072727 0.990342
    outer loop
      vertex -17.4348 -11.12 3.85089
      vertex -16.9719 -9.65748 3.90312
      vertex -18.56 -11.12 3.985
    endloop
  endfacet
  facet normal 0.0909771 -0.055337 0.994314
    outer loop
      vertex -18.56 -8.12 4.16284
      vertex -17.1226 -8.18256 4.02784
      vertex -17.1522 -8.12 4.03403
    endloop
  endfacet
  facet normal 0.0909772 -0.0553369 0.994314
    outer loop
      vertex -17.1226 -8.18256 4.02784
      vertex -18.56 -8.12 4.16284
      vertex -18.56 -9.62 4.07936
    endloop
  endfacet
  facet normal 0.108282 -0.0727433 0.991455
    outer loop
      vertex -18.56 -9.62 4.07936
      vertex -17.0473 -8.3417 4.00794
      vertex -17.1226 -8.18256 4.02784
    endloop
  endfacet
  facet normal 0.108309 -0.0727761 0.99145
    outer loop
      vertex -17.0473 -8.3417 4.00794
      vertex -18.56 -9.62 4.07936
      vertex -16.9719 -9.65748 3.90312
    endloop
  endfacet
  facet normal 0.139562 -0.0800013 0.986976
    outer loop
      vertex -16.2248 -17.12 3.2
      vertex -17.06 -17.12 3.3181
      vertex -17.06 -18.577 3.2
    endloop
  endfacet
  facet normal 0.142123 -0.0795697 0.986646
    outer loop
      vertex -15.56 -15.62 3.223
      vertex -17.06 -15.62 3.43907
      vertex -17.06 -17.12 3.3181
    endloop
  endfacet
  facet normal 0.139584 -0.0769952 0.987212
    outer loop
      vertex -17.06 -17.12 3.3181
      vertex -15.56 -15.9149 3.2
      vertex -15.56 -15.62 3.223
    endloop
  endfacet
  facet normal 0.139595 -0.0770082 0.98721
    outer loop
      vertex -15.56 -15.9149 3.2
      vertex -17.06 -17.12 3.3181
      vertex -16.2248 -17.12 3.2
    endloop
  endfacet
  facet normal 0.144375 -0.079243 0.986345
    outer loop
      vertex -15.56 -14.12 3.34002
      vertex -17.06 -14.12 3.55958
      vertex -17.06 -15.62 3.43907
    endloop
  endfacet
  facet normal 0.142152 -0.0769872 0.986846
    outer loop
      vertex -15.56 -15.62 3.223
      vertex -15.56 -14.12 3.34002
      vertex -17.06 -15.62 3.43907
    endloop
  endfacet
  facet normal 0.146205 -0.0785766 0.986129
    outer loop
      vertex -17.06 -14.12 3.55958
      vertex -15.56 -12.62 3.45671
      vertex -17.1479 -12.5725 3.69592
    endloop
  endfacet
  facet normal 0.144403 -0.0767461 0.986538
    outer loop
      vertex -15.56 -14.12 3.34002
      vertex -15.56 -12.62 3.45671
      vertex -17.06 -14.12 3.55958
    endloop
  endfacet
  facet normal 0.154879 -0.0855034 0.984226
    outer loop
      vertex -15.56 -11.12 3.57223
      vertex -16.6848 -11.12 3.74923
      vertex -17.1479 -12.5725 3.69592
    endloop
  endfacet
  facet normal 0.146312 -0.0759596 0.986318
    outer loop
      vertex -15.56 -12.62 3.45671
      vertex -15.56 -11.12 3.57223
      vertex -17.1479 -12.5725 3.69592
    endloop
  endfacet
  facet normal 0.170064 -0.087325 0.981556
    outer loop
      vertex -16.4132 -10.1824 3.78553
      vertex -16.0144 -10.1947 3.71534
      vertex -16.1334 -9.99606 3.75363
    endloop
  endfacet
  facet normal 0.170066 -0.087266 0.981561
    outer loop
      vertex -16.0144 -10.1947 3.71534
      vertex -16.4132 -10.1824 3.78553
      vertex -16.6848 -11.12 3.74923
    endloop
  endfacet
  facet normal 0.154957 -0.0762444 0.984975
    outer loop
      vertex -15.7979 -10.5558 3.65333
      vertex -15.56 -11.12 3.57223
      vertex -15.5715 -10.8611 3.59408
    endloop
  endfacet
  facet normal 0.154991 -0.0762187 0.984971
    outer loop
      vertex -16.6848 -11.12 3.74923
      vertex -15.7979 -10.5558 3.65333
      vertex -16.0144 -10.1947 3.71534
    endloop
  endfacet
  facet normal 0.154996 -0.0762274 0.98497
    outer loop
      vertex -15.7979 -10.5558 3.65333
      vertex -16.6848 -11.12 3.74923
      vertex -15.56 -11.12 3.57223
    endloop
  endfacet
  facet normal 0.140319 -0.0718899 0.987493
    outer loop
      vertex -16.9719 -9.65748 3.90312
      vertex -16.2998 -9.71857 3.80317
      vertex -16.5027 -9.37999 3.85665
    endloop
  endfacet
  facet normal 0.140321 -0.0718622 0.987495
    outer loop
      vertex -16.2998 -9.71857 3.80317
      vertex -16.9719 -9.65748 3.90312
      vertex -16.4132 -10.1824 3.78553
    endloop
  endfacet
  facet normal 0.163686 -0.0774215 0.98347
    outer loop
      vertex -16.1334 -9.99606 3.75363
      vertex -16.2998 -9.71857 3.80317
      vertex -16.4132 -10.1824 3.78553
    endloop
  endfacet
  facet normal 0.130748 -0.0712862 0.988849
    outer loop
      vertex -16.7565 -8.95654 3.92517
      vertex -16.9719 -9.65748 3.90312
      vertex -16.6222 -9.1806 3.89126
    endloop
  endfacet
  facet normal 0.13074 -0.0712836 0.988851
    outer loop
      vertex -16.9719 -9.65748 3.90312
      vertex -16.7565 -8.95654 3.92517
      vertex -17.0473 -8.3417 4.00794
    endloop
  endfacet
  facet normal 0.146781 -0.0831221 0.98567
    outer loop
      vertex -16.5027 -9.37999 3.85665
      vertex -16.6222 -9.1806 3.89126
      vertex -16.9719 -9.65748 3.90312
    endloop
  endfacet
  facet normal 0.159965 -0.0767551 0.984134
    outer loop
      vertex -15.4185 -15.62 3.2
      vertex -15.56 -15.62 3.223
      vertex -15.56 -15.9149 3.2
    endloop
  endfacet
  facet normal 0.16245 -0.0767433 0.983728
    outer loop
      vertex -15.56 -14.12 3.34002
      vertex -15.296 -15.356 3.2
      vertex -14.7121 -14.12 3.2
    endloop
  endfacet
  facet normal 0.162448 -0.0767439 0.983728
    outer loop
      vertex -15.296 -15.356 3.2
      vertex -15.56 -14.12 3.34002
      vertex -15.56 -15.62 3.223
    endloop
  endfacet
  facet normal 0.159996 -0.0742405 0.984322
    outer loop
      vertex -15.4185 -15.62 3.2
      vertex -15.296 -15.356 3.2
      vertex -15.56 -15.62 3.223
    endloop
  endfacet
  facet normal 0.164757 -0.0766336 0.983353
    outer loop
      vertex -15.56 -12.62 3.45671
      vertex -14.1197 -12.6797 3.21074
      vertex -14.1737 -12.62 3.22444
    endloop
  endfacet
  facet normal 0.164765 -0.076499 0.983362
    outer loop
      vertex -14.1197 -12.6797 3.21074
      vertex -15.56 -12.62 3.45671
      vertex -15.56 -14.12 3.34002
    endloop
  endfacet
  facet normal 0.162391 -0.074129 0.983938
    outer loop
      vertex -14.1197 -12.6797 3.21074
      vertex -14.7121 -14.12 3.2
      vertex -14.0764 -12.7274 3.2
    endloop
  endfacet
  facet normal 0.162482 -0.0741663 0.98392
    outer loop
      vertex -14.7121 -14.12 3.2
      vertex -14.1197 -12.6797 3.21074
      vertex -15.56 -14.12 3.34002
    endloop
  endfacet
  facet normal 0.165499 -0.0757544 0.983296
    outer loop
      vertex -15.56 -11.12 3.57223
      vertex -14.8176 -11.8776 3.38891
      vertex -15.3795 -11.12 3.54185
    endloop
  endfacet
  facet normal 0.165526 -0.0757267 0.983294
    outer loop
      vertex -14.8176 -11.8776 3.38891
      vertex -15.56 -11.12 3.57223
      vertex -15.56 -12.62 3.45671
    endloop
  endfacet
  facet normal 0.164778 -0.0749713 0.983477
    outer loop
      vertex -14.6872 -12.0535 3.35366
      vertex -15.56 -12.62 3.45671
      vertex -14.1737 -12.62 3.22444
    endloop
  endfacet
  facet normal 0.164762 -0.0749449 0.983482
    outer loop
      vertex -15.56 -12.62 3.45671
      vertex -14.6872 -12.0535 3.35366
      vertex -14.8176 -11.8776 3.38891
    endloop
  endfacet
  facet normal 0.156832 -0.0761368 0.984686
    outer loop
      vertex -15.56 -11.12 3.57223
      vertex -15.4564 -11.0164 3.56374
      vertex -15.5715 -10.8611 3.59408
    endloop
  endfacet
  facet normal 0.165377 -0.0848555 0.982573
    outer loop
      vertex -15.3795 -11.12 3.54185
      vertex -15.4564 -11.0164 3.56374
      vertex -15.56 -11.12 3.57223
    endloop
  endfacet
  facet normal 0.0581736 0.00603632 0.998288
    outer loop
      vertex -18.56 -6.62 4.14689
      vertex -20.06 -6.62 4.2343
      vertex -20.06 -8.12 4.24337
    endloop
  endfacet
  facet normal 0.0536064 0.0106174 0.998506
    outer loop
      vertex -18.56 -8.12 4.16284
      vertex -18.56 -6.62 4.14689
      vertex -20.06 -8.12 4.24337
    endloop
  endfacet
  facet normal 0.0706746 0.122665 0.989928
    outer loop
      vertex -18.5567 -5.02466 3.92929
      vertex -20.06 -5.12 4.04843
      vertex -20.06 -6.62 4.2343
    endloop
  endfacet
  facet normal 0.0576436 0.134804 0.989194
    outer loop
      vertex -18.56 -6.62 4.14689
      vertex -18.5567 -5.02466 3.92929
      vertex -20.06 -6.62 4.2343
    endloop
  endfacet
  facet normal 0.0837225 0.197762 0.976668
    outer loop
      vertex -19.0545 -4.26963 3.8191
      vertex -18.5567 -4.01891 3.72566
      vertex -18.6171 -3.77772 3.682
    endloop
  endfacet
  facet normal 0.0837327 0.197743 0.976671
    outer loop
      vertex -18.5567 -4.01891 3.72566
      vertex -19.0545 -4.26963 3.8191
      vertex -18.5567 -5.02466 3.92929
    endloop
  endfacet
  facet normal 0.0670106 0.197993 0.97791
    outer loop
      vertex -18.3601 -4.80399 3.87114
      vertex -18.5567 -4.01891 3.72566
      vertex -18.5567 -5.02466 3.92929
    endloop
  endfacet
  facet normal 0.0697847 0.209762 0.975259
    outer loop
      vertex -18.6295 -3.72831 3.67226
      vertex -19.0545 -4.26963 3.8191
      vertex -18.6171 -3.77772 3.682
    endloop
  endfacet
  facet normal 0.0696811 0.209841 0.975249
    outer loop
      vertex -19.0545 -4.26963 3.8191
      vertex -18.6295 -3.72831 3.67226
      vertex -20.06 -4.0925 3.85283
    endloop
  endfacet
  facet normal 0.07551 0.188861 0.979096
    outer loop
      vertex -20.06 -4.0925 3.85283
      vertex -18.6374 -3.69007 3.66549
      vertex -20.06 -3.3425 3.70816
    endloop
  endfacet
  facet normal 0.0754911 0.188923 0.979086
    outer loop
      vertex -18.6374 -3.69007 3.66549
      vertex -20.06 -4.0925 3.85283
      vertex -18.6349 -3.70672 3.66851
    endloop
  endfacet
  facet normal 0.0754865 0.188939 0.979083
    outer loop
      vertex -18.6349 -3.70672 3.66851
      vertex -20.06 -4.0925 3.85283
      vertex -18.6295 -3.72831 3.67226
    endloop
  endfacet
  facet normal 0.0657544 0.186602 0.980233
    outer loop
      vertex -19.0545 -4.26963 3.8191
      vertex -20.06 -4.0925 3.85283
      vertex -20.06 -5.12 4.04843
    endloop
  endfacet
  facet normal 0.0658602 0.186481 0.980249
    outer loop
      vertex -18.5567 -5.02466 3.92929
      vertex -19.0545 -4.26963 3.8191
      vertex -20.06 -5.12 4.04843
    endloop
  endfacet
  facet normal 0.093885 0.186842 0.977894
    outer loop
      vertex -20.06 -2.12 3.47459
      vertex -18.8368 -2.34561 3.40026
      vertex -18.8703 -2.12 3.36037
    endloop
  endfacet
  facet normal 0.093884 0.186836 0.977895
    outer loop
      vertex -18.8368 -2.34561 3.40026
      vertex -20.06 -2.12 3.47459
      vertex -20.06 -3.3425 3.70816
    endloop
  endfacet
  facet normal 0.0791628 0.204227 0.975718
    outer loop
      vertex -18.6374 -3.69007 3.66549
      vertex -18.8368 -2.34561 3.40026
      vertex -20.06 -3.3425 3.70816
    endloop
  endfacet
  facet normal 0.114854 0.186835 0.975654
    outer loop
      vertex -19.172 -1.23197 3.2
      vertex -20.06 -0.686086 3.2
      vertex -20.06 -2.12 3.47459
    endloop
  endfacet
  facet normal 0.0934652 0.207603 0.973738
    outer loop
      vertex -19.172 -1.23197 3.2
      vertex -18.9085 -1.86232 3.3091
      vertex -18.9342 -1.33903 3.2
    endloop
  endfacet
  facet normal 0.0934835 0.207611 0.973734
    outer loop
      vertex -20.06 -2.12 3.47459
      vertex -18.9085 -1.86232 3.3091
      vertex -19.172 -1.23197 3.2
    endloop
  endfacet
  facet normal 0.0934859 0.207601 0.973736
    outer loop
      vertex -18.9085 -1.86232 3.3091
      vertex -20.06 -2.12 3.47459
      vertex -18.8703 -2.12 3.36037
    endloop
  endfacet
  facet normal 0.0875551 0.010579 0.996104
    outer loop
      vertex -18.56 -6.62 4.14689
      vertex -17.5952 -7.15516 4.06777
      vertex -17.7866 -6.62 4.07891
    endloop
  endfacet
  facet normal 0.0875622 0.0105919 0.996103
    outer loop
      vertex -17.5952 -7.15516 4.06777
      vertex -18.56 -6.62 4.14689
      vertex -18.56 -8.12 4.16284
    endloop
  endfacet
  facet normal 0.0911145 0.00699775 0.995816
    outer loop
      vertex -17.5537 -7.27098 4.0648
      vertex -18.56 -8.12 4.16284
      vertex -17.1522 -8.12 4.03403
    endloop
  endfacet
  facet normal 0.0910412 0.00708531 0.995822
    outer loop
      vertex -18.56 -8.12 4.16284
      vertex -17.5537 -7.27098 4.0648
      vertex -17.5952 -7.15516 4.06777
    endloop
  endfacet
  facet normal 0.0987903 0.209149 0.972881
    outer loop
      vertex -18.2834 -5.10998 3.91988
      vertex -18.3162 -4.97922 3.8951
      vertex -18.5567 -5.02466 3.92929
    endloop
  endfacet
  facet normal 0.108944 0.16141 0.980856
    outer loop
      vertex -18.3162 -4.97922 3.8951
      vertex -18.3601 -4.80399 3.87114
      vertex -18.5567 -5.02466 3.92929
    endloop
  endfacet
  facet normal 0.0760346 0.134592 0.98798
    outer loop
      vertex -18.5567 -5.02466 3.92929
      vertex -18.1819 -5.51541 3.9673
      vertex -18.2834 -5.10998 3.91988
    endloop
  endfacet
  facet normal 0.0760459 0.1346 0.987978
    outer loop
      vertex -18.56 -6.62 4.14689
      vertex -18.1819 -5.51541 3.9673
      vertex -18.5567 -5.02466 3.92929
    endloop
  endfacet
  facet normal 0.076018 0.13461 0.987978
    outer loop
      vertex -18.1819 -5.51541 3.9673
      vertex -18.56 -6.62 4.14689
      vertex -17.9506 -6.16171 4.03756
    endloop
  endfacet
  facet normal 0.0869238 0.120333 0.988921
    outer loop
      vertex -17.7866 -6.62 4.07891
      vertex -17.9506 -6.16171 4.03756
      vertex -18.56 -6.62 4.14689
    endloop
  endfacet
  facet normal 1 -0 0
    outer loop
      vertex 20.5 -30.5 3.2
      vertex 20.5 30.5 -1.90735e-07
      vertex 20.5 30.5 3.2
    endloop
  endfacet
  facet normal 1 0 0
    outer loop
      vertex 20.5 30.5 -1.90735e-07
      vertex 20.5 -30.5 3.2
      vertex 20.5 -30.5 -1.90735e-07
    endloop
  endfacet
  facet normal 0 0 1
    outer loop
      vertex -18.9342 -1.33903 3.2
      vertex -19 8.39233e-07 3.2
      vertex -19.172 -1.23197 3.2
    endloop
  endfacet
  facet normal 0 0 1
    outer loop
      vertex -5.51541 -18.1819 3.2
      vertex -13.3579 -24.8383 3.2
      vertex -13.35 -25 3.2
    endloop
  endfacet
  facet normal 0 0 1
    outer loop
      vertex -10.5558 -15.7979 3.2
      vertex -13.3817 -24.6781 3.2
      vertex -13.3579 -24.8383 3.2
    endloop
  endfacet
  facet normal 0 0 1
    outer loop
      vertex -10.5558 -15.7979 3.2
      vertex -13.421 -24.521 3.2
      vertex -13.3817 -24.6781 3.2
    endloop
  endfacet
  facet normal -0 0 1
    outer loop
      vertex -14.7121 -14.12 3.2
      vertex -12.0535 -14.6872 3.2
      vertex -13.435 -13.435 3.2
    endloop
  endfacet
  facet normal 0 0 1
    outer loop
      vertex -10.5558 -15.7979 3.2
      vertex -13.4756 -24.3686 3.2
      vertex -13.421 -24.521 3.2
    endloop
  endfacet
  facet normal 0 0 1
    outer loop
      vertex -10.5558 -15.7979 3.2
      vertex -13.5448 -24.2222 3.2
      vertex -13.4756 -24.3686 3.2
    endloop
  endfacet
  facet normal 0 0 1
    outer loop
      vertex -10.5558 -15.7979 3.2
      vertex -13.6281 -24.0833 3.2
      vertex -13.5448 -24.2222 3.2
    endloop
  endfacet
  facet normal 0 0 1
    outer loop
      vertex -10.5558 -15.7979 3.2
      vertex -13.7245 -23.9533 3.2
      vertex -13.6281 -24.0833 3.2
    endloop
  endfacet
  facet normal 0 0 1
    outer loop
      vertex -10.5558 -15.7979 3.2
      vertex -13.8333 -23.8333 3.2
      vertex -13.7245 -23.9533 3.2
    endloop
  endfacet
  facet normal 0 0 1
    outer loop
      vertex -10.5558 -15.7979 3.2
      vertex -13.9533 -23.7245 3.2
      vertex -13.8333 -23.8333 3.2
    endloop
  endfacet
  facet normal 0 0 1
    outer loop
      vertex -14.7121 -14.12 3.2
      vertex -13.435 -13.435 3.2
      vertex -14.0764 -12.7274 3.2
    endloop
  endfacet
  facet normal 0 0 1
    outer loop
      vertex -12.0535 -14.6872 3.2
      vertex -14.7121 -14.12 3.2
      vertex -15.296 -15.356 3.2
    endloop
  endfacet
  facet normal 0 0 1
    outer loop
      vertex -12.0535 -14.6872 3.2
      vertex -15.296 -15.356 3.2
      vertex -15.4185 -15.62 3.2
    endloop
  endfacet
  facet normal 0 0 1
    outer loop
      vertex -12.0535 -14.6872 3.2
      vertex -15.4185 -15.62 3.2
      vertex -15.56 -15.9149 3.2
    endloop
  endfacet
  facet normal 0 0 1
    outer loop
      vertex -10.5558 -15.7979 3.2
      vertex -15.56 -15.9149 3.2
      vertex -16.2248 -17.12 3.2
    endloop
  endfacet
  facet normal 0 0 1
    outer loop
      vertex -10.5558 -15.7979 3.2
      vertex -14.0833 -23.6281 3.2
      vertex -13.9533 -23.7245 3.2
    endloop
  endfacet
  facet normal 0 -0 1
    outer loop
      vertex -14.3686 -23.4756 3.2
      vertex -10.5558 -15.7979 3.2
      vertex -16.2248 -17.12 3.2
    endloop
  endfacet
  facet normal 0 0 1
    outer loop
      vertex -10.5558 -15.7979 3.2
      vertex -14.2222 -23.5448 3.2
      vertex -14.0833 -23.6281 3.2
    endloop
  endfacet
  facet normal 0 0 1
    outer loop
      vertex -10.5558 -15.7979 3.2
      vertex -14.3686 -23.4756 3.2
      vertex -14.2222 -23.5448 3.2
    endloop
  endfacet
  facet normal 0 0 1
    outer loop
      vertex -14.3686 -23.4756 3.2
      vertex -16.2248 -17.12 3.2
      vertex -14.521 -23.421 3.2
    endloop
  endfacet
  facet normal -0 0 1
    outer loop
      vertex -17.06 -18.577 3.2
      vertex -14.521 -23.421 3.2
      vertex -16.2248 -17.12 3.2
    endloop
  endfacet
  facet normal 0 0 1
    outer loop
      vertex -14.521 -23.421 3.2
      vertex -17.06 -18.577 3.2
      vertex -14.6781 -23.3817 3.2
    endloop
  endfacet
  facet normal 0 0 1
    outer loop
      vertex -14.6781 -23.3817 3.2
      vertex -17.06 -18.577 3.2
      vertex -14.8383 -23.3579 3.2
    endloop
  endfacet
  facet normal -0 0 1
    outer loop
      vertex -17.0865 -18.62 3.2
      vertex -14.8383 -23.3579 3.2
      vertex -17.06 -18.577 3.2
    endloop
  endfacet
  facet normal -0 0 1
    outer loop
      vertex -17.1305 -18.6905 3.2
      vertex -14.8383 -23.3579 3.2
      vertex -17.0865 -18.62 3.2
    endloop
  endfacet
  facet normal 0 0 1
    outer loop
      vertex -14.8383 -23.3579 3.2
      vertex -17.1305 -18.6905 3.2
      vertex -15 -23.35 3.2
    endloop
  endfacet
  facet normal 0 0 1
    outer loop
      vertex -15 -23.35 3.2
      vertex -17.1305 -18.6905 3.2
      vertex -15.1617 -23.3579 3.2
    endloop
  endfacet
  facet normal -0 0 1
    outer loop
      vertex -18.0208 -20.12 3.2
      vertex -15.1617 -23.3579 3.2
      vertex -17.1305 -18.6905 3.2
    endloop
  endfacet
  facet normal 0 0 1
    outer loop
      vertex -15.1617 -23.3579 3.2
      vertex -18.0208 -20.12 3.2
      vertex -15.3219 -23.3817 3.2
    endloop
  endfacet
  facet normal 0 0 1
    outer loop
      vertex -15.3219 -23.3817 3.2
      vertex -18.0208 -20.12 3.2
      vertex -15.479 -23.421 3.2
    endloop
  endfacet
  facet normal 0 0 1
    outer loop
      vertex -15.479 -23.421 3.2
      vertex -18.0208 -20.12 3.2
      vertex -15.6314 -23.4756 3.2
    endloop
  endfacet
  facet normal 0 0 1
    outer loop
      vertex -15.6314 -23.4756 3.2
      vertex -18.0208 -20.12 3.2
      vertex -15.7778 -23.5448 3.2
    endloop
  endfacet
  facet normal -0 0 1
    outer loop
      vertex -18.56 -20.9806 3.2
      vertex -15.7778 -23.5448 3.2
      vertex -18.0208 -20.12 3.2
    endloop
  endfacet
  facet normal 0 0 1
    outer loop
      vertex -15.7778 -23.5448 3.2
      vertex -18.56 -20.9806 3.2
      vertex -15.9167 -23.6281 3.2
    endloop
  endfacet
  facet normal 0 0 1
    outer loop
      vertex -15.9167 -23.6281 3.2
      vertex -18.56 -20.9806 3.2
      vertex -16.0467 -23.7245 3.2
    endloop
  endfacet
  facet normal 0 0 1
    outer loop
      vertex -16.0467 -23.7245 3.2
      vertex -18.56 -20.9806 3.2
      vertex -16.1667 -23.8333 3.2
    endloop
  endfacet
  facet normal 0 0 1
    outer loop
      vertex -16.1667 -23.8333 3.2
      vertex -18.56 -20.9806 3.2
      vertex -16.2755 -23.9533 3.2
    endloop
  endfacet
  facet normal 0 0 1
    outer loop
      vertex -16.2755 -23.9533 3.2
      vertex -18.56 -20.9806 3.2
      vertex -16.3719 -24.0833 3.2
    endloop
  endfacet
  facet normal 0 0 1
    outer loop
      vertex -16.3719 -24.0833 3.2
      vertex -20.06 -23.3724 3.2
      vertex -16.4552 -24.2222 3.2
    endloop
  endfacet
  facet normal -0 0 1
    outer loop
      vertex -20.06 -23.3724 3.2
      vertex -16.3719 -24.0833 3.2
      vertex -18.56 -20.9806 3.2
    endloop
  endfacet
  facet normal -0 0 1
    outer loop
      vertex -13.4756 24.3686 3.2
      vertex -7.27099 17.5537 3.2
      vertex -13.421 24.521 3.2
    endloop
  endfacet
  facet normal -0 0 1
    outer loop
      vertex -13.5448 24.2222 3.2
      vertex -7.27099 17.5537 3.2
      vertex -13.4756 24.3686 3.2
    endloop
  endfacet
  facet normal -0 0 1
    outer loop
      vertex -13.6281 24.0833 3.2
      vertex -7.27099 17.5537 3.2
      vertex -13.5448 24.2222 3.2
    endloop
  endfacet
  facet normal -0 0 1
    outer loop
      vertex -13.7245 23.9533 3.2
      vertex -7.27099 17.5537 3.2
      vertex -13.6281 24.0833 3.2
    endloop
  endfacet
  facet normal 0 0 1
    outer loop
      vertex -7.27099 17.5537 3.2
      vertex -13.7245 23.9533 3.2
      vertex -8.95654 16.7565 3.2
    endloop
  endfacet
  facet normal -0 0 1
    outer loop
      vertex -13.8333 23.8333 3.2
      vertex -8.95654 16.7565 3.2
      vertex -13.7245 23.9533 3.2
    endloop
  endfacet
  facet normal -0 0 1
    outer loop
      vertex -13.9533 23.7245 3.2
      vertex -8.95654 16.7565 3.2
      vertex -13.8333 23.8333 3.2
    endloop
  endfacet
  facet normal -0 0 1
    outer loop
      vertex -14.0833 23.6281 3.2
      vertex -8.95654 16.7565 3.2
      vertex -13.9533 23.7245 3.2
    endloop
  endfacet
  facet normal 0 0 1
    outer loop
      vertex -8.95654 16.7565 3.2
      vertex -14.0833 23.6281 3.2
      vertex -10.5558 15.7979 3.2
    endloop
  endfacet
  facet normal -0 0 1
    outer loop
      vertex -14.2222 23.5448 3.2
      vertex -10.5558 15.7979 3.2
      vertex -14.0833 23.6281 3.2
    endloop
  endfacet
  facet normal -0 0 1
    outer loop
      vertex -14.3686 23.4756 3.2
      vertex -10.5558 15.7979 3.2
      vertex -14.2222 23.5448 3.2
    endloop
  endfacet
  facet normal -0 0 1
    outer loop
      vertex -14.521 23.421 3.2
      vertex -10.5558 15.7979 3.2
      vertex -14.3686 23.4756 3.2
    endloop
  endfacet
  facet normal -0 0 1
    outer loop
      vertex -14.6781 23.3817 3.2
      vertex -10.5558 15.7979 3.2
      vertex -14.521 23.421 3.2
    endloop
  endfacet
  facet normal 0 0 1
    outer loop
      vertex -10.5558 15.7979 3.2
      vertex -14.6781 23.3817 3.2
      vertex -12.0535 14.6872 3.2
    endloop
  endfacet
  facet normal -0 0 1
    outer loop
      vertex -14.8383 23.3579 3.2
      vertex -12.0535 14.6872 3.2
      vertex -14.6781 23.3817 3.2
    endloop
  endfacet
  facet normal -0 0 1
    outer loop
      vertex -15 23.35 3.2
      vertex -12.0535 14.6872 3.2
      vertex -14.8383 23.3579 3.2
    endloop
  endfacet
  facet normal 0 0 1
    outer loop
      vertex -15.1617 23.3579 3.2
      vertex -12.0535 14.6872 3.2
      vertex -15 23.35 3.2
    endloop
  endfacet
  facet normal 0 0 1
    outer loop
      vertex -15.3219 23.3817 3.2
      vertex -12.0535 14.6872 3.2
      vertex -15.1617 23.3579 3.2
    endloop
  endfacet
  facet normal 0 0 1
    outer loop
      vertex -12.0535 14.6872 3.2
      vertex -15.3219 23.3817 3.2
      vertex -13.435 13.435 3.2
    endloop
  endfacet
  facet normal 0 0 1
    outer loop
      vertex -15.479 23.421 3.2
      vertex -13.435 13.435 3.2
      vertex -15.3219 23.3817 3.2
    endloop
  endfacet
  facet normal 0 0 1
    outer loop
      vertex -15.6314 23.4756 3.2
      vertex -13.435 13.435 3.2
      vertex -15.479 23.421 3.2
    endloop
  endfacet
  facet normal 0 0 1
    outer loop
      vertex -15.7778 23.5448 3.2
      vertex -13.435 13.435 3.2
      vertex -15.6314 23.4756 3.2
    endloop
  endfacet
  facet normal 0 0 1
    outer loop
      vertex -13.435 13.435 3.2
      vertex -15.7778 23.5448 3.2
      vertex -14.6872 12.0535 3.2
    endloop
  endfacet
  facet normal 0 0 1
    outer loop
      vertex -15.9167 23.6281 3.2
      vertex -14.6872 12.0535 3.2
      vertex -15.7778 23.5448 3.2
    endloop
  endfacet
  facet normal 0 0 1
    outer loop
      vertex -16.0467 23.7245 3.2
      vertex -14.6872 12.0535 3.2
      vertex -15.9167 23.6281 3.2
    endloop
  endfacet
  facet normal 0 0 1
    outer loop
      vertex -16.1667 23.8333 3.2
      vertex -14.6872 12.0535 3.2
      vertex -16.0467 23.7245 3.2
    endloop
  endfacet
  facet normal 0 0 1
    outer loop
      vertex -14.6872 12.0535 3.2
      vertex -16.1667 23.8333 3.2
      vertex -15.7979 10.5558 3.2
    endloop
  endfacet
  facet normal 0 0 1
    outer loop
      vertex -16.2755 23.9533 3.2
      vertex -15.7979 10.5558 3.2
      vertex -16.1667 23.8333 3.2
    endloop
  endfacet
  facet normal 0 0 1
    outer loop
      vertex -16.3719 24.0833 3.2
      vertex -15.7979 10.5558 3.2
      vertex -16.2755 23.9533 3.2
    endloop
  endfacet
  facet normal 0 0 1
    outer loop
      vertex -16.7565 8.95654 3.2
      vertex -16.3719 24.0833 3.2
      vertex -16.4552 24.2222 3.2
    endloop
  endfacet
  facet normal 0 0 1
    outer loop
      vertex -16.7565 8.95654 3.2
      vertex -16.4552 24.2222 3.2
      vertex -16.5244 24.3686 3.2
    endloop
  endfacet
  facet normal 0 0 1
    outer loop
      vertex -20.5 30.5 3.2
      vertex -16.5244 24.3686 3.2
      vertex -16.579 24.521 3.2
    endloop
  endfacet
  facet normal 0 0 1
    outer loop
      vertex -20.5 30.5 3.2
      vertex -16.579 24.521 3.2
      vertex -16.6183 24.6781 3.2
    endloop
  endfacet
  facet normal 0 0 1
    outer loop
      vertex -20.5 30.5 3.2
      vertex -16.6183 24.6781 3.2
      vertex -16.6421 24.8383 3.2
    endloop
  endfacet
  facet normal 0 0 1
    outer loop
      vertex -16.3719 24.0833 3.2
      vertex -16.7565 8.95654 3.2
      vertex -15.7979 10.5558 3.2
    endloop
  endfacet
  facet normal 0 0 1
    outer loop
      vertex -20.5 30.5 3.2
      vertex -16.6421 24.8383 3.2
      vertex -16.65 25 3.2
    endloop
  endfacet
  facet normal 0 0 1
    outer loop
      vertex 20.5 -30.5 3.2
      vertex 16.6421 -24.8383 3.2
      vertex 16.65 -25 3.2
    endloop
  endfacet
  facet normal 0 0 1
    outer loop
      vertex 20.5 -30.5 3.2
      vertex 16.6183 -24.6781 3.2
      vertex 16.6421 -24.8383 3.2
    endloop
  endfacet
  facet normal 0 0 1
    outer loop
      vertex 20.5 -30.5 3.2
      vertex 16.579 -24.521 3.2
      vertex 16.6183 -24.6781 3.2
    endloop
  endfacet
  facet normal 0 0 1
    outer loop
      vertex 20.5 -30.5 3.2
      vertex 16.5244 -24.3686 3.2
      vertex 16.579 -24.521 3.2
    endloop
  endfacet
  facet normal 0 0 1
    outer loop
      vertex 16.7565 -8.95654 3.2
      vertex 16.4552 -24.2222 3.2
      vertex 16.5244 -24.3686 3.2
    endloop
  endfacet
  facet normal 0 0 1
    outer loop
      vertex 16.7565 -8.95654 3.2
      vertex 16.3719 -24.0833 3.2
      vertex 16.4552 -24.2222 3.2
    endloop
  endfacet
  facet normal -0 0 1
    outer loop
      vertex 15.7979 -10.5558 3.2
      vertex 16.3719 -24.0833 3.2
      vertex 16.7565 -8.95654 3.2
    endloop
  endfacet
  facet normal 0 0 1
    outer loop
      vertex 16.3719 -24.0833 3.2
      vertex 15.7979 -10.5558 3.2
      vertex 16.2755 -23.9533 3.2
    endloop
  endfacet
  facet normal 0 0 1
    outer loop
      vertex 16.2755 -23.9533 3.2
      vertex 15.7979 -10.5558 3.2
      vertex 16.1667 -23.8333 3.2
    endloop
  endfacet
  facet normal -0 0 1
    outer loop
      vertex 14.6872 -12.0535 3.2
      vertex 16.1667 -23.8333 3.2
      vertex 15.7979 -10.5558 3.2
    endloop
  endfacet
  facet normal 0 0 1
    outer loop
      vertex 16.1667 -23.8333 3.2
      vertex 14.6872 -12.0535 3.2
      vertex 16.0467 -23.7245 3.2
    endloop
  endfacet
  facet normal 0 0 1
    outer loop
      vertex 16.0467 -23.7245 3.2
      vertex 14.6872 -12.0535 3.2
      vertex 15.9167 -23.6281 3.2
    endloop
  endfacet
  facet normal 0 0 1
    outer loop
      vertex 15.9167 -23.6281 3.2
      vertex 14.6872 -12.0535 3.2
      vertex 15.7778 -23.5448 3.2
    endloop
  endfacet
  facet normal -0 0 1
    outer loop
      vertex 13.435 -13.435 3.2
      vertex 15.7778 -23.5448 3.2
      vertex 14.6872 -12.0535 3.2
    endloop
  endfacet
  facet normal 0 0 1
    outer loop
      vertex 15.7778 -23.5448 3.2
      vertex 13.435 -13.435 3.2
      vertex 15.6314 -23.4756 3.2
    endloop
  endfacet
  facet normal 0 0 1
    outer loop
      vertex 15.6314 -23.4756 3.2
      vertex 13.435 -13.435 3.2
      vertex 15.479 -23.421 3.2
    endloop
  endfacet
  facet normal 0 0 1
    outer loop
      vertex 15.479 -23.421 3.2
      vertex 13.435 -13.435 3.2
      vertex 15.3219 -23.3817 3.2
    endloop
  endfacet
  facet normal -0 0 1
    outer loop
      vertex 12.0535 -14.6872 3.2
      vertex 15.3219 -23.3817 3.2
      vertex 13.435 -13.435 3.2
    endloop
  endfacet
  facet normal 0 0 1
    outer loop
      vertex 15.3219 -23.3817 3.2
      vertex 12.0535 -14.6872 3.2
      vertex 15.1617 -23.3579 3.2
    endloop
  endfacet
  facet normal 0 0 1
    outer loop
      vertex 15.1617 -23.3579 3.2
      vertex 12.0535 -14.6872 3.2
      vertex 15 -23.35 3.2
    endloop
  endfacet
  facet normal 0 0 1
    outer loop
      vertex 15 -23.35 3.2
      vertex 12.0535 -14.6872 3.2
      vertex 14.8383 -23.3579 3.2
    endloop
  endfacet
  facet normal 0 0 1
    outer loop
      vertex 14.8383 -23.3579 3.2
      vertex 12.0535 -14.6872 3.2
      vertex 14.6781 -23.3817 3.2
    endloop
  endfacet
  facet normal -0 0 1
    outer loop
      vertex 10.5558 -15.7979 3.2
      vertex 14.6781 -23.3817 3.2
      vertex 12.0535 -14.6872 3.2
    endloop
  endfacet
  facet normal 0 0 1
    outer loop
      vertex 14.6781 -23.3817 3.2
      vertex 10.5558 -15.7979 3.2
      vertex 14.521 -23.421 3.2
    endloop
  endfacet
  facet normal 0 0 1
    outer loop
      vertex 14.521 -23.421 3.2
      vertex 10.5558 -15.7979 3.2
      vertex 14.3686 -23.4756 3.2
    endloop
  endfacet
  facet normal 0 0 1
    outer loop
      vertex 14.3686 -23.4756 3.2
      vertex 10.5558 -15.7979 3.2
      vertex 14.2222 -23.5448 3.2
    endloop
  endfacet
  facet normal 0 0 1
    outer loop
      vertex 14.2222 -23.5448 3.2
      vertex 10.5558 -15.7979 3.2
      vertex 14.0833 -23.6281 3.2
    endloop
  endfacet
  facet normal -0 0 1
    outer loop
      vertex 8.95654 -16.7565 3.2
      vertex 14.0833 -23.6281 3.2
      vertex 10.5558 -15.7979 3.2
    endloop
  endfacet
  facet normal 0 0 1
    outer loop
      vertex 14.0833 -23.6281 3.2
      vertex 8.95654 -16.7565 3.2
      vertex 13.9533 -23.7245 3.2
    endloop
  endfacet
  facet normal 0 0 1
    outer loop
      vertex 13.9533 -23.7245 3.2
      vertex 8.95654 -16.7565 3.2
      vertex 13.8333 -23.8333 3.2
    endloop
  endfacet
  facet normal 0 0 1
    outer loop
      vertex 13.8333 -23.8333 3.2
      vertex 8.95654 -16.7565 3.2
      vertex 13.7245 -23.9533 3.2
    endloop
  endfacet
  facet normal -0 0 1
    outer loop
      vertex 7.27099 -17.5537 3.2
      vertex 13.7245 -23.9533 3.2
      vertex 8.95654 -16.7565 3.2
    endloop
  endfacet
  facet normal 0 0 1
    outer loop
      vertex 13.7245 -23.9533 3.2
      vertex 7.27099 -17.5537 3.2
      vertex 13.6281 -24.0833 3.2
    endloop
  endfacet
  facet normal 0 0 1
    outer loop
      vertex 13.6281 -24.0833 3.2
      vertex 7.27099 -17.5537 3.2
      vertex 13.5448 -24.2222 3.2
    endloop
  endfacet
  facet normal 0 0 1
    outer loop
      vertex 13.5448 -24.2222 3.2
      vertex 7.27099 -17.5537 3.2
      vertex 13.4756 -24.3686 3.2
    endloop
  endfacet
  facet normal 0 0 1
    outer loop
      vertex 13.4756 -24.3686 3.2
      vertex 7.27099 -17.5537 3.2
      vertex 13.421 -24.521 3.2
    endloop
  endfacet
  facet normal 0 0 1
    outer loop
      vertex 20.5 30.5 3.2
      vertex 19 8.39233e-07 3.2
      vertex 20.5 -30.5 3.2
    endloop
  endfacet
  facet normal 0 0 1
    outer loop
      vertex 20.5 30.5 3.2
      vertex 18.9085 1.86233 3.2
      vertex 19 8.39233e-07 3.2
    endloop
  endfacet
  facet normal 0 0 1
    outer loop
      vertex 20.5 30.5 3.2
      vertex 18.6349 3.70672 3.2
      vertex 18.9085 1.86233 3.2
    endloop
  endfacet
  facet normal 0 0 1
    outer loop
      vertex 20.5 30.5 3.2
      vertex 18.1819 5.51541 3.2
      vertex 18.6349 3.70672 3.2
    endloop
  endfacet
  facet normal 0 0 1
    outer loop
      vertex 20.5 30.5 3.2
      vertex 17.5537 7.27099 3.2
      vertex 18.1819 5.51541 3.2
    endloop
  endfacet
  facet normal 0 0 1
    outer loop
      vertex 20.5 30.5 3.2
      vertex 16.7565 8.95654 3.2
      vertex 17.5537 7.27099 3.2
    endloop
  endfacet
  facet normal 0 0 1
    outer loop
      vertex 16.6421 24.8383 3.2
      vertex 20.5 30.5 3.2
      vertex 16.65 25 3.2
    endloop
  endfacet
  facet normal 0 0 1
    outer loop
      vertex 20.5 30.5 3.2
      vertex 16.6421 25.1617 3.2
      vertex 16.65 25 3.2
    endloop
  endfacet
  facet normal 0 0 1
    outer loop
      vertex 20.5 30.5 3.2
      vertex 16.6183 25.3219 3.2
      vertex 16.6421 25.1617 3.2
    endloop
  endfacet
  facet normal 0 0 1
    outer loop
      vertex 20.5 30.5 3.2
      vertex 16.579 25.479 3.2
      vertex 16.6183 25.3219 3.2
    endloop
  endfacet
  facet normal 0 0 1
    outer loop
      vertex 20.5 30.5 3.2
      vertex 16.5244 25.6314 3.2
      vertex 16.579 25.479 3.2
    endloop
  endfacet
  facet normal 0 0 1
    outer loop
      vertex 20.5 30.5 3.2
      vertex 16.4552 25.7778 3.2
      vertex 16.5244 25.6314 3.2
    endloop
  endfacet
  facet normal 0 0 1
    outer loop
      vertex 20.5 30.5 3.2
      vertex 16.3719 25.9167 3.2
      vertex 16.4552 25.7778 3.2
    endloop
  endfacet
  facet normal 0 0 1
    outer loop
      vertex 20.5 30.5 3.2
      vertex 16.2755 26.0467 3.2
      vertex 16.3719 25.9167 3.2
    endloop
  endfacet
  facet normal 0 0 1
    outer loop
      vertex 20.5 30.5 3.2
      vertex 16.1667 26.1667 3.2
      vertex 16.2755 26.0467 3.2
    endloop
  endfacet
  facet normal 0 0 1
    outer loop
      vertex 20.5 30.5 3.2
      vertex 16.0467 26.2755 3.2
      vertex 16.1667 26.1667 3.2
    endloop
  endfacet
  facet normal 0 0 1
    outer loop
      vertex 20.5 30.5 3.2
      vertex 15.9167 26.3719 3.2
      vertex 16.0467 26.2755 3.2
    endloop
  endfacet
  facet normal 0 0 1
    outer loop
      vertex 20.5 30.5 3.2
      vertex 15.7778 26.4552 3.2
      vertex 15.9167 26.3719 3.2
    endloop
  endfacet
  facet normal 0 0 1
    outer loop
      vertex 20.5 30.5 3.2
      vertex 15.6314 26.5244 3.2
      vertex 15.7778 26.4552 3.2
    endloop
  endfacet
  facet normal 0 0 1
    outer loop
      vertex 20.5 30.5 3.2
      vertex 15.479 26.579 3.2
      vertex 15.6314 26.5244 3.2
    endloop
  endfacet
  facet normal 0 0 1
    outer loop
      vertex 20.5 30.5 3.2
      vertex 15.3219 26.6183 3.2
      vertex 15.479 26.579 3.2
    endloop
  endfacet
  facet normal 0 0 1
    outer loop
      vertex 20.5 30.5 3.2
      vertex 15.1617 26.6421 3.2
      vertex 15.3219 26.6183 3.2
    endloop
  endfacet
  facet normal 0 0 1
    outer loop
      vertex 20.5 30.5 3.2
      vertex 15 26.65 3.2
      vertex 15.1617 26.6421 3.2
    endloop
  endfacet
  facet normal 0 0 1
    outer loop
      vertex 20.5 30.5 3.2
      vertex 14.8383 26.6421 3.2
      vertex 15 26.65 3.2
    endloop
  endfacet
  facet normal 0 0 1
    outer loop
      vertex 20.5 30.5 3.2
      vertex 14.6781 26.6183 3.2
      vertex 14.8383 26.6421 3.2
    endloop
  endfacet
  facet normal 0 0 1
    outer loop
      vertex 20.5 30.5 3.2
      vertex 14.521 26.579 3.2
      vertex 14.6781 26.6183 3.2
    endloop
  endfacet
  facet normal 0 0 1
    outer loop
      vertex 20.5 30.5 3.2
      vertex 14.3686 26.5244 3.2
      vertex 14.521 26.579 3.2
    endloop
  endfacet
  facet normal 0 0 1
    outer loop
      vertex 20.5 30.5 3.2
      vertex 14.2222 26.4552 3.2
      vertex 14.3686 26.5244 3.2
    endloop
  endfacet
  facet normal 0 0 1
    outer loop
      vertex -14.2222 26.4552 3.2
      vertex 14.2222 26.4552 3.2
      vertex 20.5 30.5 3.2
    endloop
  endfacet
  facet normal 0 0 1
    outer loop
      vertex 3.70672 18.6349 3.2
      vertex 13.35 25 3.2
      vertex 13.3579 25.1617 3.2
    endloop
  endfacet
  facet normal 0 0 1
    outer loop
      vertex 13.35 25 3.2
      vertex 10.5558 15.7979 3.2
      vertex 12.0535 14.6872 3.2
    endloop
  endfacet
  facet normal 0 0 1
    outer loop
      vertex 3.70672 18.6349 3.2
      vertex 13.3579 25.1617 3.2
      vertex 13.3817 25.3219 3.2
    endloop
  endfacet
  facet normal 0 0 1
    outer loop
      vertex 3.70672 18.6349 3.2
      vertex 13.3817 25.3219 3.2
      vertex 13.421 25.479 3.2
    endloop
  endfacet
  facet normal 0 0 1
    outer loop
      vertex 13.35 25 3.2
      vertex 8.95654 16.7565 3.2
      vertex 10.5558 15.7979 3.2
    endloop
  endfacet
  facet normal 0 0 1
    outer loop
      vertex 1.86233 18.9085 3.2
      vertex 13.421 25.479 3.2
      vertex 13.4756 25.6314 3.2
    endloop
  endfacet
  facet normal 0 0 1
    outer loop
      vertex 1.86233 18.9085 3.2
      vertex 13.4756 25.6314 3.2
      vertex 13.5448 25.7778 3.2
    endloop
  endfacet
  facet normal 0 0 1
    outer loop
      vertex 13.35 25 3.2
      vertex 7.27099 17.5537 3.2
      vertex 8.95654 16.7565 3.2
    endloop
  endfacet
  facet normal 0 0 1
    outer loop
      vertex 4.19617e-07 19 3.2
      vertex 13.5448 25.7778 3.2
      vertex 13.6281 25.9167 3.2
    endloop
  endfacet
  facet normal 0 0 1
    outer loop
      vertex -13.6281 25.9167 3.2
      vertex 13.6281 25.9167 3.2
      vertex 13.7245 26.0467 3.2
    endloop
  endfacet
  facet normal 0 0 1
    outer loop
      vertex 13.35 25 3.2
      vertex 5.51541 18.1819 3.2
      vertex 7.27099 17.5537 3.2
    endloop
  endfacet
  facet normal 0 0 1
    outer loop
      vertex -13.7245 26.0467 3.2
      vertex 13.7245 26.0467 3.2
      vertex 13.8333 26.1667 3.2
    endloop
  endfacet
  facet normal 0 0 1
    outer loop
      vertex 13.35 25 3.2
      vertex 3.70672 18.6349 3.2
      vertex 5.51541 18.1819 3.2
    endloop
  endfacet
  facet normal 0 0 1
    outer loop
      vertex -13.8333 26.1667 3.2
      vertex 13.8333 26.1667 3.2
      vertex 13.9533 26.2755 3.2
    endloop
  endfacet
  facet normal 0 0 1
    outer loop
      vertex 13.421 25.479 3.2
      vertex 1.86233 18.9085 3.2
      vertex 3.70672 18.6349 3.2
    endloop
  endfacet
  facet normal 0 0 1
    outer loop
      vertex -13.9533 26.2755 3.2
      vertex 13.9533 26.2755 3.2
      vertex 14.0833 26.3719 3.2
    endloop
  endfacet
  facet normal 0 0 1
    outer loop
      vertex 14.2222 26.4552 3.2
      vertex -14.2222 26.4552 3.2
      vertex 14.0833 26.3719 3.2
    endloop
  endfacet
  facet normal 0 0 1
    outer loop
      vertex 13.5448 25.7778 3.2
      vertex 4.19617e-07 19 3.2
      vertex 1.86233 18.9085 3.2
    endloop
  endfacet
  facet normal 0 0 1
    outer loop
      vertex 13.7245 26.0467 3.2
      vertex -13.7245 26.0467 3.2
      vertex -13.6281 25.9167 3.2
    endloop
  endfacet
  facet normal 0 0 1
    outer loop
      vertex 13.6281 25.9167 3.2
      vertex -13.6281 25.9167 3.2
      vertex 4.19617e-07 19 3.2
    endloop
  endfacet
  facet normal 0 0 1
    outer loop
      vertex 4.19617e-07 19 3.2
      vertex -13.5448 25.7778 3.2
      vertex -1.86233 18.9085 3.2
    endloop
  endfacet
  facet normal -0 -0 1
    outer loop
      vertex -13.421 25.479 3.2
      vertex -1.86233 18.9085 3.2
      vertex -13.4756 25.6314 3.2
    endloop
  endfacet
  facet normal 0 0 1
    outer loop
      vertex -5.51541 18.1819 3.2
      vertex -13.421 24.521 3.2
      vertex -7.27099 17.5537 3.2
    endloop
  endfacet
  facet normal -0 0 1
    outer loop
      vertex -13.421 24.521 3.2
      vertex -5.51541 18.1819 3.2
      vertex -13.3817 24.6781 3.2
    endloop
  endfacet
  facet normal -0 0 1
    outer loop
      vertex -13.3817 24.6781 3.2
      vertex -5.51541 18.1819 3.2
      vertex -13.3579 24.8383 3.2
    endloop
  endfacet
  facet normal -0 -0 1
    outer loop
      vertex -13.3817 25.3219 3.2
      vertex -3.70672 18.6349 3.2
      vertex -13.421 25.479 3.2
    endloop
  endfacet
  facet normal -0 0 1
    outer loop
      vertex -13.3579 24.8383 3.2
      vertex -5.51541 18.1819 3.2
      vertex -13.35 25 3.2
    endloop
  endfacet
  facet normal 0 0 1
    outer loop
      vertex -3.70672 18.6349 3.2
      vertex -13.35 25 3.2
      vertex -5.51541 18.1819 3.2
    endloop
  endfacet
  facet normal -0 -0 1
    outer loop
      vertex -13.35 25 3.2
      vertex -3.70672 18.6349 3.2
      vertex -13.3579 25.1617 3.2
    endloop
  endfacet
  facet normal -0 -0 1
    outer loop
      vertex -13.3579 25.1617 3.2
      vertex -3.70672 18.6349 3.2
      vertex -13.3817 25.3219 3.2
    endloop
  endfacet
  facet normal 0 0 1
    outer loop
      vertex -1.86233 18.9085 3.2
      vertex -13.421 25.479 3.2
      vertex -3.70672 18.6349 3.2
    endloop
  endfacet
  facet normal -0 -0 1
    outer loop
      vertex -13.4756 25.6314 3.2
      vertex -1.86233 18.9085 3.2
      vertex -13.5448 25.7778 3.2
    endloop
  endfacet
  facet normal -0 -0 1
    outer loop
      vertex -13.5448 25.7778 3.2
      vertex 4.19617e-07 19 3.2
      vertex -13.6281 25.9167 3.2
    endloop
  endfacet
  facet normal 0 0 1
    outer loop
      vertex 13.8333 26.1667 3.2
      vertex -13.8333 26.1667 3.2
      vertex -13.7245 26.0467 3.2
    endloop
  endfacet
  facet normal 0 0 1
    outer loop
      vertex 13.9533 26.2755 3.2
      vertex -13.9533 26.2755 3.2
      vertex -13.8333 26.1667 3.2
    endloop
  endfacet
  facet normal 0 0 1
    outer loop
      vertex 14.0833 26.3719 3.2
      vertex -14.0833 26.3719 3.2
      vertex -13.9533 26.2755 3.2
    endloop
  endfacet
  facet normal 0 0 1
    outer loop
      vertex 14.0833 26.3719 3.2
      vertex -14.2222 26.4552 3.2
      vertex -14.0833 26.3719 3.2
    endloop
  endfacet
  facet normal -0 0 1
    outer loop
      vertex -20.5 30.5 3.2
      vertex -14.2222 26.4552 3.2
      vertex 20.5 30.5 3.2
    endloop
  endfacet
  facet normal 0 0 1
    outer loop
      vertex -14.2222 26.4552 3.2
      vertex -20.5 30.5 3.2
      vertex -14.3686 26.5244 3.2
    endloop
  endfacet
  facet normal 0 0 1
    outer loop
      vertex -14.3686 26.5244 3.2
      vertex -20.5 30.5 3.2
      vertex -14.521 26.579 3.2
    endloop
  endfacet
  facet normal 0 0 1
    outer loop
      vertex -14.521 26.579 3.2
      vertex -20.5 30.5 3.2
      vertex -14.6781 26.6183 3.2
    endloop
  endfacet
  facet normal 0 0 1
    outer loop
      vertex -14.6781 26.6183 3.2
      vertex -20.5 30.5 3.2
      vertex -14.8383 26.6421 3.2
    endloop
  endfacet
  facet normal 0 0 1
    outer loop
      vertex -14.8383 26.6421 3.2
      vertex -20.5 30.5 3.2
      vertex -15 26.65 3.2
    endloop
  endfacet
  facet normal 0 0 1
    outer loop
      vertex -16.5244 24.3686 3.2
      vertex -20.5 30.5 3.2
      vertex -16.7565 8.95654 3.2
    endloop
  endfacet
  facet normal 0 0 1
    outer loop
      vertex -20.5 30.5 3.2
      vertex -16.65 25 3.2
      vertex -16.6421 25.1617 3.2
    endloop
  endfacet
  facet normal 0 0 1
    outer loop
      vertex -16.7565 8.95654 3.2
      vertex -20.5 30.5 3.2
      vertex -17.5537 7.27099 3.2
    endloop
  endfacet
  facet normal 0 0 1
    outer loop
      vertex -17.5537 7.27099 3.2
      vertex -20.5 30.5 3.2
      vertex -18.1819 5.51541 3.2
    endloop
  endfacet
  facet normal 0 0 1
    outer loop
      vertex -20.5 -0.47309 3.2
      vertex -18.1819 5.51541 3.2
      vertex -20.5 30.5 3.2
    endloop
  endfacet
  facet normal 0 0 1
    outer loop
      vertex -20.5 -0.47309 3.2
      vertex -19 8.39233e-07 3.2
      vertex -18.9085 1.86233 3.2
    endloop
  endfacet
  facet normal 0 0 1
    outer loop
      vertex -19 8.39233e-07 3.2
      vertex -20.06 -0.686086 3.2
      vertex -19.172 -1.23197 3.2
    endloop
  endfacet
  facet normal 0 0 1
    outer loop
      vertex -18.1819 5.51541 3.2
      vertex -20.5 -0.47309 3.2
      vertex -18.6349 3.70672 3.2
    endloop
  endfacet
  facet normal 0 0 1
    outer loop
      vertex -19 8.39233e-07 3.2
      vertex -20.192 -0.62 3.2
      vertex -20.06 -0.686086 3.2
    endloop
  endfacet
  facet normal 0 0 1
    outer loop
      vertex -20.06 -0.686086 3.2
      vertex -20.192 -0.62 3.2
      vertex -20.1079 -0.66786 3.2
    endloop
  endfacet
  facet normal 0 0 1
    outer loop
      vertex -15 26.65 3.2
      vertex -20.5 30.5 3.2
      vertex -15.1617 26.6421 3.2
    endloop
  endfacet
  facet normal 0 0 1
    outer loop
      vertex -20.5 30.5 3.2
      vertex -15.3219 26.6183 3.2
      vertex -15.1617 26.6421 3.2
    endloop
  endfacet
  facet normal 0 0 1
    outer loop
      vertex -20.5 30.5 3.2
      vertex -15.479 26.579 3.2
      vertex -15.3219 26.6183 3.2
    endloop
  endfacet
  facet normal 0 0 1
    outer loop
      vertex -20.5 30.5 3.2
      vertex -15.6314 26.5244 3.2
      vertex -15.479 26.579 3.2
    endloop
  endfacet
  facet normal 0 0 1
    outer loop
      vertex -20.5 30.5 3.2
      vertex -15.7778 26.4552 3.2
      vertex -15.6314 26.5244 3.2
    endloop
  endfacet
  facet normal 0 0 1
    outer loop
      vertex -20.5 30.5 3.2
      vertex -15.9167 26.3719 3.2
      vertex -15.7778 26.4552 3.2
    endloop
  endfacet
  facet normal 0 0 1
    outer loop
      vertex -20.5 30.5 3.2
      vertex -16.0467 26.2755 3.2
      vertex -15.9167 26.3719 3.2
    endloop
  endfacet
  facet normal 0 0 1
    outer loop
      vertex -20.5 30.5 3.2
      vertex -16.1667 26.1667 3.2
      vertex -16.0467 26.2755 3.2
    endloop
  endfacet
  facet normal 0 0 1
    outer loop
      vertex -20.5 30.5 3.2
      vertex -16.2755 26.0467 3.2
      vertex -16.1667 26.1667 3.2
    endloop
  endfacet
  facet normal 0 0 1
    outer loop
      vertex -20.5 30.5 3.2
      vertex -16.3719 25.9167 3.2
      vertex -16.2755 26.0467 3.2
    endloop
  endfacet
  facet normal 0 0 1
    outer loop
      vertex -20.5 30.5 3.2
      vertex -16.4552 25.7778 3.2
      vertex -16.3719 25.9167 3.2
    endloop
  endfacet
  facet normal 0 0 1
    outer loop
      vertex -20.5 30.5 3.2
      vertex -16.5244 25.6314 3.2
      vertex -16.4552 25.7778 3.2
    endloop
  endfacet
  facet normal 0 0 1
    outer loop
      vertex -20.5 30.5 3.2
      vertex -16.579 25.479 3.2
      vertex -16.5244 25.6314 3.2
    endloop
  endfacet
  facet normal 0 0 1
    outer loop
      vertex -20.5 30.5 3.2
      vertex -16.6183 25.3219 3.2
      vertex -16.579 25.479 3.2
    endloop
  endfacet
  facet normal 0 0 1
    outer loop
      vertex -20.5 30.5 3.2
      vertex -16.6421 25.1617 3.2
      vertex -16.6183 25.3219 3.2
    endloop
  endfacet
  facet normal 0 0 1
    outer loop
      vertex -18.6349 3.70672 3.2
      vertex -20.5 -0.47309 3.2
      vertex -18.9085 1.86233 3.2
    endloop
  endfacet
  facet normal 0 0 1
    outer loop
      vertex -19 8.39233e-07 3.2
      vertex -20.5 -0.47309 3.2
      vertex -20.192 -0.62 3.2
    endloop
  endfacet
  facet normal -0 0 1
    outer loop
      vertex 18.9085 -1.86232 3.2
      vertex 20.5 -30.5 3.2
      vertex 19 8.39233e-07 3.2
    endloop
  endfacet
  facet normal -0 0 1
    outer loop
      vertex 18.6349 -3.70672 3.2
      vertex 20.5 -30.5 3.2
      vertex 18.9085 -1.86232 3.2
    endloop
  endfacet
  facet normal -0 0 1
    outer loop
      vertex 18.1819 -5.51541 3.2
      vertex 20.5 -30.5 3.2
      vertex 18.6349 -3.70672 3.2
    endloop
  endfacet
  facet normal -0 0 1
    outer loop
      vertex 17.5537 -7.27098 3.2
      vertex 20.5 -30.5 3.2
      vertex 18.1819 -5.51541 3.2
    endloop
  endfacet
  facet normal -0 0 1
    outer loop
      vertex 16.7565 -8.95654 3.2
      vertex 20.5 -30.5 3.2
      vertex 17.5537 -7.27098 3.2
    endloop
  endfacet
  facet normal -0 0 1
    outer loop
      vertex 16.5244 -24.3686 3.2
      vertex 20.5 -30.5 3.2
      vertex 16.7565 -8.95654 3.2
    endloop
  endfacet
  facet normal -0 0 1
    outer loop
      vertex 16.6421 -25.1617 3.2
      vertex 20.5 -30.5 3.2
      vertex 16.65 -25 3.2
    endloop
  endfacet
  facet normal -0 0 1
    outer loop
      vertex 16.6183 -25.3219 3.2
      vertex 20.5 -30.5 3.2
      vertex 16.6421 -25.1617 3.2
    endloop
  endfacet
  facet normal -0 0 1
    outer loop
      vertex 16.579 -25.479 3.2
      vertex 20.5 -30.5 3.2
      vertex 16.6183 -25.3219 3.2
    endloop
  endfacet
  facet normal -0 0 1
    outer loop
      vertex 16.5244 -25.6314 3.2
      vertex 20.5 -30.5 3.2
      vertex 16.579 -25.479 3.2
    endloop
  endfacet
  facet normal -0 0 1
    outer loop
      vertex 16.4552 -25.7778 3.2
      vertex 20.5 -30.5 3.2
      vertex 16.5244 -25.6314 3.2
    endloop
  endfacet
  facet normal -0 0 1
    outer loop
      vertex 16.3719 -25.9167 3.2
      vertex 20.5 -30.5 3.2
      vertex 16.4552 -25.7778 3.2
    endloop
  endfacet
  facet normal -0 0 1
    outer loop
      vertex 16.2755 -26.0467 3.2
      vertex 20.5 -30.5 3.2
      vertex 16.3719 -25.9167 3.2
    endloop
  endfacet
  facet normal -0 0 1
    outer loop
      vertex 16.1667 -26.1667 3.2
      vertex 20.5 -30.5 3.2
      vertex 16.2755 -26.0467 3.2
    endloop
  endfacet
  facet normal -0 0 1
    outer loop
      vertex 16.0467 -26.2755 3.2
      vertex 20.5 -30.5 3.2
      vertex 16.1667 -26.1667 3.2
    endloop
  endfacet
  facet normal -0 0 1
    outer loop
      vertex 15.9167 -26.3719 3.2
      vertex 20.5 -30.5 3.2
      vertex 16.0467 -26.2755 3.2
    endloop
  endfacet
  facet normal -0 0 1
    outer loop
      vertex 15.7778 -26.4552 3.2
      vertex 20.5 -30.5 3.2
      vertex 15.9167 -26.3719 3.2
    endloop
  endfacet
  facet normal -0 0 1
    outer loop
      vertex 15.6314 -26.5244 3.2
      vertex 20.5 -30.5 3.2
      vertex 15.7778 -26.4552 3.2
    endloop
  endfacet
  facet normal -0 0 1
    outer loop
      vertex 15.479 -26.579 3.2
      vertex 20.5 -30.5 3.2
      vertex 15.6314 -26.5244 3.2
    endloop
  endfacet
  facet normal -0 0 1
    outer loop
      vertex 15.3219 -26.6183 3.2
      vertex 20.5 -30.5 3.2
      vertex 15.479 -26.579 3.2
    endloop
  endfacet
  facet normal -0 0 1
    outer loop
      vertex 15.1617 -26.6421 3.2
      vertex 20.5 -30.5 3.2
      vertex 15.3219 -26.6183 3.2
    endloop
  endfacet
  facet normal -0 0 1
    outer loop
      vertex 15 -26.65 3.2
      vertex 20.5 -30.5 3.2
      vertex 15.1617 -26.6421 3.2
    endloop
  endfacet
  facet normal 0 0 1
    outer loop
      vertex 14.8383 -26.6421 3.2
      vertex 20.5 -30.5 3.2
      vertex 15 -26.65 3.2
    endloop
  endfacet
  facet normal 0 0 1
    outer loop
      vertex 14.6781 -26.6183 3.2
      vertex 20.5 -30.5 3.2
      vertex 14.8383 -26.6421 3.2
    endloop
  endfacet
  facet normal 0 0 1
    outer loop
      vertex 14.521 -26.579 3.2
      vertex 20.5 -30.5 3.2
      vertex 14.6781 -26.6183 3.2
    endloop
  endfacet
  facet normal 0 0 1
    outer loop
      vertex 14.3686 -26.5244 3.2
      vertex 20.5 -30.5 3.2
      vertex 14.521 -26.579 3.2
    endloop
  endfacet
  facet normal 0 0 1
    outer loop
      vertex 14.2222 -26.4552 3.2
      vertex 20.5 -30.5 3.2
      vertex 14.3686 -26.5244 3.2
    endloop
  endfacet
  facet normal 0 0 1
    outer loop
      vertex -14.2222 -26.4552 3.2
      vertex 14.2222 -26.4552 3.2
      vertex 14.0833 -26.3719 3.2
    endloop
  endfacet
  facet normal -0 0 1
    outer loop
      vertex 5.51541 -18.1819 3.2
      vertex 13.421 -24.521 3.2
      vertex 7.27099 -17.5537 3.2
    endloop
  endfacet
  facet normal 0 0 1
    outer loop
      vertex 13.421 -24.521 3.2
      vertex 5.51541 -18.1819 3.2
      vertex 13.3817 -24.6781 3.2
    endloop
  endfacet
  facet normal 0 0 1
    outer loop
      vertex 13.3817 -24.6781 3.2
      vertex 5.51541 -18.1819 3.2
      vertex 13.3579 -24.8383 3.2
    endloop
  endfacet
  facet normal 0 0 1
    outer loop
      vertex 13.3579 -24.8383 3.2
      vertex 5.51541 -18.1819 3.2
      vertex 13.35 -25 3.2
    endloop
  endfacet
  facet normal -0 0 1
    outer loop
      vertex 3.70672 -18.6349 3.2
      vertex 13.35 -25 3.2
      vertex 5.51541 -18.1819 3.2
    endloop
  endfacet
  facet normal 0 0 1
    outer loop
      vertex 13.35 -25 3.2
      vertex 3.70672 -18.6349 3.2
      vertex 13.3579 -25.1617 3.2
    endloop
  endfacet
  facet normal 0 0 1
    outer loop
      vertex 13.3579 -25.1617 3.2
      vertex 3.70672 -18.6349 3.2
      vertex 13.3817 -25.3219 3.2
    endloop
  endfacet
  facet normal 0 0 1
    outer loop
      vertex 13.3817 -25.3219 3.2
      vertex 3.70672 -18.6349 3.2
      vertex 13.421 -25.479 3.2
    endloop
  endfacet
  facet normal -0 0 1
    outer loop
      vertex 1.86233 -18.9085 3.2
      vertex 13.421 -25.479 3.2
      vertex 3.70672 -18.6349 3.2
    endloop
  endfacet
  facet normal 0 0 1
    outer loop
      vertex 13.421 -25.479 3.2
      vertex 1.86233 -18.9085 3.2
      vertex 13.4756 -25.6314 3.2
    endloop
  endfacet
  facet normal 0 0 1
    outer loop
      vertex 13.4756 -25.6314 3.2
      vertex 1.86233 -18.9085 3.2
      vertex 13.5448 -25.7778 3.2
    endloop
  endfacet
  facet normal -0 0 1
    outer loop
      vertex 4.19617e-07 -19 3.2
      vertex 13.5448 -25.7778 3.2
      vertex 1.86233 -18.9085 3.2
    endloop
  endfacet
  facet normal 0 0 1
    outer loop
      vertex 13.5448 -25.7778 3.2
      vertex 4.19617e-07 -19 3.2
      vertex 13.6281 -25.9167 3.2
    endloop
  endfacet
  facet normal 0 0 1
    outer loop
      vertex -13.6281 -25.9167 3.2
      vertex 13.6281 -25.9167 3.2
      vertex 4.19617e-07 -19 3.2
    endloop
  endfacet
  facet normal 0 0 1
    outer loop
      vertex 13.6281 -25.9167 3.2
      vertex -13.6281 -25.9167 3.2
      vertex 13.7245 -26.0467 3.2
    endloop
  endfacet
  facet normal 0 0 1
    outer loop
      vertex -13.7245 -26.0467 3.2
      vertex 13.7245 -26.0467 3.2
      vertex -13.6281 -25.9167 3.2
    endloop
  endfacet
  facet normal 0 0 1
    outer loop
      vertex -13.8333 -26.1667 3.2
      vertex 13.8333 -26.1667 3.2
      vertex -13.7245 -26.0467 3.2
    endloop
  endfacet
  facet normal 0 0 1
    outer loop
      vertex 13.8333 -26.1667 3.2
      vertex -13.8333 -26.1667 3.2
      vertex 13.9533 -26.2755 3.2
    endloop
  endfacet
  facet normal 0 0 1
    outer loop
      vertex -13.5448 -25.7778 3.2
      vertex 4.19617e-07 -19 3.2
      vertex -1.86233 -18.9085 3.2
    endloop
  endfacet
  facet normal 0 0 1
    outer loop
      vertex -13.421 -25.479 3.2
      vertex -1.86233 -18.9085 3.2
      vertex -3.70672 -18.6349 3.2
    endloop
  endfacet
  facet normal 0 0 1
    outer loop
      vertex -13.35 -25 3.2
      vertex -3.70672 -18.6349 3.2
      vertex -5.51541 -18.1819 3.2
    endloop
  endfacet
  facet normal 0 0 1
    outer loop
      vertex -13.3579 -24.8383 3.2
      vertex -5.51541 -18.1819 3.2
      vertex -7.27099 -17.5537 3.2
    endloop
  endfacet
  facet normal 0 0 1
    outer loop
      vertex -15.56 -15.9149 3.2
      vertex -10.5558 -15.7979 3.2
      vertex -12.0535 -14.6872 3.2
    endloop
  endfacet
  facet normal 0 0 1
    outer loop
      vertex -13.3579 -24.8383 3.2
      vertex -8.95654 -16.7565 3.2
      vertex -10.5558 -15.7979 3.2
    endloop
  endfacet
  facet normal 0 0 1
    outer loop
      vertex -13.3579 -24.8383 3.2
      vertex -7.27099 -17.5537 3.2
      vertex -8.95654 -16.7565 3.2
    endloop
  endfacet
  facet normal 0 0 1
    outer loop
      vertex -3.70672 -18.6349 3.2
      vertex -13.35 -25 3.2
      vertex -13.3579 -25.1617 3.2
    endloop
  endfacet
  facet normal 0 0 1
    outer loop
      vertex -3.70672 -18.6349 3.2
      vertex -13.3579 -25.1617 3.2
      vertex -13.3817 -25.3219 3.2
    endloop
  endfacet
  facet normal 0 0 1
    outer loop
      vertex -3.70672 -18.6349 3.2
      vertex -13.3817 -25.3219 3.2
      vertex -13.421 -25.479 3.2
    endloop
  endfacet
  facet normal 0 0 1
    outer loop
      vertex -1.86233 -18.9085 3.2
      vertex -13.421 -25.479 3.2
      vertex -13.4756 -25.6314 3.2
    endloop
  endfacet
  facet normal 0 0 1
    outer loop
      vertex -1.86233 -18.9085 3.2
      vertex -13.4756 -25.6314 3.2
      vertex -13.5448 -25.7778 3.2
    endloop
  endfacet
  facet normal 0 0 1
    outer loop
      vertex 4.19617e-07 -19 3.2
      vertex -13.5448 -25.7778 3.2
      vertex -13.6281 -25.9167 3.2
    endloop
  endfacet
  facet normal 0 0 1
    outer loop
      vertex 13.7245 -26.0467 3.2
      vertex -13.7245 -26.0467 3.2
      vertex 13.8333 -26.1667 3.2
    endloop
  endfacet
  facet normal 0 0 1
    outer loop
      vertex -13.9533 -26.2755 3.2
      vertex 13.9533 -26.2755 3.2
      vertex -13.8333 -26.1667 3.2
    endloop
  endfacet
  facet normal 0 0 1
    outer loop
      vertex 13.9533 -26.2755 3.2
      vertex -13.9533 -26.2755 3.2
      vertex 14.0833 -26.3719 3.2
    endloop
  endfacet
  facet normal 0 0 1
    outer loop
      vertex -14.0833 -26.3719 3.2
      vertex 14.0833 -26.3719 3.2
      vertex -13.9533 -26.2755 3.2
    endloop
  endfacet
  facet normal 0 0 1
    outer loop
      vertex -14.2222 -26.4552 3.2
      vertex 14.0833 -26.3719 3.2
      vertex -14.0833 -26.3719 3.2
    endloop
  endfacet
  facet normal 0 0 1
    outer loop
      vertex 14.2222 -26.4552 3.2
      vertex -14.2222 -26.4552 3.2
      vertex 20.5 -30.5 3.2
    endloop
  endfacet
  facet normal 0 0 1
    outer loop
      vertex -20.5 -30.5 3.2
      vertex -14.2222 -26.4552 3.2
      vertex -14.3686 -26.5244 3.2
    endloop
  endfacet
  facet normal 0 0 1
    outer loop
      vertex -20.5 -30.5 3.2
      vertex -14.3686 -26.5244 3.2
      vertex -14.521 -26.579 3.2
    endloop
  endfacet
  facet normal 0 0 1
    outer loop
      vertex -20.5 -30.5 3.2
      vertex -14.521 -26.579 3.2
      vertex -14.6781 -26.6183 3.2
    endloop
  endfacet
  facet normal 0 0 1
    outer loop
      vertex -20.5 -30.5 3.2
      vertex -14.6781 -26.6183 3.2
      vertex -14.8383 -26.6421 3.2
    endloop
  endfacet
  facet normal 0 0 1
    outer loop
      vertex -20.5 -30.5 3.2
      vertex -14.8383 -26.6421 3.2
      vertex -15 -26.65 3.2
    endloop
  endfacet
  facet normal 0 0 1
    outer loop
      vertex -20.5 -30.5 3.2
      vertex -15 -26.65 3.2
      vertex -15.1617 -26.6421 3.2
    endloop
  endfacet
  facet normal 0 0 1
    outer loop
      vertex -16.4552 -24.2222 3.2
      vertex -20.06 -23.3724 3.2
      vertex -16.5244 -24.3686 3.2
    endloop
  endfacet
  facet normal 0 0 1
    outer loop
      vertex -16.5244 -24.3686 3.2
      vertex -20.06 -23.3724 3.2
      vertex -16.579 -24.521 3.2
    endloop
  endfacet
  facet normal 0 0 1
    outer loop
      vertex -16.579 -24.521 3.2
      vertex -20.06 -23.3724 3.2
      vertex -16.6183 -24.6781 3.2
    endloop
  endfacet
  facet normal 0 0 1
    outer loop
      vertex -16.6183 -24.6781 3.2
      vertex -20.06 -23.3724 3.2
      vertex -16.6421 -24.8383 3.2
    endloop
  endfacet
  facet normal -0 0 1
    outer loop
      vertex -20.5 -24.0729 3.2
      vertex -16.6421 -24.8383 3.2
      vertex -20.06 -23.3724 3.2
    endloop
  endfacet
  facet normal 0 0 1
    outer loop
      vertex -16.6421 -24.8383 3.2
      vertex -20.5 -24.0729 3.2
      vertex -16.65 -25 3.2
    endloop
  endfacet
  facet normal 0 0 1
    outer loop
      vertex -16.65 -25 3.2
      vertex -20.5 -24.0729 3.2
      vertex -16.6421 -25.1617 3.2
    endloop
  endfacet
  facet normal 0 0 1
    outer loop
      vertex -16.6421 -25.1617 3.2
      vertex -20.5 -24.0729 3.2
      vertex -16.6183 -25.3219 3.2
    endloop
  endfacet
  facet normal 0 0 1
    outer loop
      vertex -16.6183 -25.3219 3.2
      vertex -20.5 -24.0729 3.2
      vertex -16.579 -25.479 3.2
    endloop
  endfacet
  facet normal 0 0 1
    outer loop
      vertex -16.579 -25.479 3.2
      vertex -20.5 -24.0729 3.2
      vertex -16.5244 -25.6314 3.2
    endloop
  endfacet
  facet normal 0 0 1
    outer loop
      vertex -16.5244 -25.6314 3.2
      vertex -20.5 -24.0729 3.2
      vertex -16.4552 -25.7778 3.2
    endloop
  endfacet
  facet normal 0 0 1
    outer loop
      vertex -20.5 -30.5 3.2
      vertex -16.4552 -25.7778 3.2
      vertex -20.5 -24.0729 3.2
    endloop
  endfacet
  facet normal 0 0 1
    outer loop
      vertex -16.4552 -25.7778 3.2
      vertex -20.5 -30.5 3.2
      vertex -16.3719 -25.9167 3.2
    endloop
  endfacet
  facet normal 0 0 1
    outer loop
      vertex -16.3719 -25.9167 3.2
      vertex -20.5 -30.5 3.2
      vertex -16.2755 -26.0467 3.2
    endloop
  endfacet
  facet normal 0 0 1
    outer loop
      vertex -16.2755 -26.0467 3.2
      vertex -20.5 -30.5 3.2
      vertex -16.1667 -26.1667 3.2
    endloop
  endfacet
  facet normal 0 0 1
    outer loop
      vertex -16.1667 -26.1667 3.2
      vertex -20.5 -30.5 3.2
      vertex -16.0467 -26.2755 3.2
    endloop
  endfacet
  facet normal 0 0 1
    outer loop
      vertex -16.0467 -26.2755 3.2
      vertex -20.5 -30.5 3.2
      vertex -15.9167 -26.3719 3.2
    endloop
  endfacet
  facet normal 0 0 1
    outer loop
      vertex -14.2222 -26.4552 3.2
      vertex -20.5 -30.5 3.2
      vertex 20.5 -30.5 3.2
    endloop
  endfacet
  facet normal 0 0 1
    outer loop
      vertex -15.3219 -26.6183 3.2
      vertex -20.5 -30.5 3.2
      vertex -15.1617 -26.6421 3.2
    endloop
  endfacet
  facet normal 0 0 1
    outer loop
      vertex -15.479 -26.579 3.2
      vertex -20.5 -30.5 3.2
      vertex -15.3219 -26.6183 3.2
    endloop
  endfacet
  facet normal 0 0 1
    outer loop
      vertex -15.6314 -26.5244 3.2
      vertex -20.5 -30.5 3.2
      vertex -15.479 -26.579 3.2
    endloop
  endfacet
  facet normal 0 0 1
    outer loop
      vertex -15.7778 -26.4552 3.2
      vertex -20.5 -30.5 3.2
      vertex -15.6314 -26.5244 3.2
    endloop
  endfacet
  facet normal 0 0 1
    outer loop
      vertex -15.9167 -26.3719 3.2
      vertex -20.5 -30.5 3.2
      vertex -15.7778 -26.4552 3.2
    endloop
  endfacet
  facet normal 0 0 1
    outer loop
      vertex 16.6183 24.6781 3.2
      vertex 20.5 30.5 3.2
      vertex 16.6421 24.8383 3.2
    endloop
  endfacet
  facet normal 0 0 1
    outer loop
      vertex 16.579 24.521 3.2
      vertex 20.5 30.5 3.2
      vertex 16.6183 24.6781 3.2
    endloop
  endfacet
  facet normal 0 0 1
    outer loop
      vertex 16.5244 24.3686 3.2
      vertex 20.5 30.5 3.2
      vertex 16.579 24.521 3.2
    endloop
  endfacet
  facet normal 0 0 1
    outer loop
      vertex 20.5 30.5 3.2
      vertex 16.5244 24.3686 3.2
      vertex 16.7565 8.95654 3.2
    endloop
  endfacet
  facet normal -0 0 1
    outer loop
      vertex 16.4552 24.2222 3.2
      vertex 16.7565 8.95654 3.2
      vertex 16.5244 24.3686 3.2
    endloop
  endfacet
  facet normal -0 0 1
    outer loop
      vertex 16.3719 24.0833 3.2
      vertex 16.7565 8.95654 3.2
      vertex 16.4552 24.2222 3.2
    endloop
  endfacet
  facet normal 0 0 1
    outer loop
      vertex 15.7979 10.5558 3.2
      vertex 16.3719 24.0833 3.2
      vertex 16.2755 23.9533 3.2
    endloop
  endfacet
  facet normal 0 0 1
    outer loop
      vertex 15.7979 10.5558 3.2
      vertex 16.2755 23.9533 3.2
      vertex 16.1667 23.8333 3.2
    endloop
  endfacet
  facet normal 0 0 1
    outer loop
      vertex 14.6872 12.0535 3.2
      vertex 16.1667 23.8333 3.2
      vertex 16.0467 23.7245 3.2
    endloop
  endfacet
  facet normal 0 0 1
    outer loop
      vertex 14.6872 12.0535 3.2
      vertex 16.0467 23.7245 3.2
      vertex 15.9167 23.6281 3.2
    endloop
  endfacet
  facet normal 0 0 1
    outer loop
      vertex 16.3719 24.0833 3.2
      vertex 15.7979 10.5558 3.2
      vertex 16.7565 8.95654 3.2
    endloop
  endfacet
  facet normal 0 0 1
    outer loop
      vertex 14.6872 12.0535 3.2
      vertex 15.9167 23.6281 3.2
      vertex 15.7778 23.5448 3.2
    endloop
  endfacet
  facet normal 0 0 1
    outer loop
      vertex 13.435 13.435 3.2
      vertex 15.7778 23.5448 3.2
      vertex 15.6314 23.4756 3.2
    endloop
  endfacet
  facet normal 0 0 1
    outer loop
      vertex 13.435 13.435 3.2
      vertex 15.6314 23.4756 3.2
      vertex 15.479 23.421 3.2
    endloop
  endfacet
  facet normal 0 0 1
    outer loop
      vertex 13.435 13.435 3.2
      vertex 15.479 23.421 3.2
      vertex 15.3219 23.3817 3.2
    endloop
  endfacet
  facet normal 0 0 1
    outer loop
      vertex 12.0535 14.6872 3.2
      vertex 15.3219 23.3817 3.2
      vertex 15.1617 23.3579 3.2
    endloop
  endfacet
  facet normal 0 0 1
    outer loop
      vertex 12.0535 14.6872 3.2
      vertex 15.1617 23.3579 3.2
      vertex 15 23.35 3.2
    endloop
  endfacet
  facet normal 0 0 1
    outer loop
      vertex 12.0535 14.6872 3.2
      vertex 15 23.35 3.2
      vertex 14.8383 23.3579 3.2
    endloop
  endfacet
  facet normal 0 0 1
    outer loop
      vertex 16.1667 23.8333 3.2
      vertex 14.6872 12.0535 3.2
      vertex 15.7979 10.5558 3.2
    endloop
  endfacet
  facet normal 0 0 1
    outer loop
      vertex 12.0535 14.6872 3.2
      vertex 14.8383 23.3579 3.2
      vertex 14.6781 23.3817 3.2
    endloop
  endfacet
  facet normal 0 0 1
    outer loop
      vertex 12.0535 14.6872 3.2
      vertex 14.6781 23.3817 3.2
      vertex 14.521 23.421 3.2
    endloop
  endfacet
  facet normal 0 0 1
    outer loop
      vertex 12.0535 14.6872 3.2
      vertex 14.521 23.421 3.2
      vertex 14.3686 23.4756 3.2
    endloop
  endfacet
  facet normal 0 0 1
    outer loop
      vertex 12.0535 14.6872 3.2
      vertex 14.3686 23.4756 3.2
      vertex 14.2222 23.5448 3.2
    endloop
  endfacet
  facet normal 0 0 1
    outer loop
      vertex 12.0535 14.6872 3.2
      vertex 14.2222 23.5448 3.2
      vertex 14.0833 23.6281 3.2
    endloop
  endfacet
  facet normal 0 0 1
    outer loop
      vertex 12.0535 14.6872 3.2
      vertex 14.0833 23.6281 3.2
      vertex 13.9533 23.7245 3.2
    endloop
  endfacet
  facet normal 0 0 1
    outer loop
      vertex 12.0535 14.6872 3.2
      vertex 13.9533 23.7245 3.2
      vertex 13.8333 23.8333 3.2
    endloop
  endfacet
  facet normal 0 0 1
    outer loop
      vertex 12.0535 14.6872 3.2
      vertex 13.8333 23.8333 3.2
      vertex 13.7245 23.9533 3.2
    endloop
  endfacet
  facet normal 0 0 1
    outer loop
      vertex 12.0535 14.6872 3.2
      vertex 13.7245 23.9533 3.2
      vertex 13.6281 24.0833 3.2
    endloop
  endfacet
  facet normal 0 0 1
    outer loop
      vertex 12.0535 14.6872 3.2
      vertex 13.6281 24.0833 3.2
      vertex 13.5448 24.2222 3.2
    endloop
  endfacet
  facet normal 0 0 1
    outer loop
      vertex 12.0535 14.6872 3.2
      vertex 13.5448 24.2222 3.2
      vertex 13.4756 24.3686 3.2
    endloop
  endfacet
  facet normal 0 0 1
    outer loop
      vertex 15.7778 23.5448 3.2
      vertex 13.435 13.435 3.2
      vertex 14.6872 12.0535 3.2
    endloop
  endfacet
  facet normal 0 0 1
    outer loop
      vertex 12.0535 14.6872 3.2
      vertex 13.4756 24.3686 3.2
      vertex 13.421 24.521 3.2
    endloop
  endfacet
  facet normal 0 0 1
    outer loop
      vertex 12.0535 14.6872 3.2
      vertex 13.421 24.521 3.2
      vertex 13.3817 24.6781 3.2
    endloop
  endfacet
  facet normal 0 0 1
    outer loop
      vertex 12.0535 14.6872 3.2
      vertex 13.3817 24.6781 3.2
      vertex 13.3579 24.8383 3.2
    endloop
  endfacet
  facet normal 0 0 1
    outer loop
      vertex 12.0535 14.6872 3.2
      vertex 13.3579 24.8383 3.2
      vertex 13.35 25 3.2
    endloop
  endfacet
  facet normal 0 0 1
    outer loop
      vertex 15.3219 23.3817 3.2
      vertex 12.0535 14.6872 3.2
      vertex 13.435 13.435 3.2
    endloop
  endfacet
  facet normal 0 0 -1
    outer loop
      vertex -5.51541 18.1819 -1.90735e-07
      vertex -13.3579 24.8383 -1.90735e-07
      vertex -13.35 25 -1.90735e-07
    endloop
  endfacet
  facet normal 0 0 -1
    outer loop
      vertex -10.5558 15.7979 -1.90735e-07
      vertex -13.3817 24.6781 -1.90735e-07
      vertex -13.3579 24.8383 -1.90735e-07
    endloop
  endfacet
  facet normal 0 0 -1
    outer loop
      vertex -10.5558 15.7979 -1.90735e-07
      vertex -13.421 24.521 -1.90735e-07
      vertex -13.3817 24.6781 -1.90735e-07
    endloop
  endfacet
  facet normal 0 0 -1
    outer loop
      vertex -15.3219 23.3817 -1.90735e-07
      vertex -12.0535 14.6872 -1.90735e-07
      vertex -13.435 13.435 -1.90735e-07
    endloop
  endfacet
  facet normal 0 0 -1
    outer loop
      vertex -10.5558 15.7979 -1.90735e-07
      vertex -13.4756 24.3686 -1.90735e-07
      vertex -13.421 24.521 -1.90735e-07
    endloop
  endfacet
  facet normal 0 0 -1
    outer loop
      vertex -10.5558 15.7979 -1.90735e-07
      vertex -13.5448 24.2222 -1.90735e-07
      vertex -13.4756 24.3686 -1.90735e-07
    endloop
  endfacet
  facet normal 0 0 -1
    outer loop
      vertex -10.5558 15.7979 -1.90735e-07
      vertex -13.6281 24.0833 -1.90735e-07
      vertex -13.5448 24.2222 -1.90735e-07
    endloop
  endfacet
  facet normal 0 0 -1
    outer loop
      vertex -10.5558 15.7979 -1.90735e-07
      vertex -13.7245 23.9533 -1.90735e-07
      vertex -13.6281 24.0833 -1.90735e-07
    endloop
  endfacet
  facet normal 0 0 -1
    outer loop
      vertex -10.5558 15.7979 -1.90735e-07
      vertex -13.8333 23.8333 -1.90735e-07
      vertex -13.7245 23.9533 -1.90735e-07
    endloop
  endfacet
  facet normal 0 0 -1
    outer loop
      vertex -10.5558 15.7979 -1.90735e-07
      vertex -13.9533 23.7245 -1.90735e-07
      vertex -13.8333 23.8333 -1.90735e-07
    endloop
  endfacet
  facet normal 0 0 -1
    outer loop
      vertex -10.5558 15.7979 -1.90735e-07
      vertex -14.0833 23.6281 -1.90735e-07
      vertex -13.9533 23.7245 -1.90735e-07
    endloop
  endfacet
  facet normal 0 0 -1
    outer loop
      vertex -10.5558 15.7979 -1.90735e-07
      vertex -14.2222 23.5448 -1.90735e-07
      vertex -14.0833 23.6281 -1.90735e-07
    endloop
  endfacet
  facet normal 0 0 -1
    outer loop
      vertex -10.5558 15.7979 -1.90735e-07
      vertex -14.3686 23.4756 -1.90735e-07
      vertex -14.2222 23.5448 -1.90735e-07
    endloop
  endfacet
  facet normal 0 0 -1
    outer loop
      vertex -10.5558 15.7979 -1.90735e-07
      vertex -14.521 23.421 -1.90735e-07
      vertex -14.3686 23.4756 -1.90735e-07
    endloop
  endfacet
  facet normal 0 0 -1
    outer loop
      vertex -10.5558 15.7979 -1.90735e-07
      vertex -14.6781 23.3817 -1.90735e-07
      vertex -14.521 23.421 -1.90735e-07
    endloop
  endfacet
  facet normal 0 0 -1
    outer loop
      vertex -15.7778 23.5448 -1.90735e-07
      vertex -13.435 13.435 -1.90735e-07
      vertex -14.6872 12.0535 -1.90735e-07
    endloop
  endfacet
  facet normal 0 0 -1
    outer loop
      vertex -12.0535 14.6872 -1.90735e-07
      vertex -14.8383 23.3579 -1.90735e-07
      vertex -14.6781 23.3817 -1.90735e-07
    endloop
  endfacet
  facet normal 0 0 -1
    outer loop
      vertex -12.0535 14.6872 -1.90735e-07
      vertex -15 23.35 -1.90735e-07
      vertex -14.8383 23.3579 -1.90735e-07
    endloop
  endfacet
  facet normal 0 0 -1
    outer loop
      vertex -12.0535 14.6872 -1.90735e-07
      vertex -15.1617 23.3579 -1.90735e-07
      vertex -15 23.35 -1.90735e-07
    endloop
  endfacet
  facet normal 0 0 -1
    outer loop
      vertex -12.0535 14.6872 -1.90735e-07
      vertex -15.3219 23.3817 -1.90735e-07
      vertex -15.1617 23.3579 -1.90735e-07
    endloop
  endfacet
  facet normal 0 0 -1
    outer loop
      vertex -13.435 13.435 -1.90735e-07
      vertex -15.479 23.421 -1.90735e-07
      vertex -15.3219 23.3817 -1.90735e-07
    endloop
  endfacet
  facet normal 0 0 -1
    outer loop
      vertex -13.435 13.435 -1.90735e-07
      vertex -15.6314 23.4756 -1.90735e-07
      vertex -15.479 23.421 -1.90735e-07
    endloop
  endfacet
  facet normal 0 0 -1
    outer loop
      vertex -13.435 13.435 -1.90735e-07
      vertex -15.7778 23.5448 -1.90735e-07
      vertex -15.6314 23.4756 -1.90735e-07
    endloop
  endfacet
  facet normal 0 0 -1
    outer loop
      vertex -16.1667 23.8333 -1.90735e-07
      vertex -14.6872 12.0535 -1.90735e-07
      vertex -15.7979 10.5558 -1.90735e-07
    endloop
  endfacet
  facet normal 0 0 -1
    outer loop
      vertex -14.6872 12.0535 -1.90735e-07
      vertex -15.9167 23.6281 -1.90735e-07
      vertex -15.7778 23.5448 -1.90735e-07
    endloop
  endfacet
  facet normal 0 0 -1
    outer loop
      vertex -14.6872 12.0535 -1.90735e-07
      vertex -16.0467 23.7245 -1.90735e-07
      vertex -15.9167 23.6281 -1.90735e-07
    endloop
  endfacet
  facet normal 0 0 -1
    outer loop
      vertex -14.6872 12.0535 -1.90735e-07
      vertex -16.1667 23.8333 -1.90735e-07
      vertex -16.0467 23.7245 -1.90735e-07
    endloop
  endfacet
  facet normal 0 0 -1
    outer loop
      vertex -15.7979 10.5558 -1.90735e-07
      vertex -16.2755 23.9533 -1.90735e-07
      vertex -16.1667 23.8333 -1.90735e-07
    endloop
  endfacet
  facet normal 0 0 -1
    outer loop
      vertex -15.7979 10.5558 -1.90735e-07
      vertex -16.3719 24.0833 -1.90735e-07
      vertex -16.2755 23.9533 -1.90735e-07
    endloop
  endfacet
  facet normal 0 0 -1
    outer loop
      vertex -16.7565 8.95654 -1.90735e-07
      vertex -16.3719 24.0833 -1.90735e-07
      vertex -15.7979 10.5558 -1.90735e-07
    endloop
  endfacet
  facet normal -0 0 -1
    outer loop
      vertex -16.3719 24.0833 -1.90735e-07
      vertex -16.7565 8.95654 -1.90735e-07
      vertex -16.4552 24.2222 -1.90735e-07
    endloop
  endfacet
  facet normal -0 0 -1
    outer loop
      vertex -16.4552 24.2222 -1.90735e-07
      vertex -16.7565 8.95654 -1.90735e-07
      vertex -16.5244 24.3686 -1.90735e-07
    endloop
  endfacet
  facet normal 0 0 -1
    outer loop
      vertex -20.5 30.5 -1.90735e-07
      vertex -16.5244 24.3686 -1.90735e-07
      vertex -16.7565 8.95654 -1.90735e-07
    endloop
  endfacet
  facet normal 0 0 -1
    outer loop
      vertex -16.5244 24.3686 -1.90735e-07
      vertex -20.5 30.5 -1.90735e-07
      vertex -16.579 24.521 -1.90735e-07
    endloop
  endfacet
  facet normal 0 0 -1
    outer loop
      vertex -16.6183 24.6781 -1.90735e-07
      vertex -20.5 30.5 -1.90735e-07
      vertex -16.6421 24.8383 -1.90735e-07
    endloop
  endfacet
  facet normal 0 0 -1
    outer loop
      vertex -16.579 24.521 -1.90735e-07
      vertex -20.5 30.5 -1.90735e-07
      vertex -16.6183 24.6781 -1.90735e-07
    endloop
  endfacet
  facet normal 0 0 -1
    outer loop
      vertex -13.4756 -24.3686 -1.90735e-07
      vertex -7.27099 -17.5537 -1.90735e-07
      vertex -13.421 -24.521 -1.90735e-07
    endloop
  endfacet
  facet normal 0 0 -1
    outer loop
      vertex -13.5448 -24.2222 -1.90735e-07
      vertex -7.27099 -17.5537 -1.90735e-07
      vertex -13.4756 -24.3686 -1.90735e-07
    endloop
  endfacet
  facet normal 0 0 -1
    outer loop
      vertex -13.6281 -24.0833 -1.90735e-07
      vertex -7.27099 -17.5537 -1.90735e-07
      vertex -13.5448 -24.2222 -1.90735e-07
    endloop
  endfacet
  facet normal 0 0 -1
    outer loop
      vertex -13.7245 -23.9533 -1.90735e-07
      vertex -7.27099 -17.5537 -1.90735e-07
      vertex -13.6281 -24.0833 -1.90735e-07
    endloop
  endfacet
  facet normal -0 0 -1
    outer loop
      vertex -7.27099 -17.5537 -1.90735e-07
      vertex -13.7245 -23.9533 -1.90735e-07
      vertex -8.95654 -16.7565 -1.90735e-07
    endloop
  endfacet
  facet normal 0 0 -1
    outer loop
      vertex -13.8333 -23.8333 -1.90735e-07
      vertex -8.95654 -16.7565 -1.90735e-07
      vertex -13.7245 -23.9533 -1.90735e-07
    endloop
  endfacet
  facet normal 0 0 -1
    outer loop
      vertex -13.9533 -23.7245 -1.90735e-07
      vertex -8.95654 -16.7565 -1.90735e-07
      vertex -13.8333 -23.8333 -1.90735e-07
    endloop
  endfacet
  facet normal 0 0 -1
    outer loop
      vertex -14.0833 -23.6281 -1.90735e-07
      vertex -8.95654 -16.7565 -1.90735e-07
      vertex -13.9533 -23.7245 -1.90735e-07
    endloop
  endfacet
  facet normal -0 0 -1
    outer loop
      vertex -8.95654 -16.7565 -1.90735e-07
      vertex -14.0833 -23.6281 -1.90735e-07
      vertex -10.5558 -15.7979 -1.90735e-07
    endloop
  endfacet
  facet normal 0 0 -1
    outer loop
      vertex -14.2222 -23.5448 -1.90735e-07
      vertex -10.5558 -15.7979 -1.90735e-07
      vertex -14.0833 -23.6281 -1.90735e-07
    endloop
  endfacet
  facet normal 0 0 -1
    outer loop
      vertex -14.3686 -23.4756 -1.90735e-07
      vertex -10.5558 -15.7979 -1.90735e-07
      vertex -14.2222 -23.5448 -1.90735e-07
    endloop
  endfacet
  facet normal 0 0 -1
    outer loop
      vertex -14.521 -23.421 -1.90735e-07
      vertex -10.5558 -15.7979 -1.90735e-07
      vertex -14.3686 -23.4756 -1.90735e-07
    endloop
  endfacet
  facet normal 0 0 -1
    outer loop
      vertex -14.6781 -23.3817 -1.90735e-07
      vertex -10.5558 -15.7979 -1.90735e-07
      vertex -14.521 -23.421 -1.90735e-07
    endloop
  endfacet
  facet normal -0 0 -1
    outer loop
      vertex -10.5558 -15.7979 -1.90735e-07
      vertex -14.6781 -23.3817 -1.90735e-07
      vertex -12.0535 -14.6872 -1.90735e-07
    endloop
  endfacet
  facet normal 0 0 -1
    outer loop
      vertex -14.8383 -23.3579 -1.90735e-07
      vertex -12.0535 -14.6872 -1.90735e-07
      vertex -14.6781 -23.3817 -1.90735e-07
    endloop
  endfacet
  facet normal 0 0 -1
    outer loop
      vertex -15 -23.35 -1.90735e-07
      vertex -12.0535 -14.6872 -1.90735e-07
      vertex -14.8383 -23.3579 -1.90735e-07
    endloop
  endfacet
  facet normal 0 0 -1
    outer loop
      vertex -15.1617 -23.3579 -1.90735e-07
      vertex -12.0535 -14.6872 -1.90735e-07
      vertex -15 -23.35 -1.90735e-07
    endloop
  endfacet
  facet normal 0 0 -1
    outer loop
      vertex -15.3219 -23.3817 -1.90735e-07
      vertex -12.0535 -14.6872 -1.90735e-07
      vertex -15.1617 -23.3579 -1.90735e-07
    endloop
  endfacet
  facet normal -0 0 -1
    outer loop
      vertex -12.0535 -14.6872 -1.90735e-07
      vertex -15.3219 -23.3817 -1.90735e-07
      vertex -13.435 -13.435 -1.90735e-07
    endloop
  endfacet
  facet normal 0 0 -1
    outer loop
      vertex -15.479 -23.421 -1.90735e-07
      vertex -13.435 -13.435 -1.90735e-07
      vertex -15.3219 -23.3817 -1.90735e-07
    endloop
  endfacet
  facet normal 0 0 -1
    outer loop
      vertex -15.6314 -23.4756 -1.90735e-07
      vertex -13.435 -13.435 -1.90735e-07
      vertex -15.479 -23.421 -1.90735e-07
    endloop
  endfacet
  facet normal 0 0 -1
    outer loop
      vertex -15.7778 -23.5448 -1.90735e-07
      vertex -13.435 -13.435 -1.90735e-07
      vertex -15.6314 -23.4756 -1.90735e-07
    endloop
  endfacet
  facet normal -0 0 -1
    outer loop
      vertex -13.435 -13.435 -1.90735e-07
      vertex -15.7778 -23.5448 -1.90735e-07
      vertex -14.6872 -12.0535 -1.90735e-07
    endloop
  endfacet
  facet normal 0 0 -1
    outer loop
      vertex -15.9167 -23.6281 -1.90735e-07
      vertex -14.6872 -12.0535 -1.90735e-07
      vertex -15.7778 -23.5448 -1.90735e-07
    endloop
  endfacet
  facet normal 0 0 -1
    outer loop
      vertex -16.0467 -23.7245 -1.90735e-07
      vertex -14.6872 -12.0535 -1.90735e-07
      vertex -15.9167 -23.6281 -1.90735e-07
    endloop
  endfacet
  facet normal 0 0 -1
    outer loop
      vertex -16.1667 -23.8333 -1.90735e-07
      vertex -14.6872 -12.0535 -1.90735e-07
      vertex -16.0467 -23.7245 -1.90735e-07
    endloop
  endfacet
  facet normal -0 0 -1
    outer loop
      vertex -14.6872 -12.0535 -1.90735e-07
      vertex -16.1667 -23.8333 -1.90735e-07
      vertex -15.7979 -10.5558 -1.90735e-07
    endloop
  endfacet
  facet normal 0 0 -1
    outer loop
      vertex -16.2755 -23.9533 -1.90735e-07
      vertex -15.7979 -10.5558 -1.90735e-07
      vertex -16.1667 -23.8333 -1.90735e-07
    endloop
  endfacet
  facet normal 0 0 -1
    outer loop
      vertex -16.3719 -24.0833 -1.90735e-07
      vertex -15.7979 -10.5558 -1.90735e-07
      vertex -16.2755 -23.9533 -1.90735e-07
    endloop
  endfacet
  facet normal 0 0 -1
    outer loop
      vertex -16.7565 -8.95654 -1.90735e-07
      vertex -16.3719 -24.0833 -1.90735e-07
      vertex -16.4552 -24.2222 -1.90735e-07
    endloop
  endfacet
  facet normal 0 0 -1
    outer loop
      vertex -16.7565 -8.95654 -1.90735e-07
      vertex -16.4552 -24.2222 -1.90735e-07
      vertex -16.5244 -24.3686 -1.90735e-07
    endloop
  endfacet
  facet normal 0 0 -1
    outer loop
      vertex -20.5 -30.5 -1.90735e-07
      vertex -16.5244 -24.3686 -1.90735e-07
      vertex -16.579 -24.521 -1.90735e-07
    endloop
  endfacet
  facet normal 0 0 -1
    outer loop
      vertex -20.5 -30.5 -1.90735e-07
      vertex -16.579 -24.521 -1.90735e-07
      vertex -16.6183 -24.6781 -1.90735e-07
    endloop
  endfacet
  facet normal 0 0 -1
    outer loop
      vertex -20.5 -30.5 -1.90735e-07
      vertex -16.6183 -24.6781 -1.90735e-07
      vertex -16.6421 -24.8383 -1.90735e-07
    endloop
  endfacet
  facet normal 0 0 -1
    outer loop
      vertex -16.3719 -24.0833 -1.90735e-07
      vertex -16.7565 -8.95654 -1.90735e-07
      vertex -15.7979 -10.5558 -1.90735e-07
    endloop
  endfacet
  facet normal 0 0 -1
    outer loop
      vertex -20.5 -30.5 -1.90735e-07
      vertex -16.6421 -24.8383 -1.90735e-07
      vertex -16.65 -25 -1.90735e-07
    endloop
  endfacet
  facet normal 0 0 -1
    outer loop
      vertex 20.5 30.5 -1.90735e-07
      vertex 16.6421 24.8383 -1.90735e-07
      vertex 16.65 25 -1.90735e-07
    endloop
  endfacet
  facet normal 0 0 -1
    outer loop
      vertex 20.5 30.5 -1.90735e-07
      vertex 16.6183 24.6781 -1.90735e-07
      vertex 16.6421 24.8383 -1.90735e-07
    endloop
  endfacet
  facet normal 0 0 -1
    outer loop
      vertex 20.5 30.5 -1.90735e-07
      vertex 16.579 24.521 -1.90735e-07
      vertex 16.6183 24.6781 -1.90735e-07
    endloop
  endfacet
  facet normal 0 0 -1
    outer loop
      vertex 20.5 30.5 -1.90735e-07
      vertex 16.5244 24.3686 -1.90735e-07
      vertex 16.579 24.521 -1.90735e-07
    endloop
  endfacet
  facet normal 0 0 -1
    outer loop
      vertex 16.7565 8.95654 -1.90735e-07
      vertex 16.4552 24.2222 -1.90735e-07
      vertex 16.5244 24.3686 -1.90735e-07
    endloop
  endfacet
  facet normal 0 0 -1
    outer loop
      vertex 16.7565 8.95654 -1.90735e-07
      vertex 16.3719 24.0833 -1.90735e-07
      vertex 16.4552 24.2222 -1.90735e-07
    endloop
  endfacet
  facet normal 0 0 -1
    outer loop
      vertex 15.7979 10.5558 -1.90735e-07
      vertex 16.3719 24.0833 -1.90735e-07
      vertex 16.7565 8.95654 -1.90735e-07
    endloop
  endfacet
  facet normal 0 0 -1
    outer loop
      vertex 16.3719 24.0833 -1.90735e-07
      vertex 15.7979 10.5558 -1.90735e-07
      vertex 16.2755 23.9533 -1.90735e-07
    endloop
  endfacet
  facet normal 0 0 -1
    outer loop
      vertex 16.2755 23.9533 -1.90735e-07
      vertex 15.7979 10.5558 -1.90735e-07
      vertex 16.1667 23.8333 -1.90735e-07
    endloop
  endfacet
  facet normal 0 0 -1
    outer loop
      vertex 14.6872 12.0535 -1.90735e-07
      vertex 16.1667 23.8333 -1.90735e-07
      vertex 15.7979 10.5558 -1.90735e-07
    endloop
  endfacet
  facet normal 0 0 -1
    outer loop
      vertex 16.1667 23.8333 -1.90735e-07
      vertex 14.6872 12.0535 -1.90735e-07
      vertex 16.0467 23.7245 -1.90735e-07
    endloop
  endfacet
  facet normal 0 0 -1
    outer loop
      vertex 16.0467 23.7245 -1.90735e-07
      vertex 14.6872 12.0535 -1.90735e-07
      vertex 15.9167 23.6281 -1.90735e-07
    endloop
  endfacet
  facet normal 0 0 -1
    outer loop
      vertex 15.9167 23.6281 -1.90735e-07
      vertex 14.6872 12.0535 -1.90735e-07
      vertex 15.7778 23.5448 -1.90735e-07
    endloop
  endfacet
  facet normal 0 0 -1
    outer loop
      vertex 13.435 13.435 -1.90735e-07
      vertex 15.7778 23.5448 -1.90735e-07
      vertex 14.6872 12.0535 -1.90735e-07
    endloop
  endfacet
  facet normal 0 0 -1
    outer loop
      vertex 15.7778 23.5448 -1.90735e-07
      vertex 13.435 13.435 -1.90735e-07
      vertex 15.6314 23.4756 -1.90735e-07
    endloop
  endfacet
  facet normal 0 0 -1
    outer loop
      vertex 15.6314 23.4756 -1.90735e-07
      vertex 13.435 13.435 -1.90735e-07
      vertex 15.479 23.421 -1.90735e-07
    endloop
  endfacet
  facet normal 0 0 -1
    outer loop
      vertex 15.479 23.421 -1.90735e-07
      vertex 13.435 13.435 -1.90735e-07
      vertex 15.3219 23.3817 -1.90735e-07
    endloop
  endfacet
  facet normal 0 0 -1
    outer loop
      vertex 12.0535 14.6872 -1.90735e-07
      vertex 15.3219 23.3817 -1.90735e-07
      vertex 13.435 13.435 -1.90735e-07
    endloop
  endfacet
  facet normal 0 0 -1
    outer loop
      vertex 15.3219 23.3817 -1.90735e-07
      vertex 12.0535 14.6872 -1.90735e-07
      vertex 15.1617 23.3579 -1.90735e-07
    endloop
  endfacet
  facet normal 0 0 -1
    outer loop
      vertex 15.1617 23.3579 -1.90735e-07
      vertex 12.0535 14.6872 -1.90735e-07
      vertex 15 23.35 -1.90735e-07
    endloop
  endfacet
  facet normal -0 0 -1
    outer loop
      vertex 15 23.35 -1.90735e-07
      vertex 12.0535 14.6872 -1.90735e-07
      vertex 14.8383 23.3579 -1.90735e-07
    endloop
  endfacet
  facet normal -0 0 -1
    outer loop
      vertex 14.8383 23.3579 -1.90735e-07
      vertex 12.0535 14.6872 -1.90735e-07
      vertex 14.6781 23.3817 -1.90735e-07
    endloop
  endfacet
  facet normal 0 0 -1
    outer loop
      vertex 10.5558 15.7979 -1.90735e-07
      vertex 14.6781 23.3817 -1.90735e-07
      vertex 12.0535 14.6872 -1.90735e-07
    endloop
  endfacet
  facet normal -0 0 -1
    outer loop
      vertex 14.6781 23.3817 -1.90735e-07
      vertex 10.5558 15.7979 -1.90735e-07
      vertex 14.521 23.421 -1.90735e-07
    endloop
  endfacet
  facet normal -0 0 -1
    outer loop
      vertex 14.521 23.421 -1.90735e-07
      vertex 10.5558 15.7979 -1.90735e-07
      vertex 14.3686 23.4756 -1.90735e-07
    endloop
  endfacet
  facet normal -0 0 -1
    outer loop
      vertex 14.3686 23.4756 -1.90735e-07
      vertex 10.5558 15.7979 -1.90735e-07
      vertex 14.2222 23.5448 -1.90735e-07
    endloop
  endfacet
  facet normal -0 0 -1
    outer loop
      vertex 14.2222 23.5448 -1.90735e-07
      vertex 10.5558 15.7979 -1.90735e-07
      vertex 14.0833 23.6281 -1.90735e-07
    endloop
  endfacet
  facet normal 0 0 -1
    outer loop
      vertex 8.95654 16.7565 -1.90735e-07
      vertex 14.0833 23.6281 -1.90735e-07
      vertex 10.5558 15.7979 -1.90735e-07
    endloop
  endfacet
  facet normal -0 0 -1
    outer loop
      vertex 14.0833 23.6281 -1.90735e-07
      vertex 8.95654 16.7565 -1.90735e-07
      vertex 13.9533 23.7245 -1.90735e-07
    endloop
  endfacet
  facet normal -0 0 -1
    outer loop
      vertex 13.9533 23.7245 -1.90735e-07
      vertex 8.95654 16.7565 -1.90735e-07
      vertex 13.8333 23.8333 -1.90735e-07
    endloop
  endfacet
  facet normal -0 0 -1
    outer loop
      vertex 13.8333 23.8333 -1.90735e-07
      vertex 8.95654 16.7565 -1.90735e-07
      vertex 13.7245 23.9533 -1.90735e-07
    endloop
  endfacet
  facet normal 0 0 -1
    outer loop
      vertex 7.27099 17.5537 -1.90735e-07
      vertex 13.7245 23.9533 -1.90735e-07
      vertex 8.95654 16.7565 -1.90735e-07
    endloop
  endfacet
  facet normal -0 0 -1
    outer loop
      vertex 13.7245 23.9533 -1.90735e-07
      vertex 7.27099 17.5537 -1.90735e-07
      vertex 13.6281 24.0833 -1.90735e-07
    endloop
  endfacet
  facet normal -0 0 -1
    outer loop
      vertex 13.6281 24.0833 -1.90735e-07
      vertex 7.27099 17.5537 -1.90735e-07
      vertex 13.5448 24.2222 -1.90735e-07
    endloop
  endfacet
  facet normal -0 0 -1
    outer loop
      vertex 13.5448 24.2222 -1.90735e-07
      vertex 7.27099 17.5537 -1.90735e-07
      vertex 13.4756 24.3686 -1.90735e-07
    endloop
  endfacet
  facet normal -0 0 -1
    outer loop
      vertex 13.4756 24.3686 -1.90735e-07
      vertex 7.27099 17.5537 -1.90735e-07
      vertex 13.421 24.521 -1.90735e-07
    endloop
  endfacet
  facet normal 0 0 -1
    outer loop
      vertex 20.5 -30.5 -1.90735e-07
      vertex 19 8.39233e-07 -1.90735e-07
      vertex 20.5 30.5 -1.90735e-07
    endloop
  endfacet
  facet normal 0 0 -1
    outer loop
      vertex 20.5 -30.5 -1.90735e-07
      vertex 18.9085 -1.86232 -1.90735e-07
      vertex 19 8.39233e-07 -1.90735e-07
    endloop
  endfacet
  facet normal 0 0 -1
    outer loop
      vertex 20.5 -30.5 -1.90735e-07
      vertex 18.6349 -3.70672 -1.90735e-07
      vertex 18.9085 -1.86232 -1.90735e-07
    endloop
  endfacet
  facet normal 0 0 -1
    outer loop
      vertex 20.5 -30.5 -1.90735e-07
      vertex 18.1819 -5.51541 -1.90735e-07
      vertex 18.6349 -3.70672 -1.90735e-07
    endloop
  endfacet
  facet normal 0 0 -1
    outer loop
      vertex 20.5 -30.5 -1.90735e-07
      vertex 17.5537 -7.27098 -1.90735e-07
      vertex 18.1819 -5.51541 -1.90735e-07
    endloop
  endfacet
  facet normal 0 0 -1
    outer loop
      vertex 20.5 -30.5 -1.90735e-07
      vertex 16.7565 -8.95654 -1.90735e-07
      vertex 17.5537 -7.27098 -1.90735e-07
    endloop
  endfacet
  facet normal 0 0 -1
    outer loop
      vertex 16.6421 -24.8383 -1.90735e-07
      vertex 20.5 -30.5 -1.90735e-07
      vertex 16.65 -25 -1.90735e-07
    endloop
  endfacet
  facet normal 0 0 -1
    outer loop
      vertex 20.5 -30.5 -1.90735e-07
      vertex 16.6421 -25.1617 -1.90735e-07
      vertex 16.65 -25 -1.90735e-07
    endloop
  endfacet
  facet normal 0 0 -1
    outer loop
      vertex 20.5 -30.5 -1.90735e-07
      vertex 16.6183 -25.3219 -1.90735e-07
      vertex 16.6421 -25.1617 -1.90735e-07
    endloop
  endfacet
  facet normal 0 0 -1
    outer loop
      vertex 20.5 -30.5 -1.90735e-07
      vertex 16.579 -25.479 -1.90735e-07
      vertex 16.6183 -25.3219 -1.90735e-07
    endloop
  endfacet
  facet normal 0 0 -1
    outer loop
      vertex 20.5 -30.5 -1.90735e-07
      vertex 16.5244 -25.6314 -1.90735e-07
      vertex 16.579 -25.479 -1.90735e-07
    endloop
  endfacet
  facet normal 0 0 -1
    outer loop
      vertex 20.5 -30.5 -1.90735e-07
      vertex 16.4552 -25.7778 -1.90735e-07
      vertex 16.5244 -25.6314 -1.90735e-07
    endloop
  endfacet
  facet normal 0 0 -1
    outer loop
      vertex 20.5 -30.5 -1.90735e-07
      vertex 16.3719 -25.9167 -1.90735e-07
      vertex 16.4552 -25.7778 -1.90735e-07
    endloop
  endfacet
  facet normal 0 0 -1
    outer loop
      vertex 20.5 -30.5 -1.90735e-07
      vertex 16.2755 -26.0467 -1.90735e-07
      vertex 16.3719 -25.9167 -1.90735e-07
    endloop
  endfacet
  facet normal 0 0 -1
    outer loop
      vertex 20.5 -30.5 -1.90735e-07
      vertex 16.1667 -26.1667 -1.90735e-07
      vertex 16.2755 -26.0467 -1.90735e-07
    endloop
  endfacet
  facet normal 0 0 -1
    outer loop
      vertex 20.5 -30.5 -1.90735e-07
      vertex 16.0467 -26.2755 -1.90735e-07
      vertex 16.1667 -26.1667 -1.90735e-07
    endloop
  endfacet
  facet normal 0 0 -1
    outer loop
      vertex 20.5 -30.5 -1.90735e-07
      vertex 15.9167 -26.3719 -1.90735e-07
      vertex 16.0467 -26.2755 -1.90735e-07
    endloop
  endfacet
  facet normal 0 0 -1
    outer loop
      vertex 20.5 -30.5 -1.90735e-07
      vertex 15.7778 -26.4552 -1.90735e-07
      vertex 15.9167 -26.3719 -1.90735e-07
    endloop
  endfacet
  facet normal 0 0 -1
    outer loop
      vertex 20.5 -30.5 -1.90735e-07
      vertex 15.6314 -26.5244 -1.90735e-07
      vertex 15.7778 -26.4552 -1.90735e-07
    endloop
  endfacet
  facet normal 0 0 -1
    outer loop
      vertex 20.5 -30.5 -1.90735e-07
      vertex 15.479 -26.579 -1.90735e-07
      vertex 15.6314 -26.5244 -1.90735e-07
    endloop
  endfacet
  facet normal 0 0 -1
    outer loop
      vertex 20.5 -30.5 -1.90735e-07
      vertex 15.3219 -26.6183 -1.90735e-07
      vertex 15.479 -26.579 -1.90735e-07
    endloop
  endfacet
  facet normal 0 0 -1
    outer loop
      vertex 20.5 -30.5 -1.90735e-07
      vertex 15.1617 -26.6421 -1.90735e-07
      vertex 15.3219 -26.6183 -1.90735e-07
    endloop
  endfacet
  facet normal 0 0 -1
    outer loop
      vertex 20.5 -30.5 -1.90735e-07
      vertex 15 -26.65 -1.90735e-07
      vertex 15.1617 -26.6421 -1.90735e-07
    endloop
  endfacet
  facet normal 0 0 -1
    outer loop
      vertex 20.5 -30.5 -1.90735e-07
      vertex 14.8383 -26.6421 -1.90735e-07
      vertex 15 -26.65 -1.90735e-07
    endloop
  endfacet
  facet normal 0 0 -1
    outer loop
      vertex 20.5 -30.5 -1.90735e-07
      vertex 14.6781 -26.6183 -1.90735e-07
      vertex 14.8383 -26.6421 -1.90735e-07
    endloop
  endfacet
  facet normal 0 0 -1
    outer loop
      vertex 20.5 -30.5 -1.90735e-07
      vertex 14.521 -26.579 -1.90735e-07
      vertex 14.6781 -26.6183 -1.90735e-07
    endloop
  endfacet
  facet normal 0 0 -1
    outer loop
      vertex 20.5 -30.5 -1.90735e-07
      vertex 14.3686 -26.5244 -1.90735e-07
      vertex 14.521 -26.579 -1.90735e-07
    endloop
  endfacet
  facet normal 0 0 -1
    outer loop
      vertex 20.5 -30.5 -1.90735e-07
      vertex 14.2222 -26.4552 -1.90735e-07
      vertex 14.3686 -26.5244 -1.90735e-07
    endloop
  endfacet
  facet normal 0 0 -1
    outer loop
      vertex -14.2222 -26.4552 -1.90735e-07
      vertex 14.2222 -26.4552 -1.90735e-07
      vertex 20.5 -30.5 -1.90735e-07
    endloop
  endfacet
  facet normal 0 0 -1
    outer loop
      vertex 3.70672 -18.6349 -1.90735e-07
      vertex 13.35 -25 -1.90735e-07
      vertex 13.3579 -25.1617 -1.90735e-07
    endloop
  endfacet
  facet normal 0 0 -1
    outer loop
      vertex 13.35 -25 -1.90735e-07
      vertex 10.5558 -15.7979 -1.90735e-07
      vertex 12.0535 -14.6872 -1.90735e-07
    endloop
  endfacet
  facet normal 0 0 -1
    outer loop
      vertex 3.70672 -18.6349 -1.90735e-07
      vertex 13.3579 -25.1617 -1.90735e-07
      vertex 13.3817 -25.3219 -1.90735e-07
    endloop
  endfacet
  facet normal 0 0 -1
    outer loop
      vertex 3.70672 -18.6349 -1.90735e-07
      vertex 13.3817 -25.3219 -1.90735e-07
      vertex 13.421 -25.479 -1.90735e-07
    endloop
  endfacet
  facet normal 0 0 -1
    outer loop
      vertex 13.35 -25 -1.90735e-07
      vertex 8.95654 -16.7565 -1.90735e-07
      vertex 10.5558 -15.7979 -1.90735e-07
    endloop
  endfacet
  facet normal 0 0 -1
    outer loop
      vertex 1.86233 -18.9085 -1.90735e-07
      vertex 13.421 -25.479 -1.90735e-07
      vertex 13.4756 -25.6314 -1.90735e-07
    endloop
  endfacet
  facet normal 0 0 -1
    outer loop
      vertex 1.86233 -18.9085 -1.90735e-07
      vertex 13.4756 -25.6314 -1.90735e-07
      vertex 13.5448 -25.7778 -1.90735e-07
    endloop
  endfacet
  facet normal 0 0 -1
    outer loop
      vertex 13.35 -25 -1.90735e-07
      vertex 7.27099 -17.5537 -1.90735e-07
      vertex 8.95654 -16.7565 -1.90735e-07
    endloop
  endfacet
  facet normal 0 0 -1
    outer loop
      vertex 4.19617e-07 -19 -1.90735e-07
      vertex 13.5448 -25.7778 -1.90735e-07
      vertex 13.6281 -25.9167 -1.90735e-07
    endloop
  endfacet
  facet normal 0 0 -1
    outer loop
      vertex -13.6281 -25.9167 -1.90735e-07
      vertex 13.6281 -25.9167 -1.90735e-07
      vertex 13.7245 -26.0467 -1.90735e-07
    endloop
  endfacet
  facet normal 0 0 -1
    outer loop
      vertex 13.35 -25 -1.90735e-07
      vertex 5.51541 -18.1819 -1.90735e-07
      vertex 7.27099 -17.5537 -1.90735e-07
    endloop
  endfacet
  facet normal 0 0 -1
    outer loop
      vertex -13.7245 -26.0467 -1.90735e-07
      vertex 13.7245 -26.0467 -1.90735e-07
      vertex 13.8333 -26.1667 -1.90735e-07
    endloop
  endfacet
  facet normal 0 0 -1
    outer loop
      vertex 13.35 -25 -1.90735e-07
      vertex 3.70672 -18.6349 -1.90735e-07
      vertex 5.51541 -18.1819 -1.90735e-07
    endloop
  endfacet
  facet normal 0 0 -1
    outer loop
      vertex -13.8333 -26.1667 -1.90735e-07
      vertex 13.8333 -26.1667 -1.90735e-07
      vertex 13.9533 -26.2755 -1.90735e-07
    endloop
  endfacet
  facet normal 0 0 -1
    outer loop
      vertex 13.421 -25.479 -1.90735e-07
      vertex 1.86233 -18.9085 -1.90735e-07
      vertex 3.70672 -18.6349 -1.90735e-07
    endloop
  endfacet
  facet normal 0 0 -1
    outer loop
      vertex -13.9533 -26.2755 -1.90735e-07
      vertex 13.9533 -26.2755 -1.90735e-07
      vertex 14.0833 -26.3719 -1.90735e-07
    endloop
  endfacet
  facet normal 0 0 -1
    outer loop
      vertex 14.2222 -26.4552 -1.90735e-07
      vertex -14.2222 -26.4552 -1.90735e-07
      vertex 14.0833 -26.3719 -1.90735e-07
    endloop
  endfacet
  facet normal 0 0 -1
    outer loop
      vertex 13.5448 -25.7778 -1.90735e-07
      vertex 4.19617e-07 -19 -1.90735e-07
      vertex 1.86233 -18.9085 -1.90735e-07
    endloop
  endfacet
  facet normal 0 0 -1
    outer loop
      vertex 13.7245 -26.0467 -1.90735e-07
      vertex -13.7245 -26.0467 -1.90735e-07
      vertex -13.6281 -25.9167 -1.90735e-07
    endloop
  endfacet
  facet normal 0 0 -1
    outer loop
      vertex 13.6281 -25.9167 -1.90735e-07
      vertex -13.6281 -25.9167 -1.90735e-07
      vertex 4.19617e-07 -19 -1.90735e-07
    endloop
  endfacet
  facet normal -0 0 -1
    outer loop
      vertex 4.19617e-07 -19 -1.90735e-07
      vertex -13.5448 -25.7778 -1.90735e-07
      vertex -1.86233 -18.9085 -1.90735e-07
    endloop
  endfacet
  facet normal 0 -0 -1
    outer loop
      vertex -13.421 -25.479 -1.90735e-07
      vertex -1.86233 -18.9085 -1.90735e-07
      vertex -13.4756 -25.6314 -1.90735e-07
    endloop
  endfacet
  facet normal -0 0 -1
    outer loop
      vertex -5.51541 -18.1819 -1.90735e-07
      vertex -13.421 -24.521 -1.90735e-07
      vertex -7.27099 -17.5537 -1.90735e-07
    endloop
  endfacet
  facet normal 0 0 -1
    outer loop
      vertex -13.421 -24.521 -1.90735e-07
      vertex -5.51541 -18.1819 -1.90735e-07
      vertex -13.3817 -24.6781 -1.90735e-07
    endloop
  endfacet
  facet normal 0 0 -1
    outer loop
      vertex -13.3817 -24.6781 -1.90735e-07
      vertex -5.51541 -18.1819 -1.90735e-07
      vertex -13.3579 -24.8383 -1.90735e-07
    endloop
  endfacet
  facet normal 0 -0 -1
    outer loop
      vertex -13.3817 -25.3219 -1.90735e-07
      vertex -3.70672 -18.6349 -1.90735e-07
      vertex -13.421 -25.479 -1.90735e-07
    endloop
  endfacet
  facet normal 0 0 -1
    outer loop
      vertex -13.3579 -24.8383 -1.90735e-07
      vertex -5.51541 -18.1819 -1.90735e-07
      vertex -13.35 -25 -1.90735e-07
    endloop
  endfacet
  facet normal -0 0 -1
    outer loop
      vertex -3.70672 -18.6349 -1.90735e-07
      vertex -13.35 -25 -1.90735e-07
      vertex -5.51541 -18.1819 -1.90735e-07
    endloop
  endfacet
  facet normal 0 -0 -1
    outer loop
      vertex -13.35 -25 -1.90735e-07
      vertex -3.70672 -18.6349 -1.90735e-07
      vertex -13.3579 -25.1617 -1.90735e-07
    endloop
  endfacet
  facet normal 0 -0 -1
    outer loop
      vertex -13.3579 -25.1617 -1.90735e-07
      vertex -3.70672 -18.6349 -1.90735e-07
      vertex -13.3817 -25.3219 -1.90735e-07
    endloop
  endfacet
  facet normal -0 0 -1
    outer loop
      vertex -1.86233 -18.9085 -1.90735e-07
      vertex -13.421 -25.479 -1.90735e-07
      vertex -3.70672 -18.6349 -1.90735e-07
    endloop
  endfacet
  facet normal 0 -0 -1
    outer loop
      vertex -13.4756 -25.6314 -1.90735e-07
      vertex -1.86233 -18.9085 -1.90735e-07
      vertex -13.5448 -25.7778 -1.90735e-07
    endloop
  endfacet
  facet normal 0 -0 -1
    outer loop
      vertex -13.5448 -25.7778 -1.90735e-07
      vertex 4.19617e-07 -19 -1.90735e-07
      vertex -13.6281 -25.9167 -1.90735e-07
    endloop
  endfacet
  facet normal 0 0 -1
    outer loop
      vertex 13.8333 -26.1667 -1.90735e-07
      vertex -13.8333 -26.1667 -1.90735e-07
      vertex -13.7245 -26.0467 -1.90735e-07
    endloop
  endfacet
  facet normal 0 0 -1
    outer loop
      vertex 13.9533 -26.2755 -1.90735e-07
      vertex -13.9533 -26.2755 -1.90735e-07
      vertex -13.8333 -26.1667 -1.90735e-07
    endloop
  endfacet
  facet normal 0 0 -1
    outer loop
      vertex 14.0833 -26.3719 -1.90735e-07
      vertex -14.0833 -26.3719 -1.90735e-07
      vertex -13.9533 -26.2755 -1.90735e-07
    endloop
  endfacet
  facet normal -0 0 -1
    outer loop
      vertex 14.0833 -26.3719 -1.90735e-07
      vertex -14.2222 -26.4552 -1.90735e-07
      vertex -14.0833 -26.3719 -1.90735e-07
    endloop
  endfacet
  facet normal 0 0 -1
    outer loop
      vertex -20.5 -30.5 -1.90735e-07
      vertex -14.2222 -26.4552 -1.90735e-07
      vertex 20.5 -30.5 -1.90735e-07
    endloop
  endfacet
  facet normal 0 0 -1
    outer loop
      vertex -14.2222 -26.4552 -1.90735e-07
      vertex -20.5 -30.5 -1.90735e-07
      vertex -14.3686 -26.5244 -1.90735e-07
    endloop
  endfacet
  facet normal 0 0 -1
    outer loop
      vertex -14.3686 -26.5244 -1.90735e-07
      vertex -20.5 -30.5 -1.90735e-07
      vertex -14.521 -26.579 -1.90735e-07
    endloop
  endfacet
  facet normal 0 0 -1
    outer loop
      vertex -14.521 -26.579 -1.90735e-07
      vertex -20.5 -30.5 -1.90735e-07
      vertex -14.6781 -26.6183 -1.90735e-07
    endloop
  endfacet
  facet normal 0 0 -1
    outer loop
      vertex -14.6781 -26.6183 -1.90735e-07
      vertex -20.5 -30.5 -1.90735e-07
      vertex -14.8383 -26.6421 -1.90735e-07
    endloop
  endfacet
  facet normal 0 0 -1
    outer loop
      vertex -14.8383 -26.6421 -1.90735e-07
      vertex -20.5 -30.5 -1.90735e-07
      vertex -15 -26.65 -1.90735e-07
    endloop
  endfacet
  facet normal -0 0 -1
    outer loop
      vertex -16.5244 -24.3686 -1.90735e-07
      vertex -20.5 -30.5 -1.90735e-07
      vertex -16.7565 -8.95654 -1.90735e-07
    endloop
  endfacet
  facet normal 0 0 -1
    outer loop
      vertex -20.5 -30.5 -1.90735e-07
      vertex -16.65 -25 -1.90735e-07
      vertex -16.6421 -25.1617 -1.90735e-07
    endloop
  endfacet
  facet normal -0 0 -1
    outer loop
      vertex -16.7565 -8.95654 -1.90735e-07
      vertex -20.5 -30.5 -1.90735e-07
      vertex -17.5537 -7.27098 -1.90735e-07
    endloop
  endfacet
  facet normal -0 0 -1
    outer loop
      vertex -17.5537 -7.27098 -1.90735e-07
      vertex -20.5 -30.5 -1.90735e-07
      vertex -18.1819 -5.51541 -1.90735e-07
    endloop
  endfacet
  facet normal -0 0 -1
    outer loop
      vertex -18.1819 -5.51541 -1.90735e-07
      vertex -20.5 -30.5 -1.90735e-07
      vertex -18.6349 -3.70672 -1.90735e-07
    endloop
  endfacet
  facet normal -0 0 -1
    outer loop
      vertex -18.9085 -1.86232 -1.90735e-07
      vertex -20.5 -30.5 -1.90735e-07
      vertex -19 8.39233e-07 -1.90735e-07
    endloop
  endfacet
  facet normal -0 0 -1
    outer loop
      vertex -18.6349 -3.70672 -1.90735e-07
      vertex -20.5 -30.5 -1.90735e-07
      vertex -18.9085 -1.86232 -1.90735e-07
    endloop
  endfacet
  facet normal -0 0 -1
    outer loop
      vertex -16.6183 -25.3219 -1.90735e-07
      vertex -20.5 -30.5 -1.90735e-07
      vertex -16.6421 -25.1617 -1.90735e-07
    endloop
  endfacet
  facet normal -0 0 -1
    outer loop
      vertex -16.579 -25.479 -1.90735e-07
      vertex -20.5 -30.5 -1.90735e-07
      vertex -16.6183 -25.3219 -1.90735e-07
    endloop
  endfacet
  facet normal -0 0 -1
    outer loop
      vertex -16.5244 -25.6314 -1.90735e-07
      vertex -20.5 -30.5 -1.90735e-07
      vertex -16.579 -25.479 -1.90735e-07
    endloop
  endfacet
  facet normal -0 0 -1
    outer loop
      vertex -16.4552 -25.7778 -1.90735e-07
      vertex -20.5 -30.5 -1.90735e-07
      vertex -16.5244 -25.6314 -1.90735e-07
    endloop
  endfacet
  facet normal -0 0 -1
    outer loop
      vertex -16.3719 -25.9167 -1.90735e-07
      vertex -20.5 -30.5 -1.90735e-07
      vertex -16.4552 -25.7778 -1.90735e-07
    endloop
  endfacet
  facet normal -0 0 -1
    outer loop
      vertex -16.2755 -26.0467 -1.90735e-07
      vertex -20.5 -30.5 -1.90735e-07
      vertex -16.3719 -25.9167 -1.90735e-07
    endloop
  endfacet
  facet normal -0 0 -1
    outer loop
      vertex -16.1667 -26.1667 -1.90735e-07
      vertex -20.5 -30.5 -1.90735e-07
      vertex -16.2755 -26.0467 -1.90735e-07
    endloop
  endfacet
  facet normal -0 0 -1
    outer loop
      vertex -16.0467 -26.2755 -1.90735e-07
      vertex -20.5 -30.5 -1.90735e-07
      vertex -16.1667 -26.1667 -1.90735e-07
    endloop
  endfacet
  facet normal -0 0 -1
    outer loop
      vertex -15.9167 -26.3719 -1.90735e-07
      vertex -20.5 -30.5 -1.90735e-07
      vertex -16.0467 -26.2755 -1.90735e-07
    endloop
  endfacet
  facet normal -0 0 -1
    outer loop
      vertex -15.7778 -26.4552 -1.90735e-07
      vertex -20.5 -30.5 -1.90735e-07
      vertex -15.9167 -26.3719 -1.90735e-07
    endloop
  endfacet
  facet normal -0 0 -1
    outer loop
      vertex -15.6314 -26.5244 -1.90735e-07
      vertex -20.5 -30.5 -1.90735e-07
      vertex -15.7778 -26.4552 -1.90735e-07
    endloop
  endfacet
  facet normal -0 0 -1
    outer loop
      vertex -15.479 -26.579 -1.90735e-07
      vertex -20.5 -30.5 -1.90735e-07
      vertex -15.6314 -26.5244 -1.90735e-07
    endloop
  endfacet
  facet normal -0 0 -1
    outer loop
      vertex -15.3219 -26.6183 -1.90735e-07
      vertex -20.5 -30.5 -1.90735e-07
      vertex -15.479 -26.579 -1.90735e-07
    endloop
  endfacet
  facet normal -0 0 -1
    outer loop
      vertex -15.1617 -26.6421 -1.90735e-07
      vertex -20.5 -30.5 -1.90735e-07
      vertex -15.3219 -26.6183 -1.90735e-07
    endloop
  endfacet
  facet normal -0 0 -1
    outer loop
      vertex -15 -26.65 -1.90735e-07
      vertex -20.5 -30.5 -1.90735e-07
      vertex -15.1617 -26.6421 -1.90735e-07
    endloop
  endfacet
  facet normal 0 0 -1
    outer loop
      vertex 18.9085 1.86233 -1.90735e-07
      vertex 20.5 30.5 -1.90735e-07
      vertex 19 8.39233e-07 -1.90735e-07
    endloop
  endfacet
  facet normal 0 0 -1
    outer loop
      vertex 18.6349 3.70672 -1.90735e-07
      vertex 20.5 30.5 -1.90735e-07
      vertex 18.9085 1.86233 -1.90735e-07
    endloop
  endfacet
  facet normal 0 0 -1
    outer loop
      vertex 18.1819 5.51541 -1.90735e-07
      vertex 20.5 30.5 -1.90735e-07
      vertex 18.6349 3.70672 -1.90735e-07
    endloop
  endfacet
  facet normal 0 0 -1
    outer loop
      vertex 17.5537 7.27099 -1.90735e-07
      vertex 20.5 30.5 -1.90735e-07
      vertex 18.1819 5.51541 -1.90735e-07
    endloop
  endfacet
  facet normal 0 0 -1
    outer loop
      vertex 16.7565 8.95654 -1.90735e-07
      vertex 20.5 30.5 -1.90735e-07
      vertex 17.5537 7.27099 -1.90735e-07
    endloop
  endfacet
  facet normal 0 0 -1
    outer loop
      vertex 16.5244 24.3686 -1.90735e-07
      vertex 20.5 30.5 -1.90735e-07
      vertex 16.7565 8.95654 -1.90735e-07
    endloop
  endfacet
  facet normal 0 0 -1
    outer loop
      vertex 16.6421 25.1617 -1.90735e-07
      vertex 20.5 30.5 -1.90735e-07
      vertex 16.65 25 -1.90735e-07
    endloop
  endfacet
  facet normal 0 0 -1
    outer loop
      vertex 16.6183 25.3219 -1.90735e-07
      vertex 20.5 30.5 -1.90735e-07
      vertex 16.6421 25.1617 -1.90735e-07
    endloop
  endfacet
  facet normal 0 0 -1
    outer loop
      vertex 16.579 25.479 -1.90735e-07
      vertex 20.5 30.5 -1.90735e-07
      vertex 16.6183 25.3219 -1.90735e-07
    endloop
  endfacet
  facet normal 0 0 -1
    outer loop
      vertex 16.5244 25.6314 -1.90735e-07
      vertex 20.5 30.5 -1.90735e-07
      vertex 16.579 25.479 -1.90735e-07
    endloop
  endfacet
  facet normal 0 0 -1
    outer loop
      vertex 16.4552 25.7778 -1.90735e-07
      vertex 20.5 30.5 -1.90735e-07
      vertex 16.5244 25.6314 -1.90735e-07
    endloop
  endfacet
  facet normal 0 0 -1
    outer loop
      vertex 16.3719 25.9167 -1.90735e-07
      vertex 20.5 30.5 -1.90735e-07
      vertex 16.4552 25.7778 -1.90735e-07
    endloop
  endfacet
  facet normal 0 0 -1
    outer loop
      vertex 16.2755 26.0467 -1.90735e-07
      vertex 20.5 30.5 -1.90735e-07
      vertex 16.3719 25.9167 -1.90735e-07
    endloop
  endfacet
  facet normal 0 0 -1
    outer loop
      vertex 16.1667 26.1667 -1.90735e-07
      vertex 20.5 30.5 -1.90735e-07
      vertex 16.2755 26.0467 -1.90735e-07
    endloop
  endfacet
  facet normal 0 0 -1
    outer loop
      vertex 16.0467 26.2755 -1.90735e-07
      vertex 20.5 30.5 -1.90735e-07
      vertex 16.1667 26.1667 -1.90735e-07
    endloop
  endfacet
  facet normal 0 0 -1
    outer loop
      vertex 15.9167 26.3719 -1.90735e-07
      vertex 20.5 30.5 -1.90735e-07
      vertex 16.0467 26.2755 -1.90735e-07
    endloop
  endfacet
  facet normal 0 0 -1
    outer loop
      vertex 15.7778 26.4552 -1.90735e-07
      vertex 20.5 30.5 -1.90735e-07
      vertex 15.9167 26.3719 -1.90735e-07
    endloop
  endfacet
  facet normal 0 0 -1
    outer loop
      vertex 15.6314 26.5244 -1.90735e-07
      vertex 20.5 30.5 -1.90735e-07
      vertex 15.7778 26.4552 -1.90735e-07
    endloop
  endfacet
  facet normal 0 0 -1
    outer loop
      vertex 15.479 26.579 -1.90735e-07
      vertex 20.5 30.5 -1.90735e-07
      vertex 15.6314 26.5244 -1.90735e-07
    endloop
  endfacet
  facet normal 0 0 -1
    outer loop
      vertex 15.3219 26.6183 -1.90735e-07
      vertex 20.5 30.5 -1.90735e-07
      vertex 15.479 26.579 -1.90735e-07
    endloop
  endfacet
  facet normal 0 0 -1
    outer loop
      vertex 15.1617 26.6421 -1.90735e-07
      vertex 20.5 30.5 -1.90735e-07
      vertex 15.3219 26.6183 -1.90735e-07
    endloop
  endfacet
  facet normal 0 0 -1
    outer loop
      vertex 15 26.65 -1.90735e-07
      vertex 20.5 30.5 -1.90735e-07
      vertex 15.1617 26.6421 -1.90735e-07
    endloop
  endfacet
  facet normal 0 0 -1
    outer loop
      vertex 14.8383 26.6421 -1.90735e-07
      vertex 20.5 30.5 -1.90735e-07
      vertex 15 26.65 -1.90735e-07
    endloop
  endfacet
  facet normal 0 0 -1
    outer loop
      vertex 14.6781 26.6183 -1.90735e-07
      vertex 20.5 30.5 -1.90735e-07
      vertex 14.8383 26.6421 -1.90735e-07
    endloop
  endfacet
  facet normal 0 0 -1
    outer loop
      vertex 14.521 26.579 -1.90735e-07
      vertex 20.5 30.5 -1.90735e-07
      vertex 14.6781 26.6183 -1.90735e-07
    endloop
  endfacet
  facet normal 0 0 -1
    outer loop
      vertex 14.3686 26.5244 -1.90735e-07
      vertex 20.5 30.5 -1.90735e-07
      vertex 14.521 26.579 -1.90735e-07
    endloop
  endfacet
  facet normal 0 0 -1
    outer loop
      vertex 14.2222 26.4552 -1.90735e-07
      vertex 20.5 30.5 -1.90735e-07
      vertex 14.3686 26.5244 -1.90735e-07
    endloop
  endfacet
  facet normal 0 0 -1
    outer loop
      vertex -14.2222 26.4552 -1.90735e-07
      vertex 14.2222 26.4552 -1.90735e-07
      vertex 14.0833 26.3719 -1.90735e-07
    endloop
  endfacet
  facet normal 0 0 -1
    outer loop
      vertex 5.51541 18.1819 -1.90735e-07
      vertex 13.421 24.521 -1.90735e-07
      vertex 7.27099 17.5537 -1.90735e-07
    endloop
  endfacet
  facet normal -0 0 -1
    outer loop
      vertex 13.421 24.521 -1.90735e-07
      vertex 5.51541 18.1819 -1.90735e-07
      vertex 13.3817 24.6781 -1.90735e-07
    endloop
  endfacet
  facet normal -0 0 -1
    outer loop
      vertex 13.3817 24.6781 -1.90735e-07
      vertex 5.51541 18.1819 -1.90735e-07
      vertex 13.3579 24.8383 -1.90735e-07
    endloop
  endfacet
  facet normal -0 0 -1
    outer loop
      vertex 13.3579 24.8383 -1.90735e-07
      vertex 5.51541 18.1819 -1.90735e-07
      vertex 13.35 25 -1.90735e-07
    endloop
  endfacet
  facet normal 0 0 -1
    outer loop
      vertex 3.70672 18.6349 -1.90735e-07
      vertex 13.35 25 -1.90735e-07
      vertex 5.51541 18.1819 -1.90735e-07
    endloop
  endfacet
  facet normal -0 0 -1
    outer loop
      vertex 13.35 25 -1.90735e-07
      vertex 3.70672 18.6349 -1.90735e-07
      vertex 13.3579 25.1617 -1.90735e-07
    endloop
  endfacet
  facet normal -0 0 -1
    outer loop
      vertex 13.3579 25.1617 -1.90735e-07
      vertex 3.70672 18.6349 -1.90735e-07
      vertex 13.3817 25.3219 -1.90735e-07
    endloop
  endfacet
  facet normal -0 0 -1
    outer loop
      vertex 13.3817 25.3219 -1.90735e-07
      vertex 3.70672 18.6349 -1.90735e-07
      vertex 13.421 25.479 -1.90735e-07
    endloop
  endfacet
  facet normal 0 0 -1
    outer loop
      vertex 1.86233 18.9085 -1.90735e-07
      vertex 13.421 25.479 -1.90735e-07
      vertex 3.70672 18.6349 -1.90735e-07
    endloop
  endfacet
  facet normal -0 0 -1
    outer loop
      vertex 13.421 25.479 -1.90735e-07
      vertex 1.86233 18.9085 -1.90735e-07
      vertex 13.4756 25.6314 -1.90735e-07
    endloop
  endfacet
  facet normal -0 0 -1
    outer loop
      vertex 13.4756 25.6314 -1.90735e-07
      vertex 1.86233 18.9085 -1.90735e-07
      vertex 13.5448 25.7778 -1.90735e-07
    endloop
  endfacet
  facet normal 0 0 -1
    outer loop
      vertex 4.19617e-07 19 -1.90735e-07
      vertex 13.5448 25.7778 -1.90735e-07
      vertex 1.86233 18.9085 -1.90735e-07
    endloop
  endfacet
  facet normal -0 0 -1
    outer loop
      vertex 13.5448 25.7778 -1.90735e-07
      vertex 4.19617e-07 19 -1.90735e-07
      vertex 13.6281 25.9167 -1.90735e-07
    endloop
  endfacet
  facet normal 0 0 -1
    outer loop
      vertex -13.6281 25.9167 -1.90735e-07
      vertex 13.6281 25.9167 -1.90735e-07
      vertex 4.19617e-07 19 -1.90735e-07
    endloop
  endfacet
  facet normal 0 0 -1
    outer loop
      vertex 13.6281 25.9167 -1.90735e-07
      vertex -13.6281 25.9167 -1.90735e-07
      vertex 13.7245 26.0467 -1.90735e-07
    endloop
  endfacet
  facet normal 0 0 -1
    outer loop
      vertex -13.7245 26.0467 -1.90735e-07
      vertex 13.7245 26.0467 -1.90735e-07
      vertex -13.6281 25.9167 -1.90735e-07
    endloop
  endfacet
  facet normal 0 0 -1
    outer loop
      vertex -13.8333 26.1667 -1.90735e-07
      vertex 13.8333 26.1667 -1.90735e-07
      vertex -13.7245 26.0467 -1.90735e-07
    endloop
  endfacet
  facet normal 0 0 -1
    outer loop
      vertex 13.8333 26.1667 -1.90735e-07
      vertex -13.8333 26.1667 -1.90735e-07
      vertex 13.9533 26.2755 -1.90735e-07
    endloop
  endfacet
  facet normal 0 0 -1
    outer loop
      vertex -13.5448 25.7778 -1.90735e-07
      vertex 4.19617e-07 19 -1.90735e-07
      vertex -1.86233 18.9085 -1.90735e-07
    endloop
  endfacet
  facet normal 0 0 -1
    outer loop
      vertex -13.421 25.479 -1.90735e-07
      vertex -1.86233 18.9085 -1.90735e-07
      vertex -3.70672 18.6349 -1.90735e-07
    endloop
  endfacet
  facet normal 0 0 -1
    outer loop
      vertex -13.35 25 -1.90735e-07
      vertex -3.70672 18.6349 -1.90735e-07
      vertex -5.51541 18.1819 -1.90735e-07
    endloop
  endfacet
  facet normal 0 0 -1
    outer loop
      vertex -13.3579 24.8383 -1.90735e-07
      vertex -5.51541 18.1819 -1.90735e-07
      vertex -7.27099 17.5537 -1.90735e-07
    endloop
  endfacet
  facet normal 0 0 -1
    outer loop
      vertex -14.6781 23.3817 -1.90735e-07
      vertex -10.5558 15.7979 -1.90735e-07
      vertex -12.0535 14.6872 -1.90735e-07
    endloop
  endfacet
  facet normal 0 0 -1
    outer loop
      vertex -13.3579 24.8383 -1.90735e-07
      vertex -8.95654 16.7565 -1.90735e-07
      vertex -10.5558 15.7979 -1.90735e-07
    endloop
  endfacet
  facet normal 0 0 -1
    outer loop
      vertex -13.3579 24.8383 -1.90735e-07
      vertex -7.27099 17.5537 -1.90735e-07
      vertex -8.95654 16.7565 -1.90735e-07
    endloop
  endfacet
  facet normal 0 0 -1
    outer loop
      vertex -3.70672 18.6349 -1.90735e-07
      vertex -13.35 25 -1.90735e-07
      vertex -13.3579 25.1617 -1.90735e-07
    endloop
  endfacet
  facet normal 0 0 -1
    outer loop
      vertex -3.70672 18.6349 -1.90735e-07
      vertex -13.3579 25.1617 -1.90735e-07
      vertex -13.3817 25.3219 -1.90735e-07
    endloop
  endfacet
  facet normal 0 0 -1
    outer loop
      vertex -3.70672 18.6349 -1.90735e-07
      vertex -13.3817 25.3219 -1.90735e-07
      vertex -13.421 25.479 -1.90735e-07
    endloop
  endfacet
  facet normal 0 0 -1
    outer loop
      vertex -1.86233 18.9085 -1.90735e-07
      vertex -13.421 25.479 -1.90735e-07
      vertex -13.4756 25.6314 -1.90735e-07
    endloop
  endfacet
  facet normal 0 0 -1
    outer loop
      vertex -1.86233 18.9085 -1.90735e-07
      vertex -13.4756 25.6314 -1.90735e-07
      vertex -13.5448 25.7778 -1.90735e-07
    endloop
  endfacet
  facet normal 0 0 -1
    outer loop
      vertex 4.19617e-07 19 -1.90735e-07
      vertex -13.5448 25.7778 -1.90735e-07
      vertex -13.6281 25.9167 -1.90735e-07
    endloop
  endfacet
  facet normal 0 0 -1
    outer loop
      vertex 13.7245 26.0467 -1.90735e-07
      vertex -13.7245 26.0467 -1.90735e-07
      vertex 13.8333 26.1667 -1.90735e-07
    endloop
  endfacet
  facet normal 0 0 -1
    outer loop
      vertex -13.9533 26.2755 -1.90735e-07
      vertex 13.9533 26.2755 -1.90735e-07
      vertex -13.8333 26.1667 -1.90735e-07
    endloop
  endfacet
  facet normal 0 0 -1
    outer loop
      vertex 13.9533 26.2755 -1.90735e-07
      vertex -13.9533 26.2755 -1.90735e-07
      vertex 14.0833 26.3719 -1.90735e-07
    endloop
  endfacet
  facet normal 0 0 -1
    outer loop
      vertex -14.0833 26.3719 -1.90735e-07
      vertex 14.0833 26.3719 -1.90735e-07
      vertex -13.9533 26.2755 -1.90735e-07
    endloop
  endfacet
  facet normal 0 0 -1
    outer loop
      vertex -14.2222 26.4552 -1.90735e-07
      vertex 14.0833 26.3719 -1.90735e-07
      vertex -14.0833 26.3719 -1.90735e-07
    endloop
  endfacet
  facet normal 0 0 -1
    outer loop
      vertex 14.2222 26.4552 -1.90735e-07
      vertex -14.2222 26.4552 -1.90735e-07
      vertex 20.5 30.5 -1.90735e-07
    endloop
  endfacet
  facet normal 0 0 -1
    outer loop
      vertex -20.5 30.5 -1.90735e-07
      vertex -14.2222 26.4552 -1.90735e-07
      vertex -14.3686 26.5244 -1.90735e-07
    endloop
  endfacet
  facet normal 0 0 -1
    outer loop
      vertex -20.5 30.5 -1.90735e-07
      vertex -14.3686 26.5244 -1.90735e-07
      vertex -14.521 26.579 -1.90735e-07
    endloop
  endfacet
  facet normal 0 0 -1
    outer loop
      vertex -20.5 30.5 -1.90735e-07
      vertex -14.521 26.579 -1.90735e-07
      vertex -14.6781 26.6183 -1.90735e-07
    endloop
  endfacet
  facet normal 0 0 -1
    outer loop
      vertex -20.5 30.5 -1.90735e-07
      vertex -14.6781 26.6183 -1.90735e-07
      vertex -14.8383 26.6421 -1.90735e-07
    endloop
  endfacet
  facet normal 0 0 -1
    outer loop
      vertex -20.5 30.5 -1.90735e-07
      vertex -14.8383 26.6421 -1.90735e-07
      vertex -15 26.65 -1.90735e-07
    endloop
  endfacet
  facet normal 0 0 -1
    outer loop
      vertex -20.5 30.5 -1.90735e-07
      vertex -15 26.65 -1.90735e-07
      vertex -15.1617 26.6421 -1.90735e-07
    endloop
  endfacet
  facet normal 0 0 -1
    outer loop
      vertex -20.5 30.5 -1.90735e-07
      vertex -16.7565 8.95654 -1.90735e-07
      vertex -17.5537 7.27099 -1.90735e-07
    endloop
  endfacet
  facet normal 0 0 -1
    outer loop
      vertex -16.6421 24.8383 -1.90735e-07
      vertex -20.5 30.5 -1.90735e-07
      vertex -16.65 25 -1.90735e-07
    endloop
  endfacet
  facet normal 0 0 -1
    outer loop
      vertex -20.5 30.5 -1.90735e-07
      vertex -17.5537 7.27099 -1.90735e-07
      vertex -18.1819 5.51541 -1.90735e-07
    endloop
  endfacet
  facet normal 0 0 -1
    outer loop
      vertex -20.5 30.5 -1.90735e-07
      vertex -18.1819 5.51541 -1.90735e-07
      vertex -18.6349 3.70672 -1.90735e-07
    endloop
  endfacet
  facet normal 0 0 -1
    outer loop
      vertex -20.5 30.5 -1.90735e-07
      vertex -18.6349 3.70672 -1.90735e-07
      vertex -18.9085 1.86233 -1.90735e-07
    endloop
  endfacet
  facet normal 0 0 -1
    outer loop
      vertex -20.5 30.5 -1.90735e-07
      vertex -19 8.39233e-07 -1.90735e-07
      vertex -20.5 -30.5 -1.90735e-07
    endloop
  endfacet
  facet normal 0 0 -1
    outer loop
      vertex -14.2222 26.4552 -1.90735e-07
      vertex -20.5 30.5 -1.90735e-07
      vertex 20.5 30.5 -1.90735e-07
    endloop
  endfacet
  facet normal 0 0 -1
    outer loop
      vertex -15.3219 26.6183 -1.90735e-07
      vertex -20.5 30.5 -1.90735e-07
      vertex -15.1617 26.6421 -1.90735e-07
    endloop
  endfacet
  facet normal 0 0 -1
    outer loop
      vertex -15.479 26.579 -1.90735e-07
      vertex -20.5 30.5 -1.90735e-07
      vertex -15.3219 26.6183 -1.90735e-07
    endloop
  endfacet
  facet normal 0 0 -1
    outer loop
      vertex -15.6314 26.5244 -1.90735e-07
      vertex -20.5 30.5 -1.90735e-07
      vertex -15.479 26.579 -1.90735e-07
    endloop
  endfacet
  facet normal 0 0 -1
    outer loop
      vertex -15.7778 26.4552 -1.90735e-07
      vertex -20.5 30.5 -1.90735e-07
      vertex -15.6314 26.5244 -1.90735e-07
    endloop
  endfacet
  facet normal 0 0 -1
    outer loop
      vertex -15.9167 26.3719 -1.90735e-07
      vertex -20.5 30.5 -1.90735e-07
      vertex -15.7778 26.4552 -1.90735e-07
    endloop
  endfacet
  facet normal 0 0 -1
    outer loop
      vertex -16.0467 26.2755 -1.90735e-07
      vertex -20.5 30.5 -1.90735e-07
      vertex -15.9167 26.3719 -1.90735e-07
    endloop
  endfacet
  facet normal 0 0 -1
    outer loop
      vertex -16.1667 26.1667 -1.90735e-07
      vertex -20.5 30.5 -1.90735e-07
      vertex -16.0467 26.2755 -1.90735e-07
    endloop
  endfacet
  facet normal 0 0 -1
    outer loop
      vertex -16.2755 26.0467 -1.90735e-07
      vertex -20.5 30.5 -1.90735e-07
      vertex -16.1667 26.1667 -1.90735e-07
    endloop
  endfacet
  facet normal 0 0 -1
    outer loop
      vertex -16.3719 25.9167 -1.90735e-07
      vertex -20.5 30.5 -1.90735e-07
      vertex -16.2755 26.0467 -1.90735e-07
    endloop
  endfacet
  facet normal 0 0 -1
    outer loop
      vertex -16.4552 25.7778 -1.90735e-07
      vertex -20.5 30.5 -1.90735e-07
      vertex -16.3719 25.9167 -1.90735e-07
    endloop
  endfacet
  facet normal 0 0 -1
    outer loop
      vertex -16.5244 25.6314 -1.90735e-07
      vertex -20.5 30.5 -1.90735e-07
      vertex -16.4552 25.7778 -1.90735e-07
    endloop
  endfacet
  facet normal 0 0 -1
    outer loop
      vertex -16.579 25.479 -1.90735e-07
      vertex -20.5 30.5 -1.90735e-07
      vertex -16.5244 25.6314 -1.90735e-07
    endloop
  endfacet
  facet normal 0 0 -1
    outer loop
      vertex -16.6183 25.3219 -1.90735e-07
      vertex -20.5 30.5 -1.90735e-07
      vertex -16.579 25.479 -1.90735e-07
    endloop
  endfacet
  facet normal 0 0 -1
    outer loop
      vertex -16.6421 25.1617 -1.90735e-07
      vertex -20.5 30.5 -1.90735e-07
      vertex -16.6183 25.3219 -1.90735e-07
    endloop
  endfacet
  facet normal 0 0 -1
    outer loop
      vertex -16.65 25 -1.90735e-07
      vertex -20.5 30.5 -1.90735e-07
      vertex -16.6421 25.1617 -1.90735e-07
    endloop
  endfacet
  facet normal 0 0 -1
    outer loop
      vertex -19 8.39233e-07 -1.90735e-07
      vertex -20.5 30.5 -1.90735e-07
      vertex -18.9085 1.86233 -1.90735e-07
    endloop
  endfacet
  facet normal 0 0 -1
    outer loop
      vertex 16.6183 -24.6781 -1.90735e-07
      vertex 20.5 -30.5 -1.90735e-07
      vertex 16.6421 -24.8383 -1.90735e-07
    endloop
  endfacet
  facet normal 0 0 -1
    outer loop
      vertex 16.579 -24.521 -1.90735e-07
      vertex 20.5 -30.5 -1.90735e-07
      vertex 16.6183 -24.6781 -1.90735e-07
    endloop
  endfacet
  facet normal 0 0 -1
    outer loop
      vertex 16.5244 -24.3686 -1.90735e-07
      vertex 20.5 -30.5 -1.90735e-07
      vertex 16.579 -24.521 -1.90735e-07
    endloop
  endfacet
  facet normal 0 0 -1
    outer loop
      vertex 20.5 -30.5 -1.90735e-07
      vertex 16.5244 -24.3686 -1.90735e-07
      vertex 16.7565 -8.95654 -1.90735e-07
    endloop
  endfacet
  facet normal 0 0 -1
    outer loop
      vertex 16.4552 -24.2222 -1.90735e-07
      vertex 16.7565 -8.95654 -1.90735e-07
      vertex 16.5244 -24.3686 -1.90735e-07
    endloop
  endfacet
  facet normal 0 0 -1
    outer loop
      vertex 16.3719 -24.0833 -1.90735e-07
      vertex 16.7565 -8.95654 -1.90735e-07
      vertex 16.4552 -24.2222 -1.90735e-07
    endloop
  endfacet
  facet normal 0 0 -1
    outer loop
      vertex 15.7979 -10.5558 -1.90735e-07
      vertex 16.3719 -24.0833 -1.90735e-07
      vertex 16.2755 -23.9533 -1.90735e-07
    endloop
  endfacet
  facet normal 0 0 -1
    outer loop
      vertex 15.7979 -10.5558 -1.90735e-07
      vertex 16.2755 -23.9533 -1.90735e-07
      vertex 16.1667 -23.8333 -1.90735e-07
    endloop
  endfacet
  facet normal 0 0 -1
    outer loop
      vertex 14.6872 -12.0535 -1.90735e-07
      vertex 16.1667 -23.8333 -1.90735e-07
      vertex 16.0467 -23.7245 -1.90735e-07
    endloop
  endfacet
  facet normal 0 0 -1
    outer loop
      vertex 14.6872 -12.0535 -1.90735e-07
      vertex 16.0467 -23.7245 -1.90735e-07
      vertex 15.9167 -23.6281 -1.90735e-07
    endloop
  endfacet
  facet normal 0 0 -1
    outer loop
      vertex 16.3719 -24.0833 -1.90735e-07
      vertex 15.7979 -10.5558 -1.90735e-07
      vertex 16.7565 -8.95654 -1.90735e-07
    endloop
  endfacet
  facet normal 0 0 -1
    outer loop
      vertex 14.6872 -12.0535 -1.90735e-07
      vertex 15.9167 -23.6281 -1.90735e-07
      vertex 15.7778 -23.5448 -1.90735e-07
    endloop
  endfacet
  facet normal 0 0 -1
    outer loop
      vertex 13.435 -13.435 -1.90735e-07
      vertex 15.7778 -23.5448 -1.90735e-07
      vertex 15.6314 -23.4756 -1.90735e-07
    endloop
  endfacet
  facet normal 0 0 -1
    outer loop
      vertex 13.435 -13.435 -1.90735e-07
      vertex 15.6314 -23.4756 -1.90735e-07
      vertex 15.479 -23.421 -1.90735e-07
    endloop
  endfacet
  facet normal 0 0 -1
    outer loop
      vertex 13.435 -13.435 -1.90735e-07
      vertex 15.479 -23.421 -1.90735e-07
      vertex 15.3219 -23.3817 -1.90735e-07
    endloop
  endfacet
  facet normal 0 0 -1
    outer loop
      vertex 12.0535 -14.6872 -1.90735e-07
      vertex 15.3219 -23.3817 -1.90735e-07
      vertex 15.1617 -23.3579 -1.90735e-07
    endloop
  endfacet
  facet normal 0 0 -1
    outer loop
      vertex 12.0535 -14.6872 -1.90735e-07
      vertex 15.1617 -23.3579 -1.90735e-07
      vertex 15 -23.35 -1.90735e-07
    endloop
  endfacet
  facet normal 0 0 -1
    outer loop
      vertex 12.0535 -14.6872 -1.90735e-07
      vertex 15 -23.35 -1.90735e-07
      vertex 14.8383 -23.3579 -1.90735e-07
    endloop
  endfacet
  facet normal 0 0 -1
    outer loop
      vertex 16.1667 -23.8333 -1.90735e-07
      vertex 14.6872 -12.0535 -1.90735e-07
      vertex 15.7979 -10.5558 -1.90735e-07
    endloop
  endfacet
  facet normal 0 0 -1
    outer loop
      vertex 12.0535 -14.6872 -1.90735e-07
      vertex 14.8383 -23.3579 -1.90735e-07
      vertex 14.6781 -23.3817 -1.90735e-07
    endloop
  endfacet
  facet normal 0 0 -1
    outer loop
      vertex 12.0535 -14.6872 -1.90735e-07
      vertex 14.6781 -23.3817 -1.90735e-07
      vertex 14.521 -23.421 -1.90735e-07
    endloop
  endfacet
  facet normal 0 0 -1
    outer loop
      vertex 12.0535 -14.6872 -1.90735e-07
      vertex 14.521 -23.421 -1.90735e-07
      vertex 14.3686 -23.4756 -1.90735e-07
    endloop
  endfacet
  facet normal 0 0 -1
    outer loop
      vertex 12.0535 -14.6872 -1.90735e-07
      vertex 14.3686 -23.4756 -1.90735e-07
      vertex 14.2222 -23.5448 -1.90735e-07
    endloop
  endfacet
  facet normal 0 0 -1
    outer loop
      vertex 12.0535 -14.6872 -1.90735e-07
      vertex 14.2222 -23.5448 -1.90735e-07
      vertex 14.0833 -23.6281 -1.90735e-07
    endloop
  endfacet
  facet normal 0 0 -1
    outer loop
      vertex 12.0535 -14.6872 -1.90735e-07
      vertex 14.0833 -23.6281 -1.90735e-07
      vertex 13.9533 -23.7245 -1.90735e-07
    endloop
  endfacet
  facet normal 0 0 -1
    outer loop
      vertex 12.0535 -14.6872 -1.90735e-07
      vertex 13.9533 -23.7245 -1.90735e-07
      vertex 13.8333 -23.8333 -1.90735e-07
    endloop
  endfacet
  facet normal 0 0 -1
    outer loop
      vertex 12.0535 -14.6872 -1.90735e-07
      vertex 13.8333 -23.8333 -1.90735e-07
      vertex 13.7245 -23.9533 -1.90735e-07
    endloop
  endfacet
  facet normal 0 0 -1
    outer loop
      vertex 12.0535 -14.6872 -1.90735e-07
      vertex 13.7245 -23.9533 -1.90735e-07
      vertex 13.6281 -24.0833 -1.90735e-07
    endloop
  endfacet
  facet normal 0 0 -1
    outer loop
      vertex 12.0535 -14.6872 -1.90735e-07
      vertex 13.6281 -24.0833 -1.90735e-07
      vertex 13.5448 -24.2222 -1.90735e-07
    endloop
  endfacet
  facet normal 0 0 -1
    outer loop
      vertex 12.0535 -14.6872 -1.90735e-07
      vertex 13.5448 -24.2222 -1.90735e-07
      vertex 13.4756 -24.3686 -1.90735e-07
    endloop
  endfacet
  facet normal 0 0 -1
    outer loop
      vertex 15.7778 -23.5448 -1.90735e-07
      vertex 13.435 -13.435 -1.90735e-07
      vertex 14.6872 -12.0535 -1.90735e-07
    endloop
  endfacet
  facet normal 0 0 -1
    outer loop
      vertex 12.0535 -14.6872 -1.90735e-07
      vertex 13.4756 -24.3686 -1.90735e-07
      vertex 13.421 -24.521 -1.90735e-07
    endloop
  endfacet
  facet normal 0 0 -1
    outer loop
      vertex 12.0535 -14.6872 -1.90735e-07
      vertex 13.421 -24.521 -1.90735e-07
      vertex 13.3817 -24.6781 -1.90735e-07
    endloop
  endfacet
  facet normal 0 0 -1
    outer loop
      vertex 12.0535 -14.6872 -1.90735e-07
      vertex 13.3817 -24.6781 -1.90735e-07
      vertex 13.3579 -24.8383 -1.90735e-07
    endloop
  endfacet
  facet normal 0 0 -1
    outer loop
      vertex 12.0535 -14.6872 -1.90735e-07
      vertex 13.3579 -24.8383 -1.90735e-07
      vertex 13.35 -25 -1.90735e-07
    endloop
  endfacet
  facet normal 0 0 -1
    outer loop
      vertex 15.3219 -23.3817 -1.90735e-07
      vertex 12.0535 -14.6872 -1.90735e-07
      vertex 13.435 -13.435 -1.90735e-07
    endloop
  endfacet
  facet normal -1 0 0
    outer loop
      vertex -20.5 30.5 -1.90735e-07
      vertex -20.5 0.531156 3
      vertex -20.5 30.5 3.2
    endloop
  endfacet
  facet normal -1 0 0
    outer loop
      vertex -20.5 -30.5 -1.90735e-07
      vertex -20.5 0.531156 3
      vertex -20.5 30.5 -1.90735e-07
    endloop
  endfacet
  facet normal -1 -0 0
    outer loop
      vertex -20.5 0.531156 3
      vertex -20.5 -30.5 -1.90735e-07
      vertex -20.5 -26.3357 3
    endloop
  endfacet
  facet normal -1 0 0
    outer loop
      vertex -20.5 -0.47309 3.2
      vertex -20.5 0.531156 3
      vertex -20.5 0.44 3.01646
    endloop
  endfacet
  facet normal -1 0 0
    outer loop
      vertex -20.5 0.531156 3
      vertex -20.5 -0.47309 3.2
      vertex -20.5 30.5 3.2
    endloop
  endfacet
  facet normal -1 0 0
    outer loop
      vertex -20.5 -24.62 3.15507
      vertex -20.5 -30.5 3.2
      vertex -20.5 -24.0729 3.2
    endloop
  endfacet
  facet normal -1 0 0
    outer loop
      vertex -20.5 -25.06 3.11865
      vertex -20.5 -30.5 3.2
      vertex -20.5 -24.62 3.15507
    endloop
  endfacet
  facet normal -1 0 0
    outer loop
      vertex -20.5 -26.12 3.02086
      vertex -20.5 -30.5 3.2
      vertex -20.5 -25.06 3.11865
    endloop
  endfacet
  facet normal -1 0 0
    outer loop
      vertex -20.5 -26.3357 3
      vertex -20.5 -30.5 3.2
      vertex -20.5 -26.12 3.02086
    endloop
  endfacet
  facet normal -1 0 0
    outer loop
      vertex -20.5 -30.5 3.2
      vertex -20.5 -26.3357 3
      vertex -20.5 -30.5 -1.90735e-07
    endloop
  endfacet
  facet normal 0 1 -0
    outer loop
      vertex 20.5 30.5 -1.90735e-07
      vertex -20.5 30.5 3.2
      vertex 20.5 30.5 3.2
    endloop
  endfacet
  facet normal 0 1 0
    outer loop
      vertex -20.5 30.5 3.2
      vertex 20.5 30.5 -1.90735e-07
      vertex -20.5 30.5 -1.90735e-07
    endloop
  endfacet
  facet normal 0 -1 0
    outer loop
      vertex -20.5 -30.5 -1.90735e-07
      vertex 20.5 -30.5 3.2
      vertex -20.5 -30.5 3.2
    endloop
  endfacet
  facet normal 0 -1 -0
    outer loop
      vertex 20.5 -30.5 3.2
      vertex -20.5 -30.5 -1.90735e-07
      vertex 20.5 -30.5 -1.90735e-07
    endloop
  endfacet
  facet normal -0.671689 -0.740833 0
    outer loop
      vertex -13.9533 -23.7245 -1.90735e-07
      vertex -13.8333 -23.8333 3.2
      vertex -13.9533 -23.7245 3.2
    endloop
  endfacet
  facet normal -0.671689 -0.740833 -0
    outer loop
      vertex -13.8333 -23.8333 3.2
      vertex -13.9533 -23.7245 -1.90735e-07
      vertex -13.8333 -23.8333 -1.90735e-07
    endloop
  endfacet
  facet normal -0.242681 0.970106 0
    outer loop
      vertex -14.521 -26.579 -1.90735e-07
      vertex -14.6781 -26.6183 3.2
      vertex -14.521 -26.579 3.2
    endloop
  endfacet
  facet normal -0.242681 0.970106 0
    outer loop
      vertex -14.6781 -26.6183 3.2
      vertex -14.521 -26.579 -1.90735e-07
      vertex -14.6781 -26.6183 -1.90735e-07
    endloop
  endfacet
  facet normal -0.857602 0.514314 0
    outer loop
      vertex -13.6281 -25.9167 -1.90735e-07
      vertex -13.5448 -25.7778 3.2
      vertex -13.5448 -25.7778 -1.90735e-07
    endloop
  endfacet
  facet normal -0.857602 0.514314 0
    outer loop
      vertex -13.5448 -25.7778 3.2
      vertex -13.6281 -25.9167 -1.90735e-07
      vertex -13.6281 -25.9167 3.2
    endloop
  endfacet
  facet normal 0.427343 0.90409 -0
    outer loop
      vertex -15.6314 -26.5244 -1.90735e-07
      vertex -15.7778 -26.4552 3.2
      vertex -15.6314 -26.5244 3.2
    endloop
  endfacet
  facet normal 0.427343 0.90409 0
    outer loop
      vertex -15.7778 -26.4552 3.2
      vertex -15.6314 -26.5244 -1.90735e-07
      vertex -15.7778 -26.4552 -1.90735e-07
    endloop
  endfacet
  facet normal -0.595641 0.803251 0
    outer loop
      vertex -13.9533 -26.2755 -1.90735e-07
      vertex -14.0833 -26.3719 3.2
      vertex -13.9533 -26.2755 3.2
    endloop
  endfacet
  facet normal -0.595641 0.803251 0
    outer loop
      vertex -14.0833 -26.3719 3.2
      vertex -13.9533 -26.2755 -1.90735e-07
      vertex -14.0833 -26.3719 -1.90735e-07
    endloop
  endfacet
  facet normal 0.242681 0.970106 -0
    outer loop
      vertex -15.3219 -26.6183 -1.90735e-07
      vertex -15.479 -26.579 3.2
      vertex -15.3219 -26.6183 3.2
    endloop
  endfacet
  facet normal 0.242681 0.970106 0
    outer loop
      vertex -15.479 -26.579 3.2
      vertex -15.3219 -26.6183 -1.90735e-07
      vertex -15.479 -26.579 -1.90735e-07
    endloop
  endfacet
  facet normal -0.337275 -0.941406 0
    outer loop
      vertex -14.521 -23.421 -1.90735e-07
      vertex -14.3686 -23.4756 3.2
      vertex -14.521 -23.421 3.2
    endloop
  endfacet
  facet normal -0.337275 -0.941406 -0
    outer loop
      vertex -14.3686 -23.4756 3.2
      vertex -14.521 -23.421 -1.90735e-07
      vertex -14.3686 -23.4756 -1.90735e-07
    endloop
  endfacet
  facet normal 0.146951 0.989144 -0
    outer loop
      vertex -15.1617 -26.6421 -1.90735e-07
      vertex -15.3219 -26.6183 3.2
      vertex -15.1617 -26.6421 3.2
    endloop
  endfacet
  facet normal 0.146951 0.989144 0
    outer loop
      vertex -15.3219 -26.6183 3.2
      vertex -15.1617 -26.6421 -1.90735e-07
      vertex -15.3219 -26.6183 -1.90735e-07
    endloop
  endfacet
  facet normal 0.970106 0.242681 0
    outer loop
      vertex -16.579 -25.479 3.2
      vertex -16.6183 -25.3219 -1.90735e-07
      vertex -16.6183 -25.3219 3.2
    endloop
  endfacet
  facet normal 0.970106 0.242681 0
    outer loop
      vertex -16.6183 -25.3219 -1.90735e-07
      vertex -16.579 -25.479 3.2
      vertex -16.579 -25.479 -1.90735e-07
    endloop
  endfacet
  facet normal -0.740833 -0.671689 0
    outer loop
      vertex -13.7245 -23.9533 -1.90735e-07
      vertex -13.8333 -23.8333 3.2
      vertex -13.8333 -23.8333 -1.90735e-07
    endloop
  endfacet
  facet normal -0.740833 -0.671689 0
    outer loop
      vertex -13.8333 -23.8333 3.2
      vertex -13.7245 -23.9533 -1.90735e-07
      vertex -13.7245 -23.9533 3.2
    endloop
  endfacet
  facet normal 0.0487977 -0.998809 0
    outer loop
      vertex -15.1617 -23.3579 -1.90735e-07
      vertex -15 -23.35 3.2
      vertex -15.1617 -23.3579 3.2
    endloop
  endfacet
  facet normal 0.0487977 -0.998809 0
    outer loop
      vertex -15 -23.35 3.2
      vertex -15.1617 -23.3579 -1.90735e-07
      vertex -15 -23.35 -1.90735e-07
    endloop
  endfacet
  facet normal 0.242681 -0.970106 0
    outer loop
      vertex -15.479 -23.421 -1.90735e-07
      vertex -15.3219 -23.3817 3.2
      vertex -15.479 -23.421 3.2
    endloop
  endfacet
  facet normal 0.242681 -0.970106 0
    outer loop
      vertex -15.3219 -23.3817 3.2
      vertex -15.479 -23.421 -1.90735e-07
      vertex -15.3219 -23.3817 -1.90735e-07
    endloop
  endfacet
  facet normal -0.989144 -0.146951 0
    outer loop
      vertex -13.3579 -24.8383 -1.90735e-07
      vertex -13.3817 -24.6781 3.2
      vertex -13.3817 -24.6781 -1.90735e-07
    endloop
  endfacet
  facet normal -0.989144 -0.146951 0
    outer loop
      vertex -13.3817 -24.6781 3.2
      vertex -13.3579 -24.8383 -1.90735e-07
      vertex -13.3579 -24.8383 3.2
    endloop
  endfacet
  facet normal -0.0487977 -0.998809 0
    outer loop
      vertex -15 -23.35 -1.90735e-07
      vertex -14.8383 -23.3579 3.2
      vertex -15 -23.35 3.2
    endloop
  endfacet
  facet normal -0.0487977 -0.998809 -0
    outer loop
      vertex -14.8383 -23.3579 3.2
      vertex -15 -23.35 -1.90735e-07
      vertex -14.8383 -23.3579 -1.90735e-07
    endloop
  endfacet
  facet normal -0.998809 -0.0487977 0
    outer loop
      vertex -13.35 -25 -1.90735e-07
      vertex -13.3579 -24.8383 3.2
      vertex -13.3579 -24.8383 -1.90735e-07
    endloop
  endfacet
  facet normal -0.998809 -0.0487977 0
    outer loop
      vertex -13.3579 -24.8383 3.2
      vertex -13.35 -25 -1.90735e-07
      vertex -13.35 -25 3.2
    endloop
  endfacet
  facet normal -0.0487977 0.998809 0
    outer loop
      vertex -14.8383 -26.6421 -1.90735e-07
      vertex -15 -26.65 3.2
      vertex -14.8383 -26.6421 3.2
    endloop
  endfacet
  facet normal -0.0487977 0.998809 0
    outer loop
      vertex -15 -26.65 3.2
      vertex -14.8383 -26.6421 -1.90735e-07
      vertex -15 -26.65 -1.90735e-07
    endloop
  endfacet
  facet normal 0.337275 -0.941406 0
    outer loop
      vertex -15.6314 -23.4756 -1.90735e-07
      vertex -15.479 -23.421 3.2
      vertex -15.6314 -23.4756 3.2
    endloop
  endfacet
  facet normal 0.337275 -0.941406 0
    outer loop
      vertex -15.479 -23.421 3.2
      vertex -15.6314 -23.4756 -1.90735e-07
      vertex -15.479 -23.421 -1.90735e-07
    endloop
  endfacet
  facet normal -0.998809 0.0487977 0
    outer loop
      vertex -13.3579 -25.1617 -1.90735e-07
      vertex -13.35 -25 3.2
      vertex -13.35 -25 -1.90735e-07
    endloop
  endfacet
  facet normal -0.998809 0.0487977 0
    outer loop
      vertex -13.35 -25 3.2
      vertex -13.3579 -25.1617 -1.90735e-07
      vertex -13.3579 -25.1617 3.2
    endloop
  endfacet
  facet normal 0.671689 -0.740833 0
    outer loop
      vertex -16.1667 -23.8333 -1.90735e-07
      vertex -16.0467 -23.7245 3.2
      vertex -16.1667 -23.8333 3.2
    endloop
  endfacet
  facet normal 0.671689 -0.740833 0
    outer loop
      vertex -16.0467 -23.7245 3.2
      vertex -16.1667 -23.8333 -1.90735e-07
      vertex -16.0467 -23.7245 -1.90735e-07
    endloop
  endfacet
  facet normal -0.146951 0.989144 0
    outer loop
      vertex -14.6781 -26.6183 -1.90735e-07
      vertex -14.8383 -26.6421 3.2
      vertex -14.6781 -26.6183 3.2
    endloop
  endfacet
  facet normal -0.146951 0.989144 0
    outer loop
      vertex -14.8383 -26.6421 3.2
      vertex -14.6781 -26.6183 -1.90735e-07
      vertex -14.8383 -26.6421 -1.90735e-07
    endloop
  endfacet
  facet normal -0.427343 0.90409 0
    outer loop
      vertex -14.2222 -26.4552 -1.90735e-07
      vertex -14.3686 -26.5244 3.2
      vertex -14.2222 -26.4552 3.2
    endloop
  endfacet
  facet normal -0.427343 0.90409 0
    outer loop
      vertex -14.3686 -26.5244 3.2
      vertex -14.2222 -26.4552 -1.90735e-07
      vertex -14.3686 -26.5244 -1.90735e-07
    endloop
  endfacet
  facet normal 0.803251 0.595641 0
    outer loop
      vertex -16.2755 -26.0467 3.2
      vertex -16.3719 -25.9167 -1.90735e-07
      vertex -16.3719 -25.9167 3.2
    endloop
  endfacet
  facet normal 0.803251 0.595641 0
    outer loop
      vertex -16.3719 -25.9167 -1.90735e-07
      vertex -16.2755 -26.0467 3.2
      vertex -16.2755 -26.0467 -1.90735e-07
    endloop
  endfacet
  facet normal -0.989144 0.146951 0
    outer loop
      vertex -13.3817 -25.3219 -1.90735e-07
      vertex -13.3579 -25.1617 3.2
      vertex -13.3579 -25.1617 -1.90735e-07
    endloop
  endfacet
  facet normal -0.989144 0.146951 0
    outer loop
      vertex -13.3579 -25.1617 3.2
      vertex -13.3817 -25.3219 -1.90735e-07
      vertex -13.3817 -25.3219 3.2
    endloop
  endfacet
  facet normal -0.970106 -0.242681 0
    outer loop
      vertex -13.3817 -24.6781 -1.90735e-07
      vertex -13.421 -24.521 3.2
      vertex -13.421 -24.521 -1.90735e-07
    endloop
  endfacet
  facet normal -0.970106 -0.242681 0
    outer loop
      vertex -13.421 -24.521 3.2
      vertex -13.3817 -24.6781 -1.90735e-07
      vertex -13.3817 -24.6781 3.2
    endloop
  endfacet
  facet normal 0.970106 -0.242681 0
    outer loop
      vertex -16.6183 -24.6781 3.2
      vertex -16.579 -24.521 -1.90735e-07
      vertex -16.579 -24.521 3.2
    endloop
  endfacet
  facet normal 0.970106 -0.242681 0
    outer loop
      vertex -16.579 -24.521 -1.90735e-07
      vertex -16.6183 -24.6781 3.2
      vertex -16.6183 -24.6781 -1.90735e-07
    endloop
  endfacet
  facet normal -0.427343 -0.90409 0
    outer loop
      vertex -14.3686 -23.4756 -1.90735e-07
      vertex -14.2222 -23.5448 3.2
      vertex -14.3686 -23.4756 3.2
    endloop
  endfacet
  facet normal -0.427343 -0.90409 -0
    outer loop
      vertex -14.2222 -23.5448 3.2
      vertex -14.3686 -23.4756 -1.90735e-07
      vertex -14.2222 -23.5448 -1.90735e-07
    endloop
  endfacet
  facet normal 0.514314 -0.857602 0
    outer loop
      vertex -15.9167 -23.6281 -1.90735e-07
      vertex -15.7778 -23.5448 3.2
      vertex -15.9167 -23.6281 3.2
    endloop
  endfacet
  facet normal 0.514314 -0.857602 0
    outer loop
      vertex -15.7778 -23.5448 3.2
      vertex -15.9167 -23.6281 -1.90735e-07
      vertex -15.7778 -23.5448 -1.90735e-07
    endloop
  endfacet
  facet normal -0.857602 -0.514314 0
    outer loop
      vertex -13.5448 -24.2222 -1.90735e-07
      vertex -13.6281 -24.0833 3.2
      vertex -13.6281 -24.0833 -1.90735e-07
    endloop
  endfacet
  facet normal -0.857602 -0.514314 0
    outer loop
      vertex -13.6281 -24.0833 3.2
      vertex -13.5448 -24.2222 -1.90735e-07
      vertex -13.5448 -24.2222 3.2
    endloop
  endfacet
  facet normal -0.941406 -0.337275 0
    outer loop
      vertex -13.421 -24.521 -1.90735e-07
      vertex -13.4756 -24.3686 3.2
      vertex -13.4756 -24.3686 -1.90735e-07
    endloop
  endfacet
  facet normal -0.941406 -0.337275 0
    outer loop
      vertex -13.4756 -24.3686 3.2
      vertex -13.421 -24.521 -1.90735e-07
      vertex -13.421 -24.521 3.2
    endloop
  endfacet
  facet normal 0.740833 0.671689 0
    outer loop
      vertex -16.1667 -26.1667 3.2
      vertex -16.2755 -26.0467 -1.90735e-07
      vertex -16.2755 -26.0467 3.2
    endloop
  endfacet
  facet normal 0.740833 0.671689 0
    outer loop
      vertex -16.2755 -26.0467 -1.90735e-07
      vertex -16.1667 -26.1667 3.2
      vertex -16.1667 -26.1667 -1.90735e-07
    endloop
  endfacet
  facet normal 0.427343 -0.90409 0
    outer loop
      vertex -15.7778 -23.5448 -1.90735e-07
      vertex -15.6314 -23.4756 3.2
      vertex -15.7778 -23.5448 3.2
    endloop
  endfacet
  facet normal 0.427343 -0.90409 0
    outer loop
      vertex -15.6314 -23.4756 3.2
      vertex -15.7778 -23.5448 -1.90735e-07
      vertex -15.6314 -23.4756 -1.90735e-07
    endloop
  endfacet
  facet normal -0.90409 -0.427343 0
    outer loop
      vertex -13.4756 -24.3686 -1.90735e-07
      vertex -13.5448 -24.2222 3.2
      vertex -13.5448 -24.2222 -1.90735e-07
    endloop
  endfacet
  facet normal -0.90409 -0.427343 0
    outer loop
      vertex -13.5448 -24.2222 3.2
      vertex -13.4756 -24.3686 -1.90735e-07
      vertex -13.4756 -24.3686 3.2
    endloop
  endfacet
  facet normal -0.90409 0.427343 0
    outer loop
      vertex -13.5448 -25.7778 -1.90735e-07
      vertex -13.4756 -25.6314 3.2
      vertex -13.4756 -25.6314 -1.90735e-07
    endloop
  endfacet
  facet normal -0.90409 0.427343 0
    outer loop
      vertex -13.4756 -25.6314 3.2
      vertex -13.5448 -25.7778 -1.90735e-07
      vertex -13.5448 -25.7778 3.2
    endloop
  endfacet
  facet normal 0.803251 -0.595641 0
    outer loop
      vertex -16.3719 -24.0833 3.2
      vertex -16.2755 -23.9533 -1.90735e-07
      vertex -16.2755 -23.9533 3.2
    endloop
  endfacet
  facet normal 0.803251 -0.595641 0
    outer loop
      vertex -16.2755 -23.9533 -1.90735e-07
      vertex -16.3719 -24.0833 3.2
      vertex -16.3719 -24.0833 -1.90735e-07
    endloop
  endfacet
  facet normal -0.803251 0.595641 0
    outer loop
      vertex -13.7245 -26.0467 -1.90735e-07
      vertex -13.6281 -25.9167 3.2
      vertex -13.6281 -25.9167 -1.90735e-07
    endloop
  endfacet
  facet normal -0.803251 0.595641 0
    outer loop
      vertex -13.6281 -25.9167 3.2
      vertex -13.7245 -26.0467 -1.90735e-07
      vertex -13.7245 -26.0467 3.2
    endloop
  endfacet
  facet normal 0.0487977 0.998809 -0
    outer loop
      vertex -15 -26.65 -1.90735e-07
      vertex -15.1617 -26.6421 3.2
      vertex -15 -26.65 3.2
    endloop
  endfacet
  facet normal 0.0487977 0.998809 0
    outer loop
      vertex -15.1617 -26.6421 3.2
      vertex -15 -26.65 -1.90735e-07
      vertex -15.1617 -26.6421 -1.90735e-07
    endloop
  endfacet
  facet normal 0.671689 0.740833 -0
    outer loop
      vertex -16.0467 -26.2755 -1.90735e-07
      vertex -16.1667 -26.1667 3.2
      vertex -16.0467 -26.2755 3.2
    endloop
  endfacet
  facet normal 0.671689 0.740833 0
    outer loop
      vertex -16.1667 -26.1667 3.2
      vertex -16.0467 -26.2755 -1.90735e-07
      vertex -16.1667 -26.1667 -1.90735e-07
    endloop
  endfacet
  facet normal 0.857602 -0.514314 0
    outer loop
      vertex -16.4552 -24.2222 3.2
      vertex -16.3719 -24.0833 -1.90735e-07
      vertex -16.3719 -24.0833 3.2
    endloop
  endfacet
  facet normal 0.857602 -0.514314 0
    outer loop
      vertex -16.3719 -24.0833 -1.90735e-07
      vertex -16.4552 -24.2222 3.2
      vertex -16.4552 -24.2222 -1.90735e-07
    endloop
  endfacet
  facet normal 0.90409 0.427343 0
    outer loop
      vertex -16.4552 -25.7778 3.2
      vertex -16.5244 -25.6314 -1.90735e-07
      vertex -16.5244 -25.6314 3.2
    endloop
  endfacet
  facet normal 0.90409 0.427343 0
    outer loop
      vertex -16.5244 -25.6314 -1.90735e-07
      vertex -16.4552 -25.7778 3.2
      vertex -16.4552 -25.7778 -1.90735e-07
    endloop
  endfacet
  facet normal -0.970106 0.242681 0
    outer loop
      vertex -13.421 -25.479 -1.90735e-07
      vertex -13.3817 -25.3219 3.2
      vertex -13.3817 -25.3219 -1.90735e-07
    endloop
  endfacet
  facet normal -0.970106 0.242681 0
    outer loop
      vertex -13.3817 -25.3219 3.2
      vertex -13.421 -25.479 -1.90735e-07
      vertex -13.421 -25.479 3.2
    endloop
  endfacet
  facet normal 0.857602 0.514314 0
    outer loop
      vertex -16.3719 -25.9167 3.2
      vertex -16.4552 -25.7778 -1.90735e-07
      vertex -16.4552 -25.7778 3.2
    endloop
  endfacet
  facet normal 0.857602 0.514314 0
    outer loop
      vertex -16.4552 -25.7778 -1.90735e-07
      vertex -16.3719 -25.9167 3.2
      vertex -16.3719 -25.9167 -1.90735e-07
    endloop
  endfacet
  facet normal -0.514314 -0.857602 0
    outer loop
      vertex -14.2222 -23.5448 -1.90735e-07
      vertex -14.0833 -23.6281 3.2
      vertex -14.2222 -23.5448 3.2
    endloop
  endfacet
  facet normal -0.514314 -0.857602 -0
    outer loop
      vertex -14.0833 -23.6281 3.2
      vertex -14.2222 -23.5448 -1.90735e-07
      vertex -14.0833 -23.6281 -1.90735e-07
    endloop
  endfacet
  facet normal 0.595641 -0.803251 0
    outer loop
      vertex -16.0467 -23.7245 -1.90735e-07
      vertex -15.9167 -23.6281 3.2
      vertex -16.0467 -23.7245 3.2
    endloop
  endfacet
  facet normal 0.595641 -0.803251 0
    outer loop
      vertex -15.9167 -23.6281 3.2
      vertex -16.0467 -23.7245 -1.90735e-07
      vertex -15.9167 -23.6281 -1.90735e-07
    endloop
  endfacet
  facet normal 0.90409 -0.427343 0
    outer loop
      vertex -16.5244 -24.3686 3.2
      vertex -16.4552 -24.2222 -1.90735e-07
      vertex -16.4552 -24.2222 3.2
    endloop
  endfacet
  facet normal 0.90409 -0.427343 0
    outer loop
      vertex -16.4552 -24.2222 -1.90735e-07
      vertex -16.5244 -24.3686 3.2
      vertex -16.5244 -24.3686 -1.90735e-07
    endloop
  endfacet
  facet normal -0.803251 -0.595641 0
    outer loop
      vertex -13.6281 -24.0833 -1.90735e-07
      vertex -13.7245 -23.9533 3.2
      vertex -13.7245 -23.9533 -1.90735e-07
    endloop
  endfacet
  facet normal -0.803251 -0.595641 0
    outer loop
      vertex -13.7245 -23.9533 3.2
      vertex -13.6281 -24.0833 -1.90735e-07
      vertex -13.6281 -24.0833 3.2
    endloop
  endfacet
  facet normal 0.740833 -0.671689 0
    outer loop
      vertex -16.2755 -23.9533 3.2
      vertex -16.1667 -23.8333 -1.90735e-07
      vertex -16.1667 -23.8333 3.2
    endloop
  endfacet
  facet normal 0.740833 -0.671689 0
    outer loop
      vertex -16.1667 -23.8333 -1.90735e-07
      vertex -16.2755 -23.9533 3.2
      vertex -16.2755 -23.9533 -1.90735e-07
    endloop
  endfacet
  facet normal 0.998809 0.0487977 0
    outer loop
      vertex -16.6421 -25.1617 3.2
      vertex -16.65 -25 -1.90735e-07
      vertex -16.65 -25 3.2
    endloop
  endfacet
  facet normal 0.998809 0.0487977 0
    outer loop
      vertex -16.65 -25 -1.90735e-07
      vertex -16.6421 -25.1617 3.2
      vertex -16.6421 -25.1617 -1.90735e-07
    endloop
  endfacet
  facet normal -0.595641 -0.803251 0
    outer loop
      vertex -14.0833 -23.6281 -1.90735e-07
      vertex -13.9533 -23.7245 3.2
      vertex -14.0833 -23.6281 3.2
    endloop
  endfacet
  facet normal -0.595641 -0.803251 -0
    outer loop
      vertex -13.9533 -23.7245 3.2
      vertex -14.0833 -23.6281 -1.90735e-07
      vertex -13.9533 -23.7245 -1.90735e-07
    endloop
  endfacet
  facet normal 0.146951 -0.989144 0
    outer loop
      vertex -15.3219 -23.3817 -1.90735e-07
      vertex -15.1617 -23.3579 3.2
      vertex -15.3219 -23.3817 3.2
    endloop
  endfacet
  facet normal 0.146951 -0.989144 0
    outer loop
      vertex -15.1617 -23.3579 3.2
      vertex -15.3219 -23.3817 -1.90735e-07
      vertex -15.1617 -23.3579 -1.90735e-07
    endloop
  endfacet
  facet normal 0.989144 0.146951 0
    outer loop
      vertex -16.6183 -25.3219 3.2
      vertex -16.6421 -25.1617 -1.90735e-07
      vertex -16.6421 -25.1617 3.2
    endloop
  endfacet
  facet normal 0.989144 0.146951 0
    outer loop
      vertex -16.6421 -25.1617 -1.90735e-07
      vertex -16.6183 -25.3219 3.2
      vertex -16.6183 -25.3219 -1.90735e-07
    endloop
  endfacet
  facet normal 0.998809 -0.0487977 0
    outer loop
      vertex -16.65 -25 3.2
      vertex -16.6421 -24.8383 -1.90735e-07
      vertex -16.6421 -24.8383 3.2
    endloop
  endfacet
  facet normal 0.998809 -0.0487977 0
    outer loop
      vertex -16.6421 -24.8383 -1.90735e-07
      vertex -16.65 -25 3.2
      vertex -16.65 -25 -1.90735e-07
    endloop
  endfacet
  facet normal 0.337275 0.941406 -0
    outer loop
      vertex -15.479 -26.579 -1.90735e-07
      vertex -15.6314 -26.5244 3.2
      vertex -15.479 -26.579 3.2
    endloop
  endfacet
  facet normal 0.337275 0.941406 0
    outer loop
      vertex -15.6314 -26.5244 3.2
      vertex -15.479 -26.579 -1.90735e-07
      vertex -15.6314 -26.5244 -1.90735e-07
    endloop
  endfacet
  facet normal -0.337275 0.941406 0
    outer loop
      vertex -14.3686 -26.5244 -1.90735e-07
      vertex -14.521 -26.579 3.2
      vertex -14.3686 -26.5244 3.2
    endloop
  endfacet
  facet normal -0.337275 0.941406 0
    outer loop
      vertex -14.521 -26.579 3.2
      vertex -14.3686 -26.5244 -1.90735e-07
      vertex -14.521 -26.579 -1.90735e-07
    endloop
  endfacet
  facet normal -0.941406 0.337275 0
    outer loop
      vertex -13.4756 -25.6314 -1.90735e-07
      vertex -13.421 -25.479 3.2
      vertex -13.421 -25.479 -1.90735e-07
    endloop
  endfacet
  facet normal -0.941406 0.337275 0
    outer loop
      vertex -13.421 -25.479 3.2
      vertex -13.4756 -25.6314 -1.90735e-07
      vertex -13.4756 -25.6314 3.2
    endloop
  endfacet
  facet normal 0.941406 0.337275 0
    outer loop
      vertex -16.5244 -25.6314 3.2
      vertex -16.579 -25.479 -1.90735e-07
      vertex -16.579 -25.479 3.2
    endloop
  endfacet
  facet normal 0.941406 0.337275 0
    outer loop
      vertex -16.579 -25.479 -1.90735e-07
      vertex -16.5244 -25.6314 3.2
      vertex -16.5244 -25.6314 -1.90735e-07
    endloop
  endfacet
  facet normal -0.146951 -0.989144 0
    outer loop
      vertex -14.8383 -23.3579 -1.90735e-07
      vertex -14.6781 -23.3817 3.2
      vertex -14.8383 -23.3579 3.2
    endloop
  endfacet
  facet normal -0.146951 -0.989144 -0
    outer loop
      vertex -14.6781 -23.3817 3.2
      vertex -14.8383 -23.3579 -1.90735e-07
      vertex -14.6781 -23.3817 -1.90735e-07
    endloop
  endfacet
  facet normal -0.242681 -0.970106 0
    outer loop
      vertex -14.6781 -23.3817 -1.90735e-07
      vertex -14.521 -23.421 3.2
      vertex -14.6781 -23.3817 3.2
    endloop
  endfacet
  facet normal -0.242681 -0.970106 -0
    outer loop
      vertex -14.521 -23.421 3.2
      vertex -14.6781 -23.3817 -1.90735e-07
      vertex -14.521 -23.421 -1.90735e-07
    endloop
  endfacet
  facet normal 0.514314 0.857602 -0
    outer loop
      vertex -15.7778 -26.4552 -1.90735e-07
      vertex -15.9167 -26.3719 3.2
      vertex -15.7778 -26.4552 3.2
    endloop
  endfacet
  facet normal 0.514314 0.857602 0
    outer loop
      vertex -15.9167 -26.3719 3.2
      vertex -15.7778 -26.4552 -1.90735e-07
      vertex -15.9167 -26.3719 -1.90735e-07
    endloop
  endfacet
  facet normal -0.514314 0.857602 0
    outer loop
      vertex -14.0833 -26.3719 -1.90735e-07
      vertex -14.2222 -26.4552 3.2
      vertex -14.0833 -26.3719 3.2
    endloop
  endfacet
  facet normal -0.514314 0.857602 0
    outer loop
      vertex -14.2222 -26.4552 3.2
      vertex -14.0833 -26.3719 -1.90735e-07
      vertex -14.2222 -26.4552 -1.90735e-07
    endloop
  endfacet
  facet normal 0.595641 0.803251 -0
    outer loop
      vertex -15.9167 -26.3719 -1.90735e-07
      vertex -16.0467 -26.2755 3.2
      vertex -15.9167 -26.3719 3.2
    endloop
  endfacet
  facet normal 0.595641 0.803251 0
    outer loop
      vertex -16.0467 -26.2755 3.2
      vertex -15.9167 -26.3719 -1.90735e-07
      vertex -16.0467 -26.2755 -1.90735e-07
    endloop
  endfacet
  facet normal 0.989144 -0.146951 0
    outer loop
      vertex -16.6421 -24.8383 3.2
      vertex -16.6183 -24.6781 -1.90735e-07
      vertex -16.6183 -24.6781 3.2
    endloop
  endfacet
  facet normal 0.989144 -0.146951 0
    outer loop
      vertex -16.6183 -24.6781 -1.90735e-07
      vertex -16.6421 -24.8383 3.2
      vertex -16.6421 -24.8383 -1.90735e-07
    endloop
  endfacet
  facet normal 0.941406 -0.337275 0
    outer loop
      vertex -16.579 -24.521 3.2
      vertex -16.5244 -24.3686 -1.90735e-07
      vertex -16.5244 -24.3686 3.2
    endloop
  endfacet
  facet normal 0.941406 -0.337275 0
    outer loop
      vertex -16.5244 -24.3686 -1.90735e-07
      vertex -16.579 -24.521 3.2
      vertex -16.579 -24.521 -1.90735e-07
    endloop
  endfacet
  facet normal -0.740833 0.671689 0
    outer loop
      vertex -13.8333 -26.1667 -1.90735e-07
      vertex -13.7245 -26.0467 3.2
      vertex -13.7245 -26.0467 -1.90735e-07
    endloop
  endfacet
  facet normal -0.740833 0.671689 0
    outer loop
      vertex -13.7245 -26.0467 3.2
      vertex -13.8333 -26.1667 -1.90735e-07
      vertex -13.8333 -26.1667 3.2
    endloop
  endfacet
  facet normal -0.671689 0.740833 0
    outer loop
      vertex -13.8333 -26.1667 -1.90735e-07
      vertex -13.9533 -26.2755 3.2
      vertex -13.8333 -26.1667 3.2
    endloop
  endfacet
  facet normal -0.671689 0.740833 0
    outer loop
      vertex -13.9533 -26.2755 3.2
      vertex -13.8333 -26.1667 -1.90735e-07
      vertex -13.9533 -26.2755 -1.90735e-07
    endloop
  endfacet
  facet normal -0.242681 0.970106 0
    outer loop
      vertex -14.521 23.421 -1.90735e-07
      vertex -14.6781 23.3817 3.2
      vertex -14.521 23.421 3.2
    endloop
  endfacet
  facet normal -0.242681 0.970106 0
    outer loop
      vertex -14.6781 23.3817 3.2
      vertex -14.521 23.421 -1.90735e-07
      vertex -14.6781 23.3817 -1.90735e-07
    endloop
  endfacet
  facet normal 0.803251 -0.595641 0
    outer loop
      vertex -16.3719 25.9167 3.2
      vertex -16.2755 26.0467 -1.90735e-07
      vertex -16.2755 26.0467 3.2
    endloop
  endfacet
  facet normal 0.803251 -0.595641 0
    outer loop
      vertex -16.2755 26.0467 -1.90735e-07
      vertex -16.3719 25.9167 3.2
      vertex -16.3719 25.9167 -1.90735e-07
    endloop
  endfacet
  facet normal 0.803251 0.595641 0
    outer loop
      vertex -16.2755 23.9533 3.2
      vertex -16.3719 24.0833 -1.90735e-07
      vertex -16.3719 24.0833 3.2
    endloop
  endfacet
  facet normal 0.803251 0.595641 0
    outer loop
      vertex -16.3719 24.0833 -1.90735e-07
      vertex -16.2755 23.9533 3.2
      vertex -16.2755 23.9533 -1.90735e-07
    endloop
  endfacet
  facet normal -0.337275 -0.941406 0
    outer loop
      vertex -14.521 26.579 -1.90735e-07
      vertex -14.3686 26.5244 3.2
      vertex -14.521 26.579 3.2
    endloop
  endfacet
  facet normal -0.337275 -0.941406 -0
    outer loop
      vertex -14.3686 26.5244 3.2
      vertex -14.521 26.579 -1.90735e-07
      vertex -14.3686 26.5244 -1.90735e-07
    endloop
  endfacet
  facet normal 0.0487977 -0.998809 0
    outer loop
      vertex -15.1617 26.6421 -1.90735e-07
      vertex -15 26.65 3.2
      vertex -15.1617 26.6421 3.2
    endloop
  endfacet
  facet normal 0.0487977 -0.998809 0
    outer loop
      vertex -15 26.65 3.2
      vertex -15.1617 26.6421 -1.90735e-07
      vertex -15 26.65 -1.90735e-07
    endloop
  endfacet
  facet normal 0.427343 -0.90409 0
    outer loop
      vertex -15.7778 26.4552 -1.90735e-07
      vertex -15.6314 26.5244 3.2
      vertex -15.7778 26.4552 3.2
    endloop
  endfacet
  facet normal 0.427343 -0.90409 0
    outer loop
      vertex -15.6314 26.5244 3.2
      vertex -15.7778 26.4552 -1.90735e-07
      vertex -15.6314 26.5244 -1.90735e-07
    endloop
  endfacet
  facet normal 0.671689 0.740833 -0
    outer loop
      vertex -16.0467 23.7245 -1.90735e-07
      vertex -16.1667 23.8333 3.2
      vertex -16.0467 23.7245 3.2
    endloop
  endfacet
  facet normal 0.671689 0.740833 0
    outer loop
      vertex -16.1667 23.8333 3.2
      vertex -16.0467 23.7245 -1.90735e-07
      vertex -16.1667 23.8333 -1.90735e-07
    endloop
  endfacet
  facet normal 0.998809 -0.0487977 0
    outer loop
      vertex -16.65 25 3.2
      vertex -16.6421 25.1617 -1.90735e-07
      vertex -16.6421 25.1617 3.2
    endloop
  endfacet
  facet normal 0.998809 -0.0487977 0
    outer loop
      vertex -16.6421 25.1617 -1.90735e-07
      vertex -16.65 25 3.2
      vertex -16.65 25 -1.90735e-07
    endloop
  endfacet
  facet normal -0.0487977 -0.998809 0
    outer loop
      vertex -15 26.65 -1.90735e-07
      vertex -14.8383 26.6421 3.2
      vertex -15 26.65 3.2
    endloop
  endfacet
  facet normal -0.0487977 -0.998809 -0
    outer loop
      vertex -14.8383 26.6421 3.2
      vertex -15 26.65 -1.90735e-07
      vertex -14.8383 26.6421 -1.90735e-07
    endloop
  endfacet
  facet normal 0.595641 -0.803251 0
    outer loop
      vertex -16.0467 26.2755 -1.90735e-07
      vertex -15.9167 26.3719 3.2
      vertex -16.0467 26.2755 3.2
    endloop
  endfacet
  facet normal 0.595641 -0.803251 0
    outer loop
      vertex -15.9167 26.3719 3.2
      vertex -16.0467 26.2755 -1.90735e-07
      vertex -15.9167 26.3719 -1.90735e-07
    endloop
  endfacet
  facet normal -0.242681 -0.970106 0
    outer loop
      vertex -14.6781 26.6183 -1.90735e-07
      vertex -14.521 26.579 3.2
      vertex -14.6781 26.6183 3.2
    endloop
  endfacet
  facet normal -0.242681 -0.970106 -0
    outer loop
      vertex -14.521 26.579 3.2
      vertex -14.6781 26.6183 -1.90735e-07
      vertex -14.521 26.579 -1.90735e-07
    endloop
  endfacet
  facet normal 0.337275 -0.941406 0
    outer loop
      vertex -15.6314 26.5244 -1.90735e-07
      vertex -15.479 26.579 3.2
      vertex -15.6314 26.5244 3.2
    endloop
  endfacet
  facet normal 0.337275 -0.941406 0
    outer loop
      vertex -15.479 26.579 3.2
      vertex -15.6314 26.5244 -1.90735e-07
      vertex -15.479 26.579 -1.90735e-07
    endloop
  endfacet
  facet normal -0.989144 -0.146951 0
    outer loop
      vertex -13.3579 25.1617 -1.90735e-07
      vertex -13.3817 25.3219 3.2
      vertex -13.3817 25.3219 -1.90735e-07
    endloop
  endfacet
  facet normal -0.989144 -0.146951 0
    outer loop
      vertex -13.3817 25.3219 3.2
      vertex -13.3579 25.1617 -1.90735e-07
      vertex -13.3579 25.1617 3.2
    endloop
  endfacet
  facet normal -0.998809 -0.0487977 0
    outer loop
      vertex -13.35 25 -1.90735e-07
      vertex -13.3579 25.1617 3.2
      vertex -13.3579 25.1617 -1.90735e-07
    endloop
  endfacet
  facet normal -0.998809 -0.0487977 0
    outer loop
      vertex -13.3579 25.1617 3.2
      vertex -13.35 25 -1.90735e-07
      vertex -13.35 25 3.2
    endloop
  endfacet
  facet normal -0.740833 0.671689 0
    outer loop
      vertex -13.8333 23.8333 -1.90735e-07
      vertex -13.7245 23.9533 3.2
      vertex -13.7245 23.9533 -1.90735e-07
    endloop
  endfacet
  facet normal -0.740833 0.671689 0
    outer loop
      vertex -13.7245 23.9533 3.2
      vertex -13.8333 23.8333 -1.90735e-07
      vertex -13.8333 23.8333 3.2
    endloop
  endfacet
  facet normal -0.146951 -0.989144 0
    outer loop
      vertex -14.8383 26.6421 -1.90735e-07
      vertex -14.6781 26.6183 3.2
      vertex -14.8383 26.6421 3.2
    endloop
  endfacet
  facet normal -0.146951 -0.989144 -0
    outer loop
      vertex -14.6781 26.6183 3.2
      vertex -14.8383 26.6421 -1.90735e-07
      vertex -14.6781 26.6183 -1.90735e-07
    endloop
  endfacet
  facet normal 0.242681 -0.970106 0
    outer loop
      vertex -15.479 26.579 -1.90735e-07
      vertex -15.3219 26.6183 3.2
      vertex -15.479 26.579 3.2
    endloop
  endfacet
  facet normal 0.242681 -0.970106 0
    outer loop
      vertex -15.3219 26.6183 3.2
      vertex -15.479 26.579 -1.90735e-07
      vertex -15.3219 26.6183 -1.90735e-07
    endloop
  endfacet
  facet normal 0.941406 0.337275 0
    outer loop
      vertex -16.5244 24.3686 3.2
      vertex -16.579 24.521 -1.90735e-07
      vertex -16.579 24.521 3.2
    endloop
  endfacet
  facet normal 0.941406 0.337275 0
    outer loop
      vertex -16.579 24.521 -1.90735e-07
      vertex -16.5244 24.3686 3.2
      vertex -16.5244 24.3686 -1.90735e-07
    endloop
  endfacet
  facet normal -0.998809 0.0487977 0
    outer loop
      vertex -13.3579 24.8383 -1.90735e-07
      vertex -13.35 25 3.2
      vertex -13.35 25 -1.90735e-07
    endloop
  endfacet
  facet normal -0.998809 0.0487977 0
    outer loop
      vertex -13.35 25 3.2
      vertex -13.3579 24.8383 -1.90735e-07
      vertex -13.3579 24.8383 3.2
    endloop
  endfacet
  facet normal 0.671689 -0.740833 0
    outer loop
      vertex -16.1667 26.1667 -1.90735e-07
      vertex -16.0467 26.2755 3.2
      vertex -16.1667 26.1667 3.2
    endloop
  endfacet
  facet normal 0.671689 -0.740833 0
    outer loop
      vertex -16.0467 26.2755 3.2
      vertex -16.1667 26.1667 -1.90735e-07
      vertex -16.0467 26.2755 -1.90735e-07
    endloop
  endfacet
  facet normal -0.146951 0.989144 0
    outer loop
      vertex -14.6781 23.3817 -1.90735e-07
      vertex -14.8383 23.3579 3.2
      vertex -14.6781 23.3817 3.2
    endloop
  endfacet
  facet normal -0.146951 0.989144 0
    outer loop
      vertex -14.8383 23.3579 3.2
      vertex -14.6781 23.3817 -1.90735e-07
      vertex -14.8383 23.3579 -1.90735e-07
    endloop
  endfacet
  facet normal -0.857602 0.514314 0
    outer loop
      vertex -13.6281 24.0833 -1.90735e-07
      vertex -13.5448 24.2222 3.2
      vertex -13.5448 24.2222 -1.90735e-07
    endloop
  endfacet
  facet normal -0.857602 0.514314 0
    outer loop
      vertex -13.5448 24.2222 3.2
      vertex -13.6281 24.0833 -1.90735e-07
      vertex -13.6281 24.0833 3.2
    endloop
  endfacet
  facet normal -0.427343 0.90409 0
    outer loop
      vertex -14.2222 23.5448 -1.90735e-07
      vertex -14.3686 23.4756 3.2
      vertex -14.2222 23.5448 3.2
    endloop
  endfacet
  facet normal -0.427343 0.90409 0
    outer loop
      vertex -14.3686 23.4756 3.2
      vertex -14.2222 23.5448 -1.90735e-07
      vertex -14.3686 23.4756 -1.90735e-07
    endloop
  endfacet
  facet normal -0.989144 0.146951 0
    outer loop
      vertex -13.3817 24.6781 -1.90735e-07
      vertex -13.3579 24.8383 3.2
      vertex -13.3579 24.8383 -1.90735e-07
    endloop
  endfacet
  facet normal -0.989144 0.146951 0
    outer loop
      vertex -13.3579 24.8383 3.2
      vertex -13.3817 24.6781 -1.90735e-07
      vertex -13.3817 24.6781 3.2
    endloop
  endfacet
  facet normal -0.970106 -0.242681 0
    outer loop
      vertex -13.3817 25.3219 -1.90735e-07
      vertex -13.421 25.479 3.2
      vertex -13.421 25.479 -1.90735e-07
    endloop
  endfacet
  facet normal -0.970106 -0.242681 0
    outer loop
      vertex -13.421 25.479 3.2
      vertex -13.3817 25.3219 -1.90735e-07
      vertex -13.3817 25.3219 3.2
    endloop
  endfacet
  facet normal -0.90409 0.427343 0
    outer loop
      vertex -13.5448 24.2222 -1.90735e-07
      vertex -13.4756 24.3686 3.2
      vertex -13.4756 24.3686 -1.90735e-07
    endloop
  endfacet
  facet normal -0.90409 0.427343 0
    outer loop
      vertex -13.4756 24.3686 3.2
      vertex -13.5448 24.2222 -1.90735e-07
      vertex -13.5448 24.2222 3.2
    endloop
  endfacet
  facet normal -0.427343 -0.90409 0
    outer loop
      vertex -14.3686 26.5244 -1.90735e-07
      vertex -14.2222 26.4552 3.2
      vertex -14.3686 26.5244 3.2
    endloop
  endfacet
  facet normal -0.427343 -0.90409 -0
    outer loop
      vertex -14.2222 26.4552 3.2
      vertex -14.3686 26.5244 -1.90735e-07
      vertex -14.2222 26.4552 -1.90735e-07
    endloop
  endfacet
  facet normal -0.740833 -0.671689 0
    outer loop
      vertex -13.7245 26.0467 -1.90735e-07
      vertex -13.8333 26.1667 3.2
      vertex -13.8333 26.1667 -1.90735e-07
    endloop
  endfacet
  facet normal -0.740833 -0.671689 0
    outer loop
      vertex -13.8333 26.1667 3.2
      vertex -13.7245 26.0467 -1.90735e-07
      vertex -13.7245 26.0467 3.2
    endloop
  endfacet
  facet normal -0.857602 -0.514314 0
    outer loop
      vertex -13.5448 25.7778 -1.90735e-07
      vertex -13.6281 25.9167 3.2
      vertex -13.6281 25.9167 -1.90735e-07
    endloop
  endfacet
  facet normal -0.857602 -0.514314 0
    outer loop
      vertex -13.6281 25.9167 3.2
      vertex -13.5448 25.7778 -1.90735e-07
      vertex -13.5448 25.7778 3.2
    endloop
  endfacet
  facet normal -0.941406 -0.337275 0
    outer loop
      vertex -13.421 25.479 -1.90735e-07
      vertex -13.4756 25.6314 3.2
      vertex -13.4756 25.6314 -1.90735e-07
    endloop
  endfacet
  facet normal -0.941406 -0.337275 0
    outer loop
      vertex -13.4756 25.6314 3.2
      vertex -13.421 25.479 -1.90735e-07
      vertex -13.421 25.479 3.2
    endloop
  endfacet
  facet normal -0.90409 -0.427343 0
    outer loop
      vertex -13.4756 25.6314 -1.90735e-07
      vertex -13.5448 25.7778 3.2
      vertex -13.5448 25.7778 -1.90735e-07
    endloop
  endfacet
  facet normal -0.90409 -0.427343 0
    outer loop
      vertex -13.5448 25.7778 3.2
      vertex -13.4756 25.6314 -1.90735e-07
      vertex -13.4756 25.6314 3.2
    endloop
  endfacet
  facet normal 0.989144 -0.146951 0
    outer loop
      vertex -16.6421 25.1617 3.2
      vertex -16.6183 25.3219 -1.90735e-07
      vertex -16.6183 25.3219 3.2
    endloop
  endfacet
  facet normal 0.989144 -0.146951 0
    outer loop
      vertex -16.6183 25.3219 -1.90735e-07
      vertex -16.6421 25.1617 3.2
      vertex -16.6421 25.1617 -1.90735e-07
    endloop
  endfacet
  facet normal 0.989144 0.146951 0
    outer loop
      vertex -16.6183 24.6781 3.2
      vertex -16.6421 24.8383 -1.90735e-07
      vertex -16.6421 24.8383 3.2
    endloop
  endfacet
  facet normal 0.989144 0.146951 0
    outer loop
      vertex -16.6421 24.8383 -1.90735e-07
      vertex -16.6183 24.6781 3.2
      vertex -16.6183 24.6781 -1.90735e-07
    endloop
  endfacet
  facet normal -0.0487977 0.998809 0
    outer loop
      vertex -14.8383 23.3579 -1.90735e-07
      vertex -15 23.35 3.2
      vertex -14.8383 23.3579 3.2
    endloop
  endfacet
  facet normal -0.0487977 0.998809 0
    outer loop
      vertex -15 23.35 3.2
      vertex -14.8383 23.3579 -1.90735e-07
      vertex -15 23.35 -1.90735e-07
    endloop
  endfacet
  facet normal 0.970106 -0.242681 0
    outer loop
      vertex -16.6183 25.3219 3.2
      vertex -16.579 25.479 -1.90735e-07
      vertex -16.579 25.479 3.2
    endloop
  endfacet
  facet normal 0.970106 -0.242681 0
    outer loop
      vertex -16.579 25.479 -1.90735e-07
      vertex -16.6183 25.3219 3.2
      vertex -16.6183 25.3219 -1.90735e-07
    endloop
  endfacet
  facet normal 0.998809 0.0487977 0
    outer loop
      vertex -16.6421 24.8383 3.2
      vertex -16.65 25 -1.90735e-07
      vertex -16.65 25 3.2
    endloop
  endfacet
  facet normal 0.998809 0.0487977 0
    outer loop
      vertex -16.65 25 -1.90735e-07
      vertex -16.6421 24.8383 3.2
      vertex -16.6421 24.8383 -1.90735e-07
    endloop
  endfacet
  facet normal -0.970106 0.242681 0
    outer loop
      vertex -13.421 24.521 -1.90735e-07
      vertex -13.3817 24.6781 3.2
      vertex -13.3817 24.6781 -1.90735e-07
    endloop
  endfacet
  facet normal -0.970106 0.242681 0
    outer loop
      vertex -13.3817 24.6781 3.2
      vertex -13.421 24.521 -1.90735e-07
      vertex -13.421 24.521 3.2
    endloop
  endfacet
  facet normal -0.514314 -0.857602 0
    outer loop
      vertex -14.2222 26.4552 -1.90735e-07
      vertex -14.0833 26.3719 3.2
      vertex -14.2222 26.4552 3.2
    endloop
  endfacet
  facet normal -0.514314 -0.857602 -0
    outer loop
      vertex -14.0833 26.3719 3.2
      vertex -14.2222 26.4552 -1.90735e-07
      vertex -14.0833 26.3719 -1.90735e-07
    endloop
  endfacet
  facet normal -0.941406 0.337275 0
    outer loop
      vertex -13.4756 24.3686 -1.90735e-07
      vertex -13.421 24.521 3.2
      vertex -13.421 24.521 -1.90735e-07
    endloop
  endfacet
  facet normal -0.941406 0.337275 0
    outer loop
      vertex -13.421 24.521 3.2
      vertex -13.4756 24.3686 -1.90735e-07
      vertex -13.4756 24.3686 3.2
    endloop
  endfacet
  facet normal -0.671689 -0.740833 0
    outer loop
      vertex -13.9533 26.2755 -1.90735e-07
      vertex -13.8333 26.1667 3.2
      vertex -13.9533 26.2755 3.2
    endloop
  endfacet
  facet normal -0.671689 -0.740833 -0
    outer loop
      vertex -13.8333 26.1667 3.2
      vertex -13.9533 26.2755 -1.90735e-07
      vertex -13.8333 26.1667 -1.90735e-07
    endloop
  endfacet
  facet normal -0.803251 -0.595641 0
    outer loop
      vertex -13.6281 25.9167 -1.90735e-07
      vertex -13.7245 26.0467 3.2
      vertex -13.7245 26.0467 -1.90735e-07
    endloop
  endfacet
  facet normal -0.803251 -0.595641 0
    outer loop
      vertex -13.7245 26.0467 3.2
      vertex -13.6281 25.9167 -1.90735e-07
      vertex -13.6281 25.9167 3.2
    endloop
  endfacet
  facet normal 0.740833 -0.671689 0
    outer loop
      vertex -16.2755 26.0467 3.2
      vertex -16.1667 26.1667 -1.90735e-07
      vertex -16.1667 26.1667 3.2
    endloop
  endfacet
  facet normal 0.740833 -0.671689 0
    outer loop
      vertex -16.1667 26.1667 -1.90735e-07
      vertex -16.2755 26.0467 3.2
      vertex -16.2755 26.0467 -1.90735e-07
    endloop
  endfacet
  facet normal -0.595641 -0.803251 0
    outer loop
      vertex -14.0833 26.3719 -1.90735e-07
      vertex -13.9533 26.2755 3.2
      vertex -14.0833 26.3719 3.2
    endloop
  endfacet
  facet normal -0.595641 -0.803251 -0
    outer loop
      vertex -13.9533 26.2755 3.2
      vertex -14.0833 26.3719 -1.90735e-07
      vertex -13.9533 26.2755 -1.90735e-07
    endloop
  endfacet
  facet normal 0.857602 -0.514314 0
    outer loop
      vertex -16.4552 25.7778 3.2
      vertex -16.3719 25.9167 -1.90735e-07
      vertex -16.3719 25.9167 3.2
    endloop
  endfacet
  facet normal 0.857602 -0.514314 0
    outer loop
      vertex -16.3719 25.9167 -1.90735e-07
      vertex -16.4552 25.7778 3.2
      vertex -16.4552 25.7778 -1.90735e-07
    endloop
  endfacet
  facet normal 0.740833 0.671689 0
    outer loop
      vertex -16.1667 23.8333 3.2
      vertex -16.2755 23.9533 -1.90735e-07
      vertex -16.2755 23.9533 3.2
    endloop
  endfacet
  facet normal 0.740833 0.671689 0
    outer loop
      vertex -16.2755 23.9533 -1.90735e-07
      vertex -16.1667 23.8333 3.2
      vertex -16.1667 23.8333 -1.90735e-07
    endloop
  endfacet
  facet normal 0.146951 -0.989144 0
    outer loop
      vertex -15.3219 26.6183 -1.90735e-07
      vertex -15.1617 26.6421 3.2
      vertex -15.3219 26.6183 3.2
    endloop
  endfacet
  facet normal 0.146951 -0.989144 0
    outer loop
      vertex -15.1617 26.6421 3.2
      vertex -15.3219 26.6183 -1.90735e-07
      vertex -15.1617 26.6421 -1.90735e-07
    endloop
  endfacet
  facet normal 0.941406 -0.337275 0
    outer loop
      vertex -16.579 25.479 3.2
      vertex -16.5244 25.6314 -1.90735e-07
      vertex -16.5244 25.6314 3.2
    endloop
  endfacet
  facet normal 0.941406 -0.337275 0
    outer loop
      vertex -16.5244 25.6314 -1.90735e-07
      vertex -16.579 25.479 3.2
      vertex -16.579 25.479 -1.90735e-07
    endloop
  endfacet
  facet normal 0.146951 0.989144 -0
    outer loop
      vertex -15.1617 23.3579 -1.90735e-07
      vertex -15.3219 23.3817 3.2
      vertex -15.1617 23.3579 3.2
    endloop
  endfacet
  facet normal 0.146951 0.989144 0
    outer loop
      vertex -15.3219 23.3817 3.2
      vertex -15.1617 23.3579 -1.90735e-07
      vertex -15.3219 23.3817 -1.90735e-07
    endloop
  endfacet
  facet normal 0.337275 0.941406 -0
    outer loop
      vertex -15.479 23.421 -1.90735e-07
      vertex -15.6314 23.4756 3.2
      vertex -15.479 23.421 3.2
    endloop
  endfacet
  facet normal 0.337275 0.941406 0
    outer loop
      vertex -15.6314 23.4756 3.2
      vertex -15.479 23.421 -1.90735e-07
      vertex -15.6314 23.4756 -1.90735e-07
    endloop
  endfacet
  facet normal 0.970106 0.242681 0
    outer loop
      vertex -16.579 24.521 3.2
      vertex -16.6183 24.6781 -1.90735e-07
      vertex -16.6183 24.6781 3.2
    endloop
  endfacet
  facet normal 0.970106 0.242681 0
    outer loop
      vertex -16.6183 24.6781 -1.90735e-07
      vertex -16.579 24.521 3.2
      vertex -16.579 24.521 -1.90735e-07
    endloop
  endfacet
  facet normal 0.90409 0.427343 0
    outer loop
      vertex -16.4552 24.2222 3.2
      vertex -16.5244 24.3686 -1.90735e-07
      vertex -16.5244 24.3686 3.2
    endloop
  endfacet
  facet normal 0.90409 0.427343 0
    outer loop
      vertex -16.5244 24.3686 -1.90735e-07
      vertex -16.4552 24.2222 3.2
      vertex -16.4552 24.2222 -1.90735e-07
    endloop
  endfacet
  facet normal 0.242681 0.970106 -0
    outer loop
      vertex -15.3219 23.3817 -1.90735e-07
      vertex -15.479 23.421 3.2
      vertex -15.3219 23.3817 3.2
    endloop
  endfacet
  facet normal 0.242681 0.970106 0
    outer loop
      vertex -15.479 23.421 3.2
      vertex -15.3219 23.3817 -1.90735e-07
      vertex -15.479 23.421 -1.90735e-07
    endloop
  endfacet
  facet normal -0.337275 0.941406 0
    outer loop
      vertex -14.3686 23.4756 -1.90735e-07
      vertex -14.521 23.421 3.2
      vertex -14.3686 23.4756 3.2
    endloop
  endfacet
  facet normal -0.337275 0.941406 0
    outer loop
      vertex -14.521 23.421 3.2
      vertex -14.3686 23.4756 -1.90735e-07
      vertex -14.521 23.421 -1.90735e-07
    endloop
  endfacet
  facet normal 0.514314 0.857602 -0
    outer loop
      vertex -15.7778 23.5448 -1.90735e-07
      vertex -15.9167 23.6281 3.2
      vertex -15.7778 23.5448 3.2
    endloop
  endfacet
  facet normal 0.514314 0.857602 0
    outer loop
      vertex -15.9167 23.6281 3.2
      vertex -15.7778 23.5448 -1.90735e-07
      vertex -15.9167 23.6281 -1.90735e-07
    endloop
  endfacet
  facet normal -0.803251 0.595641 0
    outer loop
      vertex -13.7245 23.9533 -1.90735e-07
      vertex -13.6281 24.0833 3.2
      vertex -13.6281 24.0833 -1.90735e-07
    endloop
  endfacet
  facet normal -0.803251 0.595641 0
    outer loop
      vertex -13.6281 24.0833 3.2
      vertex -13.7245 23.9533 -1.90735e-07
      vertex -13.7245 23.9533 3.2
    endloop
  endfacet
  facet normal -0.514314 0.857602 0
    outer loop
      vertex -14.0833 23.6281 -1.90735e-07
      vertex -14.2222 23.5448 3.2
      vertex -14.0833 23.6281 3.2
    endloop
  endfacet
  facet normal -0.514314 0.857602 0
    outer loop
      vertex -14.2222 23.5448 3.2
      vertex -14.0833 23.6281 -1.90735e-07
      vertex -14.2222 23.5448 -1.90735e-07
    endloop
  endfacet
  facet normal -0.595641 0.803251 0
    outer loop
      vertex -13.9533 23.7245 -1.90735e-07
      vertex -14.0833 23.6281 3.2
      vertex -13.9533 23.7245 3.2
    endloop
  endfacet
  facet normal -0.595641 0.803251 0
    outer loop
      vertex -14.0833 23.6281 3.2
      vertex -13.9533 23.7245 -1.90735e-07
      vertex -14.0833 23.6281 -1.90735e-07
    endloop
  endfacet
  facet normal 0.90409 -0.427343 0
    outer loop
      vertex -16.5244 25.6314 3.2
      vertex -16.4552 25.7778 -1.90735e-07
      vertex -16.4552 25.7778 3.2
    endloop
  endfacet
  facet normal 0.90409 -0.427343 0
    outer loop
      vertex -16.4552 25.7778 -1.90735e-07
      vertex -16.5244 25.6314 3.2
      vertex -16.5244 25.6314 -1.90735e-07
    endloop
  endfacet
  facet normal -0.671689 0.740833 0
    outer loop
      vertex -13.8333 23.8333 -1.90735e-07
      vertex -13.9533 23.7245 3.2
      vertex -13.8333 23.8333 3.2
    endloop
  endfacet
  facet normal -0.671689 0.740833 0
    outer loop
      vertex -13.9533 23.7245 3.2
      vertex -13.8333 23.8333 -1.90735e-07
      vertex -13.9533 23.7245 -1.90735e-07
    endloop
  endfacet
  facet normal 0.595641 0.803251 -0
    outer loop
      vertex -15.9167 23.6281 -1.90735e-07
      vertex -16.0467 23.7245 3.2
      vertex -15.9167 23.6281 3.2
    endloop
  endfacet
  facet normal 0.595641 0.803251 0
    outer loop
      vertex -16.0467 23.7245 3.2
      vertex -15.9167 23.6281 -1.90735e-07
      vertex -16.0467 23.7245 -1.90735e-07
    endloop
  endfacet
  facet normal 0.857602 0.514314 0
    outer loop
      vertex -16.3719 24.0833 3.2
      vertex -16.4552 24.2222 -1.90735e-07
      vertex -16.4552 24.2222 3.2
    endloop
  endfacet
  facet normal 0.857602 0.514314 0
    outer loop
      vertex -16.4552 24.2222 -1.90735e-07
      vertex -16.3719 24.0833 3.2
      vertex -16.3719 24.0833 -1.90735e-07
    endloop
  endfacet
  facet normal 0.514314 -0.857602 0
    outer loop
      vertex -15.9167 26.3719 -1.90735e-07
      vertex -15.7778 26.4552 3.2
      vertex -15.9167 26.3719 3.2
    endloop
  endfacet
  facet normal 0.514314 -0.857602 0
    outer loop
      vertex -15.7778 26.4552 3.2
      vertex -15.9167 26.3719 -1.90735e-07
      vertex -15.7778 26.4552 -1.90735e-07
    endloop
  endfacet
  facet normal 0.0487977 0.998809 -0
    outer loop
      vertex -15 23.35 -1.90735e-07
      vertex -15.1617 23.3579 3.2
      vertex -15 23.35 3.2
    endloop
  endfacet
  facet normal 0.0487977 0.998809 0
    outer loop
      vertex -15.1617 23.3579 3.2
      vertex -15 23.35 -1.90735e-07
      vertex -15.1617 23.3579 -1.90735e-07
    endloop
  endfacet
  facet normal 0.427343 0.90409 -0
    outer loop
      vertex -15.6314 23.4756 -1.90735e-07
      vertex -15.7778 23.5448 3.2
      vertex -15.6314 23.4756 3.2
    endloop
  endfacet
  facet normal 0.427343 0.90409 0
    outer loop
      vertex -15.7778 23.5448 3.2
      vertex -15.6314 23.4756 -1.90735e-07
      vertex -15.7778 23.5448 -1.90735e-07
    endloop
  endfacet
  facet normal 0.857602 0.514314 0
    outer loop
      vertex 13.6281 -25.9167 3.2
      vertex 13.5448 -25.7778 -1.90735e-07
      vertex 13.5448 -25.7778 3.2
    endloop
  endfacet
  facet normal 0.857602 0.514314 0
    outer loop
      vertex 13.5448 -25.7778 -1.90735e-07
      vertex 13.6281 -25.9167 3.2
      vertex 13.6281 -25.9167 -1.90735e-07
    endloop
  endfacet
  facet normal 0.337275 0.941406 -0
    outer loop
      vertex 14.521 -26.579 -1.90735e-07
      vertex 14.3686 -26.5244 3.2
      vertex 14.521 -26.579 3.2
    endloop
  endfacet
  facet normal 0.337275 0.941406 0
    outer loop
      vertex 14.3686 -26.5244 3.2
      vertex 14.521 -26.579 -1.90735e-07
      vertex 14.3686 -26.5244 -1.90735e-07
    endloop
  endfacet
  facet normal -0.998809 0.0487977 0
    outer loop
      vertex 16.6421 -25.1617 -1.90735e-07
      vertex 16.65 -25 3.2
      vertex 16.65 -25 -1.90735e-07
    endloop
  endfacet
  facet normal -0.998809 0.0487977 0
    outer loop
      vertex 16.65 -25 3.2
      vertex 16.6421 -25.1617 -1.90735e-07
      vertex 16.6421 -25.1617 3.2
    endloop
  endfacet
  facet normal -0.740833 -0.671689 0
    outer loop
      vertex 16.2755 -23.9533 -1.90735e-07
      vertex 16.1667 -23.8333 3.2
      vertex 16.1667 -23.8333 -1.90735e-07
    endloop
  endfacet
  facet normal -0.740833 -0.671689 0
    outer loop
      vertex 16.1667 -23.8333 3.2
      vertex 16.2755 -23.9533 -1.90735e-07
      vertex 16.2755 -23.9533 3.2
    endloop
  endfacet
  facet normal 0.146951 -0.989144 0
    outer loop
      vertex 14.6781 -23.3817 -1.90735e-07
      vertex 14.8383 -23.3579 3.2
      vertex 14.6781 -23.3817 3.2
    endloop
  endfacet
  facet normal 0.146951 -0.989144 0
    outer loop
      vertex 14.8383 -23.3579 3.2
      vertex 14.6781 -23.3817 -1.90735e-07
      vertex 14.8383 -23.3579 -1.90735e-07
    endloop
  endfacet
  facet normal -0.803251 0.595641 0
    outer loop
      vertex 16.2755 -26.0467 -1.90735e-07
      vertex 16.3719 -25.9167 3.2
      vertex 16.3719 -25.9167 -1.90735e-07
    endloop
  endfacet
  facet normal -0.803251 0.595641 0
    outer loop
      vertex 16.3719 -25.9167 3.2
      vertex 16.2755 -26.0467 -1.90735e-07
      vertex 16.2755 -26.0467 3.2
    endloop
  endfacet
  facet normal 0.0487977 0.998809 -0
    outer loop
      vertex 15 -26.65 -1.90735e-07
      vertex 14.8383 -26.6421 3.2
      vertex 15 -26.65 3.2
    endloop
  endfacet
  facet normal 0.0487977 0.998809 0
    outer loop
      vertex 14.8383 -26.6421 3.2
      vertex 15 -26.65 -1.90735e-07
      vertex 14.8383 -26.6421 -1.90735e-07
    endloop
  endfacet
  facet normal -0.671689 -0.740833 0
    outer loop
      vertex 16.0467 -23.7245 -1.90735e-07
      vertex 16.1667 -23.8333 3.2
      vertex 16.0467 -23.7245 3.2
    endloop
  endfacet
  facet normal -0.671689 -0.740833 -0
    outer loop
      vertex 16.1667 -23.8333 3.2
      vertex 16.0467 -23.7245 -1.90735e-07
      vertex 16.1667 -23.8333 -1.90735e-07
    endloop
  endfacet
  facet normal -0.595641 0.803251 0
    outer loop
      vertex 16.0467 -26.2755 -1.90735e-07
      vertex 15.9167 -26.3719 3.2
      vertex 16.0467 -26.2755 3.2
    endloop
  endfacet
  facet normal -0.595641 0.803251 0
    outer loop
      vertex 15.9167 -26.3719 3.2
      vertex 16.0467 -26.2755 -1.90735e-07
      vertex 15.9167 -26.3719 -1.90735e-07
    endloop
  endfacet
  facet normal 0.941406 0.337275 0
    outer loop
      vertex 13.4756 -25.6314 3.2
      vertex 13.421 -25.479 -1.90735e-07
      vertex 13.421 -25.479 3.2
    endloop
  endfacet
  facet normal 0.941406 0.337275 0
    outer loop
      vertex 13.421 -25.479 -1.90735e-07
      vertex 13.4756 -25.6314 3.2
      vertex 13.4756 -25.6314 -1.90735e-07
    endloop
  endfacet
  facet normal -0.970106 0.242681 0
    outer loop
      vertex 16.579 -25.479 -1.90735e-07
      vertex 16.6183 -25.3219 3.2
      vertex 16.6183 -25.3219 -1.90735e-07
    endloop
  endfacet
  facet normal -0.970106 0.242681 0
    outer loop
      vertex 16.6183 -25.3219 3.2
      vertex 16.579 -25.479 -1.90735e-07
      vertex 16.579 -25.479 3.2
    endloop
  endfacet
  facet normal -0.857602 0.514314 0
    outer loop
      vertex 16.3719 -25.9167 -1.90735e-07
      vertex 16.4552 -25.7778 3.2
      vertex 16.4552 -25.7778 -1.90735e-07
    endloop
  endfacet
  facet normal -0.857602 0.514314 0
    outer loop
      vertex 16.4552 -25.7778 3.2
      vertex 16.3719 -25.9167 -1.90735e-07
      vertex 16.3719 -25.9167 3.2
    endloop
  endfacet
  facet normal -0.427343 -0.90409 0
    outer loop
      vertex 15.6314 -23.4756 -1.90735e-07
      vertex 15.7778 -23.5448 3.2
      vertex 15.6314 -23.4756 3.2
    endloop
  endfacet
  facet normal -0.427343 -0.90409 -0
    outer loop
      vertex 15.7778 -23.5448 3.2
      vertex 15.6314 -23.4756 -1.90735e-07
      vertex 15.7778 -23.5448 -1.90735e-07
    endloop
  endfacet
  facet normal -0.90409 0.427343 0
    outer loop
      vertex 16.4552 -25.7778 -1.90735e-07
      vertex 16.5244 -25.6314 3.2
      vertex 16.5244 -25.6314 -1.90735e-07
    endloop
  endfacet
  facet normal -0.90409 0.427343 0
    outer loop
      vertex 16.5244 -25.6314 3.2
      vertex 16.4552 -25.7778 -1.90735e-07
      vertex 16.4552 -25.7778 3.2
    endloop
  endfacet
  facet normal 0.803251 -0.595641 0
    outer loop
      vertex 13.6281 -24.0833 3.2
      vertex 13.7245 -23.9533 -1.90735e-07
      vertex 13.7245 -23.9533 3.2
    endloop
  endfacet
  facet normal 0.803251 -0.595641 0
    outer loop
      vertex 13.7245 -23.9533 -1.90735e-07
      vertex 13.6281 -24.0833 3.2
      vertex 13.6281 -24.0833 -1.90735e-07
    endloop
  endfacet
  facet normal -0.989144 -0.146951 0
    outer loop
      vertex 16.6421 -24.8383 -1.90735e-07
      vertex 16.6183 -24.6781 3.2
      vertex 16.6183 -24.6781 -1.90735e-07
    endloop
  endfacet
  facet normal -0.989144 -0.146951 0
    outer loop
      vertex 16.6183 -24.6781 3.2
      vertex 16.6421 -24.8383 -1.90735e-07
      vertex 16.6421 -24.8383 3.2
    endloop
  endfacet
  facet normal -0.998809 -0.0487977 0
    outer loop
      vertex 16.65 -25 -1.90735e-07
      vertex 16.6421 -24.8383 3.2
      vertex 16.6421 -24.8383 -1.90735e-07
    endloop
  endfacet
  facet normal -0.998809 -0.0487977 0
    outer loop
      vertex 16.6421 -24.8383 3.2
      vertex 16.65 -25 -1.90735e-07
      vertex 16.65 -25 3.2
    endloop
  endfacet
  facet normal 0.740833 0.671689 0
    outer loop
      vertex 13.8333 -26.1667 3.2
      vertex 13.7245 -26.0467 -1.90735e-07
      vertex 13.7245 -26.0467 3.2
    endloop
  endfacet
  facet normal 0.740833 0.671689 0
    outer loop
      vertex 13.7245 -26.0467 -1.90735e-07
      vertex 13.8333 -26.1667 3.2
      vertex 13.8333 -26.1667 -1.90735e-07
    endloop
  endfacet
  facet normal 0.671689 0.740833 -0
    outer loop
      vertex 13.9533 -26.2755 -1.90735e-07
      vertex 13.8333 -26.1667 3.2
      vertex 13.9533 -26.2755 3.2
    endloop
  endfacet
  facet normal 0.671689 0.740833 0
    outer loop
      vertex 13.8333 -26.1667 3.2
      vertex 13.9533 -26.2755 -1.90735e-07
      vertex 13.8333 -26.1667 -1.90735e-07
    endloop
  endfacet
  facet normal -0.337275 -0.941406 0
    outer loop
      vertex 15.479 -23.421 -1.90735e-07
      vertex 15.6314 -23.4756 3.2
      vertex 15.479 -23.421 3.2
    endloop
  endfacet
  facet normal -0.337275 -0.941406 -0
    outer loop
      vertex 15.6314 -23.4756 3.2
      vertex 15.479 -23.421 -1.90735e-07
      vertex 15.6314 -23.4756 -1.90735e-07
    endloop
  endfacet
  facet normal -0.989144 0.146951 0
    outer loop
      vertex 16.6183 -25.3219 -1.90735e-07
      vertex 16.6421 -25.1617 3.2
      vertex 16.6421 -25.1617 -1.90735e-07
    endloop
  endfacet
  facet normal -0.989144 0.146951 0
    outer loop
      vertex 16.6421 -25.1617 3.2
      vertex 16.6183 -25.3219 -1.90735e-07
      vertex 16.6183 -25.3219 3.2
    endloop
  endfacet
  facet normal 0.337275 -0.941406 0
    outer loop
      vertex 14.3686 -23.4756 -1.90735e-07
      vertex 14.521 -23.421 3.2
      vertex 14.3686 -23.4756 3.2
    endloop
  endfacet
  facet normal 0.337275 -0.941406 0
    outer loop
      vertex 14.521 -23.421 3.2
      vertex 14.3686 -23.4756 -1.90735e-07
      vertex 14.521 -23.421 -1.90735e-07
    endloop
  endfacet
  facet normal 0.242681 -0.970106 0
    outer loop
      vertex 14.521 -23.421 -1.90735e-07
      vertex 14.6781 -23.3817 3.2
      vertex 14.521 -23.421 3.2
    endloop
  endfacet
  facet normal 0.242681 -0.970106 0
    outer loop
      vertex 14.6781 -23.3817 3.2
      vertex 14.521 -23.421 -1.90735e-07
      vertex 14.6781 -23.3817 -1.90735e-07
    endloop
  endfacet
  facet normal -0.803251 -0.595641 0
    outer loop
      vertex 16.3719 -24.0833 -1.90735e-07
      vertex 16.2755 -23.9533 3.2
      vertex 16.2755 -23.9533 -1.90735e-07
    endloop
  endfacet
  facet normal -0.803251 -0.595641 0
    outer loop
      vertex 16.2755 -23.9533 3.2
      vertex 16.3719 -24.0833 -1.90735e-07
      vertex 16.3719 -24.0833 3.2
    endloop
  endfacet
  facet normal -0.671689 0.740833 0
    outer loop
      vertex 16.1667 -26.1667 -1.90735e-07
      vertex 16.0467 -26.2755 3.2
      vertex 16.1667 -26.1667 3.2
    endloop
  endfacet
  facet normal -0.671689 0.740833 0
    outer loop
      vertex 16.0467 -26.2755 3.2
      vertex 16.1667 -26.1667 -1.90735e-07
      vertex 16.0467 -26.2755 -1.90735e-07
    endloop
  endfacet
  facet normal -0.146951 0.989144 0
    outer loop
      vertex 15.3219 -26.6183 -1.90735e-07
      vertex 15.1617 -26.6421 3.2
      vertex 15.3219 -26.6183 3.2
    endloop
  endfacet
  facet normal -0.146951 0.989144 0
    outer loop
      vertex 15.1617 -26.6421 3.2
      vertex 15.3219 -26.6183 -1.90735e-07
      vertex 15.1617 -26.6421 -1.90735e-07
    endloop
  endfacet
  facet normal -0.970106 -0.242681 0
    outer loop
      vertex 16.6183 -24.6781 -1.90735e-07
      vertex 16.579 -24.521 3.2
      vertex 16.579 -24.521 -1.90735e-07
    endloop
  endfacet
  facet normal -0.970106 -0.242681 0
    outer loop
      vertex 16.579 -24.521 3.2
      vertex 16.6183 -24.6781 -1.90735e-07
      vertex 16.6183 -24.6781 3.2
    endloop
  endfacet
  facet normal 0.998809 -0.0487977 0
    outer loop
      vertex 13.35 -25 3.2
      vertex 13.3579 -24.8383 -1.90735e-07
      vertex 13.3579 -24.8383 3.2
    endloop
  endfacet
  facet normal 0.998809 -0.0487977 0
    outer loop
      vertex 13.3579 -24.8383 -1.90735e-07
      vertex 13.35 -25 3.2
      vertex 13.35 -25 -1.90735e-07
    endloop
  endfacet
  facet normal 0.740833 -0.671689 0
    outer loop
      vertex 13.7245 -23.9533 3.2
      vertex 13.8333 -23.8333 -1.90735e-07
      vertex 13.8333 -23.8333 3.2
    endloop
  endfacet
  facet normal 0.740833 -0.671689 0
    outer loop
      vertex 13.8333 -23.8333 -1.90735e-07
      vertex 13.7245 -23.9533 3.2
      vertex 13.7245 -23.9533 -1.90735e-07
    endloop
  endfacet
  facet normal 0.427343 0.90409 -0
    outer loop
      vertex 14.3686 -26.5244 -1.90735e-07
      vertex 14.2222 -26.4552 3.2
      vertex 14.3686 -26.5244 3.2
    endloop
  endfacet
  facet normal 0.427343 0.90409 0
    outer loop
      vertex 14.2222 -26.4552 3.2
      vertex 14.3686 -26.5244 -1.90735e-07
      vertex 14.2222 -26.4552 -1.90735e-07
    endloop
  endfacet
  facet normal -0.337275 0.941406 0
    outer loop
      vertex 15.6314 -26.5244 -1.90735e-07
      vertex 15.479 -26.579 3.2
      vertex 15.6314 -26.5244 3.2
    endloop
  endfacet
  facet normal -0.337275 0.941406 0
    outer loop
      vertex 15.479 -26.579 3.2
      vertex 15.6314 -26.5244 -1.90735e-07
      vertex 15.479 -26.579 -1.90735e-07
    endloop
  endfacet
  facet normal -0.941406 -0.337275 0
    outer loop
      vertex 16.579 -24.521 -1.90735e-07
      vertex 16.5244 -24.3686 3.2
      vertex 16.5244 -24.3686 -1.90735e-07
    endloop
  endfacet
  facet normal -0.941406 -0.337275 0
    outer loop
      vertex 16.5244 -24.3686 3.2
      vertex 16.579 -24.521 -1.90735e-07
      vertex 16.579 -24.521 3.2
    endloop
  endfacet
  facet normal -0.0487977 0.998809 0
    outer loop
      vertex 15.1617 -26.6421 -1.90735e-07
      vertex 15 -26.65 3.2
      vertex 15.1617 -26.6421 3.2
    endloop
  endfacet
  facet normal -0.0487977 0.998809 0
    outer loop
      vertex 15 -26.65 3.2
      vertex 15.1617 -26.6421 -1.90735e-07
      vertex 15 -26.65 -1.90735e-07
    endloop
  endfacet
  facet normal 0.998809 0.0487977 0
    outer loop
      vertex 13.3579 -25.1617 3.2
      vertex 13.35 -25 -1.90735e-07
      vertex 13.35 -25 3.2
    endloop
  endfacet
  facet normal 0.998809 0.0487977 0
    outer loop
      vertex 13.35 -25 -1.90735e-07
      vertex 13.3579 -25.1617 3.2
      vertex 13.3579 -25.1617 -1.90735e-07
    endloop
  endfacet
  facet normal -0.90409 -0.427343 0
    outer loop
      vertex 16.5244 -24.3686 -1.90735e-07
      vertex 16.4552 -24.2222 3.2
      vertex 16.4552 -24.2222 -1.90735e-07
    endloop
  endfacet
  facet normal -0.90409 -0.427343 0
    outer loop
      vertex 16.4552 -24.2222 3.2
      vertex 16.5244 -24.3686 -1.90735e-07
      vertex 16.5244 -24.3686 3.2
    endloop
  endfacet
  facet normal 0.803251 0.595641 0
    outer loop
      vertex 13.7245 -26.0467 3.2
      vertex 13.6281 -25.9167 -1.90735e-07
      vertex 13.6281 -25.9167 3.2
    endloop
  endfacet
  facet normal 0.803251 0.595641 0
    outer loop
      vertex 13.6281 -25.9167 -1.90735e-07
      vertex 13.7245 -26.0467 3.2
      vertex 13.7245 -26.0467 -1.90735e-07
    endloop
  endfacet
  facet normal -0.595641 -0.803251 0
    outer loop
      vertex 15.9167 -23.6281 -1.90735e-07
      vertex 16.0467 -23.7245 3.2
      vertex 15.9167 -23.6281 3.2
    endloop
  endfacet
  facet normal -0.595641 -0.803251 -0
    outer loop
      vertex 16.0467 -23.7245 3.2
      vertex 15.9167 -23.6281 -1.90735e-07
      vertex 16.0467 -23.7245 -1.90735e-07
    endloop
  endfacet
  facet normal 0.0487977 -0.998809 0
    outer loop
      vertex 14.8383 -23.3579 -1.90735e-07
      vertex 15 -23.35 3.2
      vertex 14.8383 -23.3579 3.2
    endloop
  endfacet
  facet normal 0.0487977 -0.998809 0
    outer loop
      vertex 15 -23.35 3.2
      vertex 14.8383 -23.3579 -1.90735e-07
      vertex 15 -23.35 -1.90735e-07
    endloop
  endfacet
  facet normal 0.595641 -0.803251 0
    outer loop
      vertex 13.9533 -23.7245 -1.90735e-07
      vertex 14.0833 -23.6281 3.2
      vertex 13.9533 -23.7245 3.2
    endloop
  endfacet
  facet normal 0.595641 -0.803251 0
    outer loop
      vertex 14.0833 -23.6281 3.2
      vertex 13.9533 -23.7245 -1.90735e-07
      vertex 14.0833 -23.6281 -1.90735e-07
    endloop
  endfacet
  facet normal -0.242681 0.970106 0
    outer loop
      vertex 15.479 -26.579 -1.90735e-07
      vertex 15.3219 -26.6183 3.2
      vertex 15.479 -26.579 3.2
    endloop
  endfacet
  facet normal -0.242681 0.970106 0
    outer loop
      vertex 15.3219 -26.6183 3.2
      vertex 15.479 -26.579 -1.90735e-07
      vertex 15.3219 -26.6183 -1.90735e-07
    endloop
  endfacet
  facet normal 0.989144 0.146951 0
    outer loop
      vertex 13.3817 -25.3219 3.2
      vertex 13.3579 -25.1617 -1.90735e-07
      vertex 13.3579 -25.1617 3.2
    endloop
  endfacet
  facet normal 0.989144 0.146951 0
    outer loop
      vertex 13.3579 -25.1617 -1.90735e-07
      vertex 13.3817 -25.3219 3.2
      vertex 13.3817 -25.3219 -1.90735e-07
    endloop
  endfacet
  facet normal -0.514314 -0.857602 0
    outer loop
      vertex 15.7778 -23.5448 -1.90735e-07
      vertex 15.9167 -23.6281 3.2
      vertex 15.7778 -23.5448 3.2
    endloop
  endfacet
  facet normal -0.514314 -0.857602 -0
    outer loop
      vertex 15.9167 -23.6281 3.2
      vertex 15.7778 -23.5448 -1.90735e-07
      vertex 15.9167 -23.6281 -1.90735e-07
    endloop
  endfacet
  facet normal -0.0487977 -0.998809 0
    outer loop
      vertex 15 -23.35 -1.90735e-07
      vertex 15.1617 -23.3579 3.2
      vertex 15 -23.35 3.2
    endloop
  endfacet
  facet normal -0.0487977 -0.998809 -0
    outer loop
      vertex 15.1617 -23.3579 3.2
      vertex 15 -23.35 -1.90735e-07
      vertex 15.1617 -23.3579 -1.90735e-07
    endloop
  endfacet
  facet normal -0.941406 0.337275 0
    outer loop
      vertex 16.5244 -25.6314 -1.90735e-07
      vertex 16.579 -25.479 3.2
      vertex 16.579 -25.479 -1.90735e-07
    endloop
  endfacet
  facet normal -0.941406 0.337275 0
    outer loop
      vertex 16.579 -25.479 3.2
      vertex 16.5244 -25.6314 -1.90735e-07
      vertex 16.5244 -25.6314 3.2
    endloop
  endfacet
  facet normal 0.595641 0.803251 -0
    outer loop
      vertex 14.0833 -26.3719 -1.90735e-07
      vertex 13.9533 -26.2755 3.2
      vertex 14.0833 -26.3719 3.2
    endloop
  endfacet
  facet normal 0.595641 0.803251 0
    outer loop
      vertex 13.9533 -26.2755 3.2
      vertex 14.0833 -26.3719 -1.90735e-07
      vertex 13.9533 -26.2755 -1.90735e-07
    endloop
  endfacet
  facet normal -0.857602 -0.514314 0
    outer loop
      vertex 16.4552 -24.2222 -1.90735e-07
      vertex 16.3719 -24.0833 3.2
      vertex 16.3719 -24.0833 -1.90735e-07
    endloop
  endfacet
  facet normal -0.857602 -0.514314 0
    outer loop
      vertex 16.3719 -24.0833 3.2
      vertex 16.4552 -24.2222 -1.90735e-07
      vertex 16.4552 -24.2222 3.2
    endloop
  endfacet
  facet normal 0.242681 0.970106 -0
    outer loop
      vertex 14.6781 -26.6183 -1.90735e-07
      vertex 14.521 -26.579 3.2
      vertex 14.6781 -26.6183 3.2
    endloop
  endfacet
  facet normal 0.242681 0.970106 0
    outer loop
      vertex 14.521 -26.579 3.2
      vertex 14.6781 -26.6183 -1.90735e-07
      vertex 14.521 -26.579 -1.90735e-07
    endloop
  endfacet
  facet normal 0.671689 -0.740833 0
    outer loop
      vertex 13.8333 -23.8333 -1.90735e-07
      vertex 13.9533 -23.7245 3.2
      vertex 13.8333 -23.8333 3.2
    endloop
  endfacet
  facet normal 0.671689 -0.740833 0
    outer loop
      vertex 13.9533 -23.7245 3.2
      vertex 13.8333 -23.8333 -1.90735e-07
      vertex 13.9533 -23.7245 -1.90735e-07
    endloop
  endfacet
  facet normal 0.90409 0.427343 0
    outer loop
      vertex 13.5448 -25.7778 3.2
      vertex 13.4756 -25.6314 -1.90735e-07
      vertex 13.4756 -25.6314 3.2
    endloop
  endfacet
  facet normal 0.90409 0.427343 0
    outer loop
      vertex 13.4756 -25.6314 -1.90735e-07
      vertex 13.5448 -25.7778 3.2
      vertex 13.5448 -25.7778 -1.90735e-07
    endloop
  endfacet
  facet normal -0.146951 -0.989144 0
    outer loop
      vertex 15.1617 -23.3579 -1.90735e-07
      vertex 15.3219 -23.3817 3.2
      vertex 15.1617 -23.3579 3.2
    endloop
  endfacet
  facet normal -0.146951 -0.989144 -0
    outer loop
      vertex 15.3219 -23.3817 3.2
      vertex 15.1617 -23.3579 -1.90735e-07
      vertex 15.3219 -23.3817 -1.90735e-07
    endloop
  endfacet
  facet normal 0.857602 -0.514314 0
    outer loop
      vertex 13.5448 -24.2222 3.2
      vertex 13.6281 -24.0833 -1.90735e-07
      vertex 13.6281 -24.0833 3.2
    endloop
  endfacet
  facet normal 0.857602 -0.514314 0
    outer loop
      vertex 13.6281 -24.0833 -1.90735e-07
      vertex 13.5448 -24.2222 3.2
      vertex 13.5448 -24.2222 -1.90735e-07
    endloop
  endfacet
  facet normal 0.989144 -0.146951 0
    outer loop
      vertex 13.3579 -24.8383 3.2
      vertex 13.3817 -24.6781 -1.90735e-07
      vertex 13.3817 -24.6781 3.2
    endloop
  endfacet
  facet normal 0.989144 -0.146951 0
    outer loop
      vertex 13.3817 -24.6781 -1.90735e-07
      vertex 13.3579 -24.8383 3.2
      vertex 13.3579 -24.8383 -1.90735e-07
    endloop
  endfacet
  facet normal 0.970106 -0.242681 0
    outer loop
      vertex 13.3817 -24.6781 3.2
      vertex 13.421 -24.521 -1.90735e-07
      vertex 13.421 -24.521 3.2
    endloop
  endfacet
  facet normal 0.970106 -0.242681 0
    outer loop
      vertex 13.421 -24.521 -1.90735e-07
      vertex 13.3817 -24.6781 3.2
      vertex 13.3817 -24.6781 -1.90735e-07
    endloop
  endfacet
  facet normal 0.146951 0.989144 -0
    outer loop
      vertex 14.8383 -26.6421 -1.90735e-07
      vertex 14.6781 -26.6183 3.2
      vertex 14.8383 -26.6421 3.2
    endloop
  endfacet
  facet normal 0.146951 0.989144 0
    outer loop
      vertex 14.6781 -26.6183 3.2
      vertex 14.8383 -26.6421 -1.90735e-07
      vertex 14.6781 -26.6183 -1.90735e-07
    endloop
  endfacet
  facet normal 0.427343 -0.90409 0
    outer loop
      vertex 14.2222 -23.5448 -1.90735e-07
      vertex 14.3686 -23.4756 3.2
      vertex 14.2222 -23.5448 3.2
    endloop
  endfacet
  facet normal 0.427343 -0.90409 0
    outer loop
      vertex 14.3686 -23.4756 3.2
      vertex 14.2222 -23.5448 -1.90735e-07
      vertex 14.3686 -23.4756 -1.90735e-07
    endloop
  endfacet
  facet normal -0.740833 0.671689 0
    outer loop
      vertex 16.1667 -26.1667 -1.90735e-07
      vertex 16.2755 -26.0467 3.2
      vertex 16.2755 -26.0467 -1.90735e-07
    endloop
  endfacet
  facet normal -0.740833 0.671689 0
    outer loop
      vertex 16.2755 -26.0467 3.2
      vertex 16.1667 -26.1667 -1.90735e-07
      vertex 16.1667 -26.1667 3.2
    endloop
  endfacet
  facet normal 0.941406 -0.337275 0
    outer loop
      vertex 13.421 -24.521 3.2
      vertex 13.4756 -24.3686 -1.90735e-07
      vertex 13.4756 -24.3686 3.2
    endloop
  endfacet
  facet normal 0.941406 -0.337275 0
    outer loop
      vertex 13.4756 -24.3686 -1.90735e-07
      vertex 13.421 -24.521 3.2
      vertex 13.421 -24.521 -1.90735e-07
    endloop
  endfacet
  facet normal 0.970106 0.242681 0
    outer loop
      vertex 13.421 -25.479 3.2
      vertex 13.3817 -25.3219 -1.90735e-07
      vertex 13.3817 -25.3219 3.2
    endloop
  endfacet
  facet normal 0.970106 0.242681 0
    outer loop
      vertex 13.3817 -25.3219 -1.90735e-07
      vertex 13.421 -25.479 3.2
      vertex 13.421 -25.479 -1.90735e-07
    endloop
  endfacet
  facet normal -0.242681 -0.970106 0
    outer loop
      vertex 15.3219 -23.3817 -1.90735e-07
      vertex 15.479 -23.421 3.2
      vertex 15.3219 -23.3817 3.2
    endloop
  endfacet
  facet normal -0.242681 -0.970106 -0
    outer loop
      vertex 15.479 -23.421 3.2
      vertex 15.3219 -23.3817 -1.90735e-07
      vertex 15.479 -23.421 -1.90735e-07
    endloop
  endfacet
  facet normal -0.427343 0.90409 0
    outer loop
      vertex 15.7778 -26.4552 -1.90735e-07
      vertex 15.6314 -26.5244 3.2
      vertex 15.7778 -26.4552 3.2
    endloop
  endfacet
  facet normal -0.427343 0.90409 0
    outer loop
      vertex 15.6314 -26.5244 3.2
      vertex 15.7778 -26.4552 -1.90735e-07
      vertex 15.6314 -26.5244 -1.90735e-07
    endloop
  endfacet
  facet normal -0.514314 0.857602 0
    outer loop
      vertex 15.9167 -26.3719 -1.90735e-07
      vertex 15.7778 -26.4552 3.2
      vertex 15.9167 -26.3719 3.2
    endloop
  endfacet
  facet normal -0.514314 0.857602 0
    outer loop
      vertex 15.7778 -26.4552 3.2
      vertex 15.9167 -26.3719 -1.90735e-07
      vertex 15.7778 -26.4552 -1.90735e-07
    endloop
  endfacet
  facet normal 0.514314 -0.857602 0
    outer loop
      vertex 14.0833 -23.6281 -1.90735e-07
      vertex 14.2222 -23.5448 3.2
      vertex 14.0833 -23.6281 3.2
    endloop
  endfacet
  facet normal 0.514314 -0.857602 0
    outer loop
      vertex 14.2222 -23.5448 3.2
      vertex 14.0833 -23.6281 -1.90735e-07
      vertex 14.2222 -23.5448 -1.90735e-07
    endloop
  endfacet
  facet normal 0.90409 -0.427343 0
    outer loop
      vertex 13.4756 -24.3686 3.2
      vertex 13.5448 -24.2222 -1.90735e-07
      vertex 13.5448 -24.2222 3.2
    endloop
  endfacet
  facet normal 0.90409 -0.427343 0
    outer loop
      vertex 13.5448 -24.2222 -1.90735e-07
      vertex 13.4756 -24.3686 3.2
      vertex 13.4756 -24.3686 -1.90735e-07
    endloop
  endfacet
  facet normal 0.514314 0.857602 -0
    outer loop
      vertex 14.2222 -26.4552 -1.90735e-07
      vertex 14.0833 -26.3719 3.2
      vertex 14.2222 -26.4552 3.2
    endloop
  endfacet
  facet normal 0.514314 0.857602 0
    outer loop
      vertex 14.0833 -26.3719 3.2
      vertex 14.2222 -26.4552 -1.90735e-07
      vertex 14.0833 -26.3719 -1.90735e-07
    endloop
  endfacet
  facet normal 0.595641 0.803251 -0
    outer loop
      vertex 14.0833 23.6281 -1.90735e-07
      vertex 13.9533 23.7245 3.2
      vertex 14.0833 23.6281 3.2
    endloop
  endfacet
  facet normal 0.595641 0.803251 0
    outer loop
      vertex 13.9533 23.7245 3.2
      vertex 14.0833 23.6281 -1.90735e-07
      vertex 13.9533 23.7245 -1.90735e-07
    endloop
  endfacet
  facet normal 0.941406 0.337275 0
    outer loop
      vertex 13.4756 24.3686 3.2
      vertex 13.421 24.521 -1.90735e-07
      vertex 13.421 24.521 3.2
    endloop
  endfacet
  facet normal 0.941406 0.337275 0
    outer loop
      vertex 13.421 24.521 -1.90735e-07
      vertex 13.4756 24.3686 3.2
      vertex 13.4756 24.3686 -1.90735e-07
    endloop
  endfacet
  facet normal 0.514314 0.857602 -0
    outer loop
      vertex 14.2222 23.5448 -1.90735e-07
      vertex 14.0833 23.6281 3.2
      vertex 14.2222 23.5448 3.2
    endloop
  endfacet
  facet normal 0.514314 0.857602 0
    outer loop
      vertex 14.0833 23.6281 3.2
      vertex 14.2222 23.5448 -1.90735e-07
      vertex 14.0833 23.6281 -1.90735e-07
    endloop
  endfacet
  facet normal -0.998809 0.0487977 0
    outer loop
      vertex 16.6421 24.8383 -1.90735e-07
      vertex 16.65 25 3.2
      vertex 16.65 25 -1.90735e-07
    endloop
  endfacet
  facet normal -0.998809 0.0487977 0
    outer loop
      vertex 16.65 25 3.2
      vertex 16.6421 24.8383 -1.90735e-07
      vertex 16.6421 24.8383 3.2
    endloop
  endfacet
  facet normal 0.337275 -0.941406 0
    outer loop
      vertex 14.3686 26.5244 -1.90735e-07
      vertex 14.521 26.579 3.2
      vertex 14.3686 26.5244 3.2
    endloop
  endfacet
  facet normal 0.337275 -0.941406 0
    outer loop
      vertex 14.521 26.579 3.2
      vertex 14.3686 26.5244 -1.90735e-07
      vertex 14.521 26.579 -1.90735e-07
    endloop
  endfacet
  facet normal 0.970106 -0.242681 0
    outer loop
      vertex 13.3817 25.3219 3.2
      vertex 13.421 25.479 -1.90735e-07
      vertex 13.421 25.479 3.2
    endloop
  endfacet
  facet normal 0.970106 -0.242681 0
    outer loop
      vertex 13.421 25.479 -1.90735e-07
      vertex 13.3817 25.3219 3.2
      vertex 13.3817 25.3219 -1.90735e-07
    endloop
  endfacet
  facet normal -0.671689 -0.740833 0
    outer loop
      vertex 16.0467 26.2755 -1.90735e-07
      vertex 16.1667 26.1667 3.2
      vertex 16.0467 26.2755 3.2
    endloop
  endfacet
  facet normal -0.671689 -0.740833 -0
    outer loop
      vertex 16.1667 26.1667 3.2
      vertex 16.0467 26.2755 -1.90735e-07
      vertex 16.1667 26.1667 -1.90735e-07
    endloop
  endfacet
  facet normal 0.427343 -0.90409 0
    outer loop
      vertex 14.2222 26.4552 -1.90735e-07
      vertex 14.3686 26.5244 3.2
      vertex 14.2222 26.4552 3.2
    endloop
  endfacet
  facet normal 0.427343 -0.90409 0
    outer loop
      vertex 14.3686 26.5244 3.2
      vertex 14.2222 26.4552 -1.90735e-07
      vertex 14.3686 26.5244 -1.90735e-07
    endloop
  endfacet
  facet normal -0.595641 0.803251 0
    outer loop
      vertex 16.0467 23.7245 -1.90735e-07
      vertex 15.9167 23.6281 3.2
      vertex 16.0467 23.7245 3.2
    endloop
  endfacet
  facet normal -0.595641 0.803251 0
    outer loop
      vertex 15.9167 23.6281 3.2
      vertex 16.0467 23.7245 -1.90735e-07
      vertex 15.9167 23.6281 -1.90735e-07
    endloop
  endfacet
  facet normal -0.941406 -0.337275 0
    outer loop
      vertex 16.579 25.479 -1.90735e-07
      vertex 16.5244 25.6314 3.2
      vertex 16.5244 25.6314 -1.90735e-07
    endloop
  endfacet
  facet normal -0.941406 -0.337275 0
    outer loop
      vertex 16.5244 25.6314 3.2
      vertex 16.579 25.479 -1.90735e-07
      vertex 16.579 25.479 3.2
    endloop
  endfacet
  facet normal 0.242681 -0.970106 0
    outer loop
      vertex 14.521 26.579 -1.90735e-07
      vertex 14.6781 26.6183 3.2
      vertex 14.521 26.579 3.2
    endloop
  endfacet
  facet normal 0.242681 -0.970106 0
    outer loop
      vertex 14.6781 26.6183 3.2
      vertex 14.521 26.579 -1.90735e-07
      vertex 14.6781 26.6183 -1.90735e-07
    endloop
  endfacet
  facet normal -0.0487977 0.998809 0
    outer loop
      vertex 15.1617 23.3579 -1.90735e-07
      vertex 15 23.35 3.2
      vertex 15.1617 23.3579 3.2
    endloop
  endfacet
  facet normal -0.0487977 0.998809 0
    outer loop
      vertex 15 23.35 3.2
      vertex 15.1617 23.3579 -1.90735e-07
      vertex 15 23.35 -1.90735e-07
    endloop
  endfacet
  facet normal -0.970106 0.242681 0
    outer loop
      vertex 16.579 24.521 -1.90735e-07
      vertex 16.6183 24.6781 3.2
      vertex 16.6183 24.6781 -1.90735e-07
    endloop
  endfacet
  facet normal -0.970106 0.242681 0
    outer loop
      vertex 16.6183 24.6781 3.2
      vertex 16.579 24.521 -1.90735e-07
      vertex 16.579 24.521 3.2
    endloop
  endfacet
  facet normal 0.146951 0.989144 -0
    outer loop
      vertex 14.8383 23.3579 -1.90735e-07
      vertex 14.6781 23.3817 3.2
      vertex 14.8383 23.3579 3.2
    endloop
  endfacet
  facet normal 0.146951 0.989144 0
    outer loop
      vertex 14.6781 23.3817 3.2
      vertex 14.8383 23.3579 -1.90735e-07
      vertex 14.6781 23.3817 -1.90735e-07
    endloop
  endfacet
  facet normal -0.941406 0.337275 0
    outer loop
      vertex 16.5244 24.3686 -1.90735e-07
      vertex 16.579 24.521 3.2
      vertex 16.579 24.521 -1.90735e-07
    endloop
  endfacet
  facet normal -0.941406 0.337275 0
    outer loop
      vertex 16.579 24.521 3.2
      vertex 16.5244 24.3686 -1.90735e-07
      vertex 16.5244 24.3686 3.2
    endloop
  endfacet
  facet normal 0.0487977 -0.998809 0
    outer loop
      vertex 14.8383 26.6421 -1.90735e-07
      vertex 15 26.65 3.2
      vertex 14.8383 26.6421 3.2
    endloop
  endfacet
  facet normal 0.0487977 -0.998809 0
    outer loop
      vertex 15 26.65 3.2
      vertex 14.8383 26.6421 -1.90735e-07
      vertex 15 26.65 -1.90735e-07
    endloop
  endfacet
  facet normal 0.90409 -0.427343 0
    outer loop
      vertex 13.4756 25.6314 3.2
      vertex 13.5448 25.7778 -1.90735e-07
      vertex 13.5448 25.7778 3.2
    endloop
  endfacet
  facet normal 0.90409 -0.427343 0
    outer loop
      vertex 13.5448 25.7778 -1.90735e-07
      vertex 13.4756 25.6314 3.2
      vertex 13.4756 25.6314 -1.90735e-07
    endloop
  endfacet
  facet normal -0.803251 0.595641 0
    outer loop
      vertex 16.2755 23.9533 -1.90735e-07
      vertex 16.3719 24.0833 3.2
      vertex 16.3719 24.0833 -1.90735e-07
    endloop
  endfacet
  facet normal -0.803251 0.595641 0
    outer loop
      vertex 16.3719 24.0833 3.2
      vertex 16.2755 23.9533 -1.90735e-07
      vertex 16.2755 23.9533 3.2
    endloop
  endfacet
  facet normal -0.989144 -0.146951 0
    outer loop
      vertex 16.6421 25.1617 -1.90735e-07
      vertex 16.6183 25.3219 3.2
      vertex 16.6183 25.3219 -1.90735e-07
    endloop
  endfacet
  facet normal -0.989144 -0.146951 0
    outer loop
      vertex 16.6183 25.3219 3.2
      vertex 16.6421 25.1617 -1.90735e-07
      vertex 16.6421 25.1617 3.2
    endloop
  endfacet
  facet normal -0.998809 -0.0487977 0
    outer loop
      vertex 16.65 25 -1.90735e-07
      vertex 16.6421 25.1617 3.2
      vertex 16.6421 25.1617 -1.90735e-07
    endloop
  endfacet
  facet normal -0.998809 -0.0487977 0
    outer loop
      vertex 16.6421 25.1617 3.2
      vertex 16.65 25 -1.90735e-07
      vertex 16.65 25 3.2
    endloop
  endfacet
  facet normal -0.337275 -0.941406 0
    outer loop
      vertex 15.479 26.579 -1.90735e-07
      vertex 15.6314 26.5244 3.2
      vertex 15.479 26.579 3.2
    endloop
  endfacet
  facet normal -0.337275 -0.941406 -0
    outer loop
      vertex 15.6314 26.5244 3.2
      vertex 15.479 26.579 -1.90735e-07
      vertex 15.6314 26.5244 -1.90735e-07
    endloop
  endfacet
  facet normal -0.989144 0.146951 0
    outer loop
      vertex 16.6183 24.6781 -1.90735e-07
      vertex 16.6421 24.8383 3.2
      vertex 16.6421 24.8383 -1.90735e-07
    endloop
  endfacet
  facet normal -0.989144 0.146951 0
    outer loop
      vertex 16.6421 24.8383 3.2
      vertex 16.6183 24.6781 -1.90735e-07
      vertex 16.6183 24.6781 3.2
    endloop
  endfacet
  facet normal 0.595641 -0.803251 0
    outer loop
      vertex 13.9533 26.2755 -1.90735e-07
      vertex 14.0833 26.3719 3.2
      vertex 13.9533 26.2755 3.2
    endloop
  endfacet
  facet normal 0.595641 -0.803251 0
    outer loop
      vertex 14.0833 26.3719 3.2
      vertex 13.9533 26.2755 -1.90735e-07
      vertex 14.0833 26.3719 -1.90735e-07
    endloop
  endfacet
  facet normal -0.740833 -0.671689 0
    outer loop
      vertex 16.2755 26.0467 -1.90735e-07
      vertex 16.1667 26.1667 3.2
      vertex 16.1667 26.1667 -1.90735e-07
    endloop
  endfacet
  facet normal -0.740833 -0.671689 0
    outer loop
      vertex 16.1667 26.1667 3.2
      vertex 16.2755 26.0467 -1.90735e-07
      vertex 16.2755 26.0467 3.2
    endloop
  endfacet
  facet normal -0.803251 -0.595641 0
    outer loop
      vertex 16.3719 25.9167 -1.90735e-07
      vertex 16.2755 26.0467 3.2
      vertex 16.2755 26.0467 -1.90735e-07
    endloop
  endfacet
  facet normal -0.803251 -0.595641 0
    outer loop
      vertex 16.2755 26.0467 3.2
      vertex 16.3719 25.9167 -1.90735e-07
      vertex 16.3719 25.9167 3.2
    endloop
  endfacet
  facet normal -0.146951 0.989144 0
    outer loop
      vertex 15.3219 23.3817 -1.90735e-07
      vertex 15.1617 23.3579 3.2
      vertex 15.3219 23.3817 3.2
    endloop
  endfacet
  facet normal -0.146951 0.989144 0
    outer loop
      vertex 15.1617 23.3579 3.2
      vertex 15.3219 23.3817 -1.90735e-07
      vertex 15.1617 23.3579 -1.90735e-07
    endloop
  endfacet
  facet normal -0.970106 -0.242681 0
    outer loop
      vertex 16.6183 25.3219 -1.90735e-07
      vertex 16.579 25.479 3.2
      vertex 16.579 25.479 -1.90735e-07
    endloop
  endfacet
  facet normal -0.970106 -0.242681 0
    outer loop
      vertex 16.579 25.479 3.2
      vertex 16.6183 25.3219 -1.90735e-07
      vertex 16.6183 25.3219 3.2
    endloop
  endfacet
  facet normal 0.998809 0.0487977 0
    outer loop
      vertex 13.3579 24.8383 3.2
      vertex 13.35 25 -1.90735e-07
      vertex 13.35 25 3.2
    endloop
  endfacet
  facet normal 0.998809 0.0487977 0
    outer loop
      vertex 13.35 25 -1.90735e-07
      vertex 13.3579 24.8383 3.2
      vertex 13.3579 24.8383 -1.90735e-07
    endloop
  endfacet
  facet normal -0.857602 0.514314 0
    outer loop
      vertex 16.3719 24.0833 -1.90735e-07
      vertex 16.4552 24.2222 3.2
      vertex 16.4552 24.2222 -1.90735e-07
    endloop
  endfacet
  facet normal -0.857602 0.514314 0
    outer loop
      vertex 16.4552 24.2222 3.2
      vertex 16.3719 24.0833 -1.90735e-07
      vertex 16.3719 24.0833 3.2
    endloop
  endfacet
  facet normal -0.427343 0.90409 0
    outer loop
      vertex 15.7778 23.5448 -1.90735e-07
      vertex 15.6314 23.4756 3.2
      vertex 15.7778 23.5448 3.2
    endloop
  endfacet
  facet normal -0.427343 0.90409 0
    outer loop
      vertex 15.6314 23.4756 3.2
      vertex 15.7778 23.5448 -1.90735e-07
      vertex 15.6314 23.4756 -1.90735e-07
    endloop
  endfacet
  facet normal 0.427343 0.90409 -0
    outer loop
      vertex 14.3686 23.4756 -1.90735e-07
      vertex 14.2222 23.5448 3.2
      vertex 14.3686 23.4756 3.2
    endloop
  endfacet
  facet normal 0.427343 0.90409 0
    outer loop
      vertex 14.2222 23.5448 3.2
      vertex 14.3686 23.4756 -1.90735e-07
      vertex 14.2222 23.5448 -1.90735e-07
    endloop
  endfacet
  facet normal 0.740833 -0.671689 0
    outer loop
      vertex 13.7245 26.0467 3.2
      vertex 13.8333 26.1667 -1.90735e-07
      vertex 13.8333 26.1667 3.2
    endloop
  endfacet
  facet normal 0.740833 -0.671689 0
    outer loop
      vertex 13.8333 26.1667 -1.90735e-07
      vertex 13.7245 26.0467 3.2
      vertex 13.7245 26.0467 -1.90735e-07
    endloop
  endfacet
  facet normal -0.337275 0.941406 0
    outer loop
      vertex 15.6314 23.4756 -1.90735e-07
      vertex 15.479 23.421 3.2
      vertex 15.6314 23.4756 3.2
    endloop
  endfacet
  facet normal -0.337275 0.941406 0
    outer loop
      vertex 15.479 23.421 3.2
      vertex 15.6314 23.4756 -1.90735e-07
      vertex 15.479 23.421 -1.90735e-07
    endloop
  endfacet
  facet normal 0.337275 0.941406 -0
    outer loop
      vertex 14.521 23.421 -1.90735e-07
      vertex 14.3686 23.4756 3.2
      vertex 14.521 23.421 3.2
    endloop
  endfacet
  facet normal 0.337275 0.941406 0
    outer loop
      vertex 14.3686 23.4756 3.2
      vertex 14.521 23.421 -1.90735e-07
      vertex 14.3686 23.4756 -1.90735e-07
    endloop
  endfacet
  facet normal 0.803251 0.595641 0
    outer loop
      vertex 13.7245 23.9533 3.2
      vertex 13.6281 24.0833 -1.90735e-07
      vertex 13.6281 24.0833 3.2
    endloop
  endfacet
  facet normal 0.803251 0.595641 0
    outer loop
      vertex 13.6281 24.0833 -1.90735e-07
      vertex 13.7245 23.9533 3.2
      vertex 13.7245 23.9533 -1.90735e-07
    endloop
  endfacet
  facet normal -0.90409 -0.427343 0
    outer loop
      vertex 16.5244 25.6314 -1.90735e-07
      vertex 16.4552 25.7778 3.2
      vertex 16.4552 25.7778 -1.90735e-07
    endloop
  endfacet
  facet normal -0.90409 -0.427343 0
    outer loop
      vertex 16.4552 25.7778 3.2
      vertex 16.5244 25.6314 -1.90735e-07
      vertex 16.5244 25.6314 3.2
    endloop
  endfacet
  facet normal -0.595641 -0.803251 0
    outer loop
      vertex 15.9167 26.3719 -1.90735e-07
      vertex 16.0467 26.2755 3.2
      vertex 15.9167 26.3719 3.2
    endloop
  endfacet
  facet normal -0.595641 -0.803251 -0
    outer loop
      vertex 16.0467 26.2755 3.2
      vertex 15.9167 26.3719 -1.90735e-07
      vertex 16.0467 26.2755 -1.90735e-07
    endloop
  endfacet
  facet normal -0.242681 0.970106 0
    outer loop
      vertex 15.479 23.421 -1.90735e-07
      vertex 15.3219 23.3817 3.2
      vertex 15.479 23.421 3.2
    endloop
  endfacet
  facet normal -0.242681 0.970106 0
    outer loop
      vertex 15.3219 23.3817 3.2
      vertex 15.479 23.421 -1.90735e-07
      vertex 15.3219 23.3817 -1.90735e-07
    endloop
  endfacet
  facet normal -0.514314 -0.857602 0
    outer loop
      vertex 15.7778 26.4552 -1.90735e-07
      vertex 15.9167 26.3719 3.2
      vertex 15.7778 26.4552 3.2
    endloop
  endfacet
  facet normal -0.514314 -0.857602 -0
    outer loop
      vertex 15.9167 26.3719 3.2
      vertex 15.7778 26.4552 -1.90735e-07
      vertex 15.9167 26.3719 -1.90735e-07
    endloop
  endfacet
  facet normal -0.90409 0.427343 0
    outer loop
      vertex 16.4552 24.2222 -1.90735e-07
      vertex 16.5244 24.3686 3.2
      vertex 16.5244 24.3686 -1.90735e-07
    endloop
  endfacet
  facet normal -0.90409 0.427343 0
    outer loop
      vertex 16.5244 24.3686 3.2
      vertex 16.4552 24.2222 -1.90735e-07
      vertex 16.4552 24.2222 3.2
    endloop
  endfacet
  facet normal 0.146951 -0.989144 0
    outer loop
      vertex 14.6781 26.6183 -1.90735e-07
      vertex 14.8383 26.6421 3.2
      vertex 14.6781 26.6183 3.2
    endloop
  endfacet
  facet normal 0.146951 -0.989144 0
    outer loop
      vertex 14.8383 26.6421 3.2
      vertex 14.6781 26.6183 -1.90735e-07
      vertex 14.8383 26.6421 -1.90735e-07
    endloop
  endfacet
  facet normal 0.857602 -0.514314 0
    outer loop
      vertex 13.5448 25.7778 3.2
      vertex 13.6281 25.9167 -1.90735e-07
      vertex 13.6281 25.9167 3.2
    endloop
  endfacet
  facet normal 0.857602 -0.514314 0
    outer loop
      vertex 13.6281 25.9167 -1.90735e-07
      vertex 13.5448 25.7778 3.2
      vertex 13.5448 25.7778 -1.90735e-07
    endloop
  endfacet
  facet normal -0.427343 -0.90409 0
    outer loop
      vertex 15.6314 26.5244 -1.90735e-07
      vertex 15.7778 26.4552 3.2
      vertex 15.6314 26.5244 3.2
    endloop
  endfacet
  facet normal -0.427343 -0.90409 -0
    outer loop
      vertex 15.7778 26.4552 3.2
      vertex 15.6314 26.5244 -1.90735e-07
      vertex 15.7778 26.4552 -1.90735e-07
    endloop
  endfacet
  facet normal 0.998809 -0.0487977 0
    outer loop
      vertex 13.35 25 3.2
      vertex 13.3579 25.1617 -1.90735e-07
      vertex 13.3579 25.1617 3.2
    endloop
  endfacet
  facet normal 0.998809 -0.0487977 0
    outer loop
      vertex 13.3579 25.1617 -1.90735e-07
      vertex 13.35 25 3.2
      vertex 13.35 25 -1.90735e-07
    endloop
  endfacet
  facet normal -0.857602 -0.514314 0
    outer loop
      vertex 16.4552 25.7778 -1.90735e-07
      vertex 16.3719 25.9167 3.2
      vertex 16.3719 25.9167 -1.90735e-07
    endloop
  endfacet
  facet normal -0.857602 -0.514314 0
    outer loop
      vertex 16.3719 25.9167 3.2
      vertex 16.4552 25.7778 -1.90735e-07
      vertex 16.4552 25.7778 3.2
    endloop
  endfacet
  facet normal 0.989144 -0.146951 0
    outer loop
      vertex 13.3579 25.1617 3.2
      vertex 13.3817 25.3219 -1.90735e-07
      vertex 13.3817 25.3219 3.2
    endloop
  endfacet
  facet normal 0.989144 -0.146951 0
    outer loop
      vertex 13.3817 25.3219 -1.90735e-07
      vertex 13.3579 25.1617 3.2
      vertex 13.3579 25.1617 -1.90735e-07
    endloop
  endfacet
  facet normal 0.671689 -0.740833 0
    outer loop
      vertex 13.8333 26.1667 -1.90735e-07
      vertex 13.9533 26.2755 3.2
      vertex 13.8333 26.1667 3.2
    endloop
  endfacet
  facet normal 0.671689 -0.740833 0
    outer loop
      vertex 13.9533 26.2755 3.2
      vertex 13.8333 26.1667 -1.90735e-07
      vertex 13.9533 26.2755 -1.90735e-07
    endloop
  endfacet
  facet normal -0.0487977 -0.998809 0
    outer loop
      vertex 15 26.65 -1.90735e-07
      vertex 15.1617 26.6421 3.2
      vertex 15 26.65 3.2
    endloop
  endfacet
  facet normal -0.0487977 -0.998809 -0
    outer loop
      vertex 15.1617 26.6421 3.2
      vertex 15 26.65 -1.90735e-07
      vertex 15.1617 26.6421 -1.90735e-07
    endloop
  endfacet
  facet normal 0.90409 0.427343 0
    outer loop
      vertex 13.5448 24.2222 3.2
      vertex 13.4756 24.3686 -1.90735e-07
      vertex 13.4756 24.3686 3.2
    endloop
  endfacet
  facet normal 0.90409 0.427343 0
    outer loop
      vertex 13.4756 24.3686 -1.90735e-07
      vertex 13.5448 24.2222 3.2
      vertex 13.5448 24.2222 -1.90735e-07
    endloop
  endfacet
  facet normal 0.989144 0.146951 0
    outer loop
      vertex 13.3817 24.6781 3.2
      vertex 13.3579 24.8383 -1.90735e-07
      vertex 13.3579 24.8383 3.2
    endloop
  endfacet
  facet normal 0.989144 0.146951 0
    outer loop
      vertex 13.3579 24.8383 -1.90735e-07
      vertex 13.3817 24.6781 3.2
      vertex 13.3817 24.6781 -1.90735e-07
    endloop
  endfacet
  facet normal 0.671689 0.740833 -0
    outer loop
      vertex 13.9533 23.7245 -1.90735e-07
      vertex 13.8333 23.8333 3.2
      vertex 13.9533 23.7245 3.2
    endloop
  endfacet
  facet normal 0.671689 0.740833 0
    outer loop
      vertex 13.8333 23.8333 3.2
      vertex 13.9533 23.7245 -1.90735e-07
      vertex 13.8333 23.8333 -1.90735e-07
    endloop
  endfacet
  facet normal 0.740833 0.671689 0
    outer loop
      vertex 13.8333 23.8333 3.2
      vertex 13.7245 23.9533 -1.90735e-07
      vertex 13.7245 23.9533 3.2
    endloop
  endfacet
  facet normal 0.740833 0.671689 0
    outer loop
      vertex 13.7245 23.9533 -1.90735e-07
      vertex 13.8333 23.8333 3.2
      vertex 13.8333 23.8333 -1.90735e-07
    endloop
  endfacet
  facet normal -0.146951 -0.989144 0
    outer loop
      vertex 15.1617 26.6421 -1.90735e-07
      vertex 15.3219 26.6183 3.2
      vertex 15.1617 26.6421 3.2
    endloop
  endfacet
  facet normal -0.146951 -0.989144 -0
    outer loop
      vertex 15.3219 26.6183 3.2
      vertex 15.1617 26.6421 -1.90735e-07
      vertex 15.3219 26.6183 -1.90735e-07
    endloop
  endfacet
  facet normal 0.970106 0.242681 0
    outer loop
      vertex 13.421 24.521 3.2
      vertex 13.3817 24.6781 -1.90735e-07
      vertex 13.3817 24.6781 3.2
    endloop
  endfacet
  facet normal 0.970106 0.242681 0
    outer loop
      vertex 13.3817 24.6781 -1.90735e-07
      vertex 13.421 24.521 3.2
      vertex 13.421 24.521 -1.90735e-07
    endloop
  endfacet
  facet normal 0.242681 0.970106 -0
    outer loop
      vertex 14.6781 23.3817 -1.90735e-07
      vertex 14.521 23.421 3.2
      vertex 14.6781 23.3817 3.2
    endloop
  endfacet
  facet normal 0.242681 0.970106 0
    outer loop
      vertex 14.521 23.421 3.2
      vertex 14.6781 23.3817 -1.90735e-07
      vertex 14.521 23.421 -1.90735e-07
    endloop
  endfacet
  facet normal -0.740833 0.671689 0
    outer loop
      vertex 16.1667 23.8333 -1.90735e-07
      vertex 16.2755 23.9533 3.2
      vertex 16.2755 23.9533 -1.90735e-07
    endloop
  endfacet
  facet normal -0.740833 0.671689 0
    outer loop
      vertex 16.2755 23.9533 3.2
      vertex 16.1667 23.8333 -1.90735e-07
      vertex 16.1667 23.8333 3.2
    endloop
  endfacet
  facet normal -0.242681 -0.970106 0
    outer loop
      vertex 15.3219 26.6183 -1.90735e-07
      vertex 15.479 26.579 3.2
      vertex 15.3219 26.6183 3.2
    endloop
  endfacet
  facet normal -0.242681 -0.970106 -0
    outer loop
      vertex 15.479 26.579 3.2
      vertex 15.3219 26.6183 -1.90735e-07
      vertex 15.479 26.579 -1.90735e-07
    endloop
  endfacet
  facet normal -0.514314 0.857602 0
    outer loop
      vertex 15.9167 23.6281 -1.90735e-07
      vertex 15.7778 23.5448 3.2
      vertex 15.9167 23.6281 3.2
    endloop
  endfacet
  facet normal -0.514314 0.857602 0
    outer loop
      vertex 15.7778 23.5448 3.2
      vertex 15.9167 23.6281 -1.90735e-07
      vertex 15.7778 23.5448 -1.90735e-07
    endloop
  endfacet
  facet normal -0.671689 0.740833 0
    outer loop
      vertex 16.1667 23.8333 -1.90735e-07
      vertex 16.0467 23.7245 3.2
      vertex 16.1667 23.8333 3.2
    endloop
  endfacet
  facet normal -0.671689 0.740833 0
    outer loop
      vertex 16.0467 23.7245 3.2
      vertex 16.1667 23.8333 -1.90735e-07
      vertex 16.0467 23.7245 -1.90735e-07
    endloop
  endfacet
  facet normal 0.857602 0.514314 0
    outer loop
      vertex 13.6281 24.0833 3.2
      vertex 13.5448 24.2222 -1.90735e-07
      vertex 13.5448 24.2222 3.2
    endloop
  endfacet
  facet normal 0.857602 0.514314 0
    outer loop
      vertex 13.5448 24.2222 -1.90735e-07
      vertex 13.6281 24.0833 3.2
      vertex 13.6281 24.0833 -1.90735e-07
    endloop
  endfacet
  facet normal 0.514314 -0.857602 0
    outer loop
      vertex 14.0833 26.3719 -1.90735e-07
      vertex 14.2222 26.4552 3.2
      vertex 14.0833 26.3719 3.2
    endloop
  endfacet
  facet normal 0.514314 -0.857602 0
    outer loop
      vertex 14.2222 26.4552 3.2
      vertex 14.0833 26.3719 -1.90735e-07
      vertex 14.2222 26.4552 -1.90735e-07
    endloop
  endfacet
  facet normal 0.0487977 0.998809 -0
    outer loop
      vertex 15 23.35 -1.90735e-07
      vertex 14.8383 23.3579 3.2
      vertex 15 23.35 3.2
    endloop
  endfacet
  facet normal 0.0487977 0.998809 0
    outer loop
      vertex 14.8383 23.3579 3.2
      vertex 15 23.35 -1.90735e-07
      vertex 14.8383 23.3579 -1.90735e-07
    endloop
  endfacet
  facet normal 0.941406 -0.337275 0
    outer loop
      vertex 13.421 25.479 3.2
      vertex 13.4756 25.6314 -1.90735e-07
      vertex 13.4756 25.6314 3.2
    endloop
  endfacet
  facet normal 0.941406 -0.337275 0
    outer loop
      vertex 13.4756 25.6314 -1.90735e-07
      vertex 13.421 25.479 3.2
      vertex 13.421 25.479 -1.90735e-07
    endloop
  endfacet
  facet normal 0.803251 -0.595641 0
    outer loop
      vertex 13.6281 25.9167 3.2
      vertex 13.7245 26.0467 -1.90735e-07
      vertex 13.7245 26.0467 3.2
    endloop
  endfacet
  facet normal 0.803251 -0.595641 0
    outer loop
      vertex 13.7245 26.0467 -1.90735e-07
      vertex 13.6281 25.9167 3.2
      vertex 13.6281 25.9167 -1.90735e-07
    endloop
  endfacet
  facet normal -0.903991 0.42755 0
    outer loop
      vertex 16.7565 -8.95654 -1.90735e-07
      vertex 17.5537 -7.27098 3.2
      vertex 17.5537 -7.27098 -1.90735e-07
    endloop
  endfacet
  facet normal -0.903991 0.42755 0
    outer loop
      vertex 17.5537 -7.27098 3.2
      vertex 16.7565 -8.95654 -1.90735e-07
      vertex 16.7565 -8.95654 3.2
    endloop
  endfacet
  facet normal -0.671583 -0.740929 0
    outer loop
      vertex 12.0535 14.6872 -1.90735e-07
      vertex 13.435 13.435 3.2
      vertex 12.0535 14.6872 3.2
    endloop
  endfacet
  facet normal -0.671583 -0.740929 -0
    outer loop
      vertex 13.435 13.435 3.2
      vertex 12.0535 14.6872 -1.90735e-07
      vertex 13.435 13.435 -1.90735e-07
    endloop
  endfacet
  facet normal -0.514119 -0.857719 0
    outer loop
      vertex 8.95654 16.7565 -1.90735e-07
      vertex 10.5558 15.7979 3.2
      vertex 8.95654 16.7565 3.2
    endloop
  endfacet
  facet normal -0.514119 -0.857719 -0
    outer loop
      vertex 10.5558 15.7979 3.2
      vertex 8.95654 16.7565 -1.90735e-07
      vertex 10.5558 15.7979 -1.90735e-07
    endloop
  endfacet
  facet normal -0.941537 -0.336911 0
    outer loop
      vertex 18.1819 5.51541 -1.90735e-07
      vertex 17.5537 7.27099 3.2
      vertex 17.5537 7.27099 -1.90735e-07
    endloop
  endfacet
  facet normal -0.941537 -0.336911 0
    outer loop
      vertex 17.5537 7.27099 3.2
      vertex 18.1819 5.51541 -1.90735e-07
      vertex 18.1819 5.51541 3.2
    endloop
  endfacet
  facet normal 0.242953 0.970038 -0
    outer loop
      vertex -3.70672 -18.6349 -1.90735e-07
      vertex -5.51541 -18.1819 3.2
      vertex -3.70672 -18.6349 3.2
    endloop
  endfacet
  facet normal 0.242953 0.970038 0
    outer loop
      vertex -5.51541 -18.1819 3.2
      vertex -3.70672 -18.6349 -1.90735e-07
      vertex -5.51541 -18.1819 -1.90735e-07
    endloop
  endfacet
  facet normal -0.0490728 -0.998795 0
    outer loop
      vertex 4.19617e-07 19 -1.90735e-07
      vertex 1.86233 18.9085 3.2
      vertex 4.19617e-07 19 3.2
    endloop
  endfacet
  facet normal -0.0490728 -0.998795 -0
    outer loop
      vertex 1.86233 18.9085 3.2
      vertex 4.19617e-07 19 -1.90735e-07
      vertex 1.86233 18.9085 -1.90735e-07
    endloop
  endfacet
  facet normal -0.989176 -0.146736 0
    outer loop
      vertex 18.9085 1.86233 -1.90735e-07
      vertex 18.6349 3.70672 3.2
      vertex 18.6349 3.70672 -1.90735e-07
    endloop
  endfacet
  facet normal -0.989176 -0.146736 0
    outer loop
      vertex 18.6349 3.70672 3.2
      vertex 18.9085 1.86233 -1.90735e-07
      vertex 18.9085 1.86233 3.2
    endloop
  endfacet
  facet normal -0.514119 0.857719 0
    outer loop
      vertex 10.5558 -15.7979 -1.90735e-07
      vertex 8.95654 -16.7565 3.2
      vertex 10.5558 -15.7979 3.2
    endloop
  endfacet
  facet normal -0.514119 0.857719 0
    outer loop
      vertex 8.95654 -16.7565 3.2
      vertex 10.5558 -15.7979 -1.90735e-07
      vertex 8.95654 -16.7565 -1.90735e-07
    endloop
  endfacet
  facet normal 0.941521 0.336955 0
    outer loop
      vertex -17.9506 -6.16171 4.03756
      vertex -18.1819 -5.51541 -1.90735e-07
      vertex -18.1819 -5.51541 3.9673
    endloop
  endfacet
  facet normal 0.941531 0.336928 -1.24027e-05
    outer loop
      vertex -17.5537 -7.27098 -1.90735e-07
      vertex -17.9506 -6.16171 4.03756
      vertex -17.7866 -6.62 4.07891
    endloop
  endfacet
  facet normal 0.941591 0.33676 1.78276e-05
    outer loop
      vertex -17.5537 -7.27098 -1.90735e-07
      vertex -17.7866 -6.62 4.07891
      vertex -17.5952 -7.15516 4.06777
    endloop
  endfacet
  facet normal 0.941392 0.337315 -0
    outer loop
      vertex -17.5537 -7.27098 -1.90735e-07
      vertex -17.5952 -7.15516 4.06777
      vertex -17.5537 -7.27098 4.0648
    endloop
  endfacet
  facet normal 0.941536 0.336912 -7.66183e-06
    outer loop
      vertex -17.9506 -6.16171 4.03756
      vertex -17.5537 -7.27098 -1.90735e-07
      vertex -18.1819 -5.51541 -1.90735e-07
    endloop
  endfacet
  facet normal -0.336911 -0.941537 0
    outer loop
      vertex 5.51541 18.1819 -1.90735e-07
      vertex 7.27099 17.5537 3.2
      vertex 5.51541 18.1819 3.2
    endloop
  endfacet
  facet normal -0.336911 -0.941537 -0
    outer loop
      vertex 7.27099 17.5537 3.2
      vertex 5.51541 18.1819 -1.90735e-07
      vertex 7.27099 17.5537 -1.90735e-07
    endloop
  endfacet
  facet normal -0.90399 -0.427553 0
    outer loop
      vertex 17.5537 7.27099 -1.90735e-07
      vertex 16.7565 8.95654 3.2
      vertex 16.7565 8.95654 -1.90735e-07
    endloop
  endfacet
  facet normal -0.90399 -0.427553 0
    outer loop
      vertex 16.7565 8.95654 3.2
      vertex 17.5537 7.27099 -1.90735e-07
      vertex 17.5537 7.27099 3.2
    endloop
  endfacet
  facet normal 0.514119 0.857719 -0
    outer loop
      vertex -8.95654 -16.7565 -1.90735e-07
      vertex -10.5558 -15.7979 3.2
      vertex -8.95654 -16.7565 3.2
    endloop
  endfacet
  facet normal 0.514119 0.857719 0
    outer loop
      vertex -10.5558 -15.7979 3.2
      vertex -8.95654 -16.7565 -1.90735e-07
      vertex -10.5558 -15.7979 -1.90735e-07
    endloop
  endfacet
  facet normal -0.857719 0.514119 0
    outer loop
      vertex 15.7979 -10.5558 -1.90735e-07
      vertex 16.7565 -8.95654 3.2
      vertex 16.7565 -8.95654 -1.90735e-07
    endloop
  endfacet
  facet normal -0.857719 0.514119 0
    outer loop
      vertex 16.7565 -8.95654 3.2
      vertex 15.7979 -10.5558 -1.90735e-07
      vertex 15.7979 -10.5558 3.2
    endloop
  endfacet
  facet normal 0.989189 0.146643 0
    outer loop
      vertex -18.8703 -2.12 3.36037
      vertex -18.9085 -1.86232 -1.90735e-07
      vertex -18.9085 -1.86232 3.3091
    endloop
  endfacet
  facet normal 0.989154 0.146879 1.84881e-05
    outer loop
      vertex -18.8368 -2.34561 3.40026
      vertex -18.9085 -1.86232 -1.90735e-07
      vertex -18.8703 -2.12 3.36037
    endloop
  endfacet
  facet normal 0.98918 0.146709 8.25031e-06
    outer loop
      vertex -18.6349 -3.70672 -1.90735e-07
      vertex -18.8368 -2.34561 3.40026
      vertex -18.6374 -3.69007 3.66549
    endloop
  endfacet
  facet normal 0.988915 0.148486 -0
    outer loop
      vertex -18.6349 -3.70672 -1.90735e-07
      vertex -18.6374 -3.69007 3.66549
      vertex -18.6349 -3.70672 3.66851
    endloop
  endfacet
  facet normal 0.989176 0.146735 -2.4189e-06
    outer loop
      vertex -18.8368 -2.34561 3.40026
      vertex -18.6349 -3.70672 -1.90735e-07
      vertex -18.9085 -1.86232 -1.90735e-07
    endloop
  endfacet
  facet normal -0.857719 -0.514119 0
    outer loop
      vertex 16.7565 8.95654 -1.90735e-07
      vertex 15.7979 10.5558 3.2
      vertex 15.7979 10.5558 -1.90735e-07
    endloop
  endfacet
  facet normal -0.857719 -0.514119 0
    outer loop
      vertex 15.7979 10.5558 3.2
      vertex 16.7565 8.95654 -1.90735e-07
      vertex 16.7565 8.95654 3.2
    endloop
  endfacet
  facet normal 0.595675 0.803225 -0
    outer loop
      vertex -10.5558 -15.7979 -1.90735e-07
      vertex -12.0535 -14.6872 3.2
      vertex -10.5558 -15.7979 3.2
    endloop
  endfacet
  facet normal 0.595675 0.803225 0
    outer loop
      vertex -12.0535 -14.6872 3.2
      vertex -10.5558 -15.7979 -1.90735e-07
      vertex -12.0535 -14.6872 -1.90735e-07
    endloop
  endfacet
  facet normal -0.336911 0.941537 0
    outer loop
      vertex 7.27099 -17.5537 -1.90735e-07
      vertex 5.51541 -18.1819 3.2
      vertex 7.27099 -17.5537 3.2
    endloop
  endfacet
  facet normal -0.336911 0.941537 0
    outer loop
      vertex 5.51541 -18.1819 3.2
      vertex 7.27099 -17.5537 -1.90735e-07
      vertex 5.51541 -18.1819 -1.90735e-07
    endloop
  endfacet
  facet normal -0.998795 -0.0490728 0
    outer loop
      vertex 19 8.39233e-07 -1.90735e-07
      vertex 18.9085 1.86233 3.2
      vertex 18.9085 1.86233 -1.90735e-07
    endloop
  endfacet
  facet normal -0.998795 -0.0490728 0
    outer loop
      vertex 18.9085 1.86233 3.2
      vertex 19 8.39233e-07 -1.90735e-07
      vertex 19 8.39233e-07 3.2
    endloop
  endfacet
  facet normal 0.146736 -0.989176 0
    outer loop
      vertex -3.70672 18.6349 -1.90735e-07
      vertex -1.86233 18.9085 3.2
      vertex -3.70672 18.6349 3.2
    endloop
  endfacet
  facet normal 0.146736 -0.989176 0
    outer loop
      vertex -1.86233 18.9085 3.2
      vertex -3.70672 18.6349 -1.90735e-07
      vertex -1.86233 18.9085 -1.90735e-07
    endloop
  endfacet
  facet normal 0.336911 0.941537 -0
    outer loop
      vertex -5.51541 -18.1819 -1.90735e-07
      vertex -7.27099 -17.5537 3.2
      vertex -5.51541 -18.1819 3.2
    endloop
  endfacet
  facet normal 0.336911 0.941537 0
    outer loop
      vertex -7.27099 -17.5537 3.2
      vertex -5.51541 -18.1819 -1.90735e-07
      vertex -7.27099 -17.5537 -1.90735e-07
    endloop
  endfacet
  facet normal 0.0490728 -0.998795 0
    outer loop
      vertex -1.86233 18.9085 -1.90735e-07
      vertex 4.19617e-07 19 3.2
      vertex -1.86233 18.9085 3.2
    endloop
  endfacet
  facet normal 0.0490728 -0.998795 0
    outer loop
      vertex 4.19617e-07 19 3.2
      vertex -1.86233 18.9085 -1.90735e-07
      vertex 4.19617e-07 19 -1.90735e-07
    endloop
  endfacet
  facet normal -0.998795 0.049073 0
    outer loop
      vertex 18.9085 -1.86232 -1.90735e-07
      vertex 19 8.39233e-07 3.2
      vertex 19 8.39233e-07 -1.90735e-07
    endloop
  endfacet
  facet normal -0.998795 0.049073 0
    outer loop
      vertex 19 8.39233e-07 3.2
      vertex 18.9085 -1.86232 -1.90735e-07
      vertex 18.9085 -1.86232 3.2
    endloop
  endfacet
  facet normal 0.671583 -0.740929 0
    outer loop
      vertex -13.435 13.435 -1.90735e-07
      vertex -12.0535 14.6872 3.2
      vertex -13.435 13.435 3.2
    endloop
  endfacet
  facet normal 0.671583 -0.740929 0
    outer loop
      vertex -12.0535 14.6872 3.2
      vertex -13.435 13.435 -1.90735e-07
      vertex -12.0535 14.6872 -1.90735e-07
    endloop
  endfacet
  facet normal 0.941537 -0.336911 0
    outer loop
      vertex -18.1819 5.51541 3.2
      vertex -17.5537 7.27099 -1.90735e-07
      vertex -17.5537 7.27099 3.2
    endloop
  endfacet
  facet normal 0.941537 -0.336911 0
    outer loop
      vertex -17.5537 7.27099 -1.90735e-07
      vertex -18.1819 5.51541 3.2
      vertex -18.1819 5.51541 -1.90735e-07
    endloop
  endfacet
  facet normal -0.989176 0.146735 0
    outer loop
      vertex 18.6349 -3.70672 -1.90735e-07
      vertex 18.9085 -1.86232 3.2
      vertex 18.9085 -1.86232 -1.90735e-07
    endloop
  endfacet
  facet normal -0.989176 0.146735 0
    outer loop
      vertex 18.9085 -1.86232 3.2
      vertex 18.6349 -3.70672 -1.90735e-07
      vertex 18.6349 -3.70672 3.2
    endloop
  endfacet
  facet normal -0.970038 -0.242953 0
    outer loop
      vertex 18.6349 3.70672 -1.90735e-07
      vertex 18.1819 5.51541 3.2
      vertex 18.1819 5.51541 -1.90735e-07
    endloop
  endfacet
  facet normal -0.970038 -0.242953 0
    outer loop
      vertex 18.1819 5.51541 3.2
      vertex 18.6349 3.70672 -1.90735e-07
      vertex 18.6349 3.70672 3.2
    endloop
  endfacet
  facet normal 0.595675 -0.803225 0
    outer loop
      vertex -12.0535 14.6872 -1.90735e-07
      vertex -10.5558 15.7979 3.2
      vertex -12.0535 14.6872 3.2
    endloop
  endfacet
  facet normal 0.595675 -0.803225 0
    outer loop
      vertex -10.5558 15.7979 3.2
      vertex -12.0535 14.6872 -1.90735e-07
      vertex -10.5558 15.7979 -1.90735e-07
    endloop
  endfacet
  facet normal 0.740929 -0.671583 0
    outer loop
      vertex -14.6872 12.0535 3.2
      vertex -13.435 13.435 -1.90735e-07
      vertex -13.435 13.435 3.2
    endloop
  endfacet
  facet normal 0.740929 -0.671583 0
    outer loop
      vertex -13.435 13.435 -1.90735e-07
      vertex -14.6872 12.0535 3.2
      vertex -14.6872 12.0535 -1.90735e-07
    endloop
  endfacet
  facet normal 0.427553 0.90399 -0
    outer loop
      vertex -7.27099 -17.5537 -1.90735e-07
      vertex -8.95654 -16.7565 3.2
      vertex -7.27099 -17.5537 3.2
    endloop
  endfacet
  facet normal 0.427553 0.90399 0
    outer loop
      vertex -8.95654 -16.7565 3.2
      vertex -7.27099 -17.5537 -1.90735e-07
      vertex -8.95654 -16.7565 -1.90735e-07
    endloop
  endfacet
  facet normal -0.146736 -0.989176 0
    outer loop
      vertex 1.86233 18.9085 -1.90735e-07
      vertex 3.70672 18.6349 3.2
      vertex 1.86233 18.9085 3.2
    endloop
  endfacet
  facet normal -0.146736 -0.989176 -0
    outer loop
      vertex 3.70672 18.6349 3.2
      vertex 1.86233 18.9085 -1.90735e-07
      vertex 3.70672 18.6349 -1.90735e-07
    endloop
  endfacet
  facet normal -0.427553 -0.90399 0
    outer loop
      vertex 7.27099 17.5537 -1.90735e-07
      vertex 8.95654 16.7565 3.2
      vertex 7.27099 17.5537 3.2
    endloop
  endfacet
  facet normal -0.427553 -0.90399 -0
    outer loop
      vertex 8.95654 16.7565 3.2
      vertex 7.27099 17.5537 -1.90735e-07
      vertex 8.95654 16.7565 -1.90735e-07
    endloop
  endfacet
  facet normal 0.998795 0.0490808 0
    outer loop
      vertex -18.9342 -1.33903 3.2
      vertex -19 8.39233e-07 -1.90735e-07
      vertex -19 8.39233e-07 3.2
    endloop
  endfacet
  facet normal 0.998796 0.0490532 -0
    outer loop
      vertex -18.9085 -1.86232 -1.90735e-07
      vertex -18.9342 -1.33903 3.2
      vertex -18.9085 -1.86232 3.3091
    endloop
  endfacet
  facet normal 0.998795 0.049073 -3.24965e-06
    outer loop
      vertex -18.9342 -1.33903 3.2
      vertex -18.9085 -1.86232 -1.90735e-07
      vertex -19 8.39233e-07 -1.90735e-07
    endloop
  endfacet
  facet normal 0.740916 0.671598 0
    outer loop
      vertex -14.1737 -12.62 3.22444
      vertex -14.6872 -12.0535 -1.90735e-07
      vertex -14.6872 -12.0535 3.35366
    endloop
  endfacet
  facet normal 0.741597 0.670846 -0.000240521
    outer loop
      vertex -14.1197 -12.6797 3.21074
      vertex -14.6872 -12.0535 -1.90735e-07
      vertex -14.1737 -12.62 3.22444
    endloop
  endfacet
  facet normal 0.740455 0.672106 0.000207069
    outer loop
      vertex -14.0764 -12.7274 3.2
      vertex -14.6872 -12.0535 -1.90735e-07
      vertex -14.1197 -12.6797 3.21074
    endloop
  endfacet
  facet normal 0.740915 0.671598 -0
    outer loop
      vertex -13.435 -13.435 -1.90735e-07
      vertex -14.0764 -12.7274 3.2
      vertex -13.435 -13.435 3.2
    endloop
  endfacet
  facet normal 0.740929 0.671583 6.26492e-06
    outer loop
      vertex -14.0764 -12.7274 3.2
      vertex -13.435 -13.435 -1.90735e-07
      vertex -14.6872 -12.0535 -1.90735e-07
    endloop
  endfacet
  facet normal -0.803225 0.595675 0
    outer loop
      vertex 14.6872 -12.0535 -1.90735e-07
      vertex 15.7979 -10.5558 3.2
      vertex 15.7979 -10.5558 -1.90735e-07
    endloop
  endfacet
  facet normal -0.803225 0.595675 0
    outer loop
      vertex 15.7979 -10.5558 3.2
      vertex 14.6872 -12.0535 -1.90735e-07
      vertex 14.6872 -12.0535 3.2
    endloop
  endfacet
  facet normal -0.740929 -0.671583 0
    outer loop
      vertex 14.6872 12.0535 -1.90735e-07
      vertex 13.435 13.435 3.2
      vertex 13.435 13.435 -1.90735e-07
    endloop
  endfacet
  facet normal -0.740929 -0.671583 0
    outer loop
      vertex 13.435 13.435 3.2
      vertex 14.6872 12.0535 -1.90735e-07
      vertex 14.6872 12.0535 3.2
    endloop
  endfacet
  facet normal 0.970038 -0.242953 0
    outer loop
      vertex -18.6349 3.70672 3.2
      vertex -18.1819 5.51541 -1.90735e-07
      vertex -18.1819 5.51541 3.2
    endloop
  endfacet
  facet normal 0.970038 -0.242953 0
    outer loop
      vertex -18.1819 5.51541 -1.90735e-07
      vertex -18.6349 3.70672 3.2
      vertex -18.6349 3.70672 -1.90735e-07
    endloop
  endfacet
  facet normal 0.80324 0.595655 0
    outer loop
      vertex -15.5715 -10.8611 3.59408
      vertex -15.7979 -10.5558 -1.90735e-07
      vertex -15.7979 -10.5558 3.65333
    endloop
  endfacet
  facet normal 0.803399 0.595441 -2.81617e-05
    outer loop
      vertex -15.4564 -11.0164 3.56374
      vertex -15.7979 -10.5558 -1.90735e-07
      vertex -15.5715 -10.8611 3.59408
    endloop
  endfacet
  facet normal 0.802975 0.596013 8.62494e-05
    outer loop
      vertex -15.3795 -11.12 3.54185
      vertex -15.7979 -10.5558 -1.90735e-07
      vertex -15.4564 -11.0164 3.56374
    endloop
  endfacet
  facet normal 0.803196 0.595715 1.28008e-05
    outer loop
      vertex -14.8176 -11.8776 3.38891
      vertex -15.7979 -10.5558 -1.90735e-07
      vertex -15.3795 -11.12 3.54185
    endloop
  endfacet
  facet normal 0.803331 0.595533 -0
    outer loop
      vertex -14.6872 -12.0535 -1.90735e-07
      vertex -14.8176 -11.8776 3.38891
      vertex -14.6872 -12.0535 3.35366
    endloop
  endfacet
  facet normal 0.803225 0.595675 -1.14021e-05
    outer loop
      vertex -14.8176 -11.8776 3.38891
      vertex -14.6872 -12.0535 -1.90735e-07
      vertex -15.7979 -10.5558 -1.90735e-07
    endloop
  endfacet
  facet normal -0.595675 0.803225 0
    outer loop
      vertex 12.0535 -14.6872 -1.90735e-07
      vertex 10.5558 -15.7979 3.2
      vertex 12.0535 -14.6872 3.2
    endloop
  endfacet
  facet normal -0.595675 0.803225 0
    outer loop
      vertex 10.5558 -15.7979 3.2
      vertex 12.0535 -14.6872 -1.90735e-07
      vertex 10.5558 -15.7979 -1.90735e-07
    endloop
  endfacet
  facet normal -0.427553 0.90399 0
    outer loop
      vertex 8.95654 -16.7565 -1.90735e-07
      vertex 7.27099 -17.5537 3.2
      vertex 8.95654 -16.7565 3.2
    endloop
  endfacet
  facet normal -0.427553 0.90399 0
    outer loop
      vertex 7.27099 -17.5537 3.2
      vertex 8.95654 -16.7565 -1.90735e-07
      vertex 7.27099 -17.5537 -1.90735e-07
    endloop
  endfacet
  facet normal 0.970116 0.242641 0
    outer loop
      vertex -18.6295 -3.72831 3.67226
      vertex -18.6349 -3.70672 -1.90735e-07
      vertex -18.6349 -3.70672 3.66851
    endloop
  endfacet
  facet normal 0.969922 0.243414 4.82724e-06
    outer loop
      vertex -18.6171 -3.77772 3.682
      vertex -18.6349 -3.70672 -1.90735e-07
      vertex -18.6295 -3.72831 3.67226
    endloop
  endfacet
  facet normal 0.970046 0.242923 -5.24176e-06
    outer loop
      vertex -18.5567 -4.01891 3.72566
      vertex -18.6349 -3.70672 -1.90735e-07
      vertex -18.6171 -3.77772 3.682
    endloop
  endfacet
  facet normal 0.970046 0.242921 1.11381e-05
    outer loop
      vertex -18.1819 -5.51541 -1.90735e-07
      vertex -18.5567 -4.01891 3.72566
      vertex -18.3601 -4.80399 3.87114
    endloop
  endfacet
  facet normal 0.970022 0.243017 -7.46573e-06
    outer loop
      vertex -18.1819 -5.51541 -1.90735e-07
      vertex -18.3601 -4.80399 3.87114
      vertex -18.3162 -4.97922 3.8951
    endloop
  endfacet
  facet normal 0.969952 0.243295 -4.81886e-05
    outer loop
      vertex -18.1819 -5.51541 -1.90735e-07
      vertex -18.3162 -4.97922 3.8951
      vertex -18.2834 -5.10998 3.91988
    endloop
  endfacet
  facet normal 0.970062 0.242857 -0
    outer loop
      vertex -18.1819 -5.51541 -1.90735e-07
      vertex -18.2834 -5.10998 3.91988
      vertex -18.1819 -5.51541 3.9673
    endloop
  endfacet
  facet normal 0.970038 0.242953 -2.51745e-06
    outer loop
      vertex -18.5567 -4.01891 3.72566
      vertex -18.1819 -5.51541 -1.90735e-07
      vertex -18.6349 -3.70672 -1.90735e-07
    endloop
  endfacet
  facet normal 0.989176 -0.146736 0
    outer loop
      vertex -18.9085 1.86233 3.2
      vertex -18.6349 3.70672 -1.90735e-07
      vertex -18.6349 3.70672 3.2
    endloop
  endfacet
  facet normal 0.989176 -0.146736 0
    outer loop
      vertex -18.6349 3.70672 -1.90735e-07
      vertex -18.9085 1.86233 3.2
      vertex -18.9085 1.86233 -1.90735e-07
    endloop
  endfacet
  facet normal -0.595675 -0.803225 0
    outer loop
      vertex 10.5558 15.7979 -1.90735e-07
      vertex 12.0535 14.6872 3.2
      vertex 10.5558 15.7979 3.2
    endloop
  endfacet
  facet normal -0.595675 -0.803225 -0
    outer loop
      vertex 12.0535 14.6872 3.2
      vertex 10.5558 15.7979 -1.90735e-07
      vertex 12.0535 14.6872 -1.90735e-07
    endloop
  endfacet
  facet normal -0.941536 0.336912 0
    outer loop
      vertex 17.5537 -7.27098 -1.90735e-07
      vertex 18.1819 -5.51541 3.2
      vertex 18.1819 -5.51541 -1.90735e-07
    endloop
  endfacet
  facet normal -0.941536 0.336912 0
    outer loop
      vertex 18.1819 -5.51541 3.2
      vertex 17.5537 -7.27098 -1.90735e-07
      vertex 17.5537 -7.27098 3.2
    endloop
  endfacet
  facet normal -0.146736 0.989176 0
    outer loop
      vertex 3.70672 -18.6349 -1.90735e-07
      vertex 1.86233 -18.9085 3.2
      vertex 3.70672 -18.6349 3.2
    endloop
  endfacet
  facet normal -0.146736 0.989176 0
    outer loop
      vertex 1.86233 -18.9085 3.2
      vertex 3.70672 -18.6349 -1.90735e-07
      vertex 1.86233 -18.9085 -1.90735e-07
    endloop
  endfacet
  facet normal -0.0490728 0.998795 0
    outer loop
      vertex 1.86233 -18.9085 -1.90735e-07
      vertex 4.19617e-07 -19 3.2
      vertex 1.86233 -18.9085 3.2
    endloop
  endfacet
  facet normal -0.0490728 0.998795 0
    outer loop
      vertex 4.19617e-07 -19 3.2
      vertex 1.86233 -18.9085 -1.90735e-07
      vertex 4.19617e-07 -19 -1.90735e-07
    endloop
  endfacet
  facet normal -0.803225 -0.595675 0
    outer loop
      vertex 15.7979 10.5558 -1.90735e-07
      vertex 14.6872 12.0535 3.2
      vertex 14.6872 12.0535 -1.90735e-07
    endloop
  endfacet
  facet normal -0.803225 -0.595675 0
    outer loop
      vertex 14.6872 12.0535 3.2
      vertex 15.7979 10.5558 -1.90735e-07
      vertex 15.7979 10.5558 3.2
    endloop
  endfacet
  facet normal 0.146736 0.989176 -0
    outer loop
      vertex -1.86233 -18.9085 -1.90735e-07
      vertex -3.70672 -18.6349 3.2
      vertex -1.86233 -18.9085 3.2
    endloop
  endfacet
  facet normal 0.146736 0.989176 0
    outer loop
      vertex -3.70672 -18.6349 3.2
      vertex -1.86233 -18.9085 -1.90735e-07
      vertex -3.70672 -18.6349 -1.90735e-07
    endloop
  endfacet
  facet normal 0.242953 -0.970038 0
    outer loop
      vertex -5.51541 18.1819 -1.90735e-07
      vertex -3.70672 18.6349 3.2
      vertex -5.51541 18.1819 3.2
    endloop
  endfacet
  facet normal 0.242953 -0.970038 0
    outer loop
      vertex -3.70672 18.6349 3.2
      vertex -5.51541 18.1819 -1.90735e-07
      vertex -3.70672 18.6349 -1.90735e-07
    endloop
  endfacet
  facet normal 0.0490728 0.998795 -0
    outer loop
      vertex 4.19617e-07 -19 -1.90735e-07
      vertex -1.86233 -18.9085 3.2
      vertex 4.19617e-07 -19 3.2
    endloop
  endfacet
  facet normal 0.0490728 0.998795 0
    outer loop
      vertex -1.86233 -18.9085 3.2
      vertex 4.19617e-07 -19 -1.90735e-07
      vertex -1.86233 -18.9085 -1.90735e-07
    endloop
  endfacet
  facet normal 0.998795 -0.0490728 0
    outer loop
      vertex -19 8.39233e-07 3.2
      vertex -18.9085 1.86233 -1.90735e-07
      vertex -18.9085 1.86233 3.2
    endloop
  endfacet
  facet normal 0.998795 -0.0490728 0
    outer loop
      vertex -18.9085 1.86233 -1.90735e-07
      vertex -19 8.39233e-07 3.2
      vertex -19 8.39233e-07 -1.90735e-07
    endloop
  endfacet
  facet normal 0.90399 -0.427553 0
    outer loop
      vertex -17.5537 7.27099 3.2
      vertex -16.7565 8.95654 -1.90735e-07
      vertex -16.7565 8.95654 3.2
    endloop
  endfacet
  facet normal 0.90399 -0.427553 0
    outer loop
      vertex -16.7565 8.95654 -1.90735e-07
      vertex -17.5537 7.27099 3.2
      vertex -17.5537 7.27099 -1.90735e-07
    endloop
  endfacet
  facet normal 0.671583 0.740929 -0
    outer loop
      vertex -12.0535 -14.6872 -1.90735e-07
      vertex -13.435 -13.435 3.2
      vertex -12.0535 -14.6872 3.2
    endloop
  endfacet
  facet normal 0.671583 0.740929 0
    outer loop
      vertex -13.435 -13.435 3.2
      vertex -12.0535 -14.6872 -1.90735e-07
      vertex -13.435 -13.435 -1.90735e-07
    endloop
  endfacet
  facet normal 0.336911 -0.941537 0
    outer loop
      vertex -7.27099 17.5537 -1.90735e-07
      vertex -5.51541 18.1819 3.2
      vertex -7.27099 17.5537 3.2
    endloop
  endfacet
  facet normal 0.336911 -0.941537 0
    outer loop
      vertex -5.51541 18.1819 3.2
      vertex -7.27099 17.5537 -1.90735e-07
      vertex -5.51541 18.1819 -1.90735e-07
    endloop
  endfacet
  facet normal -0.970038 0.242953 0
    outer loop
      vertex 18.1819 -5.51541 -1.90735e-07
      vertex 18.6349 -3.70672 3.2
      vertex 18.6349 -3.70672 -1.90735e-07
    endloop
  endfacet
  facet normal -0.970038 0.242953 0
    outer loop
      vertex 18.6349 -3.70672 3.2
      vertex 18.1819 -5.51541 -1.90735e-07
      vertex 18.1819 -5.51541 3.2
    endloop
  endfacet
  facet normal -0.740929 0.671583 0
    outer loop
      vertex 13.435 -13.435 -1.90735e-07
      vertex 14.6872 -12.0535 3.2
      vertex 14.6872 -12.0535 -1.90735e-07
    endloop
  endfacet
  facet normal -0.740929 0.671583 0
    outer loop
      vertex 14.6872 -12.0535 3.2
      vertex 13.435 -13.435 -1.90735e-07
      vertex 13.435 -13.435 3.2
    endloop
  endfacet
  facet normal -0.671583 0.740929 0
    outer loop
      vertex 13.435 -13.435 -1.90735e-07
      vertex 12.0535 -14.6872 3.2
      vertex 13.435 -13.435 3.2
    endloop
  endfacet
  facet normal -0.671583 0.740929 0
    outer loop
      vertex 12.0535 -14.6872 3.2
      vertex 13.435 -13.435 -1.90735e-07
      vertex 12.0535 -14.6872 -1.90735e-07
    endloop
  endfacet
  facet normal 0.803225 -0.595675 0
    outer loop
      vertex -15.7979 10.5558 3.2
      vertex -14.6872 12.0535 -1.90735e-07
      vertex -14.6872 12.0535 3.2
    endloop
  endfacet
  facet normal 0.803225 -0.595675 0
    outer loop
      vertex -14.6872 12.0535 -1.90735e-07
      vertex -15.7979 10.5558 3.2
      vertex -15.7979 10.5558 -1.90735e-07
    endloop
  endfacet
  facet normal -0.242953 -0.970038 0
    outer loop
      vertex 3.70672 18.6349 -1.90735e-07
      vertex 5.51541 18.1819 3.2
      vertex 3.70672 18.6349 3.2
    endloop
  endfacet
  facet normal -0.242953 -0.970038 -0
    outer loop
      vertex 5.51541 18.1819 3.2
      vertex 3.70672 18.6349 -1.90735e-07
      vertex 5.51541 18.1819 -1.90735e-07
    endloop
  endfacet
  facet normal 0.857719 -0.514119 0
    outer loop
      vertex -16.7565 8.95654 3.2
      vertex -15.7979 10.5558 -1.90735e-07
      vertex -15.7979 10.5558 3.2
    endloop
  endfacet
  facet normal 0.857719 -0.514119 0
    outer loop
      vertex -15.7979 10.5558 -1.90735e-07
      vertex -16.7565 8.95654 3.2
      vertex -16.7565 8.95654 -1.90735e-07
    endloop
  endfacet
  facet normal 0.514119 -0.857719 0
    outer loop
      vertex -10.5558 15.7979 -1.90735e-07
      vertex -8.95654 16.7565 3.2
      vertex -10.5558 15.7979 3.2
    endloop
  endfacet
  facet normal 0.514119 -0.857719 0
    outer loop
      vertex -8.95654 16.7565 3.2
      vertex -10.5558 15.7979 -1.90735e-07
      vertex -8.95654 16.7565 -1.90735e-07
    endloop
  endfacet
  facet normal 0.427553 -0.90399 0
    outer loop
      vertex -8.95654 16.7565 -1.90735e-07
      vertex -7.27099 17.5537 3.2
      vertex -8.95654 16.7565 3.2
    endloop
  endfacet
  facet normal 0.427553 -0.90399 0
    outer loop
      vertex -7.27099 17.5537 3.2
      vertex -8.95654 16.7565 -1.90735e-07
      vertex -7.27099 17.5537 -1.90735e-07
    endloop
  endfacet
  facet normal -0.242953 0.970038 0
    outer loop
      vertex 5.51541 -18.1819 -1.90735e-07
      vertex 3.70672 -18.6349 3.2
      vertex 5.51541 -18.1819 3.2
    endloop
  endfacet
  facet normal -0.242953 0.970038 0
    outer loop
      vertex 3.70672 -18.6349 3.2
      vertex 5.51541 -18.1819 -1.90735e-07
      vertex 3.70672 -18.6349 -1.90735e-07
    endloop
  endfacet
  facet normal 0.904013 0.427506 0
    outer loop
      vertex -17.1522 -8.12 4.03403
      vertex -17.5537 -7.27098 -1.90735e-07
      vertex -17.5537 -7.27098 4.0648
    endloop
  endfacet
  facet normal 0.903928 0.427685 4.61465e-05
    outer loop
      vertex -17.1226 -8.18256 4.02784
      vertex -17.5537 -7.27098 -1.90735e-07
      vertex -17.1522 -8.12 4.03403
    endloop
  endfacet
  facet normal 0.903921 0.4277 5.03572e-05
    outer loop
      vertex -17.0473 -8.3417 4.00794
      vertex -17.5537 -7.27098 -1.90735e-07
      vertex -17.1226 -8.18256 4.02784
    endloop
  endfacet
  facet normal 0.903988 0.427558 -0
    outer loop
      vertex -16.7565 -8.95654 -1.90735e-07
      vertex -17.0473 -8.3417 4.00794
      vertex -16.7565 -8.95654 3.92517
    endloop
  endfacet
  facet normal 0.903991 0.42755 1.39166e-06
    outer loop
      vertex -17.0473 -8.3417 4.00794
      vertex -16.7565 -8.95654 -1.90735e-07
      vertex -17.5537 -7.27098 -1.90735e-07
    endloop
  endfacet
  facet normal 0.857723 0.514113 0
    outer loop
      vertex -16.6222 -9.1806 3.89126
      vertex -16.7565 -8.95654 -1.90735e-07
      vertex -16.7565 -8.95654 3.92517
    endloop
  endfacet
  facet normal 0.857747 0.514072 -3.18194e-06
    outer loop
      vertex -16.5027 -9.37999 3.85665
      vertex -16.7565 -8.95654 -1.90735e-07
      vertex -16.6222 -9.1806 3.89126
    endloop
  endfacet
  facet normal 0.857769 0.514035 -8.78089e-06
    outer loop
      vertex -16.2998 -9.71857 3.80317
      vertex -16.7565 -8.95654 -1.90735e-07
      vertex -16.5027 -9.37999 3.85665
    endloop
  endfacet
  facet normal 0.857626 0.514275 5.65757e-05
    outer loop
      vertex -16.1334 -9.99606 3.75363
      vertex -16.7565 -8.95654 -1.90735e-07
      vertex -16.2998 -9.71857 3.80317
    endloop
  endfacet
  facet normal 0.857837 0.513922 -7.61304e-05
    outer loop
      vertex -16.0144 -10.1947 3.71534
      vertex -16.7565 -8.95654 -1.90735e-07
      vertex -16.1334 -9.99606 3.75363
    endloop
  endfacet
  facet normal 0.857661 0.514216 -0
    outer loop
      vertex -15.7979 -10.5558 -1.90735e-07
      vertex -16.0144 -10.1947 3.71534
      vertex -15.7979 -10.5558 3.65333
    endloop
  endfacet
  facet normal 0.857719 0.514119 1.28951e-05
    outer loop
      vertex -16.0144 -10.1947 3.71534
      vertex -15.7979 -10.5558 -1.90735e-07
      vertex -16.7565 -8.95654 -1.90735e-07
    endloop
  endfacet
endsolid OpenSCAD_Model
