solid OpenSCAD_Model
  facet normal 0.991448 0.130502 0
    outer loop
      vertex 35.4645 3.10274 8
      vertex 35.0592 6.18187 -3
      vertex 35.0592 6.18187 8
    endloop
  endfacet
  facet normal 0.991448 0.130502 0
    outer loop
      vertex 35.0592 6.18187 -3
      vertex 35.4645 3.10274 8
      vertex 35.4645 3.10274 -3
    endloop
  endfacet
  facet normal 0.999048 0.0436295 0
    outer loop
      vertex 35.6 0 8
      vertex 35.4645 3.10274 -3
      vertex 35.4645 3.10274 8
    endloop
  endfacet
  facet normal 0.999048 0.0436295 0
    outer loop
      vertex 35.4645 3.10274 -3
      vertex 35.6 0 8
      vertex 35.6 0 -3
    endloop
  endfacet
  facet normal 0.976296 0.21644 0
    outer loop
      vertex 35.0592 6.18187 8
      vertex 34.387 9.21396 -3
      vertex 34.387 9.21396 8
    endloop
  endfacet
  facet normal 0.976296 0.21644 0
    outer loop
      vertex 34.387 9.21396 -3
      vertex 35.0592 6.18187 8
      vertex 35.0592 6.18187 -3
    endloop
  endfacet
  facet normal -0.608743 0.793368 0
    outer loop
      vertex -20.4193 29.1618 5.5
      vertex -22.6302 27.4654 8
      vertex -20.4193 29.1618 8
    endloop
  endfacet
  facet normal -0.608743 0.793368 0
    outer loop
      vertex -22.6302 27.4654 8
      vertex -20.4193 29.1618 5.5
      vertex -22.6302 27.4654 5.5
    endloop
  endfacet
  facet normal -0.608758 0.793356 0
    outer loop
      vertex -20.4193 29.1618 -3
      vertex -22.8832 27.2712 -0.0999994
      vertex -20.4193 29.1618 -0.0999994
    endloop
  endfacet
  facet normal -0.608758 0.793356 0
    outer loop
      vertex -22.8832 27.2712 -0.0999994
      vertex -20.4193 29.1618 -3
      vertex -22.8832 27.2712 -3
    endloop
  endfacet
  facet normal -0.991448 0.130502 0
    outer loop
      vertex -35.4645 3.10274 -3
      vertex -35.0592 6.18187 8
      vertex -35.0592 6.18187 -3
    endloop
  endfacet
  facet normal -0.991448 0.130502 0
    outer loop
      vertex -35.0592 6.18187 8
      vertex -35.4645 3.10274 -3
      vertex -35.4645 3.10274 8
    endloop
  endfacet
  facet normal 0.300707 -0.953717 0
    outer loop
      vertex 9.21396 -34.387 -3
      vertex 12.1759 -33.4531 8
      vertex 9.21396 -34.387 8
    endloop
  endfacet
  facet normal 0.300707 -0.953717 0
    outer loop
      vertex 12.1759 -33.4531 8
      vertex 9.21396 -34.387 -3
      vertex 12.1759 -33.4531 -3
    endloop
  endfacet
  facet normal -0.73728 -0.675588 0
    outer loop
      vertex -25.173 -25.173 -3
      vertex -27.2712 -22.8832 8
      vertex -27.2712 -22.8832 -3
    endloop
  endfacet
  facet normal -0.73728 -0.675588 0
    outer loop
      vertex -27.2712 -22.8832 8
      vertex -25.173 -25.173 -3
      vertex -25.173 -25.173 8
    endloop
  endfacet
  facet normal 0 0 -1
    outer loop
      vertex 33.6 0 -3
      vertex 35.6 0 -3
      vertex 35.4645 -3.10274 -3
    endloop
  endfacet
  facet normal 0 0 -1
    outer loop
      vertex 33.4721 -2.92842 -3
      vertex 35.4645 -3.10274 -3
      vertex 35.0592 -6.18187 -3
    endloop
  endfacet
  facet normal 0 0 -1
    outer loop
      vertex 35.6 0 -3
      vertex 33.6 0 -3
      vertex 35.4645 3.10274 -3
    endloop
  endfacet
  facet normal 0 0 -1
    outer loop
      vertex 33.0895 -5.83456 -3
      vertex 35.0592 -6.18187 -3
      vertex 34.387 -9.21396 -3
    endloop
  endfacet
  facet normal 0 0 -1
    outer loop
      vertex 33.4721 2.92842 -3
      vertex 35.4645 3.10274 -3
      vertex 33.6 0 -3
    endloop
  endfacet
  facet normal -0 0 -1
    outer loop
      vertex 35.4645 3.10274 -3
      vertex 33.4721 2.92842 -3
      vertex 35.0592 6.18187 -3
    endloop
  endfacet
  facet normal 0 0 -1
    outer loop
      vertex 35.4645 -3.10274 -3
      vertex 33.4721 -2.92842 -3
      vertex 33.6 0 -3
    endloop
  endfacet
  facet normal 0 0 -1
    outer loop
      vertex 32.4551 -8.69632 -3
      vertex 34.387 -9.21396 -3
      vertex 33.4531 -12.1759 -3
    endloop
  endfacet
  facet normal 0 0 -1
    outer loop
      vertex 35.0592 -6.18187 -3
      vertex 33.0895 -5.83456 -3
      vertex 33.4721 -2.92842 -3
    endloop
  endfacet
  facet normal 0 0 -1
    outer loop
      vertex 34.387 -9.21396 -3
      vertex 32.4551 -8.69632 -3
      vertex 33.0895 -5.83456 -3
    endloop
  endfacet
  facet normal 0 0 -1
    outer loop
      vertex 31.5737 -11.4919 -3
      vertex 33.4531 -12.1759 -3
      vertex 32.2646 -15.0452 -3
    endloop
  endfacet
  facet normal 0 0 -1
    outer loop
      vertex 33.4531 -12.1759 -3
      vertex 31.5737 -11.4919 -3
      vertex 32.4551 -8.69632 -3
    endloop
  endfacet
  facet normal 0 0 -1
    outer loop
      vertex 30.4519 -14.2 -3
      vertex 32.2646 -15.0452 -3
      vertex 30.8305 -17.8 -3
    endloop
  endfacet
  facet normal 0 0 -1
    outer loop
      vertex 32.2646 -15.0452 -3
      vertex 30.4519 -14.2 -3
      vertex 31.5737 -11.4919 -3
    endloop
  endfacet
  facet normal 0 0 -1
    outer loop
      vertex 29.0984 -16.8 -3
      vertex 30.8305 -17.8 -3
      vertex 29.1618 -20.4193 -3
    endloop
  endfacet
  facet normal 0 0 -1
    outer loop
      vertex 30.8305 -17.8 -3
      vertex 29.0984 -16.8 -3
      vertex 30.4519 -14.2 -3
    endloop
  endfacet
  facet normal 0 0 -1
    outer loop
      vertex 29.1618 -20.4193 -3
      vertex 27.5235 -19.2722 -3
      vertex 29.0984 -16.8 -3
    endloop
  endfacet
  facet normal 0 0 -1
    outer loop
      vertex 27.2712 -22.8832 -3
      vertex 27.5235 -19.2722 -3
      vertex 29.1618 -20.4193 -3
    endloop
  endfacet
  facet normal 0 0 -1
    outer loop
      vertex 27.2712 -22.8832 -3
      vertex 25.7391 -21.5977 -3
      vertex 27.5235 -19.2722 -3
    endloop
  endfacet
  facet normal 0 0 -1
    outer loop
      vertex 25.173 -25.173 -3
      vertex 25.7391 -21.5977 -3
      vertex 27.2712 -22.8832 -3
    endloop
  endfacet
  facet normal 0 0 -1
    outer loop
      vertex 25.173 -25.173 -3
      vertex 23.7588 -23.7588 -3
      vertex 25.7391 -21.5977 -3
    endloop
  endfacet
  facet normal 0 0 -1
    outer loop
      vertex 22.8832 -27.2712 -3
      vertex 23.7588 -23.7588 -3
      vertex 25.173 -25.173 -3
    endloop
  endfacet
  facet normal 0 0 -1
    outer loop
      vertex 22.8832 -27.2712 -3
      vertex 21.5977 -25.7391 -3
      vertex 23.7588 -23.7588 -3
    endloop
  endfacet
  facet normal 0 0 -1
    outer loop
      vertex 20.4193 -29.1618 -3
      vertex 21.5977 -25.7391 -3
      vertex 22.8832 -27.2712 -3
    endloop
  endfacet
  facet normal 0 0 -1
    outer loop
      vertex 20.4193 -29.1618 -3
      vertex 19.2722 -27.5235 -3
      vertex 21.5977 -25.7391 -3
    endloop
  endfacet
  facet normal 0 0 -1
    outer loop
      vertex 17.8 -30.8305 -3
      vertex 19.2722 -27.5235 -3
      vertex 20.4193 -29.1618 -3
    endloop
  endfacet
  facet normal 0 0 -1
    outer loop
      vertex 17.8 -30.8305 -3
      vertex 16.8 -29.0984 -3
      vertex 19.2722 -27.5235 -3
    endloop
  endfacet
  facet normal 0 0 -1
    outer loop
      vertex 15.0452 -32.2646 -3
      vertex 16.8 -29.0984 -3
      vertex 17.8 -30.8305 -3
    endloop
  endfacet
  facet normal 0 0 -1
    outer loop
      vertex 15.0452 -32.2646 -3
      vertex 14.2 -30.4519 -3
      vertex 16.8 -29.0984 -3
    endloop
  endfacet
  facet normal 0 0 -1
    outer loop
      vertex 12.1759 -33.4531 -3
      vertex 14.2 -30.4519 -3
      vertex 15.0452 -32.2646 -3
    endloop
  endfacet
  facet normal 0 0 -1
    outer loop
      vertex 12.1759 -33.4531 -3
      vertex 11.4919 -31.5737 -3
      vertex 14.2 -30.4519 -3
    endloop
  endfacet
  facet normal 0 0 -1
    outer loop
      vertex 9.21396 -34.387 -3
      vertex 11.4919 -31.5737 -3
      vertex 12.1759 -33.4531 -3
    endloop
  endfacet
  facet normal 0 0 -1
    outer loop
      vertex 9.21396 -34.387 -3
      vertex 8.69632 -32.4551 -3
      vertex 11.4919 -31.5737 -3
    endloop
  endfacet
  facet normal 0 0 -1
    outer loop
      vertex 6.18187 -35.0592 -3
      vertex 8.69632 -32.4551 -3
      vertex 9.21396 -34.387 -3
    endloop
  endfacet
  facet normal 0 0 -1
    outer loop
      vertex 6.18187 -35.0592 -3
      vertex 5.83456 -33.0895 -3
      vertex 8.69632 -32.4551 -3
    endloop
  endfacet
  facet normal 0 0 -1
    outer loop
      vertex 3.10274 -35.4645 -3
      vertex 5.83456 -33.0895 -3
      vertex 6.18187 -35.0592 -3
    endloop
  endfacet
  facet normal 0 0 -1
    outer loop
      vertex 3.10274 -35.4645 -3
      vertex 2.92842 -33.4721 -3
      vertex 5.83456 -33.0895 -3
    endloop
  endfacet
  facet normal 0 0 -1
    outer loop
      vertex 0 -35.6 -3
      vertex 2.92842 -33.4721 -3
      vertex 3.10274 -35.4645 -3
    endloop
  endfacet
  facet normal 0 0 -1
    outer loop
      vertex 0 -35.6 -3
      vertex 0 -33.6 -3
      vertex 2.92842 -33.4721 -3
    endloop
  endfacet
  facet normal 0 0 -1
    outer loop
      vertex 0 -35.6 -3
      vertex -2.92842 -33.4721 -3
      vertex 0 -33.6 -3
    endloop
  endfacet
  facet normal 0 0 -1
    outer loop
      vertex -3.10274 -35.4645 -3
      vertex -2.92842 -33.4721 -3
      vertex 0 -35.6 -3
    endloop
  endfacet
  facet normal 0 0 -1
    outer loop
      vertex -3.10274 -35.4645 -3
      vertex -5.83456 -33.0895 -3
      vertex -2.92842 -33.4721 -3
    endloop
  endfacet
  facet normal 0 0 -1
    outer loop
      vertex -6.18187 -35.0592 -3
      vertex -5.83456 -33.0895 -3
      vertex -3.10274 -35.4645 -3
    endloop
  endfacet
  facet normal 0 0 -1
    outer loop
      vertex -6.18187 -35.0592 -3
      vertex -8.69632 -32.4551 -3
      vertex -5.83456 -33.0895 -3
    endloop
  endfacet
  facet normal 0 0 -1
    outer loop
      vertex -9.21396 -34.387 -3
      vertex -8.69632 -32.4551 -3
      vertex -6.18187 -35.0592 -3
    endloop
  endfacet
  facet normal 0 0 -1
    outer loop
      vertex -9.21396 -34.387 -3
      vertex -11.4919 -31.5737 -3
      vertex -8.69632 -32.4551 -3
    endloop
  endfacet
  facet normal 0 0 -1
    outer loop
      vertex -12.1759 -33.4531 -3
      vertex -11.4919 -31.5737 -3
      vertex -9.21396 -34.387 -3
    endloop
  endfacet
  facet normal 0 0 -1
    outer loop
      vertex -12.1759 -33.4531 -3
      vertex -14.2 -30.4519 -3
      vertex -11.4919 -31.5737 -3
    endloop
  endfacet
  facet normal 0 0 -1
    outer loop
      vertex -15.0452 -32.2646 -3
      vertex -14.2 -30.4519 -3
      vertex -12.1759 -33.4531 -3
    endloop
  endfacet
  facet normal 0 0 -1
    outer loop
      vertex -15.0452 -32.2646 -3
      vertex -16.8 -29.0984 -3
      vertex -14.2 -30.4519 -3
    endloop
  endfacet
  facet normal 0 0 -1
    outer loop
      vertex -17.8 -30.8305 -3
      vertex -16.8 -29.0984 -3
      vertex -15.0452 -32.2646 -3
    endloop
  endfacet
  facet normal 0 0 -1
    outer loop
      vertex -17.8 -30.8305 -3
      vertex -19.2722 -27.5235 -3
      vertex -16.8 -29.0984 -3
    endloop
  endfacet
  facet normal 0 0 -1
    outer loop
      vertex -20.4193 -29.1618 -3
      vertex -19.2722 -27.5235 -3
      vertex -17.8 -30.8305 -3
    endloop
  endfacet
  facet normal 0 0 -1
    outer loop
      vertex -20.4193 -29.1618 -3
      vertex -21.5977 -25.7391 -3
      vertex -19.2722 -27.5235 -3
    endloop
  endfacet
  facet normal 0 0 -1
    outer loop
      vertex -22.8832 -27.2712 -3
      vertex -21.5977 -25.7391 -3
      vertex -20.4193 -29.1618 -3
    endloop
  endfacet
  facet normal 0 0 -1
    outer loop
      vertex -22.8832 -27.2712 -3
      vertex -23.7588 -23.7588 -3
      vertex -21.5977 -25.7391 -3
    endloop
  endfacet
  facet normal 0 0 -1
    outer loop
      vertex -25.173 -25.173 -3
      vertex -23.7588 -23.7588 -3
      vertex -22.8832 -27.2712 -3
    endloop
  endfacet
  facet normal 0 0 -1
    outer loop
      vertex -25.173 -25.173 -3
      vertex -25.7391 -21.5977 -3
      vertex -23.7588 -23.7588 -3
    endloop
  endfacet
  facet normal 0 0 -1
    outer loop
      vertex -27.2712 -22.8832 -3
      vertex -25.7391 -21.5977 -3
      vertex -25.173 -25.173 -3
    endloop
  endfacet
  facet normal 0 0 -1
    outer loop
      vertex -27.2712 -22.8832 -3
      vertex -27.5235 -19.2722 -3
      vertex -25.7391 -21.5977 -3
    endloop
  endfacet
  facet normal 0 0 -1
    outer loop
      vertex -29.1618 -20.4193 -3
      vertex -27.5235 -19.2722 -3
      vertex -27.2712 -22.8832 -3
    endloop
  endfacet
  facet normal -0 0 -1
    outer loop
      vertex -27.5235 -19.2722 -3
      vertex -29.1618 -20.4193 -3
      vertex -29.0984 -16.8 -3
    endloop
  endfacet
  facet normal 0 0 -1
    outer loop
      vertex -30.8305 -17.8 -3
      vertex -29.0984 -16.8 -3
      vertex -29.1618 -20.4193 -3
    endloop
  endfacet
  facet normal -0 0 -1
    outer loop
      vertex -29.0984 -16.8 -3
      vertex -30.8305 -17.8 -3
      vertex -30.4519 -14.2 -3
    endloop
  endfacet
  facet normal 0 0 -1
    outer loop
      vertex -32.2646 -15.0452 -3
      vertex -30.4519 -14.2 -3
      vertex -30.8305 -17.8 -3
    endloop
  endfacet
  facet normal -0 0 -1
    outer loop
      vertex -30.4519 -14.2 -3
      vertex -32.2646 -15.0452 -3
      vertex -31.5737 -11.4919 -3
    endloop
  endfacet
  facet normal 0 0 -1
    outer loop
      vertex -33.4531 -12.1759 -3
      vertex -31.5737 -11.4919 -3
      vertex -32.2646 -15.0452 -3
    endloop
  endfacet
  facet normal -0 0 -1
    outer loop
      vertex -31.5737 -11.4919 -3
      vertex -33.4531 -12.1759 -3
      vertex -32.4551 -8.69632 -3
    endloop
  endfacet
  facet normal 0 0 -1
    outer loop
      vertex -34.387 -9.21396 -3
      vertex -32.4551 -8.69632 -3
      vertex -33.4531 -12.1759 -3
    endloop
  endfacet
  facet normal -0 0 -1
    outer loop
      vertex -32.4551 -8.69632 -3
      vertex -34.387 -9.21396 -3
      vertex -33.0895 -5.83456 -3
    endloop
  endfacet
  facet normal 0 0 -1
    outer loop
      vertex -35.0592 -6.18187 -3
      vertex -33.0895 -5.83456 -3
      vertex -34.387 -9.21396 -3
    endloop
  endfacet
  facet normal -0 0 -1
    outer loop
      vertex -33.0895 -5.83456 -3
      vertex -35.0592 -6.18187 -3
      vertex -33.4721 -2.92842 -3
    endloop
  endfacet
  facet normal 0 0 -1
    outer loop
      vertex 33.0895 5.83456 -3
      vertex 35.0592 6.18187 -3
      vertex 33.4721 2.92842 -3
    endloop
  endfacet
  facet normal -0 0 -1
    outer loop
      vertex 35.0592 6.18187 -3
      vertex 33.0895 5.83456 -3
      vertex 34.387 9.21396 -3
    endloop
  endfacet
  facet normal 0 0 -1
    outer loop
      vertex 32.4551 8.69632 -3
      vertex 34.387 9.21396 -3
      vertex 33.0895 5.83456 -3
    endloop
  endfacet
  facet normal -0 0 -1
    outer loop
      vertex 34.387 9.21396 -3
      vertex 32.4551 8.69632 -3
      vertex 33.4531 12.1759 -3
    endloop
  endfacet
  facet normal 0 0 -1
    outer loop
      vertex 31.5737 11.4919 -3
      vertex 33.4531 12.1759 -3
      vertex 32.4551 8.69632 -3
    endloop
  endfacet
  facet normal -0 0 -1
    outer loop
      vertex 33.4531 12.1759 -3
      vertex 31.5737 11.4919 -3
      vertex 32.2646 15.0452 -3
    endloop
  endfacet
  facet normal 0 0 -1
    outer loop
      vertex 30.4519 14.2 -3
      vertex 32.2646 15.0452 -3
      vertex 31.5737 11.4919 -3
    endloop
  endfacet
  facet normal -0 0 -1
    outer loop
      vertex 32.2646 15.0452 -3
      vertex 30.4519 14.2 -3
      vertex 30.8305 17.8 -3
    endloop
  endfacet
  facet normal 0 0 -1
    outer loop
      vertex 29.0984 16.8 -3
      vertex 30.8305 17.8 -3
      vertex 30.4519 14.2 -3
    endloop
  endfacet
  facet normal -0 0 -1
    outer loop
      vertex 30.8305 17.8 -3
      vertex 29.0984 16.8 -3
      vertex 29.1618 20.4193 -3
    endloop
  endfacet
  facet normal 0 0 -1
    outer loop
      vertex 27.5235 19.2722 -3
      vertex 29.1618 20.4193 -3
      vertex 29.0984 16.8 -3
    endloop
  endfacet
  facet normal 0 0 -1
    outer loop
      vertex 27.5235 19.2722 -3
      vertex 27.2712 22.8832 -3
      vertex 29.1618 20.4193 -3
    endloop
  endfacet
  facet normal 0 0 -1
    outer loop
      vertex 25.7391 21.5977 -3
      vertex 27.2712 22.8832 -3
      vertex 27.5235 19.2722 -3
    endloop
  endfacet
  facet normal 0 0 -1
    outer loop
      vertex 25.7391 21.5977 -3
      vertex 25.173 25.173 -3
      vertex 27.2712 22.8832 -3
    endloop
  endfacet
  facet normal 0 0 -1
    outer loop
      vertex 23.7588 23.7588 -3
      vertex 25.173 25.173 -3
      vertex 25.7391 21.5977 -3
    endloop
  endfacet
  facet normal 0 0 -1
    outer loop
      vertex 23.7588 23.7588 -3
      vertex 22.8832 27.2712 -3
      vertex 25.173 25.173 -3
    endloop
  endfacet
  facet normal 0 0 -1
    outer loop
      vertex 21.5977 25.7391 -3
      vertex 22.8832 27.2712 -3
      vertex 23.7588 23.7588 -3
    endloop
  endfacet
  facet normal 0 0 -1
    outer loop
      vertex 21.5977 25.7391 -3
      vertex 20.4193 29.1618 -3
      vertex 22.8832 27.2712 -3
    endloop
  endfacet
  facet normal 0 0 -1
    outer loop
      vertex 19.2722 27.5235 -3
      vertex 20.4193 29.1618 -3
      vertex 21.5977 25.7391 -3
    endloop
  endfacet
  facet normal 0 0 -1
    outer loop
      vertex 19.2722 27.5235 -3
      vertex 17.8 30.8305 -3
      vertex 20.4193 29.1618 -3
    endloop
  endfacet
  facet normal 0 0 -1
    outer loop
      vertex 16.8 29.0984 -3
      vertex 17.8 30.8305 -3
      vertex 19.2722 27.5235 -3
    endloop
  endfacet
  facet normal 0 0 -1
    outer loop
      vertex 16.8 29.0984 -3
      vertex 15.0452 32.2646 -3
      vertex 17.8 30.8305 -3
    endloop
  endfacet
  facet normal 0 0 -1
    outer loop
      vertex 14.2 30.4519 -3
      vertex 15.0452 32.2646 -3
      vertex 16.8 29.0984 -3
    endloop
  endfacet
  facet normal 0 0 -1
    outer loop
      vertex 14.2 30.4519 -3
      vertex 12.1759 33.4531 -3
      vertex 15.0452 32.2646 -3
    endloop
  endfacet
  facet normal 0 0 -1
    outer loop
      vertex 11.4919 31.5737 -3
      vertex 12.1759 33.4531 -3
      vertex 14.2 30.4519 -3
    endloop
  endfacet
  facet normal 0 0 -1
    outer loop
      vertex 11.4919 31.5737 -3
      vertex 9.21396 34.387 -3
      vertex 12.1759 33.4531 -3
    endloop
  endfacet
  facet normal 0 0 -1
    outer loop
      vertex 8.69632 32.4551 -3
      vertex 9.21396 34.387 -3
      vertex 11.4919 31.5737 -3
    endloop
  endfacet
  facet normal 0 0 -1
    outer loop
      vertex 8.69632 32.4551 -3
      vertex 6.18187 35.0592 -3
      vertex 9.21396 34.387 -3
    endloop
  endfacet
  facet normal 0 0 -1
    outer loop
      vertex 5.83456 33.0895 -3
      vertex 6.18187 35.0592 -3
      vertex 8.69632 32.4551 -3
    endloop
  endfacet
  facet normal 0 0 -1
    outer loop
      vertex 5.83456 33.0895 -3
      vertex 3.10274 35.4645 -3
      vertex 6.18187 35.0592 -3
    endloop
  endfacet
  facet normal 0 0 -1
    outer loop
      vertex 2.92842 33.4721 -3
      vertex 3.10274 35.4645 -3
      vertex 5.83456 33.0895 -3
    endloop
  endfacet
  facet normal 0 0 -1
    outer loop
      vertex 0 33.6 -3
      vertex 3.10274 35.4645 -3
      vertex 2.92842 33.4721 -3
    endloop
  endfacet
  facet normal 0 0 -1
    outer loop
      vertex 0 33.6 -3
      vertex 0 35.6 -3
      vertex 3.10274 35.4645 -3
    endloop
  endfacet
  facet normal 0 0 -1
    outer loop
      vertex -2.92842 33.4721 -3
      vertex 0 35.6 -3
      vertex 0 33.6 -3
    endloop
  endfacet
  facet normal 0 0 -1
    outer loop
      vertex -2.92842 33.4721 -3
      vertex -3.10274 35.4645 -3
      vertex 0 35.6 -3
    endloop
  endfacet
  facet normal 0 0 -1
    outer loop
      vertex -5.83456 33.0895 -3
      vertex -3.10274 35.4645 -3
      vertex -2.92842 33.4721 -3
    endloop
  endfacet
  facet normal 0 0 -1
    outer loop
      vertex -5.83456 33.0895 -3
      vertex -6.18187 35.0592 -3
      vertex -3.10274 35.4645 -3
    endloop
  endfacet
  facet normal 0 0 -1
    outer loop
      vertex -8.69632 32.4551 -3
      vertex -6.18187 35.0592 -3
      vertex -5.83456 33.0895 -3
    endloop
  endfacet
  facet normal 0 0 -1
    outer loop
      vertex -8.69632 32.4551 -3
      vertex -9.21396 34.387 -3
      vertex -6.18187 35.0592 -3
    endloop
  endfacet
  facet normal 0 0 -1
    outer loop
      vertex -11.4919 31.5737 -3
      vertex -9.21396 34.387 -3
      vertex -8.69632 32.4551 -3
    endloop
  endfacet
  facet normal 0 0 -1
    outer loop
      vertex -11.4919 31.5737 -3
      vertex -12.1759 33.4531 -3
      vertex -9.21396 34.387 -3
    endloop
  endfacet
  facet normal 0 0 -1
    outer loop
      vertex -14.2 30.4519 -3
      vertex -12.1759 33.4531 -3
      vertex -11.4919 31.5737 -3
    endloop
  endfacet
  facet normal 0 0 -1
    outer loop
      vertex -14.2 30.4519 -3
      vertex -15.0452 32.2646 -3
      vertex -12.1759 33.4531 -3
    endloop
  endfacet
  facet normal 0 0 -1
    outer loop
      vertex -16.8 29.0984 -3
      vertex -15.0452 32.2646 -3
      vertex -14.2 30.4519 -3
    endloop
  endfacet
  facet normal 0 0 -1
    outer loop
      vertex -16.8 29.0984 -3
      vertex -17.8 30.8305 -3
      vertex -15.0452 32.2646 -3
    endloop
  endfacet
  facet normal 0 0 -1
    outer loop
      vertex -19.2722 27.5235 -3
      vertex -17.8 30.8305 -3
      vertex -16.8 29.0984 -3
    endloop
  endfacet
  facet normal 0 0 -1
    outer loop
      vertex -19.2722 27.5235 -3
      vertex -20.4193 29.1618 -3
      vertex -17.8 30.8305 -3
    endloop
  endfacet
  facet normal 0 0 -1
    outer loop
      vertex -21.5977 25.7391 -3
      vertex -20.4193 29.1618 -3
      vertex -19.2722 27.5235 -3
    endloop
  endfacet
  facet normal 0 0 -1
    outer loop
      vertex -21.5977 25.7391 -3
      vertex -22.8832 27.2712 -3
      vertex -20.4193 29.1618 -3
    endloop
  endfacet
  facet normal 0 0 -1
    outer loop
      vertex -23.7588 23.7588 -3
      vertex -22.8832 27.2712 -3
      vertex -21.5977 25.7391 -3
    endloop
  endfacet
  facet normal 0 0 -1
    outer loop
      vertex -23.7588 23.7588 -3
      vertex -25.173 25.173 -3
      vertex -22.8832 27.2712 -3
    endloop
  endfacet
  facet normal 0 0 -1
    outer loop
      vertex -25.7391 21.5977 -3
      vertex -25.173 25.173 -3
      vertex -23.7588 23.7588 -3
    endloop
  endfacet
  facet normal 0 0 -1
    outer loop
      vertex -25.7391 21.5977 -3
      vertex -27.2712 22.8832 -3
      vertex -25.173 25.173 -3
    endloop
  endfacet
  facet normal 0 0 -1
    outer loop
      vertex -27.5235 19.2722 -3
      vertex -27.2712 22.8832 -3
      vertex -25.7391 21.5977 -3
    endloop
  endfacet
  facet normal 0 0 -1
    outer loop
      vertex -29.1618 20.4193 -3
      vertex -27.5235 19.2722 -3
      vertex -29.0984 16.8 -3
    endloop
  endfacet
  facet normal 0 0 -1
    outer loop
      vertex -27.5235 19.2722 -3
      vertex -29.1618 20.4193 -3
      vertex -27.2712 22.8832 -3
    endloop
  endfacet
  facet normal 0 0 -1
    outer loop
      vertex -30.8305 17.8 -3
      vertex -29.0984 16.8 -3
      vertex -30.4519 14.2 -3
    endloop
  endfacet
  facet normal 0 0 -1
    outer loop
      vertex -29.0984 16.8 -3
      vertex -30.8305 17.8 -3
      vertex -29.1618 20.4193 -3
    endloop
  endfacet
  facet normal 0 0 -1
    outer loop
      vertex -32.2646 15.0452 -3
      vertex -30.4519 14.2 -3
      vertex -31.5737 11.4919 -3
    endloop
  endfacet
  facet normal 0 0 -1
    outer loop
      vertex -30.4519 14.2 -3
      vertex -32.2646 15.0452 -3
      vertex -30.8305 17.8 -3
    endloop
  endfacet
  facet normal 0 0 -1
    outer loop
      vertex -33.4531 12.1759 -3
      vertex -31.5737 11.4919 -3
      vertex -32.4551 8.69632 -3
    endloop
  endfacet
  facet normal 0 0 -1
    outer loop
      vertex -34.387 9.21396 -3
      vertex -32.4551 8.69632 -3
      vertex -33.0895 5.83456 -3
    endloop
  endfacet
  facet normal 0 0 -1
    outer loop
      vertex -31.5737 11.4919 -3
      vertex -33.4531 12.1759 -3
      vertex -32.2646 15.0452 -3
    endloop
  endfacet
  facet normal 0 0 -1
    outer loop
      vertex -35.0592 6.18187 -3
      vertex -33.0895 5.83456 -3
      vertex -33.4721 2.92842 -3
    endloop
  endfacet
  facet normal 0 0 -1
    outer loop
      vertex -35.4645 3.10274 -3
      vertex -33.4721 2.92842 -3
      vertex -33.6 0 -3
    endloop
  endfacet
  facet normal 0 0 -1
    outer loop
      vertex -35.4645 -3.10274 -3
      vertex -33.4721 -2.92842 -3
      vertex -35.0592 -6.18187 -3
    endloop
  endfacet
  facet normal 0 0 -1
    outer loop
      vertex -32.4551 8.69632 -3
      vertex -34.387 9.21396 -3
      vertex -33.4531 12.1759 -3
    endloop
  endfacet
  facet normal -0 0 -1
    outer loop
      vertex -33.4721 -2.92842 -3
      vertex -35.4645 -3.10274 -3
      vertex -33.6 0 -3
    endloop
  endfacet
  facet normal 0 0 -1
    outer loop
      vertex -33.0895 5.83456 -3
      vertex -35.0592 6.18187 -3
      vertex -34.387 9.21396 -3
    endloop
  endfacet
  facet normal 0 0 -1
    outer loop
      vertex -35.6 0 -3
      vertex -33.6 0 -3
      vertex -35.4645 -3.10274 -3
    endloop
  endfacet
  facet normal 0 0 -1
    outer loop
      vertex -33.4721 2.92842 -3
      vertex -35.4645 3.10274 -3
      vertex -35.0592 6.18187 -3
    endloop
  endfacet
  facet normal 0 0 -1
    outer loop
      vertex -33.6 0 -3
      vertex -35.6 0 -3
      vertex -35.4645 3.10274 -3
    endloop
  endfacet
  facet normal -0.130502 -0.991448 0
    outer loop
      vertex -6.18187 -35.0592 -3
      vertex -3.10274 -35.4645 8
      vertex -6.18187 -35.0592 8
    endloop
  endfacet
  facet normal -0.130502 -0.991448 -0
    outer loop
      vertex -3.10274 -35.4645 8
      vertex -6.18187 -35.0592 -3
      vertex -3.10274 -35.4645 -3
    endloop
  endfacet
  facet normal -0.953717 -0.300707 0
    outer loop
      vertex -33.4531 -12.1759 -3
      vertex -34.387 -9.21396 8
      vertex -34.387 -9.21396 -3
    endloop
  endfacet
  facet normal -0.953717 -0.300707 0
    outer loop
      vertex -34.387 -9.21396 8
      vertex -33.4531 -12.1759 -3
      vertex -33.4531 -12.1759 8
    endloop
  endfacet
  facet normal 0.73728 -0.675588 0
    outer loop
      vertex 25.173 -25.173 8
      vertex 27.2712 -22.8832 -3
      vertex 27.2712 -22.8832 8
    endloop
  endfacet
  facet normal 0.73728 -0.675588 0
    outer loop
      vertex 27.2712 -22.8832 -3
      vertex 25.173 -25.173 8
      vertex 25.173 -25.173 -3
    endloop
  endfacet
  facet normal -0.21644 0.976296 0
    outer loop
      vertex -6.18187 35.0592 -3
      vertex -9.21396 34.387 8
      vertex -6.18187 35.0592 8
    endloop
  endfacet
  facet normal -0.21644 0.976296 0
    outer loop
      vertex -9.21396 34.387 8
      vertex -6.18187 35.0592 -3
      vertex -9.21396 34.387 -3
    endloop
  endfacet
  facet normal 0.130502 -0.991448 0
    outer loop
      vertex 3.10274 -35.4645 -3
      vertex 6.18187 -35.0592 8
      vertex 3.10274 -35.4645 8
    endloop
  endfacet
  facet normal 0.130502 -0.991448 0
    outer loop
      vertex 6.18187 -35.0592 8
      vertex 3.10274 -35.4645 -3
      vertex 6.18187 -35.0592 -3
    endloop
  endfacet
  facet normal 0.843388 -0.537305 0
    outer loop
      vertex 29.1618 -20.4193 8
      vertex 30.8305 -17.8 -3
      vertex 30.8305 -17.8 8
    endloop
  endfacet
  facet normal 0.843388 -0.537305 0
    outer loop
      vertex 30.8305 -17.8 -3
      vertex 29.1618 -20.4193 8
      vertex 29.1618 -20.4193 -3
    endloop
  endfacet
  facet normal 0.537305 0.843388 -0
    outer loop
      vertex 20.4193 29.1618 -3
      vertex 17.8 30.8305 8
      vertex 20.4193 29.1618 8
    endloop
  endfacet
  facet normal 0.537305 0.843388 0
    outer loop
      vertex 17.8 30.8305 8
      vertex 20.4193 29.1618 -3
      vertex 17.8 30.8305 -3
    endloop
  endfacet
  facet normal 0.675588 -0.73728 0
    outer loop
      vertex 22.8832 -27.2712 -3
      vertex 25.173 -25.173 8
      vertex 22.8832 -27.2712 8
    endloop
  endfacet
  facet normal 0.675588 -0.73728 0
    outer loop
      vertex 25.173 -25.173 8
      vertex 22.8832 -27.2712 -3
      vertex 25.173 -25.173 -3
    endloop
  endfacet
  facet normal 0.887005 -0.461759 0
    outer loop
      vertex 30.8305 -17.8 8
      vertex 32.2646 -15.0452 -3
      vertex 32.2646 -15.0452 8
    endloop
  endfacet
  facet normal 0.887005 -0.461759 0
    outer loop
      vertex 32.2646 -15.0452 -3
      vertex 30.8305 -17.8 8
      vertex 30.8305 -17.8 -3
    endloop
  endfacet
  facet normal -0.0436295 -0.999048 0
    outer loop
      vertex -3.10274 -35.4645 -3
      vertex 0 -35.6 8
      vertex -3.10274 -35.4645 8
    endloop
  endfacet
  facet normal -0.0436295 -0.999048 -0
    outer loop
      vertex 0 -35.6 8
      vertex -3.10274 -35.4645 -3
      vertex 0 -35.6 -3
    endloop
  endfacet
  facet normal -0.991448 -0.130502 0
    outer loop
      vertex -35.0592 -6.18187 -3
      vertex -35.4645 -3.10274 8
      vertex -35.4645 -3.10274 -3
    endloop
  endfacet
  facet normal -0.991448 -0.130502 0
    outer loop
      vertex -35.4645 -3.10274 8
      vertex -35.0592 -6.18187 -3
      vertex -35.0592 -6.18187 8
    endloop
  endfacet
  facet normal 0.0436295 -0.999048 0
    outer loop
      vertex 0 -35.6 -3
      vertex 3.10274 -35.4645 8
      vertex 0 -35.6 8
    endloop
  endfacet
  facet normal 0.0436295 -0.999048 0
    outer loop
      vertex 3.10274 -35.4645 8
      vertex 0 -35.6 -3
      vertex 3.10274 -35.4645 -3
    endloop
  endfacet
  facet normal -0.953741 0.300629 0
    outer loop
      vertex -33.4531 12.1759 -3
      vertex -33.7824 11.1312 -0.0999994
      vertex -33.4531 12.1759 -0.0999994
    endloop
  endfacet
  facet normal -0.953717 0.300707 3.09209e-05
    outer loop
      vertex -34.387 9.21396 -3
      vertex -33.7824 11.1312 -0.0999994
      vertex -33.4531 12.1759 -3
    endloop
  endfacet
  facet normal -0.953703 0.300749 0
    outer loop
      vertex -34.387 9.21396 8
      vertex -33.7824 11.1312 -0.0999994
      vertex -34.387 9.21396 -3
    endloop
  endfacet
  facet normal -0.953703 0.300749 0
    outer loop
      vertex -33.7824 11.1312 -0.0999994
      vertex -34.387 9.21396 8
      vertex -33.7824 11.1312 8
    endloop
  endfacet
  facet normal 0.21644 -0.976296 0
    outer loop
      vertex 6.18187 -35.0592 -3
      vertex 9.21396 -34.387 8
      vertex 6.18187 -35.0592 8
    endloop
  endfacet
  facet normal 0.21644 -0.976296 0
    outer loop
      vertex 9.21396 -34.387 8
      vertex 6.18187 -35.0592 -3
      vertex 9.21396 -34.387 -3
    endloop
  endfacet
  facet normal 0.976296 -0.21644 0
    outer loop
      vertex 34.387 -9.21396 8
      vertex 35.0592 -6.18187 -3
      vertex 35.0592 -6.18187 8
    endloop
  endfacet
  facet normal 0.976296 -0.21644 0
    outer loop
      vertex 35.0592 -6.18187 -3
      vertex 34.387 -9.21396 8
      vertex 34.387 -9.21396 -3
    endloop
  endfacet
  facet normal -0.300707 0.953717 0
    outer loop
      vertex -9.21396 34.387 -3
      vertex -12.1759 33.4531 8
      vertex -9.21396 34.387 8
    endloop
  endfacet
  facet normal -0.300707 0.953717 0
    outer loop
      vertex -12.1759 33.4531 8
      vertex -9.21396 34.387 -3
      vertex -12.1759 33.4531 -3
    endloop
  endfacet
  facet normal 0.793356 0.608758 0
    outer loop
      vertex 29.1618 20.4193 8
      vertex 27.2712 22.8832 -3
      vertex 27.2712 22.8832 8
    endloop
  endfacet
  facet normal 0.793356 0.608758 0
    outer loop
      vertex 27.2712 22.8832 -3
      vertex 29.1618 20.4193 8
      vertex 29.1618 20.4193 -3
    endloop
  endfacet
  facet normal 0.608758 0.793356 -0
    outer loop
      vertex 22.8832 27.2712 -3
      vertex 20.4193 29.1618 8
      vertex 22.8832 27.2712 8
    endloop
  endfacet
  facet normal 0.608758 0.793356 0
    outer loop
      vertex 20.4193 29.1618 8
      vertex 22.8832 27.2712 -3
      vertex 20.4193 29.1618 -3
    endloop
  endfacet
  facet normal 0.382683 0.92388 -0
    outer loop
      vertex 15.0452 32.2646 -3
      vertex 12.1759 33.4531 8
      vertex 15.0452 32.2646 8
    endloop
  endfacet
  facet normal 0.382683 0.92388 0
    outer loop
      vertex 12.1759 33.4531 8
      vertex 15.0452 32.2646 -3
      vertex 12.1759 33.4531 -3
    endloop
  endfacet
  facet normal 0.843388 0.537305 0
    outer loop
      vertex 30.8305 17.8 8
      vertex 29.1618 20.4193 -3
      vertex 29.1618 20.4193 8
    endloop
  endfacet
  facet normal 0.843388 0.537305 0
    outer loop
      vertex 29.1618 20.4193 -3
      vertex 30.8305 17.8 8
      vertex 30.8305 17.8 -3
    endloop
  endfacet
  facet normal -0.887005 -0.461759 0
    outer loop
      vertex -30.8305 -17.8 -3
      vertex -32.2646 -15.0452 8
      vertex -32.2646 -15.0452 -3
    endloop
  endfacet
  facet normal -0.887005 -0.461759 0
    outer loop
      vertex -32.2646 -15.0452 8
      vertex -30.8305 -17.8 -3
      vertex -30.8305 -17.8 8
    endloop
  endfacet
  facet normal 0.953717 -0.300707 0
    outer loop
      vertex 33.4531 -12.1759 8
      vertex 34.387 -9.21396 -3
      vertex 34.387 -9.21396 8
    endloop
  endfacet
  facet normal 0.953717 -0.300707 0
    outer loop
      vertex 34.387 -9.21396 -3
      vertex 33.4531 -12.1759 8
      vertex 33.4531 -12.1759 -3
    endloop
  endfacet
  facet normal -0.92388 0.382683 0
    outer loop
      vertex -33.4531 12.1759 -3
      vertex -32.2646 15.0452 -0.0999994
      vertex -32.2646 15.0452 -3
    endloop
  endfacet
  facet normal -0.92388 0.382683 0
    outer loop
      vertex -32.2646 15.0452 -0.0999994
      vertex -33.4531 12.1759 -3
      vertex -33.4531 12.1759 -0.0999994
    endloop
  endfacet
  facet normal -0.92388 -0.382683 0
    outer loop
      vertex -32.2646 -15.0452 -3
      vertex -33.4531 -12.1759 8
      vertex -33.4531 -12.1759 -3
    endloop
  endfacet
  facet normal -0.92388 -0.382683 0
    outer loop
      vertex -33.4531 -12.1759 8
      vertex -32.2646 -15.0452 -3
      vertex -32.2646 -15.0452 8
    endloop
  endfacet
  facet normal 0 0 -1
    outer loop
      vertex 25 0 0
      vertex 27.5 0 0
      vertex 27.3953 -2.39677 0
    endloop
  endfacet
  facet normal 0 0 -1
    outer loop
      vertex 24.9049 -2.17889 0
      vertex 27.3953 -2.39677 0
      vertex 27.0822 -4.77531 0
    endloop
  endfacet
  facet normal 0 0 -1
    outer loop
      vertex 27.5 0 0
      vertex 25 0 0
      vertex 27.3953 2.39677 0
    endloop
  endfacet
  facet normal 0 0 -1
    outer loop
      vertex 24.6202 -4.3412 0
      vertex 27.0822 -4.77531 0
      vertex 26.563 -7.11752 0
    endloop
  endfacet
  facet normal 0 0 -1
    outer loop
      vertex 24.9049 2.17889 0
      vertex 27.3953 2.39677 0
      vertex 25 0 0
    endloop
  endfacet
  facet normal 0 0 -1
    outer loop
      vertex 24.1481 -6.47048 0
      vertex 26.563 -7.11752 0
      vertex 25.8415 -9.40555 0
    endloop
  endfacet
  facet normal -0 0 -1
    outer loop
      vertex 27.3953 2.39677 0
      vertex 24.9049 2.17889 0
      vertex 27.0822 4.77531 0
    endloop
  endfacet
  facet normal 0 0 -1
    outer loop
      vertex 24.6202 4.3412 0
      vertex 27.0822 4.77531 0
      vertex 24.9049 2.17889 0
    endloop
  endfacet
  facet normal 0 0 -1
    outer loop
      vertex 23.4923 -8.5505 0
      vertex 25.8415 -9.40555 0
      vertex 24.9235 -11.622 0
    endloop
  endfacet
  facet normal 0 0 -1
    outer loop
      vertex 27.3953 -2.39677 0
      vertex 24.9049 -2.17889 0
      vertex 25 0 0
    endloop
  endfacet
  facet normal 0 0 -1
    outer loop
      vertex 27.0822 -4.77531 0
      vertex 24.6202 -4.3412 0
      vertex 24.9049 -2.17889 0
    endloop
  endfacet
  facet normal 0 0 -1
    outer loop
      vertex 26.563 -7.11752 0
      vertex 24.1481 -6.47048 0
      vertex 24.6202 -4.3412 0
    endloop
  endfacet
  facet normal 0 0 -1
    outer loop
      vertex 22.6577 -10.5655 0
      vertex 24.9235 -11.622 0
      vertex 23.8157 -13.75 0
    endloop
  endfacet
  facet normal 0 0 -1
    outer loop
      vertex 25.8415 -9.40555 0
      vertex 23.4923 -8.5505 0
      vertex 24.1481 -6.47048 0
    endloop
  endfacet
  facet normal 0 0 -1
    outer loop
      vertex 24.9235 -11.622 0
      vertex 22.6577 -10.5655 0
      vertex 23.4923 -8.5505 0
    endloop
  endfacet
  facet normal 0 0 -1
    outer loop
      vertex 21.6506 -12.5 0
      vertex 23.8157 -13.75 0
      vertex 22.5267 -15.7733 0
    endloop
  endfacet
  facet normal 0 0 -1
    outer loop
      vertex 23.8157 -13.75 0
      vertex 21.6506 -12.5 0
      vertex 22.6577 -10.5655 0
    endloop
  endfacet
  facet normal 0 0 -1
    outer loop
      vertex 20.4788 -14.3394 0
      vertex 22.5267 -15.7733 0
      vertex 21.0662 -17.6767 0
    endloop
  endfacet
  facet normal 0 0 -1
    outer loop
      vertex 22.5267 -15.7733 0
      vertex 20.4788 -14.3394 0
      vertex 21.6506 -12.5 0
    endloop
  endfacet
  facet normal 0 0 -1
    outer loop
      vertex 19.1511 -16.0697 0
      vertex 21.0662 -17.6767 0
      vertex 19.4454 -19.4454 0
    endloop
  endfacet
  facet normal 0 0 -1
    outer loop
      vertex 21.0662 -17.6767 0
      vertex 19.1511 -16.0697 0
      vertex 20.4788 -14.3394 0
    endloop
  endfacet
  facet normal 0 0 -1
    outer loop
      vertex 19.4454 -19.4454 0
      vertex 17.6777 -17.6777 0
      vertex 19.1511 -16.0697 0
    endloop
  endfacet
  facet normal 0 0 -1
    outer loop
      vertex 17.6767 -21.0662 0
      vertex 17.6777 -17.6777 0
      vertex 19.4454 -19.4454 0
    endloop
  endfacet
  facet normal 0 0 -1
    outer loop
      vertex 17.6767 -21.0662 0
      vertex 16.0697 -19.1511 0
      vertex 17.6777 -17.6777 0
    endloop
  endfacet
  facet normal 0 0 -1
    outer loop
      vertex 15.7733 -22.5267 0
      vertex 16.0697 -19.1511 0
      vertex 17.6767 -21.0662 0
    endloop
  endfacet
  facet normal 0 0 -1
    outer loop
      vertex 15.7733 -22.5267 0
      vertex 14.3394 -20.4788 0
      vertex 16.0697 -19.1511 0
    endloop
  endfacet
  facet normal 0 0 -1
    outer loop
      vertex 13.75 -23.8157 0
      vertex 14.3394 -20.4788 0
      vertex 15.7733 -22.5267 0
    endloop
  endfacet
  facet normal 0 0 -1
    outer loop
      vertex 13.75 -23.8157 0
      vertex 12.5 -21.6506 0
      vertex 14.3394 -20.4788 0
    endloop
  endfacet
  facet normal 0 0 -1
    outer loop
      vertex 11.622 -24.9235 0
      vertex 12.5 -21.6506 0
      vertex 13.75 -23.8157 0
    endloop
  endfacet
  facet normal 0 0 -1
    outer loop
      vertex 11.622 -24.9235 0
      vertex 10.5655 -22.6577 0
      vertex 12.5 -21.6506 0
    endloop
  endfacet
  facet normal 0 0 -1
    outer loop
      vertex 9.40555 -25.8415 0
      vertex 10.5655 -22.6577 0
      vertex 11.622 -24.9235 0
    endloop
  endfacet
  facet normal 0 0 -1
    outer loop
      vertex 9.40555 -25.8415 0
      vertex 8.5505 -23.4923 0
      vertex 10.5655 -22.6577 0
    endloop
  endfacet
  facet normal 0 0 -1
    outer loop
      vertex 7.11752 -26.563 0
      vertex 8.5505 -23.4923 0
      vertex 9.40555 -25.8415 0
    endloop
  endfacet
  facet normal 0 0 -1
    outer loop
      vertex 7.11752 -26.563 0
      vertex 6.47048 -24.1481 0
      vertex 8.5505 -23.4923 0
    endloop
  endfacet
  facet normal 0 0 -1
    outer loop
      vertex 4.77531 -27.0822 0
      vertex 6.47048 -24.1481 0
      vertex 7.11752 -26.563 0
    endloop
  endfacet
  facet normal 0 0 -1
    outer loop
      vertex 4.77531 -27.0822 0
      vertex 4.3412 -24.6202 0
      vertex 6.47048 -24.1481 0
    endloop
  endfacet
  facet normal 0 0 -1
    outer loop
      vertex 2.39677 -27.3953 0
      vertex 4.3412 -24.6202 0
      vertex 4.77531 -27.0822 0
    endloop
  endfacet
  facet normal 0 0 -1
    outer loop
      vertex 2.39677 -27.3953 0
      vertex 2.17889 -24.9049 0
      vertex 4.3412 -24.6202 0
    endloop
  endfacet
  facet normal 0 0 -1
    outer loop
      vertex 0 -27.5 0
      vertex 2.17889 -24.9049 0
      vertex 2.39677 -27.3953 0
    endloop
  endfacet
  facet normal 0 0 -1
    outer loop
      vertex 0 -27.5 0
      vertex 0 -25 0
      vertex 2.17889 -24.9049 0
    endloop
  endfacet
  facet normal 0 0 -1
    outer loop
      vertex 0 -27.5 0
      vertex -2.17889 -24.9049 0
      vertex 0 -25 0
    endloop
  endfacet
  facet normal 0 0 -1
    outer loop
      vertex -2.39677 -27.3953 0
      vertex -2.17889 -24.9049 0
      vertex 0 -27.5 0
    endloop
  endfacet
  facet normal 0 0 -1
    outer loop
      vertex -2.39677 -27.3953 0
      vertex -4.3412 -24.6202 0
      vertex -2.17889 -24.9049 0
    endloop
  endfacet
  facet normal 0 0 -1
    outer loop
      vertex -4.77531 -27.0822 0
      vertex -4.3412 -24.6202 0
      vertex -2.39677 -27.3953 0
    endloop
  endfacet
  facet normal 0 0 -1
    outer loop
      vertex -4.77531 -27.0822 0
      vertex -6.47048 -24.1481 0
      vertex -4.3412 -24.6202 0
    endloop
  endfacet
  facet normal 0 0 -1
    outer loop
      vertex -7.11752 -26.563 0
      vertex -6.47048 -24.1481 0
      vertex -4.77531 -27.0822 0
    endloop
  endfacet
  facet normal 0 0 -1
    outer loop
      vertex -7.11752 -26.563 0
      vertex -8.5505 -23.4923 0
      vertex -6.47048 -24.1481 0
    endloop
  endfacet
  facet normal 0 0 -1
    outer loop
      vertex -9.40555 -25.8415 0
      vertex -8.5505 -23.4923 0
      vertex -7.11752 -26.563 0
    endloop
  endfacet
  facet normal 0 0 -1
    outer loop
      vertex -9.40555 -25.8415 0
      vertex -10.5655 -22.6577 0
      vertex -8.5505 -23.4923 0
    endloop
  endfacet
  facet normal 0 0 -1
    outer loop
      vertex -11.622 -24.9235 0
      vertex -10.5655 -22.6577 0
      vertex -9.40555 -25.8415 0
    endloop
  endfacet
  facet normal 0 0 -1
    outer loop
      vertex -11.622 -24.9235 0
      vertex -12.5 -21.6506 0
      vertex -10.5655 -22.6577 0
    endloop
  endfacet
  facet normal 0 0 -1
    outer loop
      vertex -13.75 -23.8157 0
      vertex -12.5 -21.6506 0
      vertex -11.622 -24.9235 0
    endloop
  endfacet
  facet normal 0 0 -1
    outer loop
      vertex -13.75 -23.8157 0
      vertex -14.3394 -20.4788 0
      vertex -12.5 -21.6506 0
    endloop
  endfacet
  facet normal 0 0 -1
    outer loop
      vertex -15.7733 -22.5267 0
      vertex -14.3394 -20.4788 0
      vertex -13.75 -23.8157 0
    endloop
  endfacet
  facet normal 0 0 -1
    outer loop
      vertex -15.7733 -22.5267 0
      vertex -16.0697 -19.1511 0
      vertex -14.3394 -20.4788 0
    endloop
  endfacet
  facet normal 0 0 -1
    outer loop
      vertex -17.6767 -21.0662 0
      vertex -16.0697 -19.1511 0
      vertex -15.7733 -22.5267 0
    endloop
  endfacet
  facet normal 0 0 -1
    outer loop
      vertex -17.6767 -21.0662 0
      vertex -17.6777 -17.6777 0
      vertex -16.0697 -19.1511 0
    endloop
  endfacet
  facet normal 0 0 -1
    outer loop
      vertex -19.4454 -19.4454 0
      vertex -17.6777 -17.6777 0
      vertex -17.6767 -21.0662 0
    endloop
  endfacet
  facet normal -0 0 -1
    outer loop
      vertex -17.6777 -17.6777 0
      vertex -19.4454 -19.4454 0
      vertex -19.1511 -16.0697 0
    endloop
  endfacet
  facet normal 0 0 -1
    outer loop
      vertex -21.0662 -17.6767 0
      vertex -19.1511 -16.0697 0
      vertex -19.4454 -19.4454 0
    endloop
  endfacet
  facet normal -0 0 -1
    outer loop
      vertex -19.1511 -16.0697 0
      vertex -21.0662 -17.6767 0
      vertex -20.4788 -14.3394 0
    endloop
  endfacet
  facet normal 0 0 -1
    outer loop
      vertex -22.5267 -15.7733 0
      vertex -20.4788 -14.3394 0
      vertex -21.0662 -17.6767 0
    endloop
  endfacet
  facet normal -0 0 -1
    outer loop
      vertex -20.4788 -14.3394 0
      vertex -22.5267 -15.7733 0
      vertex -21.6506 -12.5 0
    endloop
  endfacet
  facet normal 0 0 -1
    outer loop
      vertex -23.8157 -13.75 0
      vertex -21.6506 -12.5 0
      vertex -22.5267 -15.7733 0
    endloop
  endfacet
  facet normal -0 0 -1
    outer loop
      vertex -21.6506 -12.5 0
      vertex -23.8157 -13.75 0
      vertex -22.6577 -10.5655 0
    endloop
  endfacet
  facet normal 0 0 -1
    outer loop
      vertex -24.9235 -11.622 0
      vertex -22.6577 -10.5655 0
      vertex -23.8157 -13.75 0
    endloop
  endfacet
  facet normal -0 0 -1
    outer loop
      vertex -22.6577 -10.5655 0
      vertex -24.9235 -11.622 0
      vertex -23.4923 -8.5505 0
    endloop
  endfacet
  facet normal 0 0 -1
    outer loop
      vertex -25.8415 -9.40555 0
      vertex -23.4923 -8.5505 0
      vertex -24.9235 -11.622 0
    endloop
  endfacet
  facet normal -0 0 -1
    outer loop
      vertex -23.4923 -8.5505 0
      vertex -25.8415 -9.40555 0
      vertex -24.1481 -6.47048 0
    endloop
  endfacet
  facet normal 0 0 -1
    outer loop
      vertex -26.563 -7.11752 0
      vertex -24.1481 -6.47048 0
      vertex -25.8415 -9.40555 0
    endloop
  endfacet
  facet normal -0 0 -1
    outer loop
      vertex -24.1481 -6.47048 0
      vertex -26.563 -7.11752 0
      vertex -24.6202 -4.3412 0
    endloop
  endfacet
  facet normal 0 0 -1
    outer loop
      vertex -27.0822 -4.77531 0
      vertex -24.6202 -4.3412 0
      vertex -26.563 -7.11752 0
    endloop
  endfacet
  facet normal -0 0 -1
    outer loop
      vertex 27.0822 4.77531 0
      vertex 24.6202 4.3412 0
      vertex 26.563 7.11752 0
    endloop
  endfacet
  facet normal 0 0 -1
    outer loop
      vertex 24.1481 6.47048 0
      vertex 26.563 7.11752 0
      vertex 24.6202 4.3412 0
    endloop
  endfacet
  facet normal -0 0 -1
    outer loop
      vertex 26.563 7.11752 0
      vertex 24.1481 6.47048 0
      vertex 25.8415 9.40555 0
    endloop
  endfacet
  facet normal 0 0 -1
    outer loop
      vertex 23.4923 8.5505 0
      vertex 25.8415 9.40555 0
      vertex 24.1481 6.47048 0
    endloop
  endfacet
  facet normal -0 0 -1
    outer loop
      vertex 25.8415 9.40555 0
      vertex 23.4923 8.5505 0
      vertex 24.9235 11.622 0
    endloop
  endfacet
  facet normal 0 0 -1
    outer loop
      vertex 22.6577 10.5655 0
      vertex 24.9235 11.622 0
      vertex 23.4923 8.5505 0
    endloop
  endfacet
  facet normal -0 0 -1
    outer loop
      vertex 24.9235 11.622 0
      vertex 22.6577 10.5655 0
      vertex 23.8157 13.75 0
    endloop
  endfacet
  facet normal 0 0 -1
    outer loop
      vertex 21.6506 12.5 0
      vertex 23.8157 13.75 0
      vertex 22.6577 10.5655 0
    endloop
  endfacet
  facet normal -0 0 -1
    outer loop
      vertex 23.8157 13.75 0
      vertex 21.6506 12.5 0
      vertex 22.5267 15.7733 0
    endloop
  endfacet
  facet normal 0 0 -1
    outer loop
      vertex 20.4788 14.3394 0
      vertex 22.5267 15.7733 0
      vertex 21.6506 12.5 0
    endloop
  endfacet
  facet normal -0 0 -1
    outer loop
      vertex 22.5267 15.7733 0
      vertex 20.4788 14.3394 0
      vertex 21.0662 17.6767 0
    endloop
  endfacet
  facet normal 0 0 -1
    outer loop
      vertex 19.1511 16.0697 0
      vertex 21.0662 17.6767 0
      vertex 20.4788 14.3394 0
    endloop
  endfacet
  facet normal -0 0 -1
    outer loop
      vertex 21.0662 17.6767 0
      vertex 19.1511 16.0697 0
      vertex 19.4454 19.4454 0
    endloop
  endfacet
  facet normal 0 0 -1
    outer loop
      vertex 17.6777 17.6777 0
      vertex 19.4454 19.4454 0
      vertex 19.1511 16.0697 0
    endloop
  endfacet
  facet normal 0 0 -1
    outer loop
      vertex 17.6777 17.6777 0
      vertex 17.6767 21.0662 0
      vertex 19.4454 19.4454 0
    endloop
  endfacet
  facet normal 0 0 -1
    outer loop
      vertex 16.0697 19.1511 0
      vertex 17.6767 21.0662 0
      vertex 17.6777 17.6777 0
    endloop
  endfacet
  facet normal 0 0 -1
    outer loop
      vertex 16.0697 19.1511 0
      vertex 15.7733 22.5267 0
      vertex 17.6767 21.0662 0
    endloop
  endfacet
  facet normal 0 0 -1
    outer loop
      vertex 14.3394 20.4788 0
      vertex 15.7733 22.5267 0
      vertex 16.0697 19.1511 0
    endloop
  endfacet
  facet normal 0 0 -1
    outer loop
      vertex 14.3394 20.4788 0
      vertex 13.75 23.8157 0
      vertex 15.7733 22.5267 0
    endloop
  endfacet
  facet normal 0 0 -1
    outer loop
      vertex 12.5 21.6506 0
      vertex 13.75 23.8157 0
      vertex 14.3394 20.4788 0
    endloop
  endfacet
  facet normal 0 0 -1
    outer loop
      vertex 12.5 21.6506 0
      vertex 11.622 24.9235 0
      vertex 13.75 23.8157 0
    endloop
  endfacet
  facet normal 0 0 -1
    outer loop
      vertex 10.5655 22.6577 0
      vertex 11.622 24.9235 0
      vertex 12.5 21.6506 0
    endloop
  endfacet
  facet normal 0 0 -1
    outer loop
      vertex 10.5655 22.6577 0
      vertex 9.40555 25.8415 0
      vertex 11.622 24.9235 0
    endloop
  endfacet
  facet normal 0 0 -1
    outer loop
      vertex 8.5505 23.4923 0
      vertex 9.40555 25.8415 0
      vertex 10.5655 22.6577 0
    endloop
  endfacet
  facet normal 0 0 -1
    outer loop
      vertex 8.5505 23.4923 0
      vertex 7.11752 26.563 0
      vertex 9.40555 25.8415 0
    endloop
  endfacet
  facet normal 0 0 -1
    outer loop
      vertex 6.47048 24.1481 0
      vertex 7.11752 26.563 0
      vertex 8.5505 23.4923 0
    endloop
  endfacet
  facet normal 0 0 -1
    outer loop
      vertex 6.47048 24.1481 0
      vertex 4.77531 27.0822 0
      vertex 7.11752 26.563 0
    endloop
  endfacet
  facet normal 0 0 -1
    outer loop
      vertex 4.3412 24.6202 0
      vertex 4.77531 27.0822 0
      vertex 6.47048 24.1481 0
    endloop
  endfacet
  facet normal 0 0 -1
    outer loop
      vertex 4.3412 24.6202 0
      vertex 2.39677 27.3953 0
      vertex 4.77531 27.0822 0
    endloop
  endfacet
  facet normal 0 0 -1
    outer loop
      vertex 2.17889 24.9049 0
      vertex 2.39677 27.3953 0
      vertex 4.3412 24.6202 0
    endloop
  endfacet
  facet normal 0 0 -1
    outer loop
      vertex 0 25 0
      vertex 2.39677 27.3953 0
      vertex 2.17889 24.9049 0
    endloop
  endfacet
  facet normal 0 0 -1
    outer loop
      vertex 0 25 0
      vertex 0 27.5 0
      vertex 2.39677 27.3953 0
    endloop
  endfacet
  facet normal 0 0 -1
    outer loop
      vertex -2.17889 24.9049 0
      vertex 0 27.5 0
      vertex 0 25 0
    endloop
  endfacet
  facet normal 0 0 -1
    outer loop
      vertex -2.17889 24.9049 0
      vertex -2.39677 27.3953 0
      vertex 0 27.5 0
    endloop
  endfacet
  facet normal 0 0 -1
    outer loop
      vertex -4.3412 24.6202 0
      vertex -2.39677 27.3953 0
      vertex -2.17889 24.9049 0
    endloop
  endfacet
  facet normal 0 0 -1
    outer loop
      vertex -4.3412 24.6202 0
      vertex -4.77531 27.0822 0
      vertex -2.39677 27.3953 0
    endloop
  endfacet
  facet normal 0 0 -1
    outer loop
      vertex -6.47048 24.1481 0
      vertex -4.77531 27.0822 0
      vertex -4.3412 24.6202 0
    endloop
  endfacet
  facet normal 0 0 -1
    outer loop
      vertex -6.47048 24.1481 0
      vertex -7.11752 26.563 0
      vertex -4.77531 27.0822 0
    endloop
  endfacet
  facet normal 0 0 -1
    outer loop
      vertex -8.5505 23.4923 0
      vertex -7.11752 26.563 0
      vertex -6.47048 24.1481 0
    endloop
  endfacet
  facet normal 0 0 -1
    outer loop
      vertex -8.5505 23.4923 0
      vertex -9.40555 25.8415 0
      vertex -7.11752 26.563 0
    endloop
  endfacet
  facet normal 0 0 -1
    outer loop
      vertex -10.5655 22.6577 0
      vertex -9.40555 25.8415 0
      vertex -8.5505 23.4923 0
    endloop
  endfacet
  facet normal 0 0 -1
    outer loop
      vertex -10.5655 22.6577 0
      vertex -11.622 24.9235 0
      vertex -9.40555 25.8415 0
    endloop
  endfacet
  facet normal 0 0 -1
    outer loop
      vertex -12.5 21.6506 0
      vertex -11.622 24.9235 0
      vertex -10.5655 22.6577 0
    endloop
  endfacet
  facet normal 0 0 -1
    outer loop
      vertex -12.5 21.6506 0
      vertex -13.75 23.8157 0
      vertex -11.622 24.9235 0
    endloop
  endfacet
  facet normal 0 0 -1
    outer loop
      vertex -14.3394 20.4788 0
      vertex -13.75 23.8157 0
      vertex -12.5 21.6506 0
    endloop
  endfacet
  facet normal 0 0 -1
    outer loop
      vertex -14.3394 20.4788 0
      vertex -15.7733 22.5267 0
      vertex -13.75 23.8157 0
    endloop
  endfacet
  facet normal 0 0 -1
    outer loop
      vertex -16.0697 19.1511 0
      vertex -15.7733 22.5267 0
      vertex -14.3394 20.4788 0
    endloop
  endfacet
  facet normal 0 0 -1
    outer loop
      vertex -16.0697 19.1511 0
      vertex -17.6767 21.0662 0
      vertex -15.7733 22.5267 0
    endloop
  endfacet
  facet normal 0 0 -1
    outer loop
      vertex -17.6777 17.6777 0
      vertex -17.6767 21.0662 0
      vertex -16.0697 19.1511 0
    endloop
  endfacet
  facet normal 0 0 -1
    outer loop
      vertex -19.4454 19.4454 0
      vertex -17.6777 17.6777 0
      vertex -19.1511 16.0697 0
    endloop
  endfacet
  facet normal 0 0 -1
    outer loop
      vertex -17.6777 17.6777 0
      vertex -19.4454 19.4454 0
      vertex -17.6767 21.0662 0
    endloop
  endfacet
  facet normal 0 0 -1
    outer loop
      vertex -21.0662 17.6767 0
      vertex -19.1511 16.0697 0
      vertex -20.4788 14.3394 0
    endloop
  endfacet
  facet normal 0 0 -1
    outer loop
      vertex -19.1511 16.0697 0
      vertex -21.0662 17.6767 0
      vertex -19.4454 19.4454 0
    endloop
  endfacet
  facet normal 0 0 -1
    outer loop
      vertex -22.5267 15.7733 0
      vertex -20.4788 14.3394 0
      vertex -21.6506 12.5 0
    endloop
  endfacet
  facet normal 0 0 -1
    outer loop
      vertex -20.4788 14.3394 0
      vertex -22.5267 15.7733 0
      vertex -21.0662 17.6767 0
    endloop
  endfacet
  facet normal 0 0 -1
    outer loop
      vertex -23.8157 13.75 0
      vertex -21.6506 12.5 0
      vertex -22.6577 10.5655 0
    endloop
  endfacet
  facet normal 0 0 -1
    outer loop
      vertex -24.9235 11.622 0
      vertex -22.6577 10.5655 0
      vertex -23.4923 8.5505 0
    endloop
  endfacet
  facet normal 0 0 -1
    outer loop
      vertex -21.6506 12.5 0
      vertex -23.8157 13.75 0
      vertex -22.5267 15.7733 0
    endloop
  endfacet
  facet normal 0 0 -1
    outer loop
      vertex -25.8415 9.40555 0
      vertex -23.4923 8.5505 0
      vertex -24.1481 6.47048 0
    endloop
  endfacet
  facet normal 0 0 -1
    outer loop
      vertex -26.563 7.11752 0
      vertex -24.1481 6.47048 0
      vertex -24.6202 4.3412 0
    endloop
  endfacet
  facet normal 0 0 -1
    outer loop
      vertex -27.0822 4.77531 0
      vertex -24.6202 4.3412 0
      vertex -24.9049 2.17889 0
    endloop
  endfacet
  facet normal 0 0 -1
    outer loop
      vertex -22.6577 10.5655 0
      vertex -24.9235 11.622 0
      vertex -23.8157 13.75 0
    endloop
  endfacet
  facet normal 0 0 -1
    outer loop
      vertex -27.3953 2.39677 0
      vertex -24.9049 2.17889 0
      vertex -25 0 0
    endloop
  endfacet
  facet normal -0 0 -1
    outer loop
      vertex -24.6202 -4.3412 0
      vertex -27.0822 -4.77531 0
      vertex -24.9049 -2.17889 0
    endloop
  endfacet
  facet normal 0 0 -1
    outer loop
      vertex -23.4923 8.5505 0
      vertex -25.8415 9.40555 0
      vertex -24.9235 11.622 0
    endloop
  endfacet
  facet normal 0 0 -1
    outer loop
      vertex -27.3953 -2.39677 0
      vertex -24.9049 -2.17889 0
      vertex -27.0822 -4.77531 0
    endloop
  endfacet
  facet normal 0 0 -1
    outer loop
      vertex -24.1481 6.47048 0
      vertex -26.563 7.11752 0
      vertex -25.8415 9.40555 0
    endloop
  endfacet
  facet normal -0 0 -1
    outer loop
      vertex -24.9049 -2.17889 0
      vertex -27.3953 -2.39677 0
      vertex -25 0 0
    endloop
  endfacet
  facet normal 0 0 -1
    outer loop
      vertex -24.6202 4.3412 0
      vertex -27.0822 4.77531 0
      vertex -26.563 7.11752 0
    endloop
  endfacet
  facet normal 0 0 -1
    outer loop
      vertex -27.5 0 0
      vertex -25 0 0
      vertex -27.3953 -2.39677 0
    endloop
  endfacet
  facet normal 0 0 -1
    outer loop
      vertex -24.9049 2.17889 0
      vertex -27.3953 2.39677 0
      vertex -27.0822 4.77531 0
    endloop
  endfacet
  facet normal 0 0 -1
    outer loop
      vertex -25 0 0
      vertex -27.5 0 0
      vertex -27.3953 2.39677 0
    endloop
  endfacet
  facet normal -0.976296 0.21644 0
    outer loop
      vertex -35.0592 6.18187 -3
      vertex -34.387 9.21396 8
      vertex -34.387 9.21396 -3
    endloop
  endfacet
  facet normal -0.976296 0.21644 0
    outer loop
      vertex -34.387 9.21396 8
      vertex -35.0592 6.18187 -3
      vertex -35.0592 6.18187 8
    endloop
  endfacet
  facet normal -0.675588 0.73728 0
    outer loop
      vertex -22.8832 27.2712 -3
      vertex -25.173 25.173 -0.0999994
      vertex -22.8832 27.2712 -0.0999994
    endloop
  endfacet
  facet normal -0.675588 0.73728 0
    outer loop
      vertex -25.173 25.173 -0.0999994
      vertex -22.8832 27.2712 -3
      vertex -25.173 25.173 -3
    endloop
  endfacet
  facet normal 0.461759 0.887005 -0
    outer loop
      vertex 17.8 30.8305 -3
      vertex 15.0452 32.2646 8
      vertex 17.8 30.8305 8
    endloop
  endfacet
  facet normal 0.461759 0.887005 0
    outer loop
      vertex 15.0452 32.2646 8
      vertex 17.8 30.8305 -3
      vertex 15.0452 32.2646 -3
    endloop
  endfacet
  facet normal -0.300707 -0.953717 0
    outer loop
      vertex -12.1759 -33.4531 -3
      vertex -9.21396 -34.387 8
      vertex -12.1759 -33.4531 8
    endloop
  endfacet
  facet normal -0.300707 -0.953717 -0
    outer loop
      vertex -9.21396 -34.387 8
      vertex -12.1759 -33.4531 -3
      vertex -9.21396 -34.387 -3
    endloop
  endfacet
  facet normal 0.953717 0.300707 0
    outer loop
      vertex 34.387 9.21396 8
      vertex 33.4531 12.1759 -3
      vertex 33.4531 12.1759 8
    endloop
  endfacet
  facet normal 0.953717 0.300707 0
    outer loop
      vertex 33.4531 12.1759 -3
      vertex 34.387 9.21396 8
      vertex 34.387 9.21396 -3
    endloop
  endfacet
  facet normal 0.675588 0.73728 -0
    outer loop
      vertex 25.173 25.173 -3
      vertex 22.8832 27.2712 8
      vertex 25.173 25.173 8
    endloop
  endfacet
  facet normal 0.675588 0.73728 0
    outer loop
      vertex 22.8832 27.2712 8
      vertex 25.173 25.173 -3
      vertex 22.8832 27.2712 -3
    endloop
  endfacet
  facet normal 0.999048 -0.0436295 0
    outer loop
      vertex 35.4645 -3.10274 8
      vertex 35.6 0 -3
      vertex 35.6 0 8
    endloop
  endfacet
  facet normal 0.999048 -0.0436295 0
    outer loop
      vertex 35.6 0 -3
      vertex 35.4645 -3.10274 8
      vertex 35.4645 -3.10274 -3
    endloop
  endfacet
  facet normal 0.92388 0.382683 0
    outer loop
      vertex 33.4531 12.1759 8
      vertex 32.2646 15.0452 -3
      vertex 32.2646 15.0452 8
    endloop
  endfacet
  facet normal 0.92388 0.382683 0
    outer loop
      vertex 32.2646 15.0452 -3
      vertex 33.4531 12.1759 8
      vertex 33.4531 12.1759 -3
    endloop
  endfacet
  facet normal 0.382683 -0.92388 0
    outer loop
      vertex 12.1759 -33.4531 -3
      vertex 15.0452 -32.2646 8
      vertex 12.1759 -33.4531 8
    endloop
  endfacet
  facet normal 0.382683 -0.92388 0
    outer loop
      vertex 15.0452 -32.2646 8
      vertex 12.1759 -33.4531 -3
      vertex 15.0452 -32.2646 -3
    endloop
  endfacet
  facet normal -0.043445 0.999056 0
    outer loop
      vertex 0 35.6 0.916995
      vertex 0 35.6 -3
      vertex -0.22306 35.5903 0.9
    endloop
  endfacet
  facet normal -0.0436672 0.999046 8.41708e-06
    outer loop
      vertex -0.822489 35.5641 2.05433
      vertex 0 35.6 8
      vertex -0.22306 35.5903 2.1
    endloop
  endfacet
  facet normal -0.043445 0.999056 0
    outer loop
      vertex -0.22306 35.5903 2.1
      vertex 0 35.6 8
      vertex 0 35.6 2.083
    endloop
  endfacet
  facet normal -0.0436295 0.999048 3.18939e-06
    outer loop
      vertex 0 35.6 8
      vertex -0.822489 35.5641 2.05433
      vertex -3.10274 35.4645 8
    endloop
  endfacet
  facet normal -0.0435775 0.99905 2.31685e-05
    outer loop
      vertex -1.23521 35.5461 1.94869
      vertex -3.10274 35.4645 8
      vertex -0.822489 35.5641 2.05433
    endloop
  endfacet
  facet normal -0.0439371 0.999034 -8.80152e-05
    outer loop
      vertex -1.33066 35.5419 1.92426
      vertex -3.10274 35.4645 8
      vertex -1.23521 35.5461 1.94869
    endloop
  endfacet
  facet normal -0.0434379 0.999056 5.7868e-05
    outer loop
      vertex -1.39741 35.539 1.886
      vertex -3.10274 35.4645 8
      vertex -1.33066 35.5419 1.92426
    endloop
  endfacet
  facet normal -0.0435892 0.99905 1.55817e-05
    outer loop
      vertex -1.67021 35.5271 1.72961
      vertex -3.10274 35.4645 8
      vertex -1.39741 35.539 1.886
    endloop
  endfacet
  facet normal -0.0437848 0.999041 -2.9198e-05
    outer loop
      vertex -1.76364 35.523 1.54968
      vertex -3.10274 35.4645 8
      vertex -1.67021 35.5271 1.72961
    endloop
  endfacet
  facet normal -0.0428961 0.99908 0.000155645
    outer loop
      vertex -1.78944 35.5219 1.5
      vertex -3.10274 35.4645 8
      vertex -1.76364 35.523 1.54968
    endloop
  endfacet
  facet normal -0.0435801 0.99905 -3.33994e-05
    outer loop
      vertex -3.10274 35.4645 -3
      vertex -1.23521 35.5461 1.0513
      vertex -0.822489 35.5641 0.945672
    endloop
  endfacet
  facet normal -0.0436675 0.999046 -1.27524e-05
    outer loop
      vertex 0 35.6 -3
      vertex -0.822489 35.5641 0.945672
      vertex -0.22306 35.5903 0.9
    endloop
  endfacet
  facet normal -0.0436295 0.999048 -4.80604e-06
    outer loop
      vertex -3.10274 35.4645 -3
      vertex -0.822489 35.5641 0.945672
      vertex 0 35.6 -3
    endloop
  endfacet
  facet normal -0.0439271 0.999035 0.000126875
    outer loop
      vertex -1.23521 35.5461 1.0513
      vertex -3.10274 35.4645 -3
      vertex -1.33066 35.5419 1.07574
    endloop
  endfacet
  facet normal -0.0434509 0.999056 -8.05993e-05
    outer loop
      vertex -1.33066 35.5419 1.07574
      vertex -3.10274 35.4645 -3
      vertex -1.39741 35.539 1.114
    endloop
  endfacet
  facet normal -0.0435927 0.999049 -2.17022e-05
    outer loop
      vertex -1.39741 35.539 1.114
      vertex -3.10274 35.4645 -3
      vertex -1.67021 35.5271 1.27039
    endloop
  endfacet
  facet normal -0.0437688 0.999042 3.75056e-05
    outer loop
      vertex -1.67021 35.5271 1.27039
      vertex -3.10274 35.4645 -3
      vertex -1.76364 35.523 1.45032
    endloop
  endfacet
  facet normal -0.043665 0.999046 0
    outer loop
      vertex -1.78944 35.5219 1.5
      vertex -3.10274 35.4645 -3
      vertex -3.10274 35.4645 8
    endloop
  endfacet
  facet normal -0.0429812 0.999076 -0.000199931
    outer loop
      vertex -1.76364 35.523 1.45032
      vertex -3.10274 35.4645 -3
      vertex -1.78944 35.5219 1.5
    endloop
  endfacet
  facet normal -0.130502 0.991448 0
    outer loop
      vertex -3.10274 35.4645 -3
      vertex -6.18187 35.0592 8
      vertex -3.10274 35.4645 8
    endloop
  endfacet
  facet normal -0.130502 0.991448 0
    outer loop
      vertex -6.18187 35.0592 8
      vertex -3.10274 35.4645 -3
      vertex -6.18187 35.0592 -3
    endloop
  endfacet
  facet normal -0.382683 0.92388 0
    outer loop
      vertex -12.1759 33.4531 -3
      vertex -15.0452 32.2646 8
      vertex -12.1759 33.4531 8
    endloop
  endfacet
  facet normal -0.382683 0.92388 0
    outer loop
      vertex -15.0452 32.2646 8
      vertex -12.1759 33.4531 -3
      vertex -15.0452 32.2646 -3
    endloop
  endfacet
  facet normal -0.675588 -0.73728 0
    outer loop
      vertex -25.173 -25.173 -3
      vertex -22.8832 -27.2712 8
      vertex -25.173 -25.173 8
    endloop
  endfacet
  facet normal -0.675588 -0.73728 -0
    outer loop
      vertex -22.8832 -27.2712 8
      vertex -25.173 -25.173 -3
      vertex -22.8832 -27.2712 -3
    endloop
  endfacet
  facet normal 0.608758 -0.793356 0
    outer loop
      vertex 20.4193 -29.1618 -3
      vertex 22.8832 -27.2712 8
      vertex 20.4193 -29.1618 8
    endloop
  endfacet
  facet normal 0.608758 -0.793356 0
    outer loop
      vertex 22.8832 -27.2712 8
      vertex 20.4193 -29.1618 -3
      vertex 22.8832 -27.2712 -3
    endloop
  endfacet
  facet normal 0.92388 -0.382683 0
    outer loop
      vertex 32.2646 -15.0452 8
      vertex 33.4531 -12.1759 -3
      vertex 33.4531 -12.1759 8
    endloop
  endfacet
  facet normal 0.92388 -0.382683 0
    outer loop
      vertex 33.4531 -12.1759 -3
      vertex 32.2646 -15.0452 8
      vertex 32.2646 -15.0452 -3
    endloop
  endfacet
  facet normal -0.537305 -0.843388 0
    outer loop
      vertex -20.4193 -29.1618 -3
      vertex -17.8 -30.8305 8
      vertex -20.4193 -29.1618 8
    endloop
  endfacet
  facet normal -0.537305 -0.843388 -0
    outer loop
      vertex -17.8 -30.8305 8
      vertex -20.4193 -29.1618 -3
      vertex -17.8 -30.8305 -3
    endloop
  endfacet
  facet normal 0.0436295 0.999048 2.36679e-06
    outer loop
      vertex 0.73308 35.568 1.92426
      vertex 0 35.6 8
      vertex 3.10274 35.4645 8
    endloop
  endfacet
  facet normal 0.0435591 0.999051 0
    outer loop
      vertex 0 35.6 8
      vertex 0.311923 35.5864 2.05433
      vertex 0 35.6 2.083
    endloop
  endfacet
  facet normal 0.0438968 0.999036 1.77501e-05
    outer loop
      vertex 0 35.6 8
      vertex 0.35517 35.5845 2.04097
      vertex 0.311923 35.5864 2.05433
    endloop
  endfacet
  facet normal 0.04362 0.999048 1.22027e-06
    outer loop
      vertex 0 35.6 8
      vertex 0.73308 35.568 1.92426
      vertex 0.35517 35.5845 2.04097
    endloop
  endfacet
  facet normal 0.0434142 0.999057 8.65077e-05
    outer loop
      vertex 3.10274 35.4645 8
      vertex 0.756124 35.567 1.90832
      vertex 0.73308 35.568 1.92426
    endloop
  endfacet
  facet normal 0.0436828 0.999045 -1.71645e-05
    outer loop
      vertex 3.10274 35.4645 8
      vertex 1.01449 35.5557 1.72961
      vertex 0.756124 35.567 1.90832
    endloop
  endfacet
  facet normal 0.0441391 0.999025 -0.000169424
    outer loop
      vertex 3.10274 35.4645 8
      vertex 1.02122 35.5554 1.71396
      vertex 1.01449 35.5557 1.72961
    endloop
  endfacet
  facet normal 0.0434964 0.999054 4.37967e-05
    outer loop
      vertex 3.10274 35.4645 8
      vertex 1.11331 35.5514 1.5
      vertex 1.02122 35.5554 1.71396
    endloop
  endfacet
  facet normal 0.0436392 0.999047 -0
    outer loop
      vertex 3.10274 35.4645 -3
      vertex 1.11331 35.5514 1.5
      vertex 3.10274 35.4645 8
    endloop
  endfacet
  facet normal 0.0435187 0.999053 -5.33989e-05
    outer loop
      vertex 3.10274 35.4645 -3
      vertex 1.02122 35.5554 1.28604
      vertex 1.11331 35.5514 1.5
    endloop
  endfacet
  facet normal 0.0440529 0.999029 0.000206553
    outer loop
      vertex 3.10274 35.4645 -3
      vertex 1.01449 35.5557 1.27039
      vertex 1.02122 35.5554 1.28604
    endloop
  endfacet
  facet normal 0.0436786 0.999046 2.31715e-05
    outer loop
      vertex 3.10274 35.4645 -3
      vertex 0.756124 35.567 1.09168
      vertex 1.01449 35.5557 1.27039
    endloop
  endfacet
  facet normal 0.0434351 0.999056 -0.000116782
    outer loop
      vertex 3.10274 35.4645 -3
      vertex 0.73308 35.568 1.07574
      vertex 0.756124 35.567 1.09168
    endloop
  endfacet
  facet normal 0.0436295 0.999048 -3.5282e-06
    outer loop
      vertex 0 35.6 -3
      vertex 0.73308 35.568 1.07574
      vertex 3.10274 35.4645 -3
    endloop
  endfacet
  facet normal 0.0436202 0.999048 -1.85428e-06
    outer loop
      vertex 0.73308 35.568 1.07574
      vertex 0 35.6 -3
      vertex 0.35517 35.5845 0.959027
    endloop
  endfacet
  facet normal 0.0438997 0.999036 -2.69724e-05
    outer loop
      vertex 0.35517 35.5845 0.959027
      vertex 0 35.6 -3
      vertex 0.311923 35.5864 0.945672
    endloop
  endfacet
  facet normal 0.0435591 0.999051 0
    outer loop
      vertex 0.311923 35.5864 0.945672
      vertex 0 35.6 -3
      vertex 0 35.6 0.916995
    endloop
  endfacet
  facet normal 0.461759 -0.887005 0
    outer loop
      vertex 15.0452 -32.2646 -3
      vertex 17.8 -30.8305 8
      vertex 15.0452 -32.2646 8
    endloop
  endfacet
  facet normal 0.461759 -0.887005 0
    outer loop
      vertex 17.8 -30.8305 8
      vertex 15.0452 -32.2646 -3
      vertex 17.8 -30.8305 -3
    endloop
  endfacet
  facet normal 0.300707 0.953717 -0
    outer loop
      vertex 12.1759 33.4531 -3
      vertex 9.21396 34.387 8
      vertex 12.1759 33.4531 8
    endloop
  endfacet
  facet normal 0.300707 0.953717 0
    outer loop
      vertex 9.21396 34.387 8
      vertex 12.1759 33.4531 -3
      vertex 9.21396 34.387 -3
    endloop
  endfacet
  facet normal -0.976296 -0.21644 0
    outer loop
      vertex -34.387 -9.21396 -3
      vertex -35.0592 -6.18187 8
      vertex -35.0592 -6.18187 -3
    endloop
  endfacet
  facet normal -0.976296 -0.21644 0
    outer loop
      vertex -35.0592 -6.18187 8
      vertex -34.387 -9.21396 -3
      vertex -34.387 -9.21396 8
    endloop
  endfacet
  facet normal -0.73728 0.675588 0
    outer loop
      vertex -27.2712 22.8832 -3
      vertex -25.173 25.173 -0.0999994
      vertex -25.173 25.173 -3
    endloop
  endfacet
  facet normal -0.73728 0.675588 0
    outer loop
      vertex -25.173 25.173 -0.0999994
      vertex -27.2712 22.8832 -3
      vertex -27.2712 22.8832 -0.0999994
    endloop
  endfacet
  facet normal -0.382683 -0.92388 0
    outer loop
      vertex -15.0452 -32.2646 -3
      vertex -12.1759 -33.4531 8
      vertex -15.0452 -32.2646 8
    endloop
  endfacet
  facet normal -0.382683 -0.92388 -0
    outer loop
      vertex -12.1759 -33.4531 8
      vertex -15.0452 -32.2646 -3
      vertex -12.1759 -33.4531 -3
    endloop
  endfacet
  facet normal 0.793356 -0.608758 0
    outer loop
      vertex 27.2712 -22.8832 8
      vertex 29.1618 -20.4193 -3
      vertex 29.1618 -20.4193 8
    endloop
  endfacet
  facet normal 0.793356 -0.608758 0
    outer loop
      vertex 29.1618 -20.4193 -3
      vertex 27.2712 -22.8832 8
      vertex 27.2712 -22.8832 -3
    endloop
  endfacet
  facet normal 0.73728 0.675588 0
    outer loop
      vertex 27.2712 22.8832 8
      vertex 25.173 25.173 -3
      vertex 25.173 25.173 8
    endloop
  endfacet
  facet normal 0.73728 0.675588 0
    outer loop
      vertex 25.173 25.173 -3
      vertex 27.2712 22.8832 8
      vertex 27.2712 22.8832 -3
    endloop
  endfacet
  facet normal 0.887005 0.461759 0
    outer loop
      vertex 32.2646 15.0452 8
      vertex 30.8305 17.8 -3
      vertex 30.8305 17.8 8
    endloop
  endfacet
  facet normal 0.887005 0.461759 0
    outer loop
      vertex 30.8305 17.8 -3
      vertex 32.2646 15.0452 8
      vertex 32.2646 15.0452 -3
    endloop
  endfacet
  facet normal -0.793356 -0.608758 0
    outer loop
      vertex -27.2712 -22.8832 -3
      vertex -29.1618 -20.4193 8
      vertex -29.1618 -20.4193 -3
    endloop
  endfacet
  facet normal -0.793356 -0.608758 0
    outer loop
      vertex -29.1618 -20.4193 8
      vertex -27.2712 -22.8832 -3
      vertex -27.2712 -22.8832 8
    endloop
  endfacet
  facet normal -0.999048 -0.0436295 0
    outer loop
      vertex -35.4645 -3.10274 -3
      vertex -35.6 0 8
      vertex -35.6 0 -3
    endloop
  endfacet
  facet normal -0.999048 -0.0436295 0
    outer loop
      vertex -35.6 0 8
      vertex -35.4645 -3.10274 -3
      vertex -35.4645 -3.10274 8
    endloop
  endfacet
  facet normal -0.461759 -0.887005 0
    outer loop
      vertex -17.8 -30.8305 -3
      vertex -15.0452 -32.2646 8
      vertex -17.8 -30.8305 8
    endloop
  endfacet
  facet normal -0.461759 -0.887005 -0
    outer loop
      vertex -15.0452 -32.2646 8
      vertex -17.8 -30.8305 -3
      vertex -15.0452 -32.2646 -3
    endloop
  endfacet
  facet normal -0.537305 0.843388 3.93085e-06
    outer loop
      vertex -17.8 30.8305 8
      vertex -18.5792 30.3341 5.5
      vertex -20.4193 29.1618 8
    endloop
  endfacet
  facet normal -0.537296 0.843394 0
    outer loop
      vertex -17.8 30.8305 8
      vertex -18.5792 30.3341 -0.0999994
      vertex -18.5792 30.3341 5.5
    endloop
  endfacet
  facet normal -0.537296 0.843394 0
    outer loop
      vertex -17.8 30.8305 -3
      vertex -18.5792 30.3341 -0.0999994
      vertex -17.8 30.8305 8
    endloop
  endfacet
  facet normal -0.537305 0.843388 -3.38867e-06
    outer loop
      vertex -20.4193 29.1618 -3
      vertex -18.5792 30.3341 -0.0999994
      vertex -17.8 30.8305 -3
    endloop
  endfacet
  facet normal -0.537308 0.843386 0
    outer loop
      vertex -18.5792 30.3341 -0.0999994
      vertex -20.4193 29.1618 -3
      vertex -20.4193 29.1618 -0.0999994
    endloop
  endfacet
  facet normal -0.537308 0.843386 0
    outer loop
      vertex -20.4193 29.1618 8
      vertex -18.5792 30.3341 5.5
      vertex -20.4193 29.1618 5.5
    endloop
  endfacet
  facet normal -0.887005 0.461759 0
    outer loop
      vertex -32.2646 15.0452 -3
      vertex -30.8305 17.8 -0.0999994
      vertex -30.8305 17.8 -3
    endloop
  endfacet
  facet normal -0.887005 0.461759 0
    outer loop
      vertex -30.8305 17.8 -0.0999994
      vertex -32.2646 15.0452 -3
      vertex -32.2646 15.0452 -0.0999994
    endloop
  endfacet
  facet normal 0.991448 -0.130502 0
    outer loop
      vertex 35.0592 -6.18187 8
      vertex 35.4645 -3.10274 -3
      vertex 35.4645 -3.10274 8
    endloop
  endfacet
  facet normal 0.991448 -0.130502 0
    outer loop
      vertex 35.4645 -3.10274 -3
      vertex 35.0592 -6.18187 8
      vertex 35.0592 -6.18187 -3
    endloop
  endfacet
  facet normal -0.843388 -0.537305 0
    outer loop
      vertex -29.1618 -20.4193 -3
      vertex -30.8305 -17.8 8
      vertex -30.8305 -17.8 -3
    endloop
  endfacet
  facet normal -0.843388 -0.537305 0
    outer loop
      vertex -30.8305 -17.8 8
      vertex -29.1618 -20.4193 -3
      vertex -29.1618 -20.4193 8
    endloop
  endfacet
  facet normal 0.130502 0.991448 -0
    outer loop
      vertex 6.18187 35.0592 -3
      vertex 3.10274 35.4645 8
      vertex 6.18187 35.0592 8
    endloop
  endfacet
  facet normal 0.130502 0.991448 0
    outer loop
      vertex 3.10274 35.4645 8
      vertex 6.18187 35.0592 -3
      vertex 3.10274 35.4645 -3
    endloop
  endfacet
  facet normal -0.999048 0.0436295 0
    outer loop
      vertex -35.6 0 -3
      vertex -35.4645 3.10274 8
      vertex -35.4645 3.10274 -3
    endloop
  endfacet
  facet normal -0.999048 0.0436295 0
    outer loop
      vertex -35.4645 3.10274 8
      vertex -35.6 0 -3
      vertex -35.6 0 8
    endloop
  endfacet
  facet normal 0.21644 0.976296 -0
    outer loop
      vertex 9.21396 34.387 -3
      vertex 6.18187 35.0592 8
      vertex 9.21396 34.387 8
    endloop
  endfacet
  facet normal 0.21644 0.976296 0
    outer loop
      vertex 6.18187 35.0592 8
      vertex 9.21396 34.387 -3
      vertex 6.18187 35.0592 -3
    endloop
  endfacet
  facet normal 0.537305 -0.843388 0
    outer loop
      vertex 17.8 -30.8305 -3
      vertex 20.4193 -29.1618 8
      vertex 17.8 -30.8305 8
    endloop
  endfacet
  facet normal 0.537305 -0.843388 0
    outer loop
      vertex 20.4193 -29.1618 8
      vertex 17.8 -30.8305 -3
      vertex 20.4193 -29.1618 -3
    endloop
  endfacet
  facet normal -0.843388 0.537305 0
    outer loop
      vertex -30.8305 17.8 -3
      vertex -29.1618 20.4193 -0.0999994
      vertex -29.1618 20.4193 -3
    endloop
  endfacet
  facet normal -0.843388 0.537305 0
    outer loop
      vertex -29.1618 20.4193 -0.0999994
      vertex -30.8305 17.8 -3
      vertex -30.8305 17.8 -0.0999994
    endloop
  endfacet
  facet normal -0.793356 0.608758 0
    outer loop
      vertex -29.1618 20.4193 -3
      vertex -27.2712 22.8832 -0.0999994
      vertex -27.2712 22.8832 -3
    endloop
  endfacet
  facet normal -0.793356 0.608758 0
    outer loop
      vertex -27.2712 22.8832 -0.0999994
      vertex -29.1618 20.4193 -3
      vertex -29.1618 20.4193 -0.0999994
    endloop
  endfacet
  facet normal -0.608758 -0.793356 0
    outer loop
      vertex -22.8832 -27.2712 -3
      vertex -20.4193 -29.1618 8
      vertex -22.8832 -27.2712 8
    endloop
  endfacet
  facet normal -0.608758 -0.793356 -0
    outer loop
      vertex -20.4193 -29.1618 8
      vertex -22.8832 -27.2712 -3
      vertex -20.4193 -29.1618 -3
    endloop
  endfacet
  facet normal -0.461759 0.887005 0
    outer loop
      vertex -15.0452 32.2646 -3
      vertex -17.8 30.8305 8
      vertex -15.0452 32.2646 8
    endloop
  endfacet
  facet normal -0.461759 0.887005 0
    outer loop
      vertex -17.8 30.8305 8
      vertex -15.0452 32.2646 -3
      vertex -17.8 30.8305 -3
    endloop
  endfacet
  facet normal -0.21644 -0.976296 0
    outer loop
      vertex -9.21396 -34.387 -3
      vertex -6.18187 -35.0592 8
      vertex -9.21396 -34.387 8
    endloop
  endfacet
  facet normal -0.21644 -0.976296 -0
    outer loop
      vertex -6.18187 -35.0592 8
      vertex -9.21396 -34.387 -3
      vertex -6.18187 -35.0592 -3
    endloop
  endfacet
  facet normal 0 0 1
    outer loop
      vertex 31.9001 11.0487 15
      vertex 30.3694 14.7442 15
      vertex 31.6423 10.9419 15
    endloop
  endfacet
  facet normal 0 0 1
    outer loop
      vertex 32.7 3 15
      vertex 33.5 0 15
      vertex 33.3725 2.91972 15
    endloop
  endfacet
  facet normal -0 0 1
    outer loop
      vertex 32.7 3 15
      vertex 33.3725 2.91972 15
      vertex 32.9911 5.81721 15
    endloop
  endfacet
  facet normal 0 0 1
    outer loop
      vertex 32.7 -3 15
      vertex 33.5 0 15
      vertex 32.7 3 15
    endloop
  endfacet
  facet normal 0 0 1
    outer loop
      vertex 33.5 0 15
      vertex 32.7 -3 15
      vertex 33.3725 -2.91972 15
    endloop
  endfacet
  facet normal 0 0 1
    outer loop
      vertex 29.1 3.1 15
      vertex 32.9911 5.81721 15
      vertex 32.3585 8.67044 15
    endloop
  endfacet
  facet normal 0 0 1
    outer loop
      vertex 25.9 3.1 15
      vertex 32.3585 8.67044 15
      vertex 31.6423 10.9419 15
    endloop
  endfacet
  facet normal -0 0 1
    outer loop
      vertex 30.1116 14.6374 15
      vertex 31.6423 10.9419 15
      vertex 30.3694 14.7442 15
    endloop
  endfacet
  facet normal 0 0 1
    outer loop
      vertex 25.9 3.1 15
      vertex 31.6423 10.9419 15
      vertex 30.1116 14.6374 15
    endloop
  endfacet
  facet normal 0 0 1
    outer loop
      vertex 32.9911 5.81721 15
      vertex 29.1 3.1 15
      vertex 32.7 3 15
    endloop
  endfacet
  facet normal 0 0 1
    outer loop
      vertex 32.7 3 15
      vertex 29.1 3.1 15
      vertex 29.1 3 15
    endloop
  endfacet
  facet normal 0 0 1
    outer loop
      vertex 33.3725 -2.91972 15
      vertex 32.7 -3 15
      vertex 32.9911 -5.81721 15
    endloop
  endfacet
  facet normal -0 0 1
    outer loop
      vertex 29.1 -3.1 15
      vertex 32.9911 -5.81721 15
      vertex 32.7 -3 15
    endloop
  endfacet
  facet normal 0 0 1
    outer loop
      vertex 32.9911 -5.81721 15
      vertex 29.1 -3.1 15
      vertex 32.3585 -8.67044 15
    endloop
  endfacet
  facet normal -0 0 1
    outer loop
      vertex 24.1481 -6.47048 15
      vertex 32.3585 -8.67044 15
      vertex 29.1 -3.1 15
    endloop
  endfacet
  facet normal 0 0 1
    outer loop
      vertex 29.1 -3.1 15
      vertex 32.7 -3 15
      vertex 29.1 -3 15
    endloop
  endfacet
  facet normal 0 0 1
    outer loop
      vertex 32.3585 -8.67044 15
      vertex 24.1481 -6.47048 15
      vertex 31.4797 -11.4577 15
    endloop
  endfacet
  facet normal -0 0 1
    outer loop
      vertex 23.4923 -8.5505 15
      vertex 31.4797 -11.4577 15
      vertex 24.1481 -6.47048 15
    endloop
  endfacet
  facet normal -0 0 1
    outer loop
      vertex 22.6577 -10.5655 15
      vertex 30.3613 -14.1577 15
      vertex 23.4923 -8.5505 15
    endloop
  endfacet
  facet normal 0 0 1
    outer loop
      vertex 24.6202 -4.3412 15
      vertex 29.1 -3.1 15
      vertex 25.9 -3.1 15
    endloop
  endfacet
  facet normal 0 0 1
    outer loop
      vertex 31.4797 -11.4577 15
      vertex 23.4923 -8.5505 15
      vertex 30.3613 -14.1577 15
    endloop
  endfacet
  facet normal 0 0 1
    outer loop
      vertex 24.9049 2.17889 15
      vertex 25.6625 21.5334 15
      vertex 25.2437 21.0011 15
    endloop
  endfacet
  facet normal 0 -0 1
    outer loop
      vertex 25 0 15
      vertex 25.9 3.1 15
      vertex 24.9049 2.17889 15
    endloop
  endfacet
  facet normal 0 0 1
    outer loop
      vertex 23.6881 23.6881 15
      vertex 25.2437 21.0011 15
      vertex 25.6625 21.5334 15
    endloop
  endfacet
  facet normal -0 0 1
    outer loop
      vertex 21.0011 25.2437 15
      vertex 23.6881 23.6881 15
      vertex 21.5334 25.6625 15
    endloop
  endfacet
  facet normal 0 0 1
    outer loop
      vertex 23.6881 23.6881 15
      vertex 21.0011 25.2437 15
      vertex 25.2437 21.0011 15
    endloop
  endfacet
  facet normal 0 0 1
    outer loop
      vertex 19.2148 27.4416 15
      vertex 21.0011 25.2437 15
      vertex 21.5334 25.6625 15
    endloop
  endfacet
  facet normal 0 0 1
    outer loop
      vertex 19.2148 27.4416 15
      vertex 20.9927 25.2354 15
      vertex 21.0011 25.2437 15
    endloop
  endfacet
  facet normal 0 0 1
    outer loop
      vertex 18.3848 22.7688 15
      vertex 20.9927 25.2354 15
      vertex 19.2148 27.4416 15
    endloop
  endfacet
  facet normal 0 0 1
    outer loop
      vertex 20.9927 25.2354 15
      vertex 18.3848 22.7688 15
      vertex 18.4555 22.6981 15
    endloop
  endfacet
  facet normal 0 0 1
    outer loop
      vertex 16.75 29.0119 15
      vertex 18.3848 22.7688 15
      vertex 19.2148 27.4416 15
    endloop
  endfacet
  facet normal 0 0 1
    outer loop
      vertex 18.3848 22.7688 15
      vertex 16.75 29.0119 15
      vertex 18.3805 22.7645 15
    endloop
  endfacet
  facet normal 0 0 1
    outer loop
      vertex 12.5 21.6506 15
      vertex 18.3805 22.7645 15
      vertex 16.75 29.0119 15
    endloop
  endfacet
  facet normal 0 -0 1
    outer loop
      vertex 14.3394 20.4788 15
      vertex 18.3805 22.7645 15
      vertex 12.5 21.6506 15
    endloop
  endfacet
  facet normal 0 0 1
    outer loop
      vertex 16.122 20.5061 15
      vertex 14.3394 20.4788 15
      vertex 16.0697 19.1511 15
    endloop
  endfacet
  facet normal 0 0 1
    outer loop
      vertex 18.3805 22.7645 15
      vertex 14.3394 20.4788 15
      vertex 16.1263 20.5104 15
    endloop
  endfacet
  facet normal 0 0 1
    outer loop
      vertex 12.5 21.6506 15
      vertex 16.75 29.0119 15
      vertex 14.1577 30.3613 15
    endloop
  endfacet
  facet normal 0 0 1
    outer loop
      vertex 16.1263 20.5104 15
      vertex 14.3394 20.4788 15
      vertex 16.122 20.5061 15
    endloop
  endfacet
  facet normal 0 0 1
    outer loop
      vertex 10.5655 22.6577 15
      vertex 14.1577 30.3613 15
      vertex 11.4577 31.4797 15
    endloop
  endfacet
  facet normal 0 0 1
    outer loop
      vertex 14.1577 30.3613 15
      vertex 10.5655 22.6577 15
      vertex 12.5 21.6506 15
    endloop
  endfacet
  facet normal 0 0 1
    outer loop
      vertex 8.5505 23.4923 15
      vertex 11.4577 31.4797 15
      vertex 8.67044 32.3585 15
    endloop
  endfacet
  facet normal 0 0 1
    outer loop
      vertex 11.4577 31.4797 15
      vertex 8.5505 23.4923 15
      vertex 10.5655 22.6577 15
    endloop
  endfacet
  facet normal 0 0 1
    outer loop
      vertex 8.67044 32.3585 15
      vertex 6.47048 24.1481 15
      vertex 8.5505 23.4923 15
    endloop
  endfacet
  facet normal 0 0 1
    outer loop
      vertex 3.1 29.1 15
      vertex 8.67044 32.3585 15
      vertex 5.81721 32.9911 15
    endloop
  endfacet
  facet normal 0 0 1
    outer loop
      vertex 8.67044 32.3585 15
      vertex 3.1 29.1 15
      vertex 6.47048 24.1481 15
    endloop
  endfacet
  facet normal 0 0 1
    outer loop
      vertex 6.47048 24.1481 15
      vertex 3.1 29.1 15
      vertex 4.3412 24.6202 15
    endloop
  endfacet
  facet normal 0 0 1
    outer loop
      vertex 5.81721 32.9911 15
      vertex 3 32.7 15
      vertex 3.1 29.1 15
    endloop
  endfacet
  facet normal 0 0 1
    outer loop
      vertex 2.91972 33.3725 15
      vertex 3 32.7 15
      vertex 5.81721 32.9911 15
    endloop
  endfacet
  facet normal 0 0 1
    outer loop
      vertex 0 33.5 15
      vertex 3 32.7 15
      vertex 2.91972 33.3725 15
    endloop
  endfacet
  facet normal 0 0 1
    outer loop
      vertex -3 32.7 15
      vertex 0 33.5 15
      vertex -2.91972 33.3725 15
    endloop
  endfacet
  facet normal 0 0 1
    outer loop
      vertex 0 33.5 15
      vertex -3 32.7 15
      vertex 3 32.7 15
    endloop
  endfacet
  facet normal 0 0 1
    outer loop
      vertex -3 32.7 15
      vertex -3.1 29.1 15
      vertex -3 29.1 15
    endloop
  endfacet
  facet normal 0 0 1
    outer loop
      vertex -3.1 29.1 15
      vertex -4.3412 24.6202 15
      vertex -3.1 25.9 15
    endloop
  endfacet
  facet normal 0 0 1
    outer loop
      vertex -5.81721 32.9911 15
      vertex -3.1 29.1 15
      vertex -3 32.7 15
    endloop
  endfacet
  facet normal -0 0 1
    outer loop
      vertex -5.81721 32.9911 15
      vertex -3 32.7 15
      vertex -2.91972 33.3725 15
    endloop
  endfacet
  facet normal -0 0 1
    outer loop
      vertex -8.67044 32.3585 15
      vertex -3.1 29.1 15
      vertex -5.81721 32.9911 15
    endloop
  endfacet
  facet normal 0 0 1
    outer loop
      vertex -3.1 29.1 15
      vertex -6.47048 24.1481 15
      vertex -4.3412 24.6202 15
    endloop
  endfacet
  facet normal 0 0 1
    outer loop
      vertex -3.1 29.1 15
      vertex -8.67044 32.3585 15
      vertex -6.47048 24.1481 15
    endloop
  endfacet
  facet normal 0 0 1
    outer loop
      vertex -6.47048 24.1481 15
      vertex -8.67044 32.3585 15
      vertex -8.5505 23.4923 15
    endloop
  endfacet
  facet normal -0 0 1
    outer loop
      vertex -11.4577 31.4797 15
      vertex -8.5505 23.4923 15
      vertex -8.67044 32.3585 15
    endloop
  endfacet
  facet normal 0 0 1
    outer loop
      vertex -8.5505 23.4923 15
      vertex -11.4577 31.4797 15
      vertex -10.5655 22.6577 15
    endloop
  endfacet
  facet normal -0 0 1
    outer loop
      vertex -14.1577 30.3613 15
      vertex -10.5655 22.6577 15
      vertex -11.4577 31.4797 15
    endloop
  endfacet
  facet normal 0 0 1
    outer loop
      vertex -10.5655 22.6577 15
      vertex -14.1577 30.3613 15
      vertex -12.5 21.6506 15
    endloop
  endfacet
  facet normal -0 0 1
    outer loop
      vertex -16.75 29.0119 15
      vertex -12.5 21.6506 15
      vertex -14.1577 30.3613 15
    endloop
  endfacet
  facet normal -0 0 1
    outer loop
      vertex -18.3805 22.7645 15
      vertex -12.5 21.6506 15
      vertex -16.75 29.0119 15
    endloop
  endfacet
  facet normal 0 0 1
    outer loop
      vertex -14.3394 20.4788 15
      vertex -16.122 20.5061 15
      vertex -16.0697 19.1511 15
    endloop
  endfacet
  facet normal 0 0 1
    outer loop
      vertex -14.3394 20.4788 15
      vertex -16.1263 20.5104 15
      vertex -16.122 20.5061 15
    endloop
  endfacet
  facet normal 0 0 1
    outer loop
      vertex -12.5 21.6506 15
      vertex -18.3805 22.7645 15
      vertex -14.3394 20.4788 15
    endloop
  endfacet
  facet normal 0 0 1
    outer loop
      vertex -14.3394 20.4788 15
      vertex -18.3805 22.7645 15
      vertex -16.1263 20.5104 15
    endloop
  endfacet
  facet normal 0 0 1
    outer loop
      vertex -16.75 29.0119 15
      vertex -18.3848 22.7688 15
      vertex -18.3805 22.7645 15
    endloop
  endfacet
  facet normal -0 0 1
    outer loop
      vertex -19.2148 27.4416 15
      vertex -18.3848 22.7688 15
      vertex -16.75 29.0119 15
    endloop
  endfacet
  facet normal -0 0 1
    outer loop
      vertex -20.9927 25.2354 15
      vertex -18.3848 22.7688 15
      vertex -19.2148 27.4416 15
    endloop
  endfacet
  facet normal 0 0 1
    outer loop
      vertex -18.3848 22.7688 15
      vertex -20.9927 25.2354 15
      vertex -18.4555 22.6981 15
    endloop
  endfacet
  facet normal 0 0 1
    outer loop
      vertex -19.2148 27.4416 15
      vertex -21.0011 25.2437 15
      vertex -20.9927 25.2354 15
    endloop
  endfacet
  facet normal -0 0 1
    outer loop
      vertex -21.5334 25.6625 15
      vertex -21.0011 25.2437 15
      vertex -19.2148 27.4416 15
    endloop
  endfacet
  facet normal 0 0 1
    outer loop
      vertex -23.6881 23.6881 15
      vertex -21.0011 25.2437 15
      vertex -21.5334 25.6625 15
    endloop
  endfacet
  facet normal -0 0 1
    outer loop
      vertex -23.6881 23.6881 15
      vertex -25.2437 21.0011 15
      vertex -21.0011 25.2437 15
    endloop
  endfacet
  facet normal 0 0 1
    outer loop
      vertex -24.9049 2.17889 15
      vertex -25.9 3.1 15
      vertex -25 0 15
    endloop
  endfacet
  facet normal -0 0 1
    outer loop
      vertex -25.2971 21.9321 15
      vertex -25.2437 21.0011 15
      vertex -23.6881 23.6881 15
    endloop
  endfacet
  facet normal -0 0 1
    outer loop
      vertex -32.7 -3 15
      vertex -29.1 -3.1 15
      vertex -29.1 -3 15
    endloop
  endfacet
  facet normal 0 0 1
    outer loop
      vertex -29.1 -3.1 15
      vertex -31.4797 -11.4577 15
      vertex -30.3613 -14.1577 15
    endloop
  endfacet
  facet normal 0 0 1
    outer loop
      vertex -29.1 -3.1 15
      vertex -32.3585 -8.67044 15
      vertex -31.4797 -11.4577 15
    endloop
  endfacet
  facet normal 0 0 1
    outer loop
      vertex -29.1 -3.1 15
      vertex -32.7 -3 15
      vertex -32.9911 -5.81721 15
    endloop
  endfacet
  facet normal 0 0 1
    outer loop
      vertex -29.1 -3.1 15
      vertex -32.9911 -5.81721 15
      vertex -32.3585 -8.67044 15
    endloop
  endfacet
  facet normal 0 0 1
    outer loop
      vertex -33.5 0 15
      vertex -32.7 3 15
      vertex -33.3725 2.91972 15
    endloop
  endfacet
  facet normal 0 0 1
    outer loop
      vertex -32.7 3 15
      vertex -33.5 0 15
      vertex -32.7 -3 15
    endloop
  endfacet
  facet normal 0 0 1
    outer loop
      vertex -32.7 -3 15
      vertex -33.3725 -2.91972 15
      vertex -32.9911 -5.81721 15
    endloop
  endfacet
  facet normal 0 0 1
    outer loop
      vertex -32.7 -3 15
      vertex -33.5 0 15
      vertex -33.3725 -2.91972 15
    endloop
  endfacet
  facet normal -0 0 1
    outer loop
      vertex -29.0119 -16.75 15
      vertex -25.2437 -21.0011 15
      vertex -25.9 -3.1 15
    endloop
  endfacet
  facet normal 0 0 1
    outer loop
      vertex -25.2437 -21.0011 15
      vertex -27.4416 -19.2148 15
      vertex -25.6625 -21.5334 15
    endloop
  endfacet
  facet normal 0 0 1
    outer loop
      vertex -25.2437 -21.0011 15
      vertex -29.0119 -16.75 15
      vertex -27.4416 -19.2148 15
    endloop
  endfacet
  facet normal 0 0 1
    outer loop
      vertex -30.3613 -14.1577 15
      vertex -25.9 -3.1 15
      vertex -29.1 -3.1 15
    endloop
  endfacet
  facet normal 0 0 1
    outer loop
      vertex -25.9 -3.1 15
      vertex -30.3613 -14.1577 15
      vertex -29.0119 -16.75 15
    endloop
  endfacet
  facet normal -0 0 1
    outer loop
      vertex -29.0119 16.75 15
      vertex -25.9 3.1 15
      vertex -27.7322 18.7587 15
    endloop
  endfacet
  facet normal -0 0 1
    outer loop
      vertex -30.3613 14.1577 15
      vertex -25.9 3.1 15
      vertex -29.0119 16.75 15
    endloop
  endfacet
  facet normal -0 0 1
    outer loop
      vertex -31.4797 11.4577 15
      vertex -25.9 3.1 15
      vertex -30.3613 14.1577 15
    endloop
  endfacet
  facet normal -0 0 1
    outer loop
      vertex -32.3585 8.67044 15
      vertex -25.9 3.1 15
      vertex -31.4797 11.4577 15
    endloop
  endfacet
  facet normal 0 0 1
    outer loop
      vertex -25.9 3.1 15
      vertex -32.3585 8.67044 15
      vertex -29.1 3.1 15
    endloop
  endfacet
  facet normal -0 0 1
    outer loop
      vertex -32.9911 5.81721 15
      vertex -29.1 3.1 15
      vertex -32.3585 8.67044 15
    endloop
  endfacet
  facet normal 0 -0 1
    outer loop
      vertex -32.7 3 15
      vertex -29.1 3.1 15
      vertex -32.9911 5.81721 15
    endloop
  endfacet
  facet normal 0 0 1
    outer loop
      vertex -33.3725 2.91972 15
      vertex -32.7 3 15
      vertex -32.9911 5.81721 15
    endloop
  endfacet
  facet normal 0 0 1
    outer loop
      vertex -29.1 3.1 15
      vertex -32.7 3 15
      vertex -29.1 3 15
    endloop
  endfacet
  facet normal 0 0 1
    outer loop
      vertex -25.2437 21.0011 15
      vertex -22.6577 10.5655 15
      vertex -25.2354 20.9927 15
    endloop
  endfacet
  facet normal 0 0 1
    outer loop
      vertex -22.6577 10.5655 15
      vertex -25.2437 21.0011 15
      vertex -23.4923 8.5505 15
    endloop
  endfacet
  facet normal 0 0 1
    outer loop
      vertex -24.1481 6.47048 15
      vertex -25.9 3.1 15
      vertex -24.6202 4.3412 15
    endloop
  endfacet
  facet normal 0 0 1
    outer loop
      vertex -25.9 3.1 15
      vertex -24.1481 6.47048 15
      vertex -25.2437 21.0011 15
    endloop
  endfacet
  facet normal 0 0 1
    outer loop
      vertex -23.4923 8.5505 15
      vertex -25.2437 21.0011 15
      vertex -24.1481 6.47048 15
    endloop
  endfacet
  facet normal 0 0 1
    outer loop
      vertex -25.2354 20.9927 15
      vertex -22.7688 18.3848 15
      vertex -22.6981 18.4555 15
    endloop
  endfacet
  facet normal 0 0 1
    outer loop
      vertex -17.6777 -17.6777 15
      vertex -16.122 -20.5061 15
      vertex -16.0697 -19.1511 15
    endloop
  endfacet
  facet normal -0 0 1
    outer loop
      vertex -20.5061 -16.122 15
      vertex -17.6777 -17.6777 15
      vertex -19.1511 -16.0697 15
    endloop
  endfacet
  facet normal 0 0 1
    outer loop
      vertex -20.5061 -16.122 15
      vertex -19.1511 -16.0697 15
      vertex -20.4788 -14.3394 15
    endloop
  endfacet
  facet normal 0 0 1
    outer loop
      vertex -17.6777 -17.6777 15
      vertex -20.5061 -16.122 15
      vertex -16.122 -20.5061 15
    endloop
  endfacet
  facet normal 0 0 1
    outer loop
      vertex -20.4788 -14.3394 15
      vertex -20.5104 -16.1263 15
      vertex -20.5061 -16.122 15
    endloop
  endfacet
  facet normal 0 0 1
    outer loop
      vertex -22.7645 -18.3805 15
      vertex -20.4788 -14.3394 15
      vertex -21.6506 -12.5 15
    endloop
  endfacet
  facet normal 0 0 1
    outer loop
      vertex -22.7688 -18.3848 15
      vertex -21.6506 -12.5 15
      vertex -22.6577 -10.5655 15
    endloop
  endfacet
  facet normal 0 0 1
    outer loop
      vertex -20.4788 -14.3394 15
      vertex -22.7645 -18.3805 15
      vertex -20.5104 -16.1263 15
    endloop
  endfacet
  facet normal 0 0 1
    outer loop
      vertex -21.6506 -12.5 15
      vertex -22.7688 -18.3848 15
      vertex -22.7645 -18.3805 15
    endloop
  endfacet
  facet normal 0 0 1
    outer loop
      vertex -25.2437 -21.0011 15
      vertex -22.6577 -10.5655 15
      vertex -23.4923 -8.5505 15
    endloop
  endfacet
  facet normal 0 0 1
    outer loop
      vertex -8.67044 -32.3585 15
      vertex -3.1 -29.1 15
      vertex -6.47048 -24.1481 15
    endloop
  endfacet
  facet normal 0 0 1
    outer loop
      vertex -8.67044 -32.3585 15
      vertex -6.47048 -24.1481 15
      vertex -8.5505 -23.4923 15
    endloop
  endfacet
  facet normal 0 0 1
    outer loop
      vertex -3.1 -29.1 15
      vertex -8.67044 -32.3585 15
      vertex -6.3452 -32.874 15
    endloop
  endfacet
  facet normal 0 0 1
    outer loop
      vertex -11.4577 -31.4797 15
      vertex -8.5505 -23.4923 15
      vertex -10.5655 -22.6577 15
    endloop
  endfacet
  facet normal 0 0 1
    outer loop
      vertex -8.5505 -23.4923 15
      vertex -11.4577 -31.4797 15
      vertex -8.67044 -32.3585 15
    endloop
  endfacet
  facet normal 0 0 1
    outer loop
      vertex -14.1577 -30.3613 15
      vertex -10.5655 -22.6577 15
      vertex -12.5 -21.6506 15
    endloop
  endfacet
  facet normal 0 0 1
    outer loop
      vertex -10.5655 -22.6577 15
      vertex -14.1577 -30.3613 15
      vertex -11.4577 -31.4797 15
    endloop
  endfacet
  facet normal 0 0 1
    outer loop
      vertex -18.3805 -22.7645 15
      vertex -12.5 -21.6506 15
      vertex -14.3394 -20.4788 15
    endloop
  endfacet
  facet normal 0 0 1
    outer loop
      vertex -16.122 -20.5061 15
      vertex -14.3394 -20.4788 15
      vertex -16.0697 -19.1511 15
    endloop
  endfacet
  facet normal 0 0 1
    outer loop
      vertex -16.1263 -20.5104 15
      vertex -14.3394 -20.4788 15
      vertex -16.122 -20.5061 15
    endloop
  endfacet
  facet normal 0 0 1
    outer loop
      vertex -18.3805 -22.7645 15
      vertex -14.3394 -20.4788 15
      vertex -16.1263 -20.5104 15
    endloop
  endfacet
  facet normal 0 0 1
    outer loop
      vertex -12.5 -21.6506 15
      vertex -16.75 -29.0119 15
      vertex -14.1577 -30.3613 15
    endloop
  endfacet
  facet normal 0 0 1
    outer loop
      vertex -12.5 -21.6506 15
      vertex -18.3805 -22.7645 15
      vertex -16.75 -29.0119 15
    endloop
  endfacet
  facet normal -0 0 1
    outer loop
      vertex -18.3848 -22.7688 15
      vertex -16.75 -29.0119 15
      vertex -18.3805 -22.7645 15
    endloop
  endfacet
  facet normal 0 0 1
    outer loop
      vertex -20.9927 -25.2354 15
      vertex -18.3848 -22.7688 15
      vertex -18.4555 -22.6981 15
    endloop
  endfacet
  facet normal 0 0 1
    outer loop
      vertex -18.3848 -22.7688 15
      vertex -19.2148 -27.4416 15
      vertex -16.75 -29.0119 15
    endloop
  endfacet
  facet normal 0 0 1
    outer loop
      vertex -18.3848 -22.7688 15
      vertex -20.9927 -25.2354 15
      vertex -19.2148 -27.4416 15
    endloop
  endfacet
  facet normal -0 0 1
    outer loop
      vertex -21.0011 -25.2437 15
      vertex -19.2148 -27.4416 15
      vertex -20.9927 -25.2354 15
    endloop
  endfacet
  facet normal 0 0 1
    outer loop
      vertex -21.0011 -25.2437 15
      vertex -21.5334 -25.6625 15
      vertex -19.2148 -27.4416 15
    endloop
  endfacet
  facet normal 0 0 1
    outer loop
      vertex -21.0011 -25.2437 15
      vertex -23.6881 -23.6881 15
      vertex -21.5334 -25.6625 15
    endloop
  endfacet
  facet normal 0 0 1
    outer loop
      vertex -25.2437 -21.0011 15
      vertex -23.6881 -23.6881 15
      vertex -21.0011 -25.2437 15
    endloop
  endfacet
  facet normal 0 0 1
    outer loop
      vertex -27.7322 18.7587 15
      vertex -25.2971 21.9321 15
      vertex -25.5185 22.102 15
    endloop
  endfacet
  facet normal 0 0 1
    outer loop
      vertex -25.2437 -21.0011 15
      vertex -25.6625 -21.5334 15
      vertex -23.6881 -23.6881 15
    endloop
  endfacet
  facet normal 0 0 1
    outer loop
      vertex -25.9 -3.1 15
      vertex -25 0 15
      vertex -25.9 3.1 15
    endloop
  endfacet
  facet normal 0 0 1
    outer loop
      vertex -25 0 15
      vertex -25.9 -3.1 15
      vertex -25.2437 -21.0011 15
    endloop
  endfacet
  facet normal 0 0 1
    outer loop
      vertex -25.2971 21.9321 15
      vertex -27.7322 18.7587 15
      vertex -25.9 3.1 15
    endloop
  endfacet
  facet normal 0 -0 1
    outer loop
      vertex -27.7322 18.7587 15
      vertex -25.5185 22.102 15
      vertex -27.9535 18.9286 15
    endloop
  endfacet
  facet normal 0 0 1
    outer loop
      vertex -16.122 20.5061 15
      vertex -17.6777 17.6777 15
      vertex -16.0697 19.1511 15
    endloop
  endfacet
  facet normal 0 0 1
    outer loop
      vertex -20.5061 16.122 15
      vertex -17.6777 17.6777 15
      vertex -16.122 20.5061 15
    endloop
  endfacet
  facet normal 0 0 1
    outer loop
      vertex -17.6777 17.6777 15
      vertex -20.5061 16.122 15
      vertex -19.1511 16.0697 15
    endloop
  endfacet
  facet normal 0 0 1
    outer loop
      vertex -19.1511 16.0697 15
      vertex -20.5061 16.122 15
      vertex -20.4788 14.3394 15
    endloop
  endfacet
  facet normal 0 0 1
    outer loop
      vertex -20.5104 16.1263 15
      vertex -20.4788 14.3394 15
      vertex -20.5061 16.122 15
    endloop
  endfacet
  facet normal 0 0 1
    outer loop
      vertex -22.7645 18.3805 15
      vertex -20.4788 14.3394 15
      vertex -20.5104 16.1263 15
    endloop
  endfacet
  facet normal 0 0 1
    outer loop
      vertex -20.4788 14.3394 15
      vertex -22.7645 18.3805 15
      vertex -21.6506 12.5 15
    endloop
  endfacet
  facet normal 0 0 1
    outer loop
      vertex -22.7688 18.3848 15
      vertex -21.6506 12.5 15
      vertex -22.7645 18.3805 15
    endloop
  endfacet
  facet normal 0 0 1
    outer loop
      vertex -21.6506 12.5 15
      vertex -22.7688 18.3848 15
      vertex -22.6577 10.5655 15
    endloop
  endfacet
  facet normal 0 0 1
    outer loop
      vertex -25.2354 20.9927 15
      vertex -22.6577 10.5655 15
      vertex -22.7688 18.3848 15
    endloop
  endfacet
  facet normal 0 0 1
    outer loop
      vertex -25.2437 -21.0011 15
      vertex -23.4923 -8.5505 15
      vertex -24.1481 -6.47048 15
    endloop
  endfacet
  facet normal 0 0 1
    outer loop
      vertex -25.2437 -21.0011 15
      vertex -24.1481 -6.47048 15
      vertex -24.6202 -4.3412 15
    endloop
  endfacet
  facet normal 0 0 1
    outer loop
      vertex -22.7688 -18.3848 15
      vertex -25.2354 -20.9927 15
      vertex -22.6981 -18.4555 15
    endloop
  endfacet
  facet normal 0 0 1
    outer loop
      vertex -22.6577 -10.5655 15
      vertex -25.2354 -20.9927 15
      vertex -22.7688 -18.3848 15
    endloop
  endfacet
  facet normal 0 0 1
    outer loop
      vertex -25.2437 -21.0011 15
      vertex -24.6202 -4.3412 15
      vertex -24.9049 -2.17889 15
    endloop
  endfacet
  facet normal 0 0 1
    outer loop
      vertex -25.2437 -21.0011 15
      vertex -24.9049 -2.17889 15
      vertex -25 0 15
    endloop
  endfacet
  facet normal 0 0 1
    outer loop
      vertex -24.6202 4.3412 15
      vertex -25.9 3.1 15
      vertex -24.9049 2.17889 15
    endloop
  endfacet
  facet normal 0 0 1
    outer loop
      vertex -25.9 3.1 15
      vertex -25.2437 21.0011 15
      vertex -25.2971 21.9321 15
    endloop
  endfacet
  facet normal 0 0 1
    outer loop
      vertex -22.6577 -10.5655 15
      vertex -25.2437 -21.0011 15
      vertex -25.2354 -20.9927 15
    endloop
  endfacet
  facet normal 0 0 1
    outer loop
      vertex -3 -29.1 15
      vertex -3.1 -29.1 15
      vertex -3 -32.7 15
    endloop
  endfacet
  facet normal -0 0 1
    outer loop
      vertex 2.17889 -24.9049 15
      vertex 3.1 -25.9 15
      vertex 4.3412 -24.6202 15
    endloop
  endfacet
  facet normal -0 0 1
    outer loop
      vertex 0 -25 15
      vertex 3.1 -25.9 15
      vertex 2.17889 -24.9049 15
    endloop
  endfacet
  facet normal 0 0 1
    outer loop
      vertex -3.1 -25.9 15
      vertex 0 -25 15
      vertex -2.17889 -24.9049 15
    endloop
  endfacet
  facet normal 0 0 1
    outer loop
      vertex 0 -25 15
      vertex -3.1 -25.9 15
      vertex 3.1 -25.9 15
    endloop
  endfacet
  facet normal 0 0 1
    outer loop
      vertex -3.1 -25.9 15
      vertex -4.3412 -24.6202 15
      vertex -3.1 -29.1 15
    endloop
  endfacet
  facet normal 0 0 1
    outer loop
      vertex -4.3412 -24.6202 15
      vertex -3.1 -25.9 15
      vertex -2.17889 -24.9049 15
    endloop
  endfacet
  facet normal -0 0 1
    outer loop
      vertex 3.1 25.9 15
      vertex 4.3412 24.6202 15
      vertex 3.1 29.1 15
    endloop
  endfacet
  facet normal 0 0 1
    outer loop
      vertex 3.1 25.9 15
      vertex 2.17889 24.9049 15
      vertex 4.3412 24.6202 15
    endloop
  endfacet
  facet normal 0 0 1
    outer loop
      vertex 3.1 25.9 15
      vertex 0 25 15
      vertex 2.17889 24.9049 15
    endloop
  endfacet
  facet normal -0 0 1
    outer loop
      vertex -3.1 25.9 15
      vertex 0 25 15
      vertex 3.1 25.9 15
    endloop
  endfacet
  facet normal 0 0 1
    outer loop
      vertex 0 25 15
      vertex -3.1 25.9 15
      vertex -2.17889 24.9049 15
    endloop
  endfacet
  facet normal 0 0 1
    outer loop
      vertex -2.17889 24.9049 15
      vertex -3.1 25.9 15
      vertex -4.3412 24.6202 15
    endloop
  endfacet
  facet normal 0 0 1
    outer loop
      vertex 3.1 29.1 15
      vertex 3 32.7 15
      vertex 3 29.1 15
    endloop
  endfacet
  facet normal 0 0 1
    outer loop
      vertex 27.4416 -19.2148 15
      vertex 22.7688 -18.3848 15
      vertex 25.2354 -20.9927 15
    endloop
  endfacet
  facet normal 0 -0 1
    outer loop
      vertex 22.7688 -18.3848 15
      vertex 29.0119 -16.75 15
      vertex 22.7645 -18.3805 15
    endloop
  endfacet
  facet normal 0 0 1
    outer loop
      vertex 29.0119 -16.75 15
      vertex 22.7688 -18.3848 15
      vertex 27.4416 -19.2148 15
    endloop
  endfacet
  facet normal -0 0 1
    outer loop
      vertex 20.4788 -14.3394 15
      vertex 22.7645 -18.3805 15
      vertex 21.6506 -12.5 15
    endloop
  endfacet
  facet normal 0 0 1
    outer loop
      vertex 22.7645 -18.3805 15
      vertex 20.4788 -14.3394 15
      vertex 20.5104 -16.1263 15
    endloop
  endfacet
  facet normal 0 0 1
    outer loop
      vertex 20.5104 -16.1263 15
      vertex 20.4788 -14.3394 15
      vertex 20.5061 -16.122 15
    endloop
  endfacet
  facet normal -0 0 1
    outer loop
      vertex 19.1511 -16.0697 15
      vertex 20.5061 -16.122 15
      vertex 20.4788 -14.3394 15
    endloop
  endfacet
  facet normal 0 0 1
    outer loop
      vertex 17.6777 -17.6777 15
      vertex 20.5061 -16.122 15
      vertex 19.1511 -16.0697 15
    endloop
  endfacet
  facet normal -0 0 1
    outer loop
      vertex 17.6777 -17.6777 15
      vertex 16.122 -20.5061 15
      vertex 20.5061 -16.122 15
    endloop
  endfacet
  facet normal 0 -0 1
    outer loop
      vertex 16.122 -20.5061 15
      vertex 17.6777 -17.6777 15
      vertex 16.0697 -19.1511 15
    endloop
  endfacet
  facet normal 0 0 1
    outer loop
      vertex 22.6577 10.5655 15
      vertex 25.2437 21.0011 15
      vertex 25.2354 20.9927 15
    endloop
  endfacet
  facet normal -0 0 1
    outer loop
      vertex 24.9049 -2.17889 15
      vertex 25.9 -3.1 15
      vertex 25 0 15
    endloop
  endfacet
  facet normal 0 0 1
    outer loop
      vertex 24.6202 -4.3412 15
      vertex 25.9 -3.1 15
      vertex 24.9049 -2.17889 15
    endloop
  endfacet
  facet normal 0 0 1
    outer loop
      vertex 25.9 3.1 15
      vertex 25 0 15
      vertex 25.9 -3.1 15
    endloop
  endfacet
  facet normal 0 0 1
    outer loop
      vertex 25.2437 21.0011 15
      vertex 24.6202 4.3412 15
      vertex 24.9049 2.17889 15
    endloop
  endfacet
  facet normal 0 0 1
    outer loop
      vertex 25.2437 21.0011 15
      vertex 24.1481 6.47048 15
      vertex 24.6202 4.3412 15
    endloop
  endfacet
  facet normal 0 0 1
    outer loop
      vertex 25.2437 21.0011 15
      vertex 23.4923 8.5505 15
      vertex 24.1481 6.47048 15
    endloop
  endfacet
  facet normal 0 0 1
    outer loop
      vertex 22.6577 10.5655 15
      vertex 25.2354 20.9927 15
      vertex 22.7688 18.3848 15
    endloop
  endfacet
  facet normal 0 -0 1
    outer loop
      vertex 22.7688 18.3848 15
      vertex 25.2354 20.9927 15
      vertex 22.6981 18.4555 15
    endloop
  endfacet
  facet normal 0 0 1
    outer loop
      vertex 27.4416 -19.2148 15
      vertex 25.2437 -21.0011 15
      vertex 25.6625 -21.5334 15
    endloop
  endfacet
  facet normal 0 0 1
    outer loop
      vertex 25.2437 -21.0011 15
      vertex 23.6881 -23.6881 15
      vertex 25.6625 -21.5334 15
    endloop
  endfacet
  facet normal 0 0 1
    outer loop
      vertex 21.0011 -25.2437 15
      vertex 23.6881 -23.6881 15
      vertex 25.2437 -21.0011 15
    endloop
  endfacet
  facet normal 0 0 1
    outer loop
      vertex 23.6881 -23.6881 15
      vertex 21.0011 -25.2437 15
      vertex 21.5334 -25.6625 15
    endloop
  endfacet
  facet normal 0 0 1
    outer loop
      vertex 21.0011 -25.2437 15
      vertex 19.2148 -27.4416 15
      vertex 21.5334 -25.6625 15
    endloop
  endfacet
  facet normal 0 0 1
    outer loop
      vertex 20.9927 -25.2354 15
      vertex 19.2148 -27.4416 15
      vertex 21.0011 -25.2437 15
    endloop
  endfacet
  facet normal -0 0 1
    outer loop
      vertex 18.3848 -22.7688 15
      vertex 20.9927 -25.2354 15
      vertex 18.4555 -22.6981 15
    endloop
  endfacet
  facet normal 0 0 1
    outer loop
      vertex 20.9927 -25.2354 15
      vertex 18.3848 -22.7688 15
      vertex 19.2148 -27.4416 15
    endloop
  endfacet
  facet normal 0 0 1
    outer loop
      vertex 16.75 -29.0119 15
      vertex 18.3848 -22.7688 15
      vertex 18.3805 -22.7645 15
    endloop
  endfacet
  facet normal 0 0 1
    outer loop
      vertex 18.3848 -22.7688 15
      vertex 16.75 -29.0119 15
      vertex 19.2148 -27.4416 15
    endloop
  endfacet
  facet normal 0 0 1
    outer loop
      vertex 14.3394 -20.4788 15
      vertex 18.3805 -22.7645 15
      vertex 16.1263 -20.5104 15
    endloop
  endfacet
  facet normal 0 0 1
    outer loop
      vertex 14.3394 -20.4788 15
      vertex 16.1263 -20.5104 15
      vertex 16.122 -20.5061 15
    endloop
  endfacet
  facet normal -0 0 1
    outer loop
      vertex 14.3394 -20.4788 15
      vertex 16.122 -20.5061 15
      vertex 16.0697 -19.1511 15
    endloop
  endfacet
  facet normal 0 0 1
    outer loop
      vertex 18.3805 -22.7645 15
      vertex 14.3394 -20.4788 15
      vertex 12.5 -21.6506 15
    endloop
  endfacet
  facet normal 0 0 1
    outer loop
      vertex 18.3805 -22.7645 15
      vertex 12.5 -21.6506 15
      vertex 16.75 -29.0119 15
    endloop
  endfacet
  facet normal 0 0 1
    outer loop
      vertex 16.75 -29.0119 15
      vertex 12.5 -21.6506 15
      vertex 14.1577 -30.3613 15
    endloop
  endfacet
  facet normal -0 0 1
    outer loop
      vertex 10.5655 -22.6577 15
      vertex 14.1577 -30.3613 15
      vertex 12.5 -21.6506 15
    endloop
  endfacet
  facet normal 0 0 1
    outer loop
      vertex 14.1577 -30.3613 15
      vertex 10.5655 -22.6577 15
      vertex 11.4577 -31.4797 15
    endloop
  endfacet
  facet normal -0 0 1
    outer loop
      vertex 8.5505 -23.4923 15
      vertex 11.4577 -31.4797 15
      vertex 10.5655 -22.6577 15
    endloop
  endfacet
  facet normal 0 0 1
    outer loop
      vertex 11.4577 -31.4797 15
      vertex 8.5505 -23.4923 15
      vertex 8.67044 -32.3585 15
    endloop
  endfacet
  facet normal -0 0 1
    outer loop
      vertex 6.47048 -24.1481 15
      vertex 8.67044 -32.3585 15
      vertex 8.5505 -23.4923 15
    endloop
  endfacet
  facet normal -0 0 1
    outer loop
      vertex 3.1 -29.1 15
      vertex 8.67044 -32.3585 15
      vertex 6.47048 -24.1481 15
    endloop
  endfacet
  facet normal 0 0 1
    outer loop
      vertex 3.1 -29.1 15
      vertex 6.47048 -24.1481 15
      vertex 4.3412 -24.6202 15
    endloop
  endfacet
  facet normal 0 0 1
    outer loop
      vertex 3.1 -29.1 15
      vertex 4.3412 -24.6202 15
      vertex 3.1 -25.9 15
    endloop
  endfacet
  facet normal 0 0 1
    outer loop
      vertex 8.67044 -32.3585 15
      vertex 3.1 -29.1 15
      vertex 5.81721 -32.9911 15
    endloop
  endfacet
  facet normal 0 0 1
    outer loop
      vertex 3 -32.7 15
      vertex 3.1 -29.1 15
      vertex 3 -29.1 15
    endloop
  endfacet
  facet normal 0 0 1
    outer loop
      vertex 3.1 -29.1 15
      vertex 3 -32.7 15
      vertex 5.81721 -32.9911 15
    endloop
  endfacet
  facet normal 0 0 1
    outer loop
      vertex 3 -32.7 15
      vertex 2.91972 -33.3725 15
      vertex 5.81721 -32.9911 15
    endloop
  endfacet
  facet normal 0 0 1
    outer loop
      vertex 3 -32.7 15
      vertex 0 -33.5 15
      vertex 2.91972 -33.3725 15
    endloop
  endfacet
  facet normal -0 0 1
    outer loop
      vertex -3 -32.7 15
      vertex 0 -33.5 15
      vertex 3 -32.7 15
    endloop
  endfacet
  facet normal 0 0 1
    outer loop
      vertex 0 -33.5 15
      vertex -3 -32.7 15
      vertex -2.37942 -33.3961 15
    endloop
  endfacet
  facet normal 0 0 1
    outer loop
      vertex -3 -32.7 15
      vertex -2.41584 -33.6727 15
      vertex -2.37942 -33.3961 15
    endloop
  endfacet
  facet normal 0 0 1
    outer loop
      vertex -6.47048 -24.1481 15
      vertex -3.1 -29.1 15
      vertex -4.3412 -24.6202 15
    endloop
  endfacet
  facet normal 0 0 1
    outer loop
      vertex -3.1 -29.1 15
      vertex -6.3452 -32.874 15
      vertex -3 -32.7 15
    endloop
  endfacet
  facet normal 0 0 1
    outer loop
      vertex -6.38162 -33.1506 15
      vertex -3 -32.7 15
      vertex -6.3452 -32.874 15
    endloop
  endfacet
  facet normal 0 0 1
    outer loop
      vertex -3 -32.7 15
      vertex -6.38162 -33.1506 15
      vertex -2.41584 -33.6727 15
    endloop
  endfacet
  facet normal 0 0 1
    outer loop
      vertex 29.1 -3.1 15
      vertex 24.6202 -4.3412 15
      vertex 24.1481 -6.47048 15
    endloop
  endfacet
  facet normal 0 0 1
    outer loop
      vertex 30.3613 -14.1577 15
      vertex 22.6577 -10.5655 15
      vertex 29.0119 -16.75 15
    endloop
  endfacet
  facet normal -0 0 1
    outer loop
      vertex 21.6506 -12.5 15
      vertex 29.0119 -16.75 15
      vertex 22.6577 -10.5655 15
    endloop
  endfacet
  facet normal 0 -0 1
    outer loop
      vertex 22.7645 -18.3805 15
      vertex 29.0119 -16.75 15
      vertex 21.6506 -12.5 15
    endloop
  endfacet
  facet normal 0 0 1
    outer loop
      vertex 27.4416 -19.2148 15
      vertex 25.2354 -20.9927 15
      vertex 25.2437 -21.0011 15
    endloop
  endfacet
  facet normal 0 0 1
    outer loop
      vertex 25.2354 -20.9927 15
      vertex 22.7688 -18.3848 15
      vertex 22.6981 -18.4555 15
    endloop
  endfacet
  facet normal 0 0 1
    outer loop
      vertex 21.6506 12.5 15
      vertex 22.7688 18.3848 15
      vertex 22.7645 18.3805 15
    endloop
  endfacet
  facet normal 0 0 1
    outer loop
      vertex 25.2437 21.0011 15
      vertex 22.6577 10.5655 15
      vertex 23.4923 8.5505 15
    endloop
  endfacet
  facet normal 0 0 1
    outer loop
      vertex 22.7688 18.3848 15
      vertex 21.6506 12.5 15
      vertex 22.6577 10.5655 15
    endloop
  endfacet
  facet normal 0 0 1
    outer loop
      vertex 20.4788 14.3394 15
      vertex 22.7645 18.3805 15
      vertex 20.5104 16.1263 15
    endloop
  endfacet
  facet normal 0 0 1
    outer loop
      vertex 20.4788 14.3394 15
      vertex 20.5104 16.1263 15
      vertex 20.5061 16.122 15
    endloop
  endfacet
  facet normal 0 0 1
    outer loop
      vertex 22.7645 18.3805 15
      vertex 20.4788 14.3394 15
      vertex 21.6506 12.5 15
    endloop
  endfacet
  facet normal 0 0 1
    outer loop
      vertex 20.5061 16.122 15
      vertex 19.1511 16.0697 15
      vertex 20.4788 14.3394 15
    endloop
  endfacet
  facet normal 0 0 1
    outer loop
      vertex 20.5061 16.122 15
      vertex 17.6777 17.6777 15
      vertex 19.1511 16.0697 15
    endloop
  endfacet
  facet normal 0 0 1
    outer loop
      vertex 16.122 20.5061 15
      vertex 17.6777 17.6777 15
      vertex 20.5061 16.122 15
    endloop
  endfacet
  facet normal 0 0 1
    outer loop
      vertex 17.6777 17.6777 15
      vertex 16.122 20.5061 15
      vertex 16.0697 19.1511 15
    endloop
  endfacet
  facet normal 0 0 1
    outer loop
      vertex 25.9 3.1 15
      vertex 30.1116 14.6374 15
      vertex 29.0119 16.75 15
    endloop
  endfacet
  facet normal 0 0 1
    outer loop
      vertex 25.9 3.1 15
      vertex 29.0119 16.75 15
      vertex 27.4416 19.2148 15
    endloop
  endfacet
  facet normal 0 0 1
    outer loop
      vertex 32.3585 8.67044 15
      vertex 25.9 3.1 15
      vertex 29.1 3.1 15
    endloop
  endfacet
  facet normal 0 0 1
    outer loop
      vertex 27.4416 19.2148 15
      vertex 24.9049 2.17889 15
      vertex 25.9 3.1 15
    endloop
  endfacet
  facet normal 0 0 1
    outer loop
      vertex 24.9049 2.17889 15
      vertex 27.4416 19.2148 15
      vertex 25.6625 21.5334 15
    endloop
  endfacet
  facet normal -0.382732 0.92386 0
    outer loop
      vertex 30.3694 14.7442 14.0726
      vertex 30.1116 14.6374 15
      vertex 30.3694 14.7442 15
    endloop
  endfacet
  facet normal 0.382732 -0.92386 0
    outer loop
      vertex 31.9001 11.0487 15
      vertex 31.6423 10.9419 15
      vertex 31.9001 11.0487 14.0726
    endloop
  endfacet
  facet normal 0.923881 0.38268 0
    outer loop
      vertex 30.3694 14.7442 15
      vertex 30.5717 14.2558 14.2263
      vertex 30.3694 14.7442 14.0726
    endloop
  endfacet
  facet normal 0.923928 0.382566 8.43939e-05
    outer loop
      vertex 30.3694 14.7442 15
      vertex 30.703 13.9387 14.2263
      vertex 30.5717 14.2558 14.2263
    endloop
  endfacet
  facet normal 0.923882 0.382678 -5.17162e-05
    outer loop
      vertex 31.9001 11.0487 15
      vertex 30.703 13.9387 14.2263
      vertex 30.3694 14.7442 15
    endloop
  endfacet
  facet normal 0.923876 0.382692 8.27359e-06
    outer loop
      vertex 30.703 13.9387 14.2263
      vertex 31.9001 11.0487 15
      vertex 31.6978 11.5371 14.2263
    endloop
  endfacet
  facet normal 0.923881 0.38268 0
    outer loop
      vertex 31.6978 11.5371 14.2263
      vertex 31.9001 11.0487 15
      vertex 31.9001 11.0487 14.0726
    endloop
  endfacet
  facet normal 0.608793 0.793329 0
    outer loop
      vertex -25.2971 21.9321 15
      vertex -25.5185 22.102 14.0726
      vertex -25.5185 22.102 15
    endloop
  endfacet
  facet normal -0.608966 -0.793197 -0
    outer loop
      vertex -27.9535 18.9286 15
      vertex -27.9535 18.9286 14.0726
      vertex -27.7322 18.7587 15
    endloop
  endfacet
  facet normal -0.793369 0.608741 0
    outer loop
      vertex -25.8403 21.6826 14.2263
      vertex -25.5185 22.102 15
      vertex -25.5185 22.102 14.0726
    endloop
  endfacet
  facet normal -0.793346 0.608771 -2.60338e-05
    outer loop
      vertex -27.4228 19.6203 14.2263
      vertex -25.5185 22.102 15
      vertex -25.8403 21.6826 14.2263
    endloop
  endfacet
  facet normal -0.793522 0.608542 -0.000250569
    outer loop
      vertex -27.9535 18.9286 15
      vertex -27.4228 19.6203 14.2263
      vertex -27.6317 19.3479 14.2263
    endloop
  endfacet
  facet normal -0.793358 0.608756 5.36777e-05
    outer loop
      vertex -27.4228 19.6203 14.2263
      vertex -27.9535 18.9286 15
      vertex -25.5185 22.102 15
    endloop
  endfacet
  facet normal -0.793299 0.608833 0
    outer loop
      vertex -27.9535 18.9286 15
      vertex -27.6317 19.3479 14.2263
      vertex -27.9535 18.9286 14.0726
    endloop
  endfacet
  facet normal -0.130525 -0.991445 4.24551e-06
    outer loop
      vertex -6.38162 -33.1506 15
      vertex -3.28027 -33.5589 14.2263
      vertex -2.41584 -33.6727 15
    endloop
  endfacet
  facet normal -0.130526 -0.991445 1.55129e-06
    outer loop
      vertex -6.38162 -33.1506 15
      vertex -5.85752 -33.2196 14.2263
      vertex -3.28027 -33.5589 14.2263
    endloop
  endfacet
  facet normal -0.130442 -0.991456 5.91804e-05
    outer loop
      vertex -6.38162 -33.1506 15
      vertex -6.24825 -33.1682 14.1117
      vertex -5.85752 -33.2196 14.2263
    endloop
  endfacet
  facet normal -0.130829 -0.991405 0
    outer loop
      vertex -6.24825 -33.1682 14.1117
      vertex -6.38162 -33.1506 15
      vertex -6.38162 -33.1506 14.0726
    endloop
  endfacet
  facet normal -0.130515 -0.991446 -7.35003e-06
    outer loop
      vertex -2.93995 -33.6037 14.2263
      vertex -2.41584 -33.6727 15
      vertex -3.28027 -33.5589 14.2263
    endloop
  endfacet
  facet normal -0.130525 -0.991445 -0
    outer loop
      vertex -2.41584 -33.6727 15
      vertex -2.93995 -33.6037 14.2263
      vertex -2.41584 -33.6727 14.0726
    endloop
  endfacet
  facet normal 0.991443 -0.130544 0
    outer loop
      vertex -2.41584 -33.6727 15
      vertex -2.41584 -33.6727 14.0726
      vertex -2.37942 -33.3961 15
    endloop
  endfacet
  facet normal -0.991443 0.130544 0
    outer loop
      vertex -6.3452 -32.874 15
      vertex -6.38162 -33.1506 14.0726
      vertex -6.38162 -33.1506 15
    endloop
  endfacet
  facet normal 0.675557 0 0.737308
    outer loop
      vertex 31.5926 3 17.3747
      vertex 31.792 -3 17.192
      vertex 31.792 3 17.192
    endloop
  endfacet
  facet normal 0.675557 0 0.737308
    outer loop
      vertex 31.792 -3 17.192
      vertex 31.5926 3 17.3747
      vertex 31.5926 -3 17.3747
    endloop
  endfacet
  facet normal 0.991443 -0 0.130541
    outer loop
      vertex 32.6529 -3 15.5383
      vertex 32.6882 3 15.2702
      vertex 32.6529 3 15.5383
    endloop
  endfacet
  facet normal 0.991443 0 0.130541
    outer loop
      vertex 32.6882 3 15.2702
      vertex 32.6529 -3 15.5383
      vertex 32.6882 -3 15.2702
    endloop
  endfacet
  facet normal 0.999048 -0 0.0436298
    outer loop
      vertex 32.6882 -3 15.2702
      vertex 32.7 3 15
      vertex 32.6882 3 15.2702
    endloop
  endfacet
  facet normal 0.999048 0 0.0436298
    outer loop
      vertex 32.7 3 15
      vertex 32.6882 -3 15.2702
      vertex 32.7 -3 15
    endloop
  endfacet
  facet normal 0.976317 -0 0.216343
    outer loop
      vertex 32.5944 -3 15.8023
      vertex 32.6529 3 15.5383
      vertex 32.5944 3 15.8023
    endloop
  endfacet
  facet normal 0.976317 0 0.216343
    outer loop
      vertex 32.6529 3 15.5383
      vertex 32.5944 -3 15.8023
      vertex 32.6529 -3 15.5383
    endloop
  endfacet
  facet normal 0.382461 0 0.923972
    outer loop
      vertex 30.6603 3 17.913
      vertex 30.9101 -3 17.8096
      vertex 30.9101 3 17.8096
    endloop
  endfacet
  facet normal 0.382461 0 0.923972
    outer loop
      vertex 30.9101 -3 17.8096
      vertex 30.6603 3 17.913
      vertex 30.6603 -3 17.913
    endloop
  endfacet
  facet normal -0.461795 0 0.886987
    outer loop
      vertex 28.05 3 17.6847
      vertex 28.2899 -3 17.8096
      vertex 28.2899 3 17.8096
    endloop
  endfacet
  facet normal -0.461795 0 0.886987
    outer loop
      vertex 28.2899 -3 17.8096
      vertex 28.05 3 17.6847
      vertex 28.05 -3 17.6847
    endloop
  endfacet
  facet normal -0.216343 0 0.976317
    outer loop
      vertex 28.7977 3 17.9944
      vertex 29.0617 -3 18.0529
      vertex 29.0617 3 18.0529
    endloop
  endfacet
  facet normal -0.216343 0 0.976317
    outer loop
      vertex 29.0617 -3 18.0529
      vertex 28.7977 3 17.9944
      vertex 28.7977 -3 17.9944
    endloop
  endfacet
  facet normal -0.675557 0 0.737308
    outer loop
      vertex 27.408 3 17.192
      vertex 27.6074 -3 17.3747
      vertex 27.6074 3 17.3747
    endloop
  endfacet
  facet normal -0.675557 0 0.737308
    outer loop
      vertex 27.6074 -3 17.3747
      vertex 27.408 3 17.192
      vertex 27.408 -3 17.192
    endloop
  endfacet
  facet normal 0.953661 -0 0.300884
    outer loop
      vertex 32.513 -3 16.0603
      vertex 32.5944 3 15.8023
      vertex 32.513 3 16.0603
    endloop
  endfacet
  facet normal 0.953661 0 0.300884
    outer loop
      vertex 32.5944 3 15.8023
      vertex 32.513 -3 16.0603
      vertex 32.5944 -3 15.8023
    endloop
  endfacet
  facet normal 0.0436298 0 0.999048
    outer loop
      vertex 29.6 3 18.1
      vertex 29.8702 -3 18.0882
      vertex 29.8702 3 18.0882
    endloop
  endfacet
  facet normal 0.0436298 0 0.999048
    outer loop
      vertex 29.8702 -3 18.0882
      vertex 29.6 3 18.1
      vertex 29.6 -3 18.1
    endloop
  endfacet
  facet normal 0 -1 0
    outer loop
      vertex 28.6314 -3 16.1314
      vertex 29.6 -3 18.1
      vertex 29.3298 -3 18.0882
    endloop
  endfacet
  facet normal 0 -1 0
    outer loop
      vertex 28.6314 -3 16.1314
      vertex 29.3298 -3 18.0882
      vertex 29.0617 -3 18.0529
    endloop
  endfacet
  facet normal 0 -1 0
    outer loop
      vertex 29.6 -3 18.1
      vertex 28.6314 -3 16.1314
      vertex 28.7257 -3 16.0285
    endloop
  endfacet
  facet normal 0 -1 0
    outer loop
      vertex 28.5285 -3 16.2257
      vertex 29.0617 -3 18.0529
      vertex 28.7977 -3 17.9944
    endloop
  endfacet
  facet normal 0 -1 -0
    outer loop
      vertex 29.6 -3 18.1
      vertex 28.7257 -3 16.0285
      vertex 29.8702 -3 18.0882
    endloop
  endfacet
  facet normal 0 -1 0
    outer loop
      vertex 28.4177 -3 16.3106
      vertex 28.7977 -3 17.9944
      vertex 28.5397 -3 17.913
    endloop
  endfacet
  facet normal 0 -1 0
    outer loop
      vertex 28.8106 -3 15.9177
      vertex 29.8702 -3 18.0882
      vertex 28.7257 -3 16.0285
    endloop
  endfacet
  facet normal 0 -1 0
    outer loop
      vertex 28.3 -3 16.3856
      vertex 28.5397 -3 17.913
      vertex 28.2899 -3 17.8096
    endloop
  endfacet
  facet normal 0 -1 -0
    outer loop
      vertex 29.8702 -3 18.0882
      vertex 28.8106 -3 15.9177
      vertex 30.1383 -3 18.0529
    endloop
  endfacet
  facet normal 0 -1 0
    outer loop
      vertex 28.1762 -3 16.4501
      vertex 28.2899 -3 17.8096
      vertex 28.05 -3 17.6847
    endloop
  endfacet
  facet normal 0 -1 0
    outer loop
      vertex 29.0617 -3 18.0529
      vertex 28.5285 -3 16.2257
      vertex 28.6314 -3 16.1314
    endloop
  endfacet
  facet normal 0 -1 0
    outer loop
      vertex 28.0472 -3 16.5035
      vertex 28.05 -3 17.6847
      vertex 27.8219 -3 17.5394
    endloop
  endfacet
  facet normal 0 -1 -0
    outer loop
      vertex 30.1383 -3 18.0529
      vertex 28.8106 -3 15.9177
      vertex 30.4023 -3 17.9944
    endloop
  endfacet
  facet normal 0 -1 0
    outer loop
      vertex 27.9141 -3 16.5455
      vertex 27.8219 -3 17.5394
      vertex 27.6074 -3 17.3747
    endloop
  endfacet
  facet normal 0 -1 0
    outer loop
      vertex 28.7977 -3 17.9944
      vertex 28.4177 -3 16.3106
      vertex 28.5285 -3 16.2257
    endloop
  endfacet
  facet normal 0 -1 0
    outer loop
      vertex 27.7778 -3 16.5757
      vertex 27.6074 -3 17.3747
      vertex 27.408 -3 17.192
    endloop
  endfacet
  facet normal 0 -1 0
    outer loop
      vertex 28.5397 -3 17.913
      vertex 28.3 -3 16.3856
      vertex 28.4177 -3 16.3106
    endloop
  endfacet
  facet normal 0 -1 0
    outer loop
      vertex 27.5 -3 16.6
      vertex 27.408 -3 17.192
      vertex 27.2253 -3 16.9926
    endloop
  endfacet
  facet normal 0 -1 -0
    outer loop
      vertex 28.05 -3 17.6847
      vertex 28.0472 -3 16.5035
      vertex 28.1762 -3 16.4501
    endloop
  endfacet
  facet normal 0 -1 0
    outer loop
      vertex 27.3605 -3 16.5939
      vertex 27.2253 -3 16.9926
      vertex 27.0606 -3 16.7781
    endloop
  endfacet
  facet normal 0 -1 0
    outer loop
      vertex 27.6074 -3 17.3747
      vertex 27.7778 -3 16.5757
      vertex 27.9141 -3 16.5455
    endloop
  endfacet
  facet normal 0 -1 0
    outer loop
      vertex 27.408 -3 17.192
      vertex 27.5 -3 16.6
      vertex 27.6395 -3 16.5939
    endloop
  endfacet
  facet normal 0 -1 0
    outer loop
      vertex 27.2253 -3 16.9926
      vertex 27.3605 -3 16.5939
      vertex 27.5 -3 16.6
    endloop
  endfacet
  facet normal 0 -1 0
    outer loop
      vertex 27.0606 -3 16.7781
      vertex 27.2222 -3 16.5757
      vertex 27.3605 -3 16.5939
    endloop
  endfacet
  facet normal 0 -1 0
    outer loop
      vertex 27.0859 -3 16.5455
      vertex 27.0606 -3 16.7781
      vertex 26.9153 -3 16.55
    endloop
  endfacet
  facet normal 0 -1 0
    outer loop
      vertex 27.0606 -3 16.7781
      vertex 27.0859 -3 16.5455
      vertex 27.2222 -3 16.5757
    endloop
  endfacet
  facet normal 0 -1 0
    outer loop
      vertex 26.9153 -3 16.55
      vertex 26.9528 -3 16.5035
      vertex 27.0859 -3 16.5455
    endloop
  endfacet
  facet normal -0 -1 0
    outer loop
      vertex 26.9528 -3 16.5035
      vertex 26.9153 -3 16.55
      vertex 26.8742 -3 16.471
    endloop
  endfacet
  facet normal 0 -1 0
    outer loop
      vertex 27.408 -3 17.192
      vertex 27.6395 -3 16.5939
      vertex 27.7778 -3 16.5757
    endloop
  endfacet
  facet normal 0 -1 0
    outer loop
      vertex 27.8219 -3 17.5394
      vertex 27.9141 -3 16.5455
      vertex 28.0472 -3 16.5035
    endloop
  endfacet
  facet normal 0 -1 -0
    outer loop
      vertex 28.2899 -3 17.8096
      vertex 28.1762 -3 16.4501
      vertex 28.3 -3 16.3856
    endloop
  endfacet
  facet normal 0 -1 0
    outer loop
      vertex 28.8856 -3 15.8
      vertex 30.4023 -3 17.9944
      vertex 28.8106 -3 15.9177
    endloop
  endfacet
  facet normal 0 -1 -0
    outer loop
      vertex 30.4023 -3 17.9944
      vertex 28.8856 -3 15.8
      vertex 30.6603 -3 17.913
    endloop
  endfacet
  facet normal 0 -1 -0
    outer loop
      vertex 30.6603 -3 17.913
      vertex 28.8856 -3 15.8
      vertex 30.9101 -3 17.8096
    endloop
  endfacet
  facet normal 0 -1 0
    outer loop
      vertex 28.9501 -3 15.6762
      vertex 30.9101 -3 17.8096
      vertex 28.8856 -3 15.8
    endloop
  endfacet
  facet normal 0 -1 -0
    outer loop
      vertex 30.9101 -3 17.8096
      vertex 28.9501 -3 15.6762
      vertex 31.15 -3 17.6847
    endloop
  endfacet
  facet normal 0 -1 -0
    outer loop
      vertex 31.15 -3 17.6847
      vertex 28.9501 -3 15.6762
      vertex 31.3781 -3 17.5394
    endloop
  endfacet
  facet normal 0 -1 0
    outer loop
      vertex 29.0035 -3 15.5472
      vertex 31.3781 -3 17.5394
      vertex 28.9501 -3 15.6762
    endloop
  endfacet
  facet normal 0 -1 -0
    outer loop
      vertex 31.3781 -3 17.5394
      vertex 29.0035 -3 15.5472
      vertex 31.5926 -3 17.3747
    endloop
  endfacet
  facet normal 0 -1 -0
    outer loop
      vertex 31.5926 -3 17.3747
      vertex 29.0035 -3 15.5472
      vertex 31.792 -3 17.192
    endloop
  endfacet
  facet normal 0 -1 0
    outer loop
      vertex 29.0455 -3 15.4141
      vertex 31.792 -3 17.192
      vertex 29.0035 -3 15.5472
    endloop
  endfacet
  facet normal 0 -1 -0
    outer loop
      vertex 31.792 -3 17.192
      vertex 29.0455 -3 15.4141
      vertex 31.9747 -3 16.9926
    endloop
  endfacet
  facet normal 0 -1 -0
    outer loop
      vertex 31.9747 -3 16.9926
      vertex 29.0455 -3 15.4141
      vertex 32.1394 -3 16.7781
    endloop
  endfacet
  facet normal 0 -1 -0
    outer loop
      vertex 32.1394 -3 16.7781
      vertex 29.0455 -3 15.4141
      vertex 32.2847 -3 16.55
    endloop
  endfacet
  facet normal 0 -1 0
    outer loop
      vertex 29.0757 -3 15.2778
      vertex 32.2847 -3 16.55
      vertex 29.0455 -3 15.4141
    endloop
  endfacet
  facet normal 0 -1 -0
    outer loop
      vertex 32.2847 -3 16.55
      vertex 29.0757 -3 15.2778
      vertex 32.4096 -3 16.3101
    endloop
  endfacet
  facet normal 0 -1 -0
    outer loop
      vertex 32.4096 -3 16.3101
      vertex 29.0757 -3 15.2778
      vertex 32.513 -3 16.0603
    endloop
  endfacet
  facet normal 0 -1 0
    outer loop
      vertex 29.0939 -3 15.1394
      vertex 32.513 -3 16.0603
      vertex 29.0757 -3 15.2778
    endloop
  endfacet
  facet normal 0 -1 -0
    outer loop
      vertex 32.513 -3 16.0603
      vertex 29.0939 -3 15.1394
      vertex 32.5944 -3 15.8023
    endloop
  endfacet
  facet normal 0 -1 -0
    outer loop
      vertex 32.5944 -3 15.8023
      vertex 29.0939 -3 15.1394
      vertex 32.6529 -3 15.5383
    endloop
  endfacet
  facet normal 0 -1 -0
    outer loop
      vertex 32.6529 -3 15.5383
      vertex 29.0939 -3 15.1394
      vertex 32.6882 -3 15.2702
    endloop
  endfacet
  facet normal 0 -1 0
    outer loop
      vertex 29.1 -3 15
      vertex 32.6882 -3 15.2702
      vertex 29.0939 -3 15.1394
    endloop
  endfacet
  facet normal 0 -1 -0
    outer loop
      vertex 32.6882 -3 15.2702
      vertex 29.1 -3 15
      vertex 32.7 -3 15
    endloop
  endfacet
  facet normal -0.887125 0 0.46153
    outer loop
      vertex 26.8742 -3 16.471
      vertex 26.9153 3 16.55
      vertex 26.8742 3 16.471
    endloop
  endfacet
  facet normal -0.887125 0 0.46153
    outer loop
      vertex 26.9153 3 16.55
      vertex 26.8742 -3 16.471
      vertex 26.9153 -3 16.55
    endloop
  endfacet
  facet normal 0.461795 0 0.886987
    outer loop
      vertex 30.9101 3 17.8096
      vertex 31.15 -3 17.6847
      vertex 31.15 3 17.6847
    endloop
  endfacet
  facet normal 0.461795 0 0.886987
    outer loop
      vertex 31.15 -3 17.6847
      vertex 30.9101 3 17.8096
      vertex 30.9101 -3 17.8096
    endloop
  endfacet
  facet normal -0.843418 0 0.537258
    outer loop
      vertex 26.9153 -3 16.55
      vertex 27.0606 3 16.7781
      vertex 26.9153 3 16.55
    endloop
  endfacet
  facet normal -0.843418 0 0.537258
    outer loop
      vertex 27.0606 3 16.7781
      vertex 26.9153 -3 16.55
      vertex 27.0606 -3 16.7781
    endloop
  endfacet
  facet normal -0.537258 0 0.843418
    outer loop
      vertex 27.8219 3 17.5394
      vertex 28.05 -3 17.6847
      vertex 28.05 3 17.6847
    endloop
  endfacet
  facet normal -0.537258 0 0.843418
    outer loop
      vertex 28.05 -3 17.6847
      vertex 27.8219 3 17.5394
      vertex 27.8219 -3 17.5394
    endloop
  endfacet
  facet normal -0.382461 0 0.923972
    outer loop
      vertex 28.2899 3 17.8096
      vertex 28.5397 -3 17.913
      vertex 28.5397 3 17.913
    endloop
  endfacet
  facet normal -0.382461 0 0.923972
    outer loop
      vertex 28.5397 -3 17.913
      vertex 28.2899 3 17.8096
      vertex 28.2899 -3 17.8096
    endloop
  endfacet
  facet normal 0.79316 -0 0.609014
    outer loop
      vertex 31.9747 -3 16.9926
      vertex 32.1394 3 16.7781
      vertex 31.9747 3 16.9926
    endloop
  endfacet
  facet normal 0.79316 0 0.609014
    outer loop
      vertex 32.1394 3 16.7781
      vertex 31.9747 -3 16.9926
      vertex 32.1394 -3 16.7781
    endloop
  endfacet
  facet normal 0.737308 -0 0.675557
    outer loop
      vertex 31.792 -3 17.192
      vertex 31.9747 3 16.9926
      vertex 31.792 3 17.192
    endloop
  endfacet
  facet normal 0.737308 0 0.675557
    outer loop
      vertex 31.9747 3 16.9926
      vertex 31.792 -3 17.192
      vertex 31.9747 -3 16.9926
    endloop
  endfacet
  facet normal -0.79316 0 0.609014
    outer loop
      vertex 27.0606 -3 16.7781
      vertex 27.2253 3 16.9926
      vertex 27.0606 3 16.7781
    endloop
  endfacet
  facet normal -0.79316 0 0.609014
    outer loop
      vertex 27.2253 3 16.9926
      vertex 27.0606 -3 16.7781
      vertex 27.2253 -3 16.9926
    endloop
  endfacet
  facet normal 0.923972 -0 0.382461
    outer loop
      vertex 32.4096 -3 16.3101
      vertex 32.513 3 16.0603
      vertex 32.4096 3 16.3101
    endloop
  endfacet
  facet normal 0.923972 0 0.382461
    outer loop
      vertex 32.513 3 16.0603
      vertex 32.4096 -3 16.3101
      vertex 32.513 -3 16.0603
    endloop
  endfacet
  facet normal 0.843418 -0 0.537258
    outer loop
      vertex 32.1394 -3 16.7781
      vertex 32.2847 3 16.55
      vertex 32.1394 3 16.7781
    endloop
  endfacet
  facet normal 0.843418 0 0.537258
    outer loop
      vertex 32.2847 3 16.55
      vertex 32.1394 -3 16.7781
      vertex 32.2847 -3 16.55
    endloop
  endfacet
  facet normal 0 1 0
    outer loop
      vertex 28.7257 3 16.0285
      vertex 29.6 3 18.1
      vertex 29.8702 3 18.0882
    endloop
  endfacet
  facet normal 0 1 0
    outer loop
      vertex 28.8106 3 15.9177
      vertex 29.8702 3 18.0882
      vertex 30.1383 3 18.0529
    endloop
  endfacet
  facet normal -0 1 0
    outer loop
      vertex 28.6314 3 16.1314
      vertex 29.6 3 18.1
      vertex 28.7257 3 16.0285
    endloop
  endfacet
  facet normal 0 1 0
    outer loop
      vertex 28.8106 3 15.9177
      vertex 30.1383 3 18.0529
      vertex 30.4023 3 17.9944
    endloop
  endfacet
  facet normal 0 1 0
    outer loop
      vertex 29.6 3 18.1
      vertex 28.6314 3 16.1314
      vertex 29.3298 3 18.0882
    endloop
  endfacet
  facet normal 0 1 0
    outer loop
      vertex 28.8856 3 15.8
      vertex 30.4023 3 17.9944
      vertex 30.6603 3 17.913
    endloop
  endfacet
  facet normal 0 1 0
    outer loop
      vertex 29.3298 3 18.0882
      vertex 28.6314 3 16.1314
      vertex 29.0617 3 18.0529
    endloop
  endfacet
  facet normal 0 1 0
    outer loop
      vertex 28.8856 3 15.8
      vertex 30.6603 3 17.913
      vertex 30.9101 3 17.8096
    endloop
  endfacet
  facet normal 0 1 0
    outer loop
      vertex 29.0617 3 18.0529
      vertex 28.5285 3 16.2257
      vertex 28.7977 3 17.9944
    endloop
  endfacet
  facet normal 0 1 0
    outer loop
      vertex 28.9501 3 15.6762
      vertex 30.9101 3 17.8096
      vertex 31.15 3 17.6847
    endloop
  endfacet
  facet normal -0 1 0
    outer loop
      vertex 28.4177 3 16.3106
      vertex 28.7977 3 17.9944
      vertex 28.5285 3 16.2257
    endloop
  endfacet
  facet normal 0 1 0
    outer loop
      vertex 28.9501 3 15.6762
      vertex 31.15 3 17.6847
      vertex 31.3781 3 17.5394
    endloop
  endfacet
  facet normal -0 1 0
    outer loop
      vertex 28.3 3 16.3856
      vertex 28.5397 3 17.913
      vertex 28.4177 3 16.3106
    endloop
  endfacet
  facet normal 0 1 0
    outer loop
      vertex 29.0035 3 15.5472
      vertex 31.3781 3 17.5394
      vertex 31.5926 3 17.3747
    endloop
  endfacet
  facet normal 0 1 0
    outer loop
      vertex 28.5397 3 17.913
      vertex 28.3 3 16.3856
      vertex 28.2899 3 17.8096
    endloop
  endfacet
  facet normal 0 1 0
    outer loop
      vertex 29.0035 3 15.5472
      vertex 31.5926 3 17.3747
      vertex 31.792 3 17.192
    endloop
  endfacet
  facet normal 0 1 0
    outer loop
      vertex 28.2899 3 17.8096
      vertex 28.1762 3 16.4501
      vertex 28.05 3 17.6847
    endloop
  endfacet
  facet normal 0 1 0
    outer loop
      vertex 29.0455 3 15.4141
      vertex 31.792 3 17.192
      vertex 31.9747 3 16.9926
    endloop
  endfacet
  facet normal 0 1 0
    outer loop
      vertex 28.05 3 17.6847
      vertex 28.0472 3 16.5035
      vertex 27.8219 3 17.5394
    endloop
  endfacet
  facet normal 0 1 0
    outer loop
      vertex 29.0455 3 15.4141
      vertex 31.9747 3 16.9926
      vertex 32.1394 3 16.7781
    endloop
  endfacet
  facet normal 0 1 0
    outer loop
      vertex 27.8219 3 17.5394
      vertex 27.9141 3 16.5455
      vertex 27.6074 3 17.3747
    endloop
  endfacet
  facet normal -0 1 -0
    outer loop
      vertex 27.5 3 16.6
      vertex 27.408 3 17.192
      vertex 27.6395 3 16.5939
    endloop
  endfacet
  facet normal 0 1 -0
    outer loop
      vertex 27.3605 3 16.5939
      vertex 27.2253 3 16.9926
      vertex 27.5 3 16.6
    endloop
  endfacet
  facet normal 0 1 0
    outer loop
      vertex 27.408 3 17.192
      vertex 27.5 3 16.6
      vertex 27.2253 3 16.9926
    endloop
  endfacet
  facet normal 0 1 0
    outer loop
      vertex 29.0455 3 15.4141
      vertex 32.1394 3 16.7781
      vertex 32.2847 3 16.55
    endloop
  endfacet
  facet normal -0 1 -0
    outer loop
      vertex 27.6395 3 16.5939
      vertex 27.408 3 17.192
      vertex 27.7778 3 16.5757
    endloop
  endfacet
  facet normal 0 1 0
    outer loop
      vertex 27.6074 3 17.3747
      vertex 27.7778 3 16.5757
      vertex 27.408 3 17.192
    endloop
  endfacet
  facet normal -0 1 -0
    outer loop
      vertex 27.7778 3 16.5757
      vertex 27.6074 3 17.3747
      vertex 27.9141 3 16.5455
    endloop
  endfacet
  facet normal -0 1 -0
    outer loop
      vertex 27.9141 3 16.5455
      vertex 27.8219 3 17.5394
      vertex 28.0472 3 16.5035
    endloop
  endfacet
  facet normal -0 1 0
    outer loop
      vertex 28.0472 3 16.5035
      vertex 28.05 3 17.6847
      vertex 28.1762 3 16.4501
    endloop
  endfacet
  facet normal 0 1 0
    outer loop
      vertex 29.0757 3 15.2778
      vertex 32.2847 3 16.55
      vertex 32.4096 3 16.3101
    endloop
  endfacet
  facet normal -0 1 0
    outer loop
      vertex 28.1762 3 16.4501
      vertex 28.2899 3 17.8096
      vertex 28.3 3 16.3856
    endloop
  endfacet
  facet normal 0 1 0
    outer loop
      vertex 28.7977 3 17.9944
      vertex 28.4177 3 16.3106
      vertex 28.5397 3 17.913
    endloop
  endfacet
  facet normal 0 1 0
    outer loop
      vertex 29.0757 3 15.2778
      vertex 32.4096 3 16.3101
      vertex 32.513 3 16.0603
    endloop
  endfacet
  facet normal -0 1 0
    outer loop
      vertex 28.5285 3 16.2257
      vertex 29.0617 3 18.0529
      vertex 28.6314 3 16.1314
    endloop
  endfacet
  facet normal 0 1 0
    outer loop
      vertex 29.8702 3 18.0882
      vertex 28.8106 3 15.9177
      vertex 28.7257 3 16.0285
    endloop
  endfacet
  facet normal 0 1 0
    outer loop
      vertex 29.0939 3 15.1394
      vertex 32.513 3 16.0603
      vertex 32.5944 3 15.8023
    endloop
  endfacet
  facet normal 0 1 0
    outer loop
      vertex 30.4023 3 17.9944
      vertex 28.8856 3 15.8
      vertex 28.8106 3 15.9177
    endloop
  endfacet
  facet normal 0 1 0
    outer loop
      vertex 30.9101 3 17.8096
      vertex 28.9501 3 15.6762
      vertex 28.8856 3 15.8
    endloop
  endfacet
  facet normal 0 1 0
    outer loop
      vertex 31.3781 3 17.5394
      vertex 29.0035 3 15.5472
      vertex 28.9501 3 15.6762
    endloop
  endfacet
  facet normal 0 1 0
    outer loop
      vertex 29.0939 3 15.1394
      vertex 32.5944 3 15.8023
      vertex 32.6529 3 15.5383
    endloop
  endfacet
  facet normal 0 1 0
    outer loop
      vertex 31.792 3 17.192
      vertex 29.0455 3 15.4141
      vertex 29.0035 3 15.5472
    endloop
  endfacet
  facet normal 0 1 0
    outer loop
      vertex 32.2847 3 16.55
      vertex 29.0757 3 15.2778
      vertex 29.0455 3 15.4141
    endloop
  endfacet
  facet normal 0 1 0
    outer loop
      vertex 29.0939 3 15.1394
      vertex 32.6529 3 15.5383
      vertex 32.6882 3 15.2702
    endloop
  endfacet
  facet normal 0 1 0
    outer loop
      vertex 32.513 3 16.0603
      vertex 29.0939 3 15.1394
      vertex 29.0757 3 15.2778
    endloop
  endfacet
  facet normal 0 1 0
    outer loop
      vertex 29.1 3 15
      vertex 32.6882 3 15.2702
      vertex 32.7 3 15
    endloop
  endfacet
  facet normal 0 1 0
    outer loop
      vertex 32.6882 3 15.2702
      vertex 29.1 3 15
      vertex 29.0939 3 15.1394
    endloop
  endfacet
  facet normal 0 1 0
    outer loop
      vertex 27.2253 3 16.9926
      vertex 27.3605 3 16.5939
      vertex 27.0606 3 16.7781
    endloop
  endfacet
  facet normal 0 1 -0
    outer loop
      vertex 27.2222 3 16.5757
      vertex 27.0606 3 16.7781
      vertex 27.3605 3 16.5939
    endloop
  endfacet
  facet normal 0 1 -0
    outer loop
      vertex 27.0859 3 16.5455
      vertex 27.0606 3 16.7781
      vertex 27.2222 3 16.5757
    endloop
  endfacet
  facet normal 0 1 0
    outer loop
      vertex 27.0606 3 16.7781
      vertex 27.0859 3 16.5455
      vertex 26.9153 3 16.55
    endloop
  endfacet
  facet normal 0 1 -0
    outer loop
      vertex 26.9528 3 16.5035
      vertex 26.9153 3 16.55
      vertex 27.0859 3 16.5455
    endloop
  endfacet
  facet normal 0 1 0
    outer loop
      vertex 26.9153 3 16.55
      vertex 26.9528 3 16.5035
      vertex 26.8742 3 16.471
    endloop
  endfacet
  facet normal 0.537258 0 0.843418
    outer loop
      vertex 31.15 3 17.6847
      vertex 31.3781 -3 17.5394
      vertex 31.3781 3 17.5394
    endloop
  endfacet
  facet normal 0.537258 0 0.843418
    outer loop
      vertex 31.3781 -3 17.5394
      vertex 31.15 3 17.6847
      vertex 31.15 -3 17.6847
    endloop
  endfacet
  facet normal 0.609014 0 0.79316
    outer loop
      vertex 31.3781 3 17.5394
      vertex 31.5926 -3 17.3747
      vertex 31.5926 3 17.3747
    endloop
  endfacet
  facet normal 0.609014 0 0.79316
    outer loop
      vertex 31.5926 -3 17.3747
      vertex 31.3781 3 17.5394
      vertex 31.3781 -3 17.5394
    endloop
  endfacet
  facet normal -0.609014 0 0.79316
    outer loop
      vertex 27.6074 3 17.3747
      vertex 27.8219 -3 17.5394
      vertex 27.8219 3 17.5394
    endloop
  endfacet
  facet normal -0.609014 0 0.79316
    outer loop
      vertex 27.8219 -3 17.5394
      vertex 27.6074 3 17.3747
      vertex 27.6074 -3 17.3747
    endloop
  endfacet
  facet normal 0.216343 0 0.976317
    outer loop
      vertex 30.1383 3 18.0529
      vertex 30.4023 -3 17.9944
      vertex 30.4023 3 17.9944
    endloop
  endfacet
  facet normal 0.216343 0 0.976317
    outer loop
      vertex 30.4023 -3 17.9944
      vertex 30.1383 3 18.0529
      vertex 30.1383 -3 18.0529
    endloop
  endfacet
  facet normal 0.886987 -0 0.461795
    outer loop
      vertex 32.2847 -3 16.55
      vertex 32.4096 3 16.3101
      vertex 32.2847 3 16.55
    endloop
  endfacet
  facet normal 0.886987 0 0.461795
    outer loop
      vertex 32.4096 3 16.3101
      vertex 32.2847 -3 16.55
      vertex 32.4096 -3 16.3101
    endloop
  endfacet
  facet normal -0.0436298 0 0.999048
    outer loop
      vertex 29.3298 3 18.0882
      vertex 29.6 -3 18.1
      vertex 29.6 3 18.1
    endloop
  endfacet
  facet normal -0.0436298 0 0.999048
    outer loop
      vertex 29.6 -3 18.1
      vertex 29.3298 3 18.0882
      vertex 29.3298 -3 18.0882
    endloop
  endfacet
  facet normal 0.130541 0 0.991443
    outer loop
      vertex 29.8702 3 18.0882
      vertex 30.1383 -3 18.0529
      vertex 30.1383 3 18.0529
    endloop
  endfacet
  facet normal 0.130541 0 0.991443
    outer loop
      vertex 30.1383 -3 18.0529
      vertex 29.8702 3 18.0882
      vertex 29.8702 -3 18.0882
    endloop
  endfacet
  facet normal -0.737308 0 0.675557
    outer loop
      vertex 27.2253 -3 16.9926
      vertex 27.408 3 17.192
      vertex 27.2253 3 16.9926
    endloop
  endfacet
  facet normal -0.737308 0 0.675557
    outer loop
      vertex 27.408 3 17.192
      vertex 27.2253 -3 16.9926
      vertex 27.408 -3 17.192
    endloop
  endfacet
  facet normal -0.130541 0 0.991443
    outer loop
      vertex 29.0617 3 18.0529
      vertex 29.3298 -3 18.0882
      vertex 29.3298 3 18.0882
    endloop
  endfacet
  facet normal -0.130541 0 0.991443
    outer loop
      vertex 29.3298 -3 18.0882
      vertex 29.0617 3 18.0529
      vertex 29.0617 -3 18.0529
    endloop
  endfacet
  facet normal -0.300884 0 0.953661
    outer loop
      vertex 28.5397 3 17.913
      vertex 28.7977 -3 17.9944
      vertex 28.7977 3 17.9944
    endloop
  endfacet
  facet normal -0.300884 0 0.953661
    outer loop
      vertex 28.7977 -3 17.9944
      vertex 28.5397 3 17.913
      vertex 28.5397 -3 17.913
    endloop
  endfacet
  facet normal 0.300884 0 0.953661
    outer loop
      vertex 30.4023 3 17.9944
      vertex 30.6603 -3 17.913
      vertex 30.6603 3 17.913
    endloop
  endfacet
  facet normal 0.300884 0 0.953661
    outer loop
      vertex 30.6603 -3 17.913
      vertex 30.4023 3 17.9944
      vertex 30.4023 -3 17.9944
    endloop
  endfacet
  facet normal -0.707107 0.707107 0
    outer loop
      vertex 20.9678 25.2104 15.5383
      vertex 20.8689 25.1115 16.0603
      vertex 20.9264 25.169 15.8023
    endloop
  endfacet
  facet normal 0.706432 0.706432 0.0436618
    outer loop
      vertex 20.9927 25.2354 15.2702
      vertex 25.2437 21.0011 15
      vertex 21.0011 25.2437 15
    endloop
  endfacet
  facet normal 0.706432 0.706432 0.0436618
    outer loop
      vertex 25.2437 21.0011 15
      vertex 20.9927 25.2354 15.2702
      vertex 25.2354 20.9927 15.2702
    endloop
  endfacet
  facet normal -0.707121 0.707093 0
    outer loop
      vertex 18.4512 22.6938 15.1394
      vertex 20.9927 25.2354 15.2702
      vertex 20.9927 25.2354 15
    endloop
  endfacet
  facet normal -0.707127 0.707086 0.000259913
    outer loop
      vertex 20.9927 25.2354 15.2702
      vertex 18.4512 22.6938 15.1394
      vertex 20.9678 25.2104 15.5383
    endloop
  endfacet
  facet normal -0.70708 0.707133 -0.000510551
    outer loop
      vertex 18.4169 22.6596 15.4141
      vertex 20.9678 25.2104 15.5383
      vertex 18.4383 22.6809 15.2778
    endloop
  endfacet
  facet normal -0.707185 0.707028 0.000496243
    outer loop
      vertex 18.3873 22.6299 15.5472
      vertex 20.7957 25.0383 16.3101
      vertex 18.4169 22.6596 15.4141
    endloop
  endfacet
  facet normal -0.706977 0.707237 -0.000475623
    outer loop
      vertex 18.3039 22.5466 15.8
      vertex 20.4882 24.7309 16.9926
      vertex 18.3495 22.5921 15.6762
    endloop
  endfacet
  facet normal -0.707121 0.707093 -8.59661e-07
    outer loop
      vertex 18.4512 22.6938 15.1394
      vertex 20.9927 25.2354 15
      vertex 18.4555 22.6981 15
    endloop
  endfacet
  facet normal -0.707107 0.707107 0
    outer loop
      vertex 20.9678 25.2104 15.5383
      vertex 18.4512 22.6938 15.1394
      vertex 18.4383 22.6809 15.2778
    endloop
  endfacet
  facet normal -0.707093 0.70712 6.11486e-06
    outer loop
      vertex 20.9678 25.2104 15.5383
      vertex 18.4169 22.6596 15.4141
      vertex 20.7957 25.0383 16.3101
    endloop
  endfacet
  facet normal -0.707107 0.707107 0
    outer loop
      vertex 18.3495 22.5921 15.6762
      vertex 20.7957 25.0383 16.3101
      vertex 18.3873 22.6299 15.5472
    endloop
  endfacet
  facet normal -0.707095 0.707119 -9.27753e-05
    outer loop
      vertex 20.7957 25.0383 16.3101
      vertex 18.3495 22.5921 15.6762
      vertex 20.4882 24.7309 16.9926
    endloop
  endfacet
  facet normal -0.707238 0.706975 0.000482125
    outer loop
      vertex 18.2509 22.4935 15.9177
      vertex 20.4882 24.7309 16.9926
      vertex 18.3039 22.5466 15.8
    endloop
  endfacet
  facet normal -0.707119 0.707094 -1.35991e-05
    outer loop
      vertex 18.1908 22.4334 16.0285
      vertex 20.4882 24.7309 16.9926
      vertex 18.2509 22.4935 15.9177
    endloop
  endfacet
  facet normal -0.707134 0.70708 5.63213e-05
    outer loop
      vertex 20.4882 24.7309 16.9926
      vertex 18.1908 22.4334 16.0285
      vertex 19.9051 24.1477 17.6847
    endloop
  endfacet
  facet normal -0.706903 0.707311 -0.00042268
    outer loop
      vertex 18.1241 22.3668 16.1314
      vertex 19.9051 24.1477 17.6847
      vertex 18.1908 22.4334 16.0285
    endloop
  endfacet
  facet normal -0.707095 0.707119 1.83178e-05
    outer loop
      vertex 18.0513 22.294 16.2257
      vertex 19.9051 24.1477 17.6847
      vertex 18.1241 22.3668 16.1314
    endloop
  endfacet
  facet normal -0.707101 0.707112 3.46597e-05
    outer loop
      vertex 19.9051 24.1477 17.6847
      vertex 18.0513 22.294 16.2257
      vertex 18.618 22.8606 18.0882
    endloop
  endfacet
  facet normal -0.707091 0.707122 2.85479e-05
    outer loop
      vertex 17.973 22.2157 16.3106
      vertex 18.618 22.8606 18.0882
      vertex 18.0513 22.294 16.2257
    endloop
  endfacet
  facet normal -0.707112 0.707101 4.3734e-05
    outer loop
      vertex 18.618 22.8606 18.0882
      vertex 17.973 22.2157 16.3106
      vertex 18.2417 22.4843 17.9944
    endloop
  endfacet
  facet normal -0.707461 0.706752 0.000155204
    outer loop
      vertex 17.8898 22.1324 16.3856
      vertex 18.2417 22.4843 17.9944
      vertex 17.973 22.2157 16.3106
    endloop
  endfacet
  facet normal -0.707107 0.707107 0
    outer loop
      vertex 17.8023 22.0449 16.4501
      vertex 18.2417 22.4843 17.9944
      vertex 17.8898 22.1324 16.3856
    endloop
  endfacet
  facet normal -0.707137 0.707077 -0.000102617
    outer loop
      vertex 17.4 21.6427 17.3747
      vertex 17.8023 22.0449 16.4501
      vertex 17.7111 21.9537 16.5035
    endloop
  endfacet
  facet normal -0.706682 0.707532 0.000222408
    outer loop
      vertex 17.4 21.6427 17.3747
      vertex 17.7111 21.9537 16.5035
      vertex 17.6169 21.8596 16.5455
    endloop
  endfacet
  facet normal -0.707506 0.706707 -0.000209115
    outer loop
      vertex 17.4 21.6427 17.3747
      vertex 17.6169 21.8596 16.5455
      vertex 17.5206 21.7632 16.5757
    endloop
  endfacet
  facet normal -0.706743 0.70747 2.11235e-05
    outer loop
      vertex 17.4 21.6427 17.3747
      vertex 17.5206 21.7632 16.5757
      vertex 17.4227 21.6654 16.5939
    endloop
  endfacet
  facet normal -0.707107 0.707107 0
    outer loop
      vertex 17.4 21.6427 17.3747
      vertex 17.4227 21.6654 16.5939
      vertex 17.4 21.6427 16.5953
    endloop
  endfacet
  facet normal -0.707054 0.70716 -3.02398e-05
    outer loop
      vertex 17.8023 22.0449 16.4501
      vertex 17.4 21.6427 17.3747
      vertex 18.2417 22.4843 17.9944
    endloop
  endfacet
  facet normal -0.709525 0.704663 -0.00490885
    outer loop
      vertex 20.2181 24.4607 17.3747
      vertex 19.9051 24.1477 17.6847
      vertex 20.0663 24.309 17.5394
    endloop
  endfacet
  facet normal -0.707107 0.707107 0
    outer loop
      vertex 20.9678 25.2104 15.5383
      vertex 20.7957 25.0383 16.3101
      vertex 20.8689 25.1115 16.0603
    endloop
  endfacet
  facet normal -0.706014 0.708198 -0.000891669
    outer loop
      vertex 17.1031 21.3457 16.568
      vertex 17.0659 21.3086 16.5563
      vertex 17.4 21.6427 17.3747
    endloop
  endfacet
  facet normal 0.707107 -0.707107 0
    outer loop
      vertex 25.1115 20.8689 16.0603
      vertex 25.0383 20.7957 16.3101
      vertex 25.2104 20.9678 15.5383
    endloop
  endfacet
  facet normal 0.379968 0.379968 0.843356
    outer loop
      vertex 20.0663 24.309 17.5394
      vertex 24.1477 19.9051 17.6847
      vertex 24.309 20.0663 17.5394
    endloop
  endfacet
  facet normal 0.379968 0.379968 0.843356
    outer loop
      vertex 24.1477 19.9051 17.6847
      vertex 20.0663 24.309 17.5394
      vertex 19.9051 24.1477 17.6847
    endloop
  endfacet
  facet normal 0.708198 -0.706014 -0.000891669
    outer loop
      vertex 21.6427 17.4 17.3747
      vertex 21.3086 17.0659 16.5563
      vertex 21.3457 17.1031 16.568
    endloop
  endfacet
  facet normal 0.0308526 0.0308526 0.999048
    outer loop
      vertex 19.0001 23.2427 18.0882
      vertex 23.0517 18.809 18.1
      vertex 23.2427 19.0001 18.0882
    endloop
  endfacet
  facet normal 0.0308526 0.0308526 0.999048
    outer loop
      vertex 23.0517 18.809 18.1
      vertex 19.0001 23.2427 18.0882
      vertex 18.809 23.0517 18.1
    endloop
  endfacet
  facet normal -0.627118 -0.627118 0.462003
    outer loop
      vertex 16.8816 21.1242 16.471
      vertex 21.1533 16.9107 16.55
      vertex 16.9107 21.1533 16.55
    endloop
  endfacet
  facet normal -0.627118 -0.627118 0.462003
    outer loop
      vertex 21.1533 16.9107 16.55
      vertex 16.8816 21.1242 16.471
      vertex 21.1242 16.8816 16.471
    endloop
  endfacet
  facet normal -0.706801 0.707412 0.000617348
    outer loop
      vertex 20.4882 24.7309 16.9926
      vertex 19.9051 24.1477 17.6847
      vertex 20.2181 24.4607 17.3747
    endloop
  endfacet
  facet normal 0.707921 -0.706286 -0.00279419
    outer loop
      vertex 22.302 18.0593 17.913
      vertex 22.1253 17.8826 17.8096
      vertex 22.4843 18.2417 17.9944
    endloop
  endfacet
  facet normal -0.70867 0.705537 -0.00202991
    outer loop
      vertex 20.4882 24.7309 16.9926
      vertex 20.2181 24.4607 17.3747
      vertex 20.359 24.6017 17.192
    endloop
  endfacet
  facet normal -0.706877 0.707336 -0.000509584
    outer loop
      vertex 18.2417 22.4843 17.9944
      vertex 17.4 21.6427 17.3747
      vertex 17.8826 22.1253 17.8096
    endloop
  endfacet
  facet normal 0.701061 0.701061 0.130485
    outer loop
      vertex 20.9678 25.2104 15.5383
      vertex 25.2354 20.9927 15.2702
      vertex 20.9927 25.2354 15.2702
    endloop
  endfacet
  facet normal 0.701061 0.701061 0.130485
    outer loop
      vertex 25.2354 20.9927 15.2702
      vertex 20.9678 25.2104 15.5383
      vertex 25.2104 20.9678 15.5383
    endloop
  endfacet
  facet normal -0.560957 -0.560957 0.608815
    outer loop
      vertex 17.1298 21.3725 16.9926
      vertex 21.2561 17.0134 16.7781
      vertex 21.3725 17.1298 16.9926
    endloop
  endfacet
  facet normal -0.560957 -0.560957 0.608815
    outer loop
      vertex 21.2561 17.0134 16.7781
      vertex 17.1298 21.3725 16.9926
      vertex 17.0134 21.2561 16.7781
    endloop
  endfacet
  facet normal 0.690334 0.690334 0.216514
    outer loop
      vertex 20.9264 25.169 15.8023
      vertex 25.2104 20.9678 15.5383
      vertex 20.9678 25.2104 15.5383
    endloop
  endfacet
  facet normal 0.690334 0.690334 0.216514
    outer loop
      vertex 25.2104 20.9678 15.5383
      vertex 20.9264 25.169 15.8023
      vertex 25.169 20.9264 15.8023
    endloop
  endfacet
  facet normal 0.707107 -0.707107 7.20286e-15
    outer loop
      vertex 23.619 19.3764 17.9944
      vertex 22.8606 18.618 18.0882
      vertex 24.1477 19.9051 17.6847
    endloop
  endfacet
  facet normal 0.430503 0.430503 0.793306
    outer loop
      vertex 20.2181 24.4607 17.3747
      vertex 24.309 20.0663 17.5394
      vertex 24.4607 20.2181 17.3747
    endloop
  endfacet
  facet normal 0.430503 0.430503 0.793306
    outer loop
      vertex 24.309 20.0663 17.5394
      vertex 20.2181 24.4607 17.3747
      vertex 20.0663 24.309 17.5394
    endloop
  endfacet
  facet normal -0.0308526 -0.0308526 0.999048
    outer loop
      vertex 18.809 23.0517 18.1
      vertex 22.8606 18.618 18.0882
      vertex 23.0517 18.809 18.1
    endloop
  endfacet
  facet normal -0.0308526 -0.0308526 0.999048
    outer loop
      vertex 22.8606 18.618 18.0882
      vertex 18.809 23.0517 18.1
      vertex 18.618 22.8606 18.0882
    endloop
  endfacet
  facet normal -0.707107 0.707107 0
    outer loop
      vertex 19.9051 24.1477 17.6847
      vertex 19.3764 23.619 17.9944
      vertex 19.5588 23.8014 17.913
    endloop
  endfacet
  facet normal -0.707083 0.70713 -0.000106335
    outer loop
      vertex 16.9372 21.1798 16.5035
      vertex 17.4 21.6427 17.3747
      vertex 16.9776 21.2202 16.5215
    endloop
  endfacet
  facet normal -0.703518 0.710667 -0.00387885
    outer loop
      vertex 17.4 21.6427 17.3747
      vertex 16.9372 21.1798 16.5035
      vertex 16.9227 21.1654 16.4951
    endloop
  endfacet
  facet normal -0.706286 0.707921 -0.00279419
    outer loop
      vertex 18.2417 22.4843 17.9944
      vertex 17.8826 22.1253 17.8096
      vertex 18.0593 22.302 17.913
    endloop
  endfacet
  facet normal -0.70286 0.711328 0
    outer loop
      vertex 21.0011 25.2437 15
      vertex 20.9927 25.2354 15
      vertex 20.9927 25.2354 15.2702
    endloop
  endfacet
  facet normal 0.707412 -0.706801 0.000617348
    outer loop
      vertex 24.4607 20.2181 17.3747
      vertex 24.1477 19.9051 17.6847
      vertex 24.7309 20.4882 16.9926
    endloop
  endfacet
  facet normal 0.707107 -0.707107 7.17941e-14
    outer loop
      vertex 21.5017 17.259 17.192
      vertex 21.3725 17.1298 16.9926
      vertex 21.6427 17.4 17.3747
    endloop
  endfacet
  facet normal -0.708275 0.705936 0.000954549
    outer loop
      vertex 17.0313 21.2739 16.5455
      vertex 17.4 21.6427 17.3747
      vertex 17.0659 21.3086 16.5563
    endloop
  endfacet
  facet normal -0.707083 0.707131 -0.00010661
    outer loop
      vertex 17.4 21.6427 17.3747
      vertex 17.0313 21.2739 16.5455
      vertex 17.0253 21.2679 16.5428
    endloop
  endfacet
  facet normal 0.707107 -0.707107 0
    outer loop
      vertex 21.6427 17.4 17.3747
      vertex 21.5668 17.3241 16.6
      vertex 21.6427 17.4 16.5953
    endloop
  endfacet
  facet normal 0.707107 -0.707107 -3.2636e-15
    outer loop
      vertex 21.6427 17.4 17.3747
      vertex 21.4682 17.2255 16.5939
      vertex 21.5668 17.3241 16.6
    endloop
  endfacet
  facet normal 0.707107 -0.707107 -3.35577e-15
    outer loop
      vertex 21.4682 17.2255 16.5939
      vertex 21.6427 17.4 17.3747
      vertex 21.3798 17.1371 16.5775
    endloop
  endfacet
  facet normal -0.707107 0.707107 1.04647e-13
    outer loop
      vertex 18.618 22.8606 18.0882
      vertex 18.2417 22.4843 17.9944
      vertex 18.4284 22.671 18.0529
    endloop
  endfacet
  facet normal 0.707107 -0.707107 -5.33519e-14
    outer loop
      vertex 23.4323 19.1897 18.0529
      vertex 22.8606 18.618 18.0882
      vertex 23.619 19.3764 17.9944
    endloop
  endfacet
  facet normal -0.477686 -0.477686 0.737315
    outer loop
      vertex 17.4 21.6427 17.3747
      vertex 21.5017 17.259 17.192
      vertex 21.6427 17.4 17.3747
    endloop
  endfacet
  facet normal -0.477686 -0.477686 0.737315
    outer loop
      vertex 21.5017 17.259 17.192
      vertex 17.4 21.6427 17.3747
      vertex 17.259 21.5017 17.192
    endloop
  endfacet
  facet normal 0.707107 -0.707107 3.16614e-14
    outer loop
      vertex 21.9557 17.713 17.6847
      vertex 21.6427 17.4 17.3747
      vertex 22.1253 17.8826 17.8096
    endloop
  endfacet
  facet normal 0.326516 0.326516 0.887003
    outer loop
      vertex 19.9051 24.1477 17.6847
      vertex 23.9781 19.7354 17.8096
      vertex 24.1477 19.9051 17.6847
    endloop
  endfacet
  facet normal 0.326516 0.326516 0.887003
    outer loop
      vertex 23.9781 19.7354 17.8096
      vertex 19.9051 24.1477 17.6847
      vertex 19.7354 23.9781 17.8096
    endloop
  endfacet
  facet normal -0.707107 0.707107 7.20286e-15
    outer loop
      vertex 19.9051 24.1477 17.6847
      vertex 18.618 22.8606 18.0882
      vertex 19.3764 23.619 17.9944
    endloop
  endfacet
  facet normal 0.560957 0.560957 0.608815
    outer loop
      vertex 20.6046 24.8473 16.7781
      vertex 24.7309 20.4882 16.9926
      vertex 24.8473 20.6046 16.7781
    endloop
  endfacet
  facet normal 0.560957 0.560957 0.608815
    outer loop
      vertex 24.7309 20.4882 16.9926
      vertex 20.6046 24.8473 16.7781
      vertex 20.4882 24.7309 16.9926
    endloop
  endfacet
  facet normal 0.705537 -0.70867 -0.00202991
    outer loop
      vertex 24.6017 20.359 17.192
      vertex 24.4607 20.2181 17.3747
      vertex 24.7309 20.4882 16.9926
    endloop
  endfacet
  facet normal -0.705222 0.708985 0.00138488
    outer loop
      vertex 20.7957 25.0383 16.3101
      vertex 20.6046 24.8473 16.7781
      vertex 20.7074 24.95 16.55
    endloop
  endfacet
  facet normal 0.653235 0.653235 0.382841
    outer loop
      vertex 20.7957 25.0383 16.3101
      vertex 25.1115 20.8689 16.0603
      vertex 20.8689 25.1115 16.0603
    endloop
  endfacet
  facet normal 0.653235 0.653235 0.382841
    outer loop
      vertex 25.1115 20.8689 16.0603
      vertex 20.7957 25.0383 16.3101
      vertex 25.0383 20.7957 16.3101
    endloop
  endfacet
  facet normal 0.707107 -0.707107 1.04647e-13
    outer loop
      vertex 22.671 18.4284 18.0529
      vertex 22.4843 18.2417 17.9944
      vertex 22.8606 18.618 18.0882
    endloop
  endfacet
  facet normal 0.707131 -0.707083 -0.000106402
    outer loop
      vertex 21.6427 17.4 17.3747
      vertex 21.2202 16.9776 16.5215
      vertex 21.2679 17.0253 16.5428
    endloop
  endfacet
  facet normal 0.707336 -0.706877 -0.000509584
    outer loop
      vertex 22.1253 17.8826 17.8096
      vertex 21.6427 17.4 17.3747
      vertex 22.4843 18.2417 17.9944
    endloop
  endfacet
  facet normal -0.707083 0.707131 -0.000106402
    outer loop
      vertex 17.0253 21.2679 16.5428
      vertex 16.9776 21.2202 16.5215
      vertex 17.4 21.6427 17.3747
    endloop
  endfacet
  facet normal -0.707107 0.707107 2.11089e-14
    outer loop
      vertex 17.4 21.6427 17.3747
      vertex 17.0134 21.2561 16.7781
      vertex 17.1298 21.3725 16.9926
    endloop
  endfacet
  facet normal -0.706321 0.707891 -0.00101688
    outer loop
      vertex 17.4 21.6427 17.3747
      vertex 16.9107 21.1533 16.55
      vertex 17.0134 21.2561 16.7781
    endloop
  endfacet
  facet normal 0.707107 -0.707107 8.9474e-14
    outer loop
      vertex 21.7944 17.5517 17.5394
      vertex 21.6427 17.4 17.3747
      vertex 21.9557 17.713 17.6847
    endloop
  endfacet
  facet normal 0.711328 -0.70286 0
    outer loop
      vertex 25.2354 20.9927 15.2702
      vertex 25.2354 20.9927 15
      vertex 25.2437 21.0011 15
    endloop
  endfacet
  facet normal -0.152959 -0.152959 0.976323
    outer loop
      vertex 18.4284 22.671 18.0529
      vertex 22.4843 18.2417 17.9944
      vertex 22.671 18.4284 18.0529
    endloop
  endfacet
  facet normal -0.152959 -0.152959 0.976323
    outer loop
      vertex 22.4843 18.2417 17.9944
      vertex 18.4284 22.671 18.0529
      vertex 18.2417 22.4843 17.9944
    endloop
  endfacet
  facet normal -0.707107 0.707107 3.12975e-14
    outer loop
      vertex 17.8826 22.1253 17.8096
      vertex 17.4 21.6427 17.3747
      vertex 17.713 21.9557 17.6847
    endloop
  endfacet
  facet normal -0.326591 -0.326591 0.886948
    outer loop
      vertex 17.8826 22.1253 17.8096
      vertex 21.9557 17.713 17.6847
      vertex 22.1253 17.8826 17.8096
    endloop
  endfacet
  facet normal -0.326591 -0.326591 0.886948
    outer loop
      vertex 21.9557 17.713 17.6847
      vertex 17.8826 22.1253 17.8096
      vertex 17.713 21.9557 17.6847
    endloop
  endfacet
  facet normal 0.706544 -0.707668 -0.00060991
    outer loop
      vertex 24.8473 20.6046 16.7781
      vertex 24.7309 20.4882 16.9926
      vertex 25.0383 20.7957 16.3101
    endloop
  endfacet
  facet normal 0.707094 -0.707094 -0.00599232
    outer loop
      vertex 23.0517 18.809 18.1
      vertex 22.8606 18.618 18.0882
      vertex 23.2427 19.0001 18.0882
    endloop
  endfacet
  facet normal 0.707107 -0.707107 1.06948e-13
    outer loop
      vertex 23.2427 19.0001 18.0882
      vertex 22.8606 18.618 18.0882
      vertex 23.4323 19.1897 18.0529
    endloop
  endfacet
  facet normal 0.704663 -0.709525 -0.00490885
    outer loop
      vertex 24.309 20.0663 17.5394
      vertex 24.1477 19.9051 17.6847
      vertex 24.4607 20.2181 17.3747
    endloop
  endfacet
  facet normal -0.707107 0.707107 1.0622e-13
    outer loop
      vertex 19.1897 23.4323 18.0529
      vertex 18.618 22.8606 18.0882
      vertex 19.0001 23.2427 18.0882
    endloop
  endfacet
  facet normal 0.0922943 0.0922943 0.991445
    outer loop
      vertex 19.1897 23.4323 18.0529
      vertex 23.2427 19.0001 18.0882
      vertex 23.4323 19.1897 18.0529
    endloop
  endfacet
  facet normal 0.0922943 0.0922943 0.991445
    outer loop
      vertex 23.2427 19.0001 18.0882
      vertex 19.1897 23.4323 18.0529
      vertex 19.0001 23.2427 18.0882
    endloop
  endfacet
  facet normal -0.708879 0.705309 -0.00541528
    outer loop
      vertex 19.9051 24.1477 17.6847
      vertex 19.5588 23.8014 17.913
      vertex 19.7354 23.9781 17.8096
    endloop
  endfacet
  facet normal 0.707107 -0.707107 0
    outer loop
      vertex 23.8014 19.5588 17.913
      vertex 23.619 19.3764 17.9944
      vertex 24.1477 19.9051 17.6847
    endloop
  endfacet
  facet normal -0.707668 0.706544 -0.00060991
    outer loop
      vertex 20.7957 25.0383 16.3101
      vertex 20.4882 24.7309 16.9926
      vertex 20.6046 24.8473 16.7781
    endloop
  endfacet
  facet normal 0.705936 -0.708275 0.000954549
    outer loop
      vertex 21.6427 17.4 17.3747
      vertex 21.2739 17.0313 16.5455
      vertex 21.3086 17.0659 16.5563
    endloop
  endfacet
  facet normal 0.707131 -0.707083 -0.00010661
    outer loop
      vertex 21.2739 17.0313 16.5455
      vertex 21.6427 17.4 17.3747
      vertex 21.2679 17.0253 16.5428
    endloop
  endfacet
  facet normal 0.703101 -0.711085 0.00263295
    outer loop
      vertex 21.6427 17.4 17.3747
      vertex 21.3703 17.1277 16.5757
      vertex 21.3798 17.1371 16.5775
    endloop
  endfacet
  facet normal 0.707122 -0.707091 -9.90689e-05
    outer loop
      vertex 21.3703 17.1277 16.5757
      vertex 21.6427 17.4 17.3747
      vertex 21.3457 17.1031 16.568
    endloop
  endfacet
  facet normal 0.708985 -0.705222 0.00138488
    outer loop
      vertex 24.95 20.7074 16.55
      vertex 24.8473 20.6046 16.7781
      vertex 25.0383 20.7957 16.3101
    endloop
  endfacet
  facet normal 0.70713 -0.707083 -0.000106335
    outer loop
      vertex 21.6427 17.4 17.3747
      vertex 21.1798 16.9372 16.5035
      vertex 21.2202 16.9776 16.5215
    endloop
  endfacet
  facet normal 0.710667 -0.703518 -0.00387885
    outer loop
      vertex 21.1798 16.9372 16.5035
      vertex 21.6427 17.4 17.3747
      vertex 21.1654 16.9227 16.4951
    endloop
  endfacet
  facet normal 0.706261 -0.707951 0.000917051
    outer loop
      vertex 21.1533 16.9107 16.55
      vertex 21.1654 16.9227 16.4951
      vertex 21.6427 17.4 17.3747
    endloop
  endfacet
  facet normal 0.70601 -0.708201 0.000807078
    outer loop
      vertex 21.1654 16.9227 16.4951
      vertex 21.1533 16.9107 16.55
      vertex 21.1242 16.8816 16.471
    endloop
  endfacet
  facet normal -0.711085 0.703101 0.00263295
    outer loop
      vertex 17.1277 21.3703 16.5757
      vertex 17.4 21.6427 17.3747
      vertex 17.1371 21.3798 16.5775
    endloop
  endfacet
  facet normal -0.707091 0.707122 -9.90689e-05
    outer loop
      vertex 17.4 21.6427 17.3747
      vertex 17.1277 21.3703 16.5757
      vertex 17.1031 21.3457 16.568
    endloop
  endfacet
  facet normal -0.707951 0.706261 0.000917051
    outer loop
      vertex 16.9227 21.1654 16.4951
      vertex 16.9107 21.1533 16.55
      vertex 17.4 21.6427 17.3747
    endloop
  endfacet
  facet normal -0.708201 0.70601 0.000807078
    outer loop
      vertex 16.9107 21.1533 16.55
      vertex 16.9227 21.1654 16.4951
      vertex 16.8816 21.1242 16.471
    endloop
  endfacet
  facet normal -0.596374 -0.596374 0.537286
    outer loop
      vertex 16.9107 21.1533 16.55
      vertex 21.2561 17.0134 16.7781
      vertex 17.0134 21.2561 16.7781
    endloop
  endfacet
  facet normal -0.596374 -0.596374 0.537286
    outer loop
      vertex 21.2561 17.0134 16.7781
      vertex 16.9107 21.1533 16.55
      vertex 21.1533 16.9107 16.55
    endloop
  endfacet
  facet normal -0.270356 -0.270356 0.924021
    outer loop
      vertex 18.0593 22.302 17.913
      vertex 22.1253 17.8826 17.8096
      vertex 22.302 18.0593 17.913
    endloop
  endfacet
  facet normal -0.270356 -0.270356 0.924021
    outer loop
      vertex 22.1253 17.8826 17.8096
      vertex 18.0593 22.302 17.913
      vertex 17.8826 22.1253 17.8096
    endloop
  endfacet
  facet normal -0.0922943 -0.0922943 0.991445
    outer loop
      vertex 18.618 22.8606 18.0882
      vertex 22.671 18.4284 18.0529
      vertex 22.8606 18.618 18.0882
    endloop
  endfacet
  facet normal -0.0922943 -0.0922943 0.991445
    outer loop
      vertex 22.671 18.4284 18.0529
      vertex 18.618 22.8606 18.0882
      vertex 18.4284 22.671 18.0529
    endloop
  endfacet
  facet normal -0.707107 0.707107 7.17941e-14
    outer loop
      vertex 17.4 21.6427 17.3747
      vertex 17.1298 21.3725 16.9926
      vertex 17.259 21.5017 17.192
    endloop
  endfacet
  facet normal -0.521334 -0.521334 0.67559
    outer loop
      vertex 17.259 21.5017 17.192
      vertex 21.3725 17.1298 16.9926
      vertex 21.5017 17.259 17.192
    endloop
  endfacet
  facet normal -0.521334 -0.521334 0.67559
    outer loop
      vertex 21.3725 17.1298 16.9926
      vertex 17.259 21.5017 17.192
      vertex 17.1298 21.3725 16.9926
    endloop
  endfacet
  facet normal -0.707107 0.707107 8.89318e-14
    outer loop
      vertex 17.713 21.9557 17.6847
      vertex 17.4 21.6427 17.3747
      vertex 17.5517 21.7944 17.5394
    endloop
  endfacet
  facet normal -0.430592 -0.430592 0.793209
    outer loop
      vertex 17.5517 21.7944 17.5394
      vertex 21.6427 17.4 17.3747
      vertex 21.7944 17.5517 17.5394
    endloop
  endfacet
  facet normal -0.430592 -0.430592 0.793209
    outer loop
      vertex 21.6427 17.4 17.3747
      vertex 17.5517 21.7944 17.5394
      vertex 17.4 21.6427 17.3747
    endloop
  endfacet
  facet normal -0.707094 0.707094 -0.00599232
    outer loop
      vertex 19.0001 23.2427 18.0882
      vertex 18.618 22.8606 18.0882
      vertex 18.809 23.0517 18.1
    endloop
  endfacet
  facet normal 0.152959 0.152959 0.976323
    outer loop
      vertex 19.3764 23.619 17.9944
      vertex 23.4323 19.1897 18.0529
      vertex 23.619 19.3764 17.9944
    endloop
  endfacet
  facet normal 0.152959 0.152959 0.976323
    outer loop
      vertex 23.4323 19.1897 18.0529
      vertex 19.3764 23.619 17.9944
      vertex 19.1897 23.4323 18.0529
    endloop
  endfacet
  facet normal -0.707107 0.707107 -5.33519e-14
    outer loop
      vertex 19.3764 23.619 17.9944
      vertex 18.618 22.8606 18.0882
      vertex 19.1897 23.4323 18.0529
    endloop
  endfacet
  facet normal 0.627221 0.627221 0.461722
    outer loop
      vertex 20.7957 25.0383 16.3101
      vertex 24.95 20.7074 16.55
      vertex 25.0383 20.7957 16.3101
    endloop
  endfacet
  facet normal 0.627221 0.627221 0.461722
    outer loop
      vertex 24.95 20.7074 16.55
      vertex 20.7957 25.0383 16.3101
      vertex 20.7074 24.95 16.55
    endloop
  endfacet
  facet normal 0.521334 0.521334 0.67559
    outer loop
      vertex 20.4882 24.7309 16.9926
      vertex 24.6017 20.359 17.192
      vertex 24.7309 20.4882 16.9926
    endloop
  endfacet
  facet normal 0.521334 0.521334 0.67559
    outer loop
      vertex 24.6017 20.359 17.192
      vertex 20.4882 24.7309 16.9926
      vertex 20.359 24.6017 17.192
    endloop
  endfacet
  facet normal 0.477778 0.477778 0.737195
    outer loop
      vertex 20.359 24.6017 17.192
      vertex 24.4607 20.2181 17.3747
      vertex 24.6017 20.359 17.192
    endloop
  endfacet
  facet normal 0.477778 0.477778 0.737195
    outer loop
      vertex 24.4607 20.2181 17.3747
      vertex 20.359 24.6017 17.192
      vertex 20.2181 24.4607 17.3747
    endloop
  endfacet
  facet normal -0.707107 0.707107 0
    outer loop
      vertex 17.3241 21.5668 16.6
      vertex 17.4 21.6427 17.3747
      vertex 17.4 21.6427 16.5953
    endloop
  endfacet
  facet normal -0.707107 0.707107 -3.2636e-15
    outer loop
      vertex 17.2255 21.4682 16.5939
      vertex 17.4 21.6427 17.3747
      vertex 17.3241 21.5668 16.6
    endloop
  endfacet
  facet normal -0.707107 0.707107 -3.41139e-15
    outer loop
      vertex 17.4 21.6427 17.3747
      vertex 17.2255 21.4682 16.5939
      vertex 17.1371 21.3798 16.5775
    endloop
  endfacet
  facet normal 0.707891 -0.706321 -0.00101688
    outer loop
      vertex 21.2561 17.0134 16.7781
      vertex 21.1533 16.9107 16.55
      vertex 21.6427 17.4 17.3747
    endloop
  endfacet
  facet normal 0.707107 -0.707107 2.14729e-14
    outer loop
      vertex 21.3725 17.1298 16.9926
      vertex 21.2561 17.0134 16.7781
      vertex 21.6427 17.4 17.3747
    endloop
  endfacet
  facet normal -0.212846 -0.212846 0.953621
    outer loop
      vertex 18.2417 22.4843 17.9944
      vertex 22.302 18.0593 17.913
      vertex 22.4843 18.2417 17.9944
    endloop
  endfacet
  facet normal -0.212846 -0.212846 0.953621
    outer loop
      vertex 22.302 18.0593 17.913
      vertex 18.2417 22.4843 17.9944
      vertex 18.0593 22.302 17.913
    endloop
  endfacet
  facet normal -0.379884 -0.379884 0.843431
    outer loop
      vertex 17.713 21.9557 17.6847
      vertex 21.7944 17.5517 17.5394
      vertex 21.9557 17.713 17.6847
    endloop
  endfacet
  facet normal -0.379884 -0.379884 0.843431
    outer loop
      vertex 21.7944 17.5517 17.5394
      vertex 17.713 21.9557 17.6847
      vertex 17.5517 21.7944 17.5394
    endloop
  endfacet
  facet normal 0.707086 -0.707127 0.000259913
    outer loop
      vertex 22.6938 18.4512 15.1394
      vertex 25.2354 20.9927 15.2702
      vertex 25.2104 20.9678 15.5383
    endloop
  endfacet
  facet normal 0.70712 -0.707093 6.11486e-06
    outer loop
      vertex 22.6596 18.4169 15.4141
      vertex 25.2104 20.9678 15.5383
      vertex 25.0383 20.7957 16.3101
    endloop
  endfacet
  facet normal 0.707119 -0.707095 -9.27753e-05
    outer loop
      vertex 22.5921 18.3495 15.6762
      vertex 25.0383 20.7957 16.3101
      vertex 24.7309 20.4882 16.9926
    endloop
  endfacet
  facet normal 0.70708 -0.707134 5.63213e-05
    outer loop
      vertex 22.4334 18.1908 16.0285
      vertex 24.7309 20.4882 16.9926
      vertex 24.1477 19.9051 17.6847
    endloop
  endfacet
  facet normal 0.707112 -0.707101 3.46597e-05
    outer loop
      vertex 22.294 18.0513 16.2257
      vertex 24.1477 19.9051 17.6847
      vertex 22.8606 18.618 18.0882
    endloop
  endfacet
  facet normal 0.706975 -0.707238 0.000482125
    outer loop
      vertex 24.7309 20.4882 16.9926
      vertex 22.4935 18.2509 15.9177
      vertex 22.5466 18.3039 15.8
    endloop
  endfacet
  facet normal 0.707093 -0.707121 -8.59661e-07
    outer loop
      vertex 25.2354 20.9927 15
      vertex 22.6938 18.4512 15.1394
      vertex 22.6981 18.4555 15
    endloop
  endfacet
  facet normal 0.707093 -0.707121 0
    outer loop
      vertex 25.2354 20.9927 15.2702
      vertex 22.6938 18.4512 15.1394
      vertex 25.2354 20.9927 15
    endloop
  endfacet
  facet normal 0.707107 -0.707107 0
    outer loop
      vertex 22.6938 18.4512 15.1394
      vertex 25.2104 20.9678 15.5383
      vertex 22.6809 18.4383 15.2778
    endloop
  endfacet
  facet normal 0.707133 -0.70708 -0.000510551
    outer loop
      vertex 25.2104 20.9678 15.5383
      vertex 22.6596 18.4169 15.4141
      vertex 22.6809 18.4383 15.2778
    endloop
  endfacet
  facet normal 0.707028 -0.707185 0.000496243
    outer loop
      vertex 25.0383 20.7957 16.3101
      vertex 22.6299 18.3873 15.5472
      vertex 22.6596 18.4169 15.4141
    endloop
  endfacet
  facet normal 0.707107 -0.707107 0
    outer loop
      vertex 25.0383 20.7957 16.3101
      vertex 22.5921 18.3495 15.6762
      vertex 22.6299 18.3873 15.5472
    endloop
  endfacet
  facet normal 0.707237 -0.706977 -0.000475623
    outer loop
      vertex 24.7309 20.4882 16.9926
      vertex 22.5466 18.3039 15.8
      vertex 22.5921 18.3495 15.6762
    endloop
  endfacet
  facet normal 0.707101 -0.707112 4.3734e-05
    outer loop
      vertex 22.2157 17.973 16.3106
      vertex 22.8606 18.618 18.0882
      vertex 22.4843 18.2417 17.9944
    endloop
  endfacet
  facet normal 0.707094 -0.707119 -1.35991e-05
    outer loop
      vertex 24.7309 20.4882 16.9926
      vertex 22.4334 18.1908 16.0285
      vertex 22.4935 18.2509 15.9177
    endloop
  endfacet
  facet normal 0.707311 -0.706903 -0.00042268
    outer loop
      vertex 24.1477 19.9051 17.6847
      vertex 22.3668 18.1241 16.1314
      vertex 22.4334 18.1908 16.0285
    endloop
  endfacet
  facet normal 0.707119 -0.707095 1.83178e-05
    outer loop
      vertex 24.1477 19.9051 17.6847
      vertex 22.294 18.0513 16.2257
      vertex 22.3668 18.1241 16.1314
    endloop
  endfacet
  facet normal 0.707122 -0.707091 2.85479e-05
    outer loop
      vertex 22.8606 18.618 18.0882
      vertex 22.2157 17.973 16.3106
      vertex 22.294 18.0513 16.2257
    endloop
  endfacet
  facet normal 0.706752 -0.707461 0.000155204
    outer loop
      vertex 22.4843 18.2417 17.9944
      vertex 22.1324 17.8898 16.3856
      vertex 22.2157 17.973 16.3106
    endloop
  endfacet
  facet normal 0.707107 -0.707107 0
    outer loop
      vertex 22.4843 18.2417 17.9944
      vertex 22.0449 17.8023 16.4501
      vertex 22.1324 17.8898 16.3856
    endloop
  endfacet
  facet normal 0.70716 -0.707054 -3.02398e-05
    outer loop
      vertex 21.6427 17.4 17.3747
      vertex 22.0449 17.8023 16.4501
      vertex 22.4843 18.2417 17.9944
    endloop
  endfacet
  facet normal 0.707077 -0.707137 -0.000102617
    outer loop
      vertex 22.0449 17.8023 16.4501
      vertex 21.6427 17.4 17.3747
      vertex 21.9537 17.7111 16.5035
    endloop
  endfacet
  facet normal 0.707532 -0.706682 0.000222408
    outer loop
      vertex 21.9537 17.7111 16.5035
      vertex 21.6427 17.4 17.3747
      vertex 21.8596 17.6169 16.5455
    endloop
  endfacet
  facet normal 0.706707 -0.707506 -0.000209115
    outer loop
      vertex 21.8596 17.6169 16.5455
      vertex 21.6427 17.4 17.3747
      vertex 21.7632 17.5206 16.5757
    endloop
  endfacet
  facet normal 0.70747 -0.706743 2.11235e-05
    outer loop
      vertex 21.7632 17.5206 16.5757
      vertex 21.6427 17.4 17.3747
      vertex 21.6654 17.4227 16.5939
    endloop
  endfacet
  facet normal 0.707107 -0.707107 0
    outer loop
      vertex 21.6654 17.4227 16.5939
      vertex 21.6427 17.4 17.3747
      vertex 21.6427 17.4 16.5953
    endloop
  endfacet
  facet normal 0.270421 0.270421 0.923983
    outer loop
      vertex 19.7354 23.9781 17.8096
      vertex 23.8014 19.5588 17.913
      vertex 23.9781 19.7354 17.8096
    endloop
  endfacet
  facet normal 0.270421 0.270421 0.923983
    outer loop
      vertex 23.8014 19.5588 17.913
      vertex 19.7354 23.9781 17.8096
      vertex 19.5588 23.8014 17.913
    endloop
  endfacet
  facet normal 0.212792 0.212792 0.953645
    outer loop
      vertex 19.5588 23.8014 17.913
      vertex 23.619 19.3764 17.9944
      vertex 23.8014 19.5588 17.913
    endloop
  endfacet
  facet normal 0.212792 0.212792 0.953645
    outer loop
      vertex 23.619 19.3764 17.9944
      vertex 19.5588 23.8014 17.913
      vertex 19.3764 23.619 17.9944
    endloop
  endfacet
  facet normal 0.674402 0.674402 0.300606
    outer loop
      vertex 20.8689 25.1115 16.0603
      vertex 25.169 20.9264 15.8023
      vertex 20.9264 25.169 15.8023
    endloop
  endfacet
  facet normal 0.674402 0.674402 0.300606
    outer loop
      vertex 25.169 20.9264 15.8023
      vertex 20.8689 25.1115 16.0603
      vertex 25.1115 20.8689 16.0603
    endloop
  endfacet
  facet normal 0.707107 -0.707107 0
    outer loop
      vertex 25.169 20.9264 15.8023
      vertex 25.1115 20.8689 16.0603
      vertex 25.2104 20.9678 15.5383
    endloop
  endfacet
  facet normal 0.596374 0.596374 0.537286
    outer loop
      vertex 20.6046 24.8473 16.7781
      vertex 24.95 20.7074 16.55
      vertex 20.7074 24.95 16.55
    endloop
  endfacet
  facet normal 0.596374 0.596374 0.537286
    outer loop
      vertex 24.95 20.7074 16.55
      vertex 20.6046 24.8473 16.7781
      vertex 24.8473 20.6046 16.7781
    endloop
  endfacet
  facet normal 0.705309 -0.708879 -0.00541528
    outer loop
      vertex 23.9781 19.7354 17.8096
      vertex 23.8014 19.5588 17.913
      vertex 24.1477 19.9051 17.6847
    endloop
  endfacet
  facet normal 0 0.991443 0.130541
    outer loop
      vertex 3 32.6882 15.2702
      vertex -3 32.6529 15.5383
      vertex 3 32.6529 15.5383
    endloop
  endfacet
  facet normal 0 0.991443 0.130541
    outer loop
      vertex -3 32.6529 15.5383
      vertex 3 32.6882 15.2702
      vertex -3 32.6882 15.2702
    endloop
  endfacet
  facet normal 0 0.999048 0.0436298
    outer loop
      vertex 3 32.7 15
      vertex -3 32.6882 15.2702
      vertex 3 32.6882 15.2702
    endloop
  endfacet
  facet normal 0 0.999048 0.0436298
    outer loop
      vertex -3 32.6882 15.2702
      vertex 3 32.7 15
      vertex -3 32.7 15
    endloop
  endfacet
  facet normal 0 0.976317 0.216343
    outer loop
      vertex 3 32.6529 15.5383
      vertex -3 32.5944 15.8023
      vertex 3 32.5944 15.8023
    endloop
  endfacet
  facet normal 0 0.976317 0.216343
    outer loop
      vertex -3 32.5944 15.8023
      vertex 3 32.6529 15.5383
      vertex -3 32.6529 15.5383
    endloop
  endfacet
  facet normal -0 0.382461 0.923972
    outer loop
      vertex -3 30.9101 17.8096
      vertex 3 30.6603 17.913
      vertex 3 30.9101 17.8096
    endloop
  endfacet
  facet normal 0 0.382461 0.923972
    outer loop
      vertex 3 30.6603 17.913
      vertex -3 30.9101 17.8096
      vertex -3 30.6603 17.913
    endloop
  endfacet
  facet normal 0 -0.461795 0.886987
    outer loop
      vertex -3 28.2899 17.8096
      vertex 3 28.05 17.6847
      vertex 3 28.2899 17.8096
    endloop
  endfacet
  facet normal 0 -0.461795 0.886987
    outer loop
      vertex 3 28.05 17.6847
      vertex -3 28.2899 17.8096
      vertex -3 28.05 17.6847
    endloop
  endfacet
  facet normal 0 -0.216343 0.976317
    outer loop
      vertex -3 29.0617 18.0529
      vertex 3 28.7977 17.9944
      vertex 3 29.0617 18.0529
    endloop
  endfacet
  facet normal 0 -0.216343 0.976317
    outer loop
      vertex 3 28.7977 17.9944
      vertex -3 29.0617 18.0529
      vertex -3 28.7977 17.9944
    endloop
  endfacet
  facet normal -0 0.0436298 0.999048
    outer loop
      vertex -3 29.8702 18.0882
      vertex 3 29.6 18.1
      vertex 3 29.8702 18.0882
    endloop
  endfacet
  facet normal 0 0.0436298 0.999048
    outer loop
      vertex 3 29.6 18.1
      vertex -3 29.8702 18.0882
      vertex -3 29.6 18.1
    endloop
  endfacet
  facet normal 1 0 0
    outer loop
      vertex 3 29.0939 15.1394
      vertex 3 32.6882 15.2702
      vertex 3 32.6529 15.5383
    endloop
  endfacet
  facet normal 1 0 0
    outer loop
      vertex 3 29.0939 15.1394
      vertex 3 32.6529 15.5383
      vertex 3 32.5944 15.8023
    endloop
  endfacet
  facet normal 1 0 0
    outer loop
      vertex 3 29.0939 15.1394
      vertex 3 32.5944 15.8023
      vertex 3 32.513 16.0603
    endloop
  endfacet
  facet normal 1 0 0
    outer loop
      vertex 3 29.0757 15.2778
      vertex 3 32.513 16.0603
      vertex 3 32.4096 16.3101
    endloop
  endfacet
  facet normal 1 0 0
    outer loop
      vertex 3 29.0757 15.2778
      vertex 3 32.4096 16.3101
      vertex 3 32.2847 16.55
    endloop
  endfacet
  facet normal 1 0 0
    outer loop
      vertex 3 29.0757 15.2778
      vertex 3 32.2847 16.55
      vertex 3 32.1394 16.7781
    endloop
  endfacet
  facet normal 1 0 0
    outer loop
      vertex 3 29.0455 15.4141
      vertex 3 32.1394 16.7781
      vertex 3 31.9747 16.9926
    endloop
  endfacet
  facet normal 1 0 0
    outer loop
      vertex 3 29.0455 15.4141
      vertex 3 31.9747 16.9926
      vertex 3 31.792 17.192
    endloop
  endfacet
  facet normal 1 0 0
    outer loop
      vertex 3 29.0035 15.5472
      vertex 3 31.792 17.192
      vertex 3 31.5926 17.3747
    endloop
  endfacet
  facet normal 1 0 0
    outer loop
      vertex 3 29.0035 15.5472
      vertex 3 31.5926 17.3747
      vertex 3 31.3781 17.5394
    endloop
  endfacet
  facet normal 1 0 0
    outer loop
      vertex 3 28.9501 15.6762
      vertex 3 31.3781 17.5394
      vertex 3 31.15 17.6847
    endloop
  endfacet
  facet normal 1 0 0
    outer loop
      vertex 3 28.9501 15.6762
      vertex 3 31.15 17.6847
      vertex 3 30.9101 17.8096
    endloop
  endfacet
  facet normal 1 0 0
    outer loop
      vertex 3 28.8856 15.8
      vertex 3 30.9101 17.8096
      vertex 3 30.6603 17.913
    endloop
  endfacet
  facet normal 1 0 0
    outer loop
      vertex 3 28.8856 15.8
      vertex 3 30.6603 17.913
      vertex 3 30.4023 17.9944
    endloop
  endfacet
  facet normal 1 0 0
    outer loop
      vertex 3 28.8106 15.9177
      vertex 3 30.4023 17.9944
      vertex 3 30.1383 18.0529
    endloop
  endfacet
  facet normal 1 0 0
    outer loop
      vertex 3 28.8106 15.9177
      vertex 3 30.1383 18.0529
      vertex 3 29.8702 18.0882
    endloop
  endfacet
  facet normal 1 0 0
    outer loop
      vertex 3 28.7257 16.0285
      vertex 3 29.8702 18.0882
      vertex 3 29.6 18.1
    endloop
  endfacet
  facet normal 1 0 0
    outer loop
      vertex 3 28.6314 16.1314
      vertex 3 29.6 18.1
      vertex 3 29.3298 18.0882
    endloop
  endfacet
  facet normal 1 0 0
    outer loop
      vertex 3 31.3781 17.5394
      vertex 3 28.9501 15.6762
      vertex 3 29.0035 15.5472
    endloop
  endfacet
  facet normal 1 0 0
    outer loop
      vertex 3 32.6882 15.2702
      vertex 3 29.1 15
      vertex 3 32.7 15
    endloop
  endfacet
  facet normal 1 0 0
    outer loop
      vertex 3 32.6882 15.2702
      vertex 3 29.0939 15.1394
      vertex 3 29.1 15
    endloop
  endfacet
  facet normal 1 0 0
    outer loop
      vertex 3 28.6314 16.1314
      vertex 3 29.3298 18.0882
      vertex 3 29.0617 18.0529
    endloop
  endfacet
  facet normal 1 0 0
    outer loop
      vertex 3 32.513 16.0603
      vertex 3 29.0757 15.2778
      vertex 3 29.0939 15.1394
    endloop
  endfacet
  facet normal 1 0 0
    outer loop
      vertex 3 32.1394 16.7781
      vertex 3 29.0455 15.4141
      vertex 3 29.0757 15.2778
    endloop
  endfacet
  facet normal 1 0 0
    outer loop
      vertex 3 31.792 17.192
      vertex 3 29.0035 15.5472
      vertex 3 29.0455 15.4141
    endloop
  endfacet
  facet normal 1 0 0
    outer loop
      vertex 3 30.9101 17.8096
      vertex 3 28.8856 15.8
      vertex 3 28.9501 15.6762
    endloop
  endfacet
  facet normal 1 0 0
    outer loop
      vertex 3 30.4023 17.9944
      vertex 3 28.8106 15.9177
      vertex 3 28.8856 15.8
    endloop
  endfacet
  facet normal 1 0 0
    outer loop
      vertex 3 28.5285 16.2257
      vertex 3 29.0617 18.0529
      vertex 3 28.7977 17.9944
    endloop
  endfacet
  facet normal 1 0 0
    outer loop
      vertex 3 29.8702 18.0882
      vertex 3 28.7257 16.0285
      vertex 3 28.8106 15.9177
    endloop
  endfacet
  facet normal 1 0 0
    outer loop
      vertex 3 29.6 18.1
      vertex 3 28.6314 16.1314
      vertex 3 28.7257 16.0285
    endloop
  endfacet
  facet normal 1 0 0
    outer loop
      vertex 3 28.4177 16.3106
      vertex 3 28.7977 17.9944
      vertex 3 28.5397 17.913
    endloop
  endfacet
  facet normal 1 0 0
    outer loop
      vertex 3 29.0617 18.0529
      vertex 3 28.5285 16.2257
      vertex 3 28.6314 16.1314
    endloop
  endfacet
  facet normal 1 0 0
    outer loop
      vertex 3 28.7977 17.9944
      vertex 3 28.4177 16.3106
      vertex 3 28.5285 16.2257
    endloop
  endfacet
  facet normal 1 0 0
    outer loop
      vertex 3 28.5397 17.913
      vertex 3 28.3 16.3856
      vertex 3 28.4177 16.3106
    endloop
  endfacet
  facet normal 1 -0 0
    outer loop
      vertex 3 28.2899 17.8096
      vertex 3 28.3 16.3856
      vertex 3 28.5397 17.913
    endloop
  endfacet
  facet normal 1 0 0
    outer loop
      vertex 3 28.2899 17.8096
      vertex 3 28.1762 16.4501
      vertex 3 28.3 16.3856
    endloop
  endfacet
  facet normal 1 -0 0
    outer loop
      vertex 3 28.05 17.6847
      vertex 3 28.1762 16.4501
      vertex 3 28.2899 17.8096
    endloop
  endfacet
  facet normal 1 0 0
    outer loop
      vertex 3 28.05 17.6847
      vertex 3 28.0472 16.5035
      vertex 3 28.1762 16.4501
    endloop
  endfacet
  facet normal 1 -0 0
    outer loop
      vertex 3 27.8219 17.5394
      vertex 3 28.0472 16.5035
      vertex 3 28.05 17.6847
    endloop
  endfacet
  facet normal 1 0 0
    outer loop
      vertex 3 28.0472 16.5035
      vertex 3 27.8219 17.5394
      vertex 3 27.9141 16.5455
    endloop
  endfacet
  facet normal 1 -0 0
    outer loop
      vertex 3 27.6074 17.3747
      vertex 3 27.9141 16.5455
      vertex 3 27.8219 17.5394
    endloop
  endfacet
  facet normal 1 0 0
    outer loop
      vertex 3 27.9141 16.5455
      vertex 3 27.6074 17.3747
      vertex 3 27.7778 16.5757
    endloop
  endfacet
  facet normal 1 -0 0
    outer loop
      vertex 3 27.408 17.192
      vertex 3 27.7778 16.5757
      vertex 3 27.6074 17.3747
    endloop
  endfacet
  facet normal 1 0 0
    outer loop
      vertex 3 27.7778 16.5757
      vertex 3 27.408 17.192
      vertex 3 27.6395 16.5939
    endloop
  endfacet
  facet normal 1 0 0
    outer loop
      vertex 3 27.6395 16.5939
      vertex 3 27.408 17.192
      vertex 3 27.5 16.6
    endloop
  endfacet
  facet normal 1 -0 0
    outer loop
      vertex 3 27.2253 16.9926
      vertex 3 27.5 16.6
      vertex 3 27.408 17.192
    endloop
  endfacet
  facet normal 1 0 0
    outer loop
      vertex 3 27.5 16.6
      vertex 3 27.2253 16.9926
      vertex 3 27.3605 16.5939
    endloop
  endfacet
  facet normal 1 -0 0
    outer loop
      vertex 3 27.0606 16.7781
      vertex 3 27.3605 16.5939
      vertex 3 27.2253 16.9926
    endloop
  endfacet
  facet normal 1 0 0
    outer loop
      vertex 3 27.3605 16.5939
      vertex 3 27.0606 16.7781
      vertex 3 27.2222 16.5757
    endloop
  endfacet
  facet normal 1 0 0
    outer loop
      vertex 3 27.2222 16.5757
      vertex 3 27.0606 16.7781
      vertex 3 27.0859 16.5455
    endloop
  endfacet
  facet normal 1 -0 0
    outer loop
      vertex 3 26.9153 16.55
      vertex 3 27.0859 16.5455
      vertex 3 27.0606 16.7781
    endloop
  endfacet
  facet normal 1 0 0
    outer loop
      vertex 3 27.0859 16.5455
      vertex 3 26.9153 16.55
      vertex 3 26.9528 16.5035
    endloop
  endfacet
  facet normal 1 0 0
    outer loop
      vertex 3 26.9528 16.5035
      vertex 3 26.9153 16.55
      vertex 3 26.8742 16.471
    endloop
  endfacet
  facet normal 0 -0.887125 0.46153
    outer loop
      vertex -3 26.8742 16.471
      vertex 3 26.9153 16.55
      vertex -3 26.9153 16.55
    endloop
  endfacet
  facet normal 0 -0.887125 0.46153
    outer loop
      vertex 3 26.9153 16.55
      vertex -3 26.8742 16.471
      vertex 3 26.8742 16.471
    endloop
  endfacet
  facet normal -0 0.461795 0.886987
    outer loop
      vertex -3 31.15 17.6847
      vertex 3 30.9101 17.8096
      vertex 3 31.15 17.6847
    endloop
  endfacet
  facet normal 0 0.461795 0.886987
    outer loop
      vertex 3 30.9101 17.8096
      vertex -3 31.15 17.6847
      vertex -3 30.9101 17.8096
    endloop
  endfacet
  facet normal 0 -0.609014 0.79316
    outer loop
      vertex -3 27.8219 17.5394
      vertex 3 27.6074 17.3747
      vertex 3 27.8219 17.5394
    endloop
  endfacet
  facet normal 0 -0.609014 0.79316
    outer loop
      vertex 3 27.6074 17.3747
      vertex -3 27.8219 17.5394
      vertex -3 27.6074 17.3747
    endloop
  endfacet
  facet normal 0 -0.843418 0.537258
    outer loop
      vertex -3 26.9153 16.55
      vertex 3 27.0606 16.7781
      vertex -3 27.0606 16.7781
    endloop
  endfacet
  facet normal 0 -0.843418 0.537258
    outer loop
      vertex 3 27.0606 16.7781
      vertex -3 26.9153 16.55
      vertex 3 26.9153 16.55
    endloop
  endfacet
  facet normal 0 -0.537258 0.843418
    outer loop
      vertex -3 28.05 17.6847
      vertex 3 27.8219 17.5394
      vertex 3 28.05 17.6847
    endloop
  endfacet
  facet normal 0 -0.537258 0.843418
    outer loop
      vertex 3 27.8219 17.5394
      vertex -3 28.05 17.6847
      vertex -3 27.8219 17.5394
    endloop
  endfacet
  facet normal 0 -0.0436298 0.999048
    outer loop
      vertex -3 29.6 18.1
      vertex 3 29.3298 18.0882
      vertex 3 29.6 18.1
    endloop
  endfacet
  facet normal 0 -0.0436298 0.999048
    outer loop
      vertex 3 29.3298 18.0882
      vertex -3 29.6 18.1
      vertex -3 29.3298 18.0882
    endloop
  endfacet
  facet normal 0 -0.382461 0.923972
    outer loop
      vertex -3 28.5397 17.913
      vertex 3 28.2899 17.8096
      vertex 3 28.5397 17.913
    endloop
  endfacet
  facet normal 0 -0.382461 0.923972
    outer loop
      vertex 3 28.2899 17.8096
      vertex -3 28.5397 17.913
      vertex -3 28.2899 17.8096
    endloop
  endfacet
  facet normal 0 -0.675557 0.737308
    outer loop
      vertex -3 27.6074 17.3747
      vertex 3 27.408 17.192
      vertex 3 27.6074 17.3747
    endloop
  endfacet
  facet normal 0 -0.675557 0.737308
    outer loop
      vertex 3 27.408 17.192
      vertex -3 27.6074 17.3747
      vertex -3 27.408 17.192
    endloop
  endfacet
  facet normal 0 -0.300884 0.953661
    outer loop
      vertex -3 28.7977 17.9944
      vertex 3 28.5397 17.913
      vertex 3 28.7977 17.9944
    endloop
  endfacet
  facet normal 0 -0.300884 0.953661
    outer loop
      vertex 3 28.5397 17.913
      vertex -3 28.7977 17.9944
      vertex -3 28.5397 17.913
    endloop
  endfacet
  facet normal 0 0.79316 0.609014
    outer loop
      vertex 3 32.1394 16.7781
      vertex -3 31.9747 16.9926
      vertex 3 31.9747 16.9926
    endloop
  endfacet
  facet normal 0 0.79316 0.609014
    outer loop
      vertex -3 31.9747 16.9926
      vertex 3 32.1394 16.7781
      vertex -3 32.1394 16.7781
    endloop
  endfacet
  facet normal 0 0.953661 0.300884
    outer loop
      vertex 3 32.5944 15.8023
      vertex -3 32.513 16.0603
      vertex 3 32.513 16.0603
    endloop
  endfacet
  facet normal 0 0.953661 0.300884
    outer loop
      vertex -3 32.513 16.0603
      vertex 3 32.5944 15.8023
      vertex -3 32.5944 15.8023
    endloop
  endfacet
  facet normal 0 0.737308 0.675557
    outer loop
      vertex 3 31.9747 16.9926
      vertex -3 31.792 17.192
      vertex 3 31.792 17.192
    endloop
  endfacet
  facet normal 0 0.737308 0.675557
    outer loop
      vertex -3 31.792 17.192
      vertex 3 31.9747 16.9926
      vertex -3 31.9747 16.9926
    endloop
  endfacet
  facet normal 0 0.923972 0.382461
    outer loop
      vertex 3 32.513 16.0603
      vertex -3 32.4096 16.3101
      vertex 3 32.4096 16.3101
    endloop
  endfacet
  facet normal 0 0.923972 0.382461
    outer loop
      vertex -3 32.4096 16.3101
      vertex 3 32.513 16.0603
      vertex -3 32.513 16.0603
    endloop
  endfacet
  facet normal -1 0 0
    outer loop
      vertex -3 29.1 15
      vertex -3 32.6882 15.2702
      vertex -3 32.7 15
    endloop
  endfacet
  facet normal -1 0 0
    outer loop
      vertex -3 29.0939 15.1394
      vertex -3 32.6882 15.2702
      vertex -3 29.1 15
    endloop
  endfacet
  facet normal -1 -0 0
    outer loop
      vertex -3 32.6529 15.5383
      vertex -3 29.0939 15.1394
      vertex -3 32.5944 15.8023
    endloop
  endfacet
  facet normal -1 -0 0
    outer loop
      vertex -3 32.5944 15.8023
      vertex -3 29.0939 15.1394
      vertex -3 32.513 16.0603
    endloop
  endfacet
  facet normal -1 0 0
    outer loop
      vertex -3 29.0757 15.2778
      vertex -3 32.513 16.0603
      vertex -3 29.0939 15.1394
    endloop
  endfacet
  facet normal -1 -0 0
    outer loop
      vertex -3 32.513 16.0603
      vertex -3 29.0757 15.2778
      vertex -3 32.4096 16.3101
    endloop
  endfacet
  facet normal -1 -0 0
    outer loop
      vertex -3 32.4096 16.3101
      vertex -3 29.0757 15.2778
      vertex -3 32.2847 16.55
    endloop
  endfacet
  facet normal -1 0 0
    outer loop
      vertex -3 29.0455 15.4141
      vertex -3 32.1394 16.7781
      vertex -3 29.0757 15.2778
    endloop
  endfacet
  facet normal -1 -0 0
    outer loop
      vertex -3 32.1394 16.7781
      vertex -3 29.0455 15.4141
      vertex -3 31.9747 16.9926
    endloop
  endfacet
  facet normal -1 -0 0
    outer loop
      vertex -3 31.9747 16.9926
      vertex -3 29.0455 15.4141
      vertex -3 31.792 17.192
    endloop
  endfacet
  facet normal -1 0 0
    outer loop
      vertex -3 29.0035 15.5472
      vertex -3 31.792 17.192
      vertex -3 29.0455 15.4141
    endloop
  endfacet
  facet normal -1 -0 0
    outer loop
      vertex -3 31.5926 17.3747
      vertex -3 29.0035 15.5472
      vertex -3 31.3781 17.5394
    endloop
  endfacet
  facet normal -1 0 0
    outer loop
      vertex -3 28.9501 15.6762
      vertex -3 31.3781 17.5394
      vertex -3 29.0035 15.5472
    endloop
  endfacet
  facet normal -1 -0 0
    outer loop
      vertex -3 31.3781 17.5394
      vertex -3 28.9501 15.6762
      vertex -3 31.15 17.6847
    endloop
  endfacet
  facet normal -1 -0 0
    outer loop
      vertex -3 31.15 17.6847
      vertex -3 28.9501 15.6762
      vertex -3 30.9101 17.8096
    endloop
  endfacet
  facet normal -1 -0 0
    outer loop
      vertex -3 30.9101 17.8096
      vertex -3 28.8856 15.8
      vertex -3 30.6603 17.913
    endloop
  endfacet
  facet normal -1 -0 0
    outer loop
      vertex -3 30.6603 17.913
      vertex -3 28.8856 15.8
      vertex -3 30.4023 17.9944
    endloop
  endfacet
  facet normal -1 0 0
    outer loop
      vertex -3 28.8106 15.9177
      vertex -3 30.4023 17.9944
      vertex -3 28.8856 15.8
    endloop
  endfacet
  facet normal -1 -0 0
    outer loop
      vertex -3 32.6882 15.2702
      vertex -3 29.0939 15.1394
      vertex -3 32.6529 15.5383
    endloop
  endfacet
  facet normal -1 -0 0
    outer loop
      vertex -3 32.2847 16.55
      vertex -3 29.0757 15.2778
      vertex -3 32.1394 16.7781
    endloop
  endfacet
  facet normal -1 -0 0
    outer loop
      vertex -3 31.792 17.192
      vertex -3 29.0035 15.5472
      vertex -3 31.5926 17.3747
    endloop
  endfacet
  facet normal -1 0 0
    outer loop
      vertex -3 28.8856 15.8
      vertex -3 30.9101 17.8096
      vertex -3 28.9501 15.6762
    endloop
  endfacet
  facet normal -1 -0 0
    outer loop
      vertex -3 30.4023 17.9944
      vertex -3 28.8106 15.9177
      vertex -3 30.1383 18.0529
    endloop
  endfacet
  facet normal -1 -0 0
    outer loop
      vertex -3 30.1383 18.0529
      vertex -3 28.8106 15.9177
      vertex -3 29.8702 18.0882
    endloop
  endfacet
  facet normal -1 0 0
    outer loop
      vertex -3 28.7257 16.0285
      vertex -3 29.8702 18.0882
      vertex -3 28.8106 15.9177
    endloop
  endfacet
  facet normal -1 -0 0
    outer loop
      vertex -3 29.8702 18.0882
      vertex -3 28.7257 16.0285
      vertex -3 29.6 18.1
    endloop
  endfacet
  facet normal -1 0 0
    outer loop
      vertex -3 28.6314 16.1314
      vertex -3 29.6 18.1
      vertex -3 28.7257 16.0285
    endloop
  endfacet
  facet normal -1 0 0
    outer loop
      vertex -3 29.6 18.1
      vertex -3 28.6314 16.1314
      vertex -3 29.3298 18.0882
    endloop
  endfacet
  facet normal -1 0 0
    outer loop
      vertex -3 29.3298 18.0882
      vertex -3 28.6314 16.1314
      vertex -3 29.0617 18.0529
    endloop
  endfacet
  facet normal -1 0 0
    outer loop
      vertex -3 28.5285 16.2257
      vertex -3 29.0617 18.0529
      vertex -3 28.6314 16.1314
    endloop
  endfacet
  facet normal -1 0 0
    outer loop
      vertex -3 29.0617 18.0529
      vertex -3 28.5285 16.2257
      vertex -3 28.7977 17.9944
    endloop
  endfacet
  facet normal -1 0 0
    outer loop
      vertex -3 28.4177 16.3106
      vertex -3 28.7977 17.9944
      vertex -3 28.5285 16.2257
    endloop
  endfacet
  facet normal -1 0 0
    outer loop
      vertex -3 28.7977 17.9944
      vertex -3 28.4177 16.3106
      vertex -3 28.5397 17.913
    endloop
  endfacet
  facet normal -1 0 0
    outer loop
      vertex -3 28.3 16.3856
      vertex -3 28.5397 17.913
      vertex -3 28.4177 16.3106
    endloop
  endfacet
  facet normal -1 0 0
    outer loop
      vertex -3 28.3 16.3856
      vertex -3 28.2899 17.8096
      vertex -3 28.5397 17.913
    endloop
  endfacet
  facet normal -1 0 0
    outer loop
      vertex -3 28.1762 16.4501
      vertex -3 28.2899 17.8096
      vertex -3 28.3 16.3856
    endloop
  endfacet
  facet normal -1 0 0
    outer loop
      vertex -3 28.1762 16.4501
      vertex -3 28.05 17.6847
      vertex -3 28.2899 17.8096
    endloop
  endfacet
  facet normal -1 0 0
    outer loop
      vertex -3 28.0472 16.5035
      vertex -3 28.05 17.6847
      vertex -3 28.1762 16.4501
    endloop
  endfacet
  facet normal -1 0 0
    outer loop
      vertex -3 27.8219 17.5394
      vertex -3 28.0472 16.5035
      vertex -3 27.9141 16.5455
    endloop
  endfacet
  facet normal -1 0 0
    outer loop
      vertex -3 28.0472 16.5035
      vertex -3 27.8219 17.5394
      vertex -3 28.05 17.6847
    endloop
  endfacet
  facet normal -1 0 0
    outer loop
      vertex -3 27.6074 17.3747
      vertex -3 27.9141 16.5455
      vertex -3 27.7778 16.5757
    endloop
  endfacet
  facet normal -1 0 0
    outer loop
      vertex -3 27.408 17.192
      vertex -3 27.7778 16.5757
      vertex -3 27.6395 16.5939
    endloop
  endfacet
  facet normal -1 0 0
    outer loop
      vertex -3 27.9141 16.5455
      vertex -3 27.6074 17.3747
      vertex -3 27.8219 17.5394
    endloop
  endfacet
  facet normal -1 0 0
    outer loop
      vertex -3 27.408 17.192
      vertex -3 27.6395 16.5939
      vertex -3 27.5 16.6
    endloop
  endfacet
  facet normal -1 0 0
    outer loop
      vertex -3 27.7778 16.5757
      vertex -3 27.408 17.192
      vertex -3 27.6074 17.3747
    endloop
  endfacet
  facet normal -1 0 0
    outer loop
      vertex -3 27.2253 16.9926
      vertex -3 27.5 16.6
      vertex -3 27.3605 16.5939
    endloop
  endfacet
  facet normal -1 0 0
    outer loop
      vertex -3 27.5 16.6
      vertex -3 27.2253 16.9926
      vertex -3 27.408 17.192
    endloop
  endfacet
  facet normal -1 0 0
    outer loop
      vertex -3 27.0606 16.7781
      vertex -3 27.3605 16.5939
      vertex -3 27.2222 16.5757
    endloop
  endfacet
  facet normal -1 0 0
    outer loop
      vertex -3 27.0606 16.7781
      vertex -3 27.2222 16.5757
      vertex -3 27.0859 16.5455
    endloop
  endfacet
  facet normal -1 0 0
    outer loop
      vertex -3 27.3605 16.5939
      vertex -3 27.0606 16.7781
      vertex -3 27.2253 16.9926
    endloop
  endfacet
  facet normal -1 0 0
    outer loop
      vertex -3 26.9153 16.55
      vertex -3 27.0859 16.5455
      vertex -3 26.9528 16.5035
    endloop
  endfacet
  facet normal -1 0 0
    outer loop
      vertex -3 27.0859 16.5455
      vertex -3 26.9153 16.55
      vertex -3 27.0606 16.7781
    endloop
  endfacet
  facet normal -1 0 -0
    outer loop
      vertex -3 26.9153 16.55
      vertex -3 26.9528 16.5035
      vertex -3 26.8742 16.471
    endloop
  endfacet
  facet normal -0 0.609014 0.79316
    outer loop
      vertex -3 31.5926 17.3747
      vertex 3 31.3781 17.5394
      vertex 3 31.5926 17.3747
    endloop
  endfacet
  facet normal 0 0.609014 0.79316
    outer loop
      vertex 3 31.3781 17.5394
      vertex -3 31.5926 17.3747
      vertex -3 31.3781 17.5394
    endloop
  endfacet
  facet normal -0 0.537258 0.843418
    outer loop
      vertex -3 31.3781 17.5394
      vertex 3 31.15 17.6847
      vertex 3 31.3781 17.5394
    endloop
  endfacet
  facet normal 0 0.537258 0.843418
    outer loop
      vertex 3 31.15 17.6847
      vertex -3 31.3781 17.5394
      vertex -3 31.15 17.6847
    endloop
  endfacet
  facet normal 0 -0.79316 0.609014
    outer loop
      vertex -3 27.0606 16.7781
      vertex 3 27.2253 16.9926
      vertex -3 27.2253 16.9926
    endloop
  endfacet
  facet normal 0 -0.79316 0.609014
    outer loop
      vertex 3 27.2253 16.9926
      vertex -3 27.0606 16.7781
      vertex 3 27.0606 16.7781
    endloop
  endfacet
  facet normal 0 -0.130541 0.991443
    outer loop
      vertex -3 29.3298 18.0882
      vertex 3 29.0617 18.0529
      vertex 3 29.3298 18.0882
    endloop
  endfacet
  facet normal 0 -0.130541 0.991443
    outer loop
      vertex 3 29.0617 18.0529
      vertex -3 29.3298 18.0882
      vertex -3 29.0617 18.0529
    endloop
  endfacet
  facet normal -0 0.216343 0.976317
    outer loop
      vertex -3 30.4023 17.9944
      vertex 3 30.1383 18.0529
      vertex 3 30.4023 17.9944
    endloop
  endfacet
  facet normal 0 0.216343 0.976317
    outer loop
      vertex 3 30.1383 18.0529
      vertex -3 30.4023 17.9944
      vertex -3 30.1383 18.0529
    endloop
  endfacet
  facet normal 0 0.886987 0.461795
    outer loop
      vertex 3 32.4096 16.3101
      vertex -3 32.2847 16.55
      vertex 3 32.2847 16.55
    endloop
  endfacet
  facet normal 0 0.886987 0.461795
    outer loop
      vertex -3 32.2847 16.55
      vertex 3 32.4096 16.3101
      vertex -3 32.4096 16.3101
    endloop
  endfacet
  facet normal 0 0.843418 0.537258
    outer loop
      vertex 3 32.2847 16.55
      vertex -3 32.1394 16.7781
      vertex 3 32.1394 16.7781
    endloop
  endfacet
  facet normal 0 0.843418 0.537258
    outer loop
      vertex -3 32.1394 16.7781
      vertex 3 32.2847 16.55
      vertex -3 32.2847 16.55
    endloop
  endfacet
  facet normal 0 -0.737308 0.675557
    outer loop
      vertex -3 27.2253 16.9926
      vertex 3 27.408 17.192
      vertex -3 27.408 17.192
    endloop
  endfacet
  facet normal 0 -0.737308 0.675557
    outer loop
      vertex 3 27.408 17.192
      vertex -3 27.2253 16.9926
      vertex 3 27.2253 16.9926
    endloop
  endfacet
  facet normal -0 0.675557 0.737308
    outer loop
      vertex -3 31.792 17.192
      vertex 3 31.5926 17.3747
      vertex 3 31.792 17.192
    endloop
  endfacet
  facet normal 0 0.675557 0.737308
    outer loop
      vertex 3 31.5926 17.3747
      vertex -3 31.792 17.192
      vertex -3 31.5926 17.3747
    endloop
  endfacet
  facet normal -0 0.300884 0.953661
    outer loop
      vertex -3 30.6603 17.913
      vertex 3 30.4023 17.9944
      vertex 3 30.6603 17.913
    endloop
  endfacet
  facet normal 0 0.300884 0.953661
    outer loop
      vertex 3 30.4023 17.9944
      vertex -3 30.6603 17.913
      vertex -3 30.4023 17.9944
    endloop
  endfacet
  facet normal -0 0.130541 0.991443
    outer loop
      vertex -3 30.1383 18.0529
      vertex 3 29.8702 18.0882
      vertex 3 30.1383 18.0529
    endloop
  endfacet
  facet normal 0 0.130541 0.991443
    outer loop
      vertex 3 29.8702 18.0882
      vertex -3 30.1383 18.0529
      vertex -3 29.8702 18.0882
    endloop
  endfacet
  facet normal -0.706432 0.706432 0.0436618
    outer loop
      vertex -25.2437 21.0011 15
      vertex -20.9927 25.2354 15.2702
      vertex -21.0011 25.2437 15
    endloop
  endfacet
  facet normal -0.706432 0.706432 0.0436618
    outer loop
      vertex -20.9927 25.2354 15.2702
      vertex -25.2437 21.0011 15
      vertex -25.2354 20.9927 15.2702
    endloop
  endfacet
  facet normal -0.707107 -0.707107 0
    outer loop
      vertex -25.169 20.9264 15.8023
      vertex -25.2104 20.9678 15.5383
      vertex -25.1115 20.8689 16.0603
    endloop
  endfacet
  facet normal -0.521334 0.521334 0.67559
    outer loop
      vertex -20.4882 24.7309 16.9926
      vertex -24.6017 20.359 17.192
      vertex -20.359 24.6017 17.192
    endloop
  endfacet
  facet normal -0.521334 0.521334 0.67559
    outer loop
      vertex -24.6017 20.359 17.192
      vertex -20.4882 24.7309 16.9926
      vertex -24.7309 20.4882 16.9926
    endloop
  endfacet
  facet normal -0.704663 -0.709525 -0.00490885
    outer loop
      vertex -24.309 20.0663 17.5394
      vertex -24.4607 20.2181 17.3747
      vertex -24.1477 19.9051 17.6847
    endloop
  endfacet
  facet normal -0.707107 -0.707107 0
    outer loop
      vertex -25.1115 20.8689 16.0603
      vertex -25.2104 20.9678 15.5383
      vertex -25.0383 20.7957 16.3101
    endloop
  endfacet
  facet normal -0.708198 -0.706014 -0.000891669
    outer loop
      vertex -21.3086 17.0659 16.5563
      vertex -21.6427 17.4 17.3747
      vertex -21.3457 17.1031 16.568
    endloop
  endfacet
  facet normal 0.707107 0.707107 0
    outer loop
      vertex -20.7957 25.0383 16.3101
      vertex -20.9678 25.2104 15.5383
      vertex -20.8689 25.1115 16.0603
    endloop
  endfacet
  facet normal -0.379968 0.379968 0.843356
    outer loop
      vertex -20.0663 24.309 17.5394
      vertex -24.1477 19.9051 17.6847
      vertex -19.9051 24.1477 17.6847
    endloop
  endfacet
  facet normal -0.379968 0.379968 0.843356
    outer loop
      vertex -24.1477 19.9051 17.6847
      vertex -20.0663 24.309 17.5394
      vertex -24.309 20.0663 17.5394
    endloop
  endfacet
  facet normal 0.706014 0.708198 -0.000891669
    outer loop
      vertex -17.1031 21.3457 16.568
      vertex -17.4 21.6427 17.3747
      vertex -17.0659 21.3086 16.5563
    endloop
  endfacet
  facet normal -0.70713 -0.707083 -0.000106335
    outer loop
      vertex -21.1798 16.9372 16.5035
      vertex -21.6427 17.4 17.3747
      vertex -21.2202 16.9776 16.5215
    endloop
  endfacet
  facet normal -0.710667 -0.703518 -0.00387885
    outer loop
      vertex -21.6427 17.4 17.3747
      vertex -21.1798 16.9372 16.5035
      vertex -21.1654 16.9227 16.4951
    endloop
  endfacet
  facet normal -0.707412 -0.706801 0.000617348
    outer loop
      vertex -24.4607 20.2181 17.3747
      vertex -24.7309 20.4882 16.9926
      vertex -24.1477 19.9051 17.6847
    endloop
  endfacet
  facet normal -0.560957 0.560957 0.608815
    outer loop
      vertex -20.6046 24.8473 16.7781
      vertex -24.7309 20.4882 16.9926
      vertex -20.4882 24.7309 16.9926
    endloop
  endfacet
  facet normal -0.560957 0.560957 0.608815
    outer loop
      vertex -24.7309 20.4882 16.9926
      vertex -20.6046 24.8473 16.7781
      vertex -24.8473 20.6046 16.7781
    endloop
  endfacet
  facet normal -0.705537 -0.70867 -0.00202991
    outer loop
      vertex -24.6017 20.359 17.192
      vertex -24.7309 20.4882 16.9926
      vertex -24.4607 20.2181 17.3747
    endloop
  endfacet
  facet normal -0.707336 -0.706877 -0.000509584
    outer loop
      vertex -22.1253 17.8826 17.8096
      vertex -22.4843 18.2417 17.9944
      vertex -21.6427 17.4 17.3747
    endloop
  endfacet
  facet normal -0.674402 0.674402 0.300606
    outer loop
      vertex -25.169 20.9264 15.8023
      vertex -20.8689 25.1115 16.0603
      vertex -20.9264 25.169 15.8023
    endloop
  endfacet
  facet normal -0.674402 0.674402 0.300606
    outer loop
      vertex -20.8689 25.1115 16.0603
      vertex -25.169 20.9264 15.8023
      vertex -25.1115 20.8689 16.0603
    endloop
  endfacet
  facet normal 0.707107 0.707107 7.20286e-15
    outer loop
      vertex -18.618 22.8606 18.0882
      vertex -19.9051 24.1477 17.6847
      vertex -19.3764 23.619 17.9944
    endloop
  endfacet
  facet normal 0.708879 0.705309 -0.00541528
    outer loop
      vertex -19.5588 23.8014 17.913
      vertex -19.9051 24.1477 17.6847
      vertex -19.7354 23.9781 17.8096
    endloop
  endfacet
  facet normal -0.707921 -0.706286 -0.00279419
    outer loop
      vertex -22.302 18.0593 17.913
      vertex -22.4843 18.2417 17.9944
      vertex -22.1253 17.8826 17.8096
    endloop
  endfacet
  facet normal -0.705936 -0.708275 0.000954549
    outer loop
      vertex -21.2739 17.0313 16.5455
      vertex -21.6427 17.4 17.3747
      vertex -21.3086 17.0659 16.5563
    endloop
  endfacet
  facet normal -0.707131 -0.707083 -0.00010661
    outer loop
      vertex -21.6427 17.4 17.3747
      vertex -21.2739 17.0313 16.5455
      vertex -21.2679 17.0253 16.5428
    endloop
  endfacet
  facet normal -0.711328 -0.70286 -0
    outer loop
      vertex -25.2354 20.9927 15.2702
      vertex -25.2437 21.0011 15
      vertex -25.2354 20.9927 15
    endloop
  endfacet
  facet normal 0.706801 0.707412 0.000617348
    outer loop
      vertex -19.9051 24.1477 17.6847
      vertex -20.4882 24.7309 16.9926
      vertex -20.2181 24.4607 17.3747
    endloop
  endfacet
  facet normal 0.707107 0.707107 7.17941e-14
    outer loop
      vertex -17.1298 21.3725 16.9926
      vertex -17.4 21.6427 17.3747
      vertex -17.259 21.5017 17.192
    endloop
  endfacet
  facet normal -0.706261 -0.707951 0.000917051
    outer loop
      vertex -21.1654 16.9227 16.4951
      vertex -21.1533 16.9107 16.55
      vertex -21.6427 17.4 17.3747
    endloop
  endfacet
  facet normal -0.70601 -0.708201 0.000807078
    outer loop
      vertex -21.1533 16.9107 16.55
      vertex -21.1654 16.9227 16.4951
      vertex -21.1242 16.8816 16.471
    endloop
  endfacet
  facet normal 0.707107 0.707107 0
    outer loop
      vertex -17.4 21.6427 17.3747
      vertex -17.3241 21.5668 16.6
      vertex -17.4 21.6427 16.5953
    endloop
  endfacet
  facet normal 0.707107 0.707107 -3.2636e-15
    outer loop
      vertex -17.4 21.6427 17.3747
      vertex -17.2255 21.4682 16.5939
      vertex -17.3241 21.5668 16.6
    endloop
  endfacet
  facet normal 0.707107 0.707107 -3.35577e-15
    outer loop
      vertex -17.2255 21.4682 16.5939
      vertex -17.4 21.6427 17.3747
      vertex -17.1371 21.3798 16.5775
    endloop
  endfacet
  facet normal -0.707107 -0.707107 1.04647e-13
    outer loop
      vertex -22.671 18.4284 18.0529
      vertex -22.8606 18.618 18.0882
      vertex -22.4843 18.2417 17.9944
    endloop
  endfacet
  facet normal 0.707107 0.707107 -5.40828e-14
    outer loop
      vertex -18.618 22.8606 18.0882
      vertex -19.3764 23.619 17.9944
      vertex -19.1897 23.4323 18.0529
    endloop
  endfacet
  facet normal 0.477686 -0.477686 0.737315
    outer loop
      vertex -17.4 21.6427 17.3747
      vertex -21.5017 17.259 17.192
      vertex -17.259 21.5017 17.192
    endloop
  endfacet
  facet normal 0.477686 -0.477686 0.737315
    outer loop
      vertex -21.5017 17.259 17.192
      vertex -17.4 21.6427 17.3747
      vertex -21.6427 17.4 17.3747
    endloop
  endfacet
  facet normal 0.707107 0.707107 3.05697e-14
    outer loop
      vertex -17.4 21.6427 17.3747
      vertex -17.8826 22.1253 17.8096
      vertex -17.713 21.9557 17.6847
    endloop
  endfacet
  facet normal -0.326516 0.326516 0.887003
    outer loop
      vertex -19.9051 24.1477 17.6847
      vertex -23.9781 19.7354 17.8096
      vertex -19.7354 23.9781 17.8096
    endloop
  endfacet
  facet normal -0.326516 0.326516 0.887003
    outer loop
      vertex -23.9781 19.7354 17.8096
      vertex -19.9051 24.1477 17.6847
      vertex -24.1477 19.9051 17.6847
    endloop
  endfacet
  facet normal -0.707107 -0.707107 7.20286e-15
    outer loop
      vertex -23.619 19.3764 17.9944
      vertex -24.1477 19.9051 17.6847
      vertex -22.8606 18.618 18.0882
    endloop
  endfacet
  facet normal 0.70867 0.705537 -0.00202991
    outer loop
      vertex -20.2181 24.4607 17.3747
      vertex -20.4882 24.7309 16.9926
      vertex -20.359 24.6017 17.192
    endloop
  endfacet
  facet normal -0.627221 0.627221 0.461722
    outer loop
      vertex -20.7957 25.0383 16.3101
      vertex -24.95 20.7074 16.55
      vertex -20.7074 24.95 16.55
    endloop
  endfacet
  facet normal -0.627221 0.627221 0.461722
    outer loop
      vertex -24.95 20.7074 16.55
      vertex -20.7957 25.0383 16.3101
      vertex -25.0383 20.7957 16.3101
    endloop
  endfacet
  facet normal -0.707131 -0.707083 -0.000106402
    outer loop
      vertex -21.2202 16.9776 16.5215
      vertex -21.6427 17.4 17.3747
      vertex -21.2679 17.0253 16.5428
    endloop
  endfacet
  facet normal 0.707107 0.707107 1.02467e-13
    outer loop
      vertex -18.2417 22.4843 17.9944
      vertex -18.618 22.8606 18.0882
      vertex -18.4284 22.671 18.0529
    endloop
  endfacet
  facet normal 0.152959 -0.152959 0.976323
    outer loop
      vertex -18.4284 22.671 18.0529
      vertex -22.4843 18.2417 17.9944
      vertex -18.2417 22.4843 17.9944
    endloop
  endfacet
  facet normal 0.152959 -0.152959 0.976323
    outer loop
      vertex -22.4843 18.2417 17.9944
      vertex -18.4284 22.671 18.0529
      vertex -22.671 18.4284 18.0529
    endloop
  endfacet
  facet normal 0.707083 0.707131 -0.000106402
    outer loop
      vertex -17.0253 21.2679 16.5428
      vertex -17.4 21.6427 17.3747
      vertex -16.9776 21.2202 16.5215
    endloop
  endfacet
  facet normal 0.706877 0.707336 -0.000509584
    outer loop
      vertex -17.4 21.6427 17.3747
      vertex -18.2417 22.4843 17.9944
      vertex -17.8826 22.1253 17.8096
    endloop
  endfacet
  facet normal 0.627118 -0.627118 0.462003
    outer loop
      vertex -21.1533 16.9107 16.55
      vertex -16.8816 21.1242 16.471
      vertex -16.9107 21.1533 16.55
    endloop
  endfacet
  facet normal 0.627118 -0.627118 0.462003
    outer loop
      vertex -16.8816 21.1242 16.471
      vertex -21.1533 16.9107 16.55
      vertex -21.1242 16.8816 16.471
    endloop
  endfacet
  facet normal -0.707107 -0.707107 2.14729e-14
    outer loop
      vertex -21.3725 17.1298 16.9926
      vertex -21.6427 17.4 17.3747
      vertex -21.2561 17.0134 16.7781
    endloop
  endfacet
  facet normal -0.707891 -0.706321 -0.00101688
    outer loop
      vertex -21.2561 17.0134 16.7781
      vertex -21.6427 17.4 17.3747
      vertex -21.1533 16.9107 16.55
    endloop
  endfacet
  facet normal 0.707107 0.707107 8.89318e-14
    outer loop
      vertex -17.4 21.6427 17.3747
      vertex -17.713 21.9557 17.6847
      vertex -17.5517 21.7944 17.5394
    endloop
  endfacet
  facet normal 0.70286 0.711328 -0
    outer loop
      vertex -20.9927 25.2354 15
      vertex -21.0011 25.2437 15
      vertex -20.9927 25.2354 15.2702
    endloop
  endfacet
  facet normal -0.707107 -0.707107 3.16614e-14
    outer loop
      vertex -21.9557 17.713 17.6847
      vertex -22.1253 17.8826 17.8096
      vertex -21.6427 17.4 17.3747
    endloop
  endfacet
  facet normal 0.326591 -0.326591 0.886948
    outer loop
      vertex -17.8826 22.1253 17.8096
      vertex -21.9557 17.713 17.6847
      vertex -17.713 21.9557 17.6847
    endloop
  endfacet
  facet normal 0.326591 -0.326591 0.886948
    outer loop
      vertex -21.9557 17.713 17.6847
      vertex -17.8826 22.1253 17.8096
      vertex -22.1253 17.8826 17.8096
    endloop
  endfacet
  facet normal 0.707668 0.706544 -0.00060991
    outer loop
      vertex -20.4882 24.7309 16.9926
      vertex -20.7957 25.0383 16.3101
      vertex -20.6046 24.8473 16.7781
    endloop
  endfacet
  facet normal 0.707094 0.707094 -0.00599232
    outer loop
      vertex -18.618 22.8606 18.0882
      vertex -19.0001 23.2427 18.0882
      vertex -18.809 23.0517 18.1
    endloop
  endfacet
  facet normal -0.0922943 0.0922943 0.991445
    outer loop
      vertex -19.1897 23.4323 18.0529
      vertex -23.2427 19.0001 18.0882
      vertex -19.0001 23.2427 18.0882
    endloop
  endfacet
  facet normal -0.0922943 0.0922943 0.991445
    outer loop
      vertex -23.2427 19.0001 18.0882
      vertex -19.1897 23.4323 18.0529
      vertex -23.4323 19.1897 18.0529
    endloop
  endfacet
  facet normal 0.0308526 -0.0308526 0.999048
    outer loop
      vertex -18.809 23.0517 18.1
      vertex -22.8606 18.618 18.0882
      vertex -18.618 22.8606 18.0882
    endloop
  endfacet
  facet normal 0.0308526 -0.0308526 0.999048
    outer loop
      vertex -22.8606 18.618 18.0882
      vertex -18.809 23.0517 18.1
      vertex -23.0517 18.809 18.1
    endloop
  endfacet
  facet normal 0.707107 0.707107 1.0622e-13
    outer loop
      vertex -18.618 22.8606 18.0882
      vertex -19.1897 23.4323 18.0529
      vertex -19.0001 23.2427 18.0882
    endloop
  endfacet
  facet normal 0.709525 0.704663 -0.00490885
    outer loop
      vertex -19.9051 24.1477 17.6847
      vertex -20.2181 24.4607 17.3747
      vertex -20.0663 24.309 17.5394
    endloop
  endfacet
  facet normal -0.430503 0.430503 0.793306
    outer loop
      vertex -20.2181 24.4607 17.3747
      vertex -24.309 20.0663 17.5394
      vertex -20.0663 24.309 17.5394
    endloop
  endfacet
  facet normal -0.430503 0.430503 0.793306
    outer loop
      vertex -24.309 20.0663 17.5394
      vertex -20.2181 24.4607 17.3747
      vertex -24.4607 20.2181 17.3747
    endloop
  endfacet
  facet normal -0.707107 -0.707107 1.06948e-13
    outer loop
      vertex -23.2427 19.0001 18.0882
      vertex -23.4323 19.1897 18.0529
      vertex -22.8606 18.618 18.0882
    endloop
  endfacet
  facet normal -0.212792 0.212792 0.953645
    outer loop
      vertex -19.5588 23.8014 17.913
      vertex -23.619 19.3764 17.9944
      vertex -19.3764 23.619 17.9944
    endloop
  endfacet
  facet normal -0.212792 0.212792 0.953645
    outer loop
      vertex -23.619 19.3764 17.9944
      vertex -19.5588 23.8014 17.913
      vertex -23.8014 19.5588 17.913
    endloop
  endfacet
  facet normal -0.653235 0.653235 0.382841
    outer loop
      vertex -25.1115 20.8689 16.0603
      vertex -20.7957 25.0383 16.3101
      vertex -20.8689 25.1115 16.0603
    endloop
  endfacet
  facet normal -0.653235 0.653235 0.382841
    outer loop
      vertex -20.7957 25.0383 16.3101
      vertex -25.1115 20.8689 16.0603
      vertex -25.0383 20.7957 16.3101
    endloop
  endfacet
  facet normal -0.706544 -0.707668 -0.00060991
    outer loop
      vertex -24.8473 20.6046 16.7781
      vertex -25.0383 20.7957 16.3101
      vertex -24.7309 20.4882 16.9926
    endloop
  endfacet
  facet normal 0.708275 0.705936 0.000954549
    outer loop
      vertex -17.4 21.6427 17.3747
      vertex -17.0313 21.2739 16.5455
      vertex -17.0659 21.3086 16.5563
    endloop
  endfacet
  facet normal 0.707083 0.707131 -0.00010661
    outer loop
      vertex -17.0313 21.2739 16.5455
      vertex -17.4 21.6427 17.3747
      vertex -17.0253 21.2679 16.5428
    endloop
  endfacet
  facet normal 0.711085 0.703101 0.00263295
    outer loop
      vertex -17.4 21.6427 17.3747
      vertex -17.1277 21.3703 16.5757
      vertex -17.1371 21.3798 16.5775
    endloop
  endfacet
  facet normal 0.707091 0.707122 -9.90689e-05
    outer loop
      vertex -17.1277 21.3703 16.5757
      vertex -17.4 21.6427 17.3747
      vertex -17.1031 21.3457 16.568
    endloop
  endfacet
  facet normal 0.705222 0.708985 0.00138488
    outer loop
      vertex -20.6046 24.8473 16.7781
      vertex -20.7957 25.0383 16.3101
      vertex -20.7074 24.95 16.55
    endloop
  endfacet
  facet normal 0.707083 0.70713 -0.000106335
    outer loop
      vertex -17.4 21.6427 17.3747
      vertex -16.9372 21.1798 16.5035
      vertex -16.9776 21.2202 16.5215
    endloop
  endfacet
  facet normal 0.703518 0.710667 -0.00387885
    outer loop
      vertex -16.9372 21.1798 16.5035
      vertex -17.4 21.6427 17.3747
      vertex -16.9227 21.1654 16.4951
    endloop
  endfacet
  facet normal 0.707951 0.706261 0.000917051
    outer loop
      vertex -16.9107 21.1533 16.55
      vertex -16.9227 21.1654 16.4951
      vertex -17.4 21.6427 17.3747
    endloop
  endfacet
  facet normal 0.708201 0.70601 0.000807078
    outer loop
      vertex -16.9227 21.1654 16.4951
      vertex -16.9107 21.1533 16.55
      vertex -16.8816 21.1242 16.471
    endloop
  endfacet
  facet normal -0.703101 -0.711085 0.00263295
    outer loop
      vertex -21.3703 17.1277 16.5757
      vertex -21.6427 17.4 17.3747
      vertex -21.3798 17.1371 16.5775
    endloop
  endfacet
  facet normal -0.707122 -0.707091 -9.90689e-05
    outer loop
      vertex -21.6427 17.4 17.3747
      vertex -21.3703 17.1277 16.5757
      vertex -21.3457 17.1031 16.568
    endloop
  endfacet
  facet normal 0.596374 -0.596374 0.537286
    outer loop
      vertex -21.2561 17.0134 16.7781
      vertex -16.9107 21.1533 16.55
      vertex -17.0134 21.2561 16.7781
    endloop
  endfacet
  facet normal 0.596374 -0.596374 0.537286
    outer loop
      vertex -16.9107 21.1533 16.55
      vertex -21.2561 17.0134 16.7781
      vertex -21.1533 16.9107 16.55
    endloop
  endfacet
  facet normal 0.560957 -0.560957 0.608815
    outer loop
      vertex -17.1298 21.3725 16.9926
      vertex -21.2561 17.0134 16.7781
      vertex -17.0134 21.2561 16.7781
    endloop
  endfacet
  facet normal 0.560957 -0.560957 0.608815
    outer loop
      vertex -21.2561 17.0134 16.7781
      vertex -17.1298 21.3725 16.9926
      vertex -21.3725 17.1298 16.9926
    endloop
  endfacet
  facet normal 0.270356 -0.270356 0.924021
    outer loop
      vertex -18.0593 22.302 17.913
      vertex -22.1253 17.8826 17.8096
      vertex -17.8826 22.1253 17.8096
    endloop
  endfacet
  facet normal 0.270356 -0.270356 0.924021
    outer loop
      vertex -22.1253 17.8826 17.8096
      vertex -18.0593 22.302 17.913
      vertex -22.302 18.0593 17.913
    endloop
  endfacet
  facet normal 0.0922943 -0.0922943 0.991445
    outer loop
      vertex -18.618 22.8606 18.0882
      vertex -22.671 18.4284 18.0529
      vertex -18.4284 22.671 18.0529
    endloop
  endfacet
  facet normal 0.0922943 -0.0922943 0.991445
    outer loop
      vertex -22.671 18.4284 18.0529
      vertex -18.618 22.8606 18.0882
      vertex -22.8606 18.618 18.0882
    endloop
  endfacet
  facet normal -0.707107 -0.707107 7.17941e-14
    outer loop
      vertex -21.5017 17.259 17.192
      vertex -21.6427 17.4 17.3747
      vertex -21.3725 17.1298 16.9926
    endloop
  endfacet
  facet normal 0.521334 -0.521334 0.67559
    outer loop
      vertex -17.259 21.5017 17.192
      vertex -21.3725 17.1298 16.9926
      vertex -17.1298 21.3725 16.9926
    endloop
  endfacet
  facet normal 0.521334 -0.521334 0.67559
    outer loop
      vertex -21.3725 17.1298 16.9926
      vertex -17.259 21.5017 17.192
      vertex -21.5017 17.259 17.192
    endloop
  endfacet
  facet normal 0.379884 -0.379884 0.843431
    outer loop
      vertex -17.713 21.9557 17.6847
      vertex -21.7944 17.5517 17.5394
      vertex -17.5517 21.7944 17.5394
    endloop
  endfacet
  facet normal 0.379884 -0.379884 0.843431
    outer loop
      vertex -21.7944 17.5517 17.5394
      vertex -17.713 21.9557 17.6847
      vertex -21.9557 17.713 17.6847
    endloop
  endfacet
  facet normal -0.707107 -0.707107 8.9474e-14
    outer loop
      vertex -21.7944 17.5517 17.5394
      vertex -21.9557 17.713 17.6847
      vertex -21.6427 17.4 17.3747
    endloop
  endfacet
  facet normal -0.707093 -0.707121 0
    outer loop
      vertex -22.6938 18.4512 15.1394
      vertex -25.2354 20.9927 15.2702
      vertex -25.2354 20.9927 15
    endloop
  endfacet
  facet normal -0.707086 -0.707127 0.000259913
    outer loop
      vertex -25.2354 20.9927 15.2702
      vertex -22.6938 18.4512 15.1394
      vertex -25.2104 20.9678 15.5383
    endloop
  endfacet
  facet normal -0.707133 -0.70708 -0.000510551
    outer loop
      vertex -22.6596 18.4169 15.4141
      vertex -25.2104 20.9678 15.5383
      vertex -22.6809 18.4383 15.2778
    endloop
  endfacet
  facet normal -0.707028 -0.707185 0.000496243
    outer loop
      vertex -22.6299 18.3873 15.5472
      vertex -25.0383 20.7957 16.3101
      vertex -22.6596 18.4169 15.4141
    endloop
  endfacet
  facet normal -0.707237 -0.706977 -0.000475623
    outer loop
      vertex -22.5466 18.3039 15.8
      vertex -24.7309 20.4882 16.9926
      vertex -22.5921 18.3495 15.6762
    endloop
  endfacet
  facet normal -0.707093 -0.707121 -8.59661e-07
    outer loop
      vertex -22.6938 18.4512 15.1394
      vertex -25.2354 20.9927 15
      vertex -22.6981 18.4555 15
    endloop
  endfacet
  facet normal -0.707107 -0.707107 0
    outer loop
      vertex -25.2104 20.9678 15.5383
      vertex -22.6938 18.4512 15.1394
      vertex -22.6809 18.4383 15.2778
    endloop
  endfacet
  facet normal -0.70712 -0.707093 6.11486e-06
    outer loop
      vertex -25.2104 20.9678 15.5383
      vertex -22.6596 18.4169 15.4141
      vertex -25.0383 20.7957 16.3101
    endloop
  endfacet
  facet normal -0.707107 -0.707107 0
    outer loop
      vertex -22.5921 18.3495 15.6762
      vertex -25.0383 20.7957 16.3101
      vertex -22.6299 18.3873 15.5472
    endloop
  endfacet
  facet normal -0.707119 -0.707095 -9.27753e-05
    outer loop
      vertex -25.0383 20.7957 16.3101
      vertex -22.5921 18.3495 15.6762
      vertex -24.7309 20.4882 16.9926
    endloop
  endfacet
  facet normal -0.706975 -0.707238 0.000482125
    outer loop
      vertex -22.4935 18.2509 15.9177
      vertex -24.7309 20.4882 16.9926
      vertex -22.5466 18.3039 15.8
    endloop
  endfacet
  facet normal -0.707094 -0.707119 -1.35991e-05
    outer loop
      vertex -22.4334 18.1908 16.0285
      vertex -24.7309 20.4882 16.9926
      vertex -22.4935 18.2509 15.9177
    endloop
  endfacet
  facet normal -0.70708 -0.707134 5.63213e-05
    outer loop
      vertex -24.7309 20.4882 16.9926
      vertex -22.4334 18.1908 16.0285
      vertex -24.1477 19.9051 17.6847
    endloop
  endfacet
  facet normal -0.707311 -0.706903 -0.00042268
    outer loop
      vertex -22.3668 18.1241 16.1314
      vertex -24.1477 19.9051 17.6847
      vertex -22.4334 18.1908 16.0285
    endloop
  endfacet
  facet normal -0.707119 -0.707095 1.83178e-05
    outer loop
      vertex -22.294 18.0513 16.2257
      vertex -24.1477 19.9051 17.6847
      vertex -22.3668 18.1241 16.1314
    endloop
  endfacet
  facet normal -0.707112 -0.707101 3.46597e-05
    outer loop
      vertex -24.1477 19.9051 17.6847
      vertex -22.294 18.0513 16.2257
      vertex -22.8606 18.618 18.0882
    endloop
  endfacet
  facet normal -0.707122 -0.707091 2.85479e-05
    outer loop
      vertex -22.2157 17.973 16.3106
      vertex -22.8606 18.618 18.0882
      vertex -22.294 18.0513 16.2257
    endloop
  endfacet
  facet normal -0.707101 -0.707112 4.3734e-05
    outer loop
      vertex -22.8606 18.618 18.0882
      vertex -22.2157 17.973 16.3106
      vertex -22.4843 18.2417 17.9944
    endloop
  endfacet
  facet normal -0.706752 -0.707461 0.000155204
    outer loop
      vertex -22.1324 17.8898 16.3856
      vertex -22.4843 18.2417 17.9944
      vertex -22.2157 17.973 16.3106
    endloop
  endfacet
  facet normal -0.707107 -0.707107 0
    outer loop
      vertex -22.0449 17.8023 16.4501
      vertex -22.4843 18.2417 17.9944
      vertex -22.1324 17.8898 16.3856
    endloop
  endfacet
  facet normal -0.707077 -0.707137 -0.000102617
    outer loop
      vertex -21.6427 17.4 17.3747
      vertex -22.0449 17.8023 16.4501
      vertex -21.9537 17.7111 16.5035
    endloop
  endfacet
  facet normal -0.707532 -0.706682 0.000222408
    outer loop
      vertex -21.6427 17.4 17.3747
      vertex -21.9537 17.7111 16.5035
      vertex -21.8596 17.6169 16.5455
    endloop
  endfacet
  facet normal -0.706707 -0.707506 -0.000209115
    outer loop
      vertex -21.6427 17.4 17.3747
      vertex -21.8596 17.6169 16.5455
      vertex -21.7632 17.5206 16.5757
    endloop
  endfacet
  facet normal -0.70747 -0.706743 2.11235e-05
    outer loop
      vertex -21.6427 17.4 17.3747
      vertex -21.7632 17.5206 16.5757
      vertex -21.6654 17.4227 16.5939
    endloop
  endfacet
  facet normal -0.707107 -0.707107 -0
    outer loop
      vertex -21.6427 17.4 17.3747
      vertex -21.6654 17.4227 16.5939
      vertex -21.6427 17.4 16.5953
    endloop
  endfacet
  facet normal -0.70716 -0.707054 -3.02398e-05
    outer loop
      vertex -22.0449 17.8023 16.4501
      vertex -21.6427 17.4 17.3747
      vertex -22.4843 18.2417 17.9944
    endloop
  endfacet
  facet normal -0.0308526 0.0308526 0.999048
    outer loop
      vertex -19.0001 23.2427 18.0882
      vertex -23.0517 18.809 18.1
      vertex -18.809 23.0517 18.1
    endloop
  endfacet
  facet normal -0.0308526 0.0308526 0.999048
    outer loop
      vertex -23.0517 18.809 18.1
      vertex -19.0001 23.2427 18.0882
      vertex -23.2427 19.0001 18.0882
    endloop
  endfacet
  facet normal -0.707094 -0.707094 -0.00599232
    outer loop
      vertex -23.0517 18.809 18.1
      vertex -23.2427 19.0001 18.0882
      vertex -22.8606 18.618 18.0882
    endloop
  endfacet
  facet normal -0.152959 0.152959 0.976323
    outer loop
      vertex -19.3764 23.619 17.9944
      vertex -23.4323 19.1897 18.0529
      vertex -19.1897 23.4323 18.0529
    endloop
  endfacet
  facet normal -0.152959 0.152959 0.976323
    outer loop
      vertex -23.4323 19.1897 18.0529
      vertex -19.3764 23.619 17.9944
      vertex -23.619 19.3764 17.9944
    endloop
  endfacet
  facet normal -0.707107 -0.707107 -5.33519e-14
    outer loop
      vertex -23.4323 19.1897 18.0529
      vertex -23.619 19.3764 17.9944
      vertex -22.8606 18.618 18.0882
    endloop
  endfacet
  facet normal -0.270421 0.270421 0.923983
    outer loop
      vertex -19.7354 23.9781 17.8096
      vertex -23.8014 19.5588 17.913
      vertex -19.5588 23.8014 17.913
    endloop
  endfacet
  facet normal -0.270421 0.270421 0.923983
    outer loop
      vertex -23.8014 19.5588 17.913
      vertex -19.7354 23.9781 17.8096
      vertex -23.9781 19.7354 17.8096
    endloop
  endfacet
  facet normal -0.701061 0.701061 0.130485
    outer loop
      vertex -25.2354 20.9927 15.2702
      vertex -20.9678 25.2104 15.5383
      vertex -20.9927 25.2354 15.2702
    endloop
  endfacet
  facet normal -0.701061 0.701061 0.130485
    outer loop
      vertex -20.9678 25.2104 15.5383
      vertex -25.2354 20.9927 15.2702
      vertex -25.2104 20.9678 15.5383
    endloop
  endfacet
  facet normal -0.596374 0.596374 0.537286
    outer loop
      vertex -24.95 20.7074 16.55
      vertex -20.6046 24.8473 16.7781
      vertex -20.7074 24.95 16.55
    endloop
  endfacet
  facet normal -0.596374 0.596374 0.537286
    outer loop
      vertex -20.6046 24.8473 16.7781
      vertex -24.95 20.7074 16.55
      vertex -24.8473 20.6046 16.7781
    endloop
  endfacet
  facet normal -0.477778 0.477778 0.737195
    outer loop
      vertex -20.359 24.6017 17.192
      vertex -24.4607 20.2181 17.3747
      vertex -20.2181 24.4607 17.3747
    endloop
  endfacet
  facet normal -0.477778 0.477778 0.737195
    outer loop
      vertex -24.4607 20.2181 17.3747
      vertex -20.359 24.6017 17.192
      vertex -24.6017 20.359 17.192
    endloop
  endfacet
  facet normal -0.707107 -0.707107 0
    outer loop
      vertex -21.5668 17.3241 16.6
      vertex -21.6427 17.4 17.3747
      vertex -21.6427 17.4 16.5953
    endloop
  endfacet
  facet normal -0.707107 -0.707107 -3.2636e-15
    outer loop
      vertex -21.4682 17.2255 16.5939
      vertex -21.6427 17.4 17.3747
      vertex -21.5668 17.3241 16.6
    endloop
  endfacet
  facet normal -0.707107 -0.707107 -3.41139e-15
    outer loop
      vertex -21.6427 17.4 17.3747
      vertex -21.4682 17.2255 16.5939
      vertex -21.3798 17.1371 16.5775
    endloop
  endfacet
  facet normal 0.706321 0.707891 -0.00101688
    outer loop
      vertex -16.9107 21.1533 16.55
      vertex -17.4 21.6427 17.3747
      vertex -17.0134 21.2561 16.7781
    endloop
  endfacet
  facet normal 0.707107 0.707107 2.18368e-14
    outer loop
      vertex -17.0134 21.2561 16.7781
      vertex -17.4 21.6427 17.3747
      vertex -17.1298 21.3725 16.9926
    endloop
  endfacet
  facet normal 0.706286 0.707921 -0.00279419
    outer loop
      vertex -17.8826 22.1253 17.8096
      vertex -18.2417 22.4843 17.9944
      vertex -18.0593 22.302 17.913
    endloop
  endfacet
  facet normal 0.212846 -0.212846 0.953621
    outer loop
      vertex -18.2417 22.4843 17.9944
      vertex -22.302 18.0593 17.913
      vertex -18.0593 22.302 17.913
    endloop
  endfacet
  facet normal 0.212846 -0.212846 0.953621
    outer loop
      vertex -22.302 18.0593 17.913
      vertex -18.2417 22.4843 17.9944
      vertex -22.4843 18.2417 17.9944
    endloop
  endfacet
  facet normal 0.430592 -0.430592 0.793209
    outer loop
      vertex -17.5517 21.7944 17.5394
      vertex -21.6427 17.4 17.3747
      vertex -17.4 21.6427 17.3747
    endloop
  endfacet
  facet normal 0.430592 -0.430592 0.793209
    outer loop
      vertex -21.6427 17.4 17.3747
      vertex -17.5517 21.7944 17.5394
      vertex -21.7944 17.5517 17.5394
    endloop
  endfacet
  facet normal -0.705309 -0.708879 -0.00541528
    outer loop
      vertex -23.9781 19.7354 17.8096
      vertex -24.1477 19.9051 17.6847
      vertex -23.8014 19.5588 17.913
    endloop
  endfacet
  facet normal -0.707107 -0.707107 0
    outer loop
      vertex -23.8014 19.5588 17.913
      vertex -24.1477 19.9051 17.6847
      vertex -23.619 19.3764 17.9944
    endloop
  endfacet
  facet normal 0.707107 0.707107 0
    outer loop
      vertex -20.8689 25.1115 16.0603
      vertex -20.9678 25.2104 15.5383
      vertex -20.9264 25.169 15.8023
    endloop
  endfacet
  facet normal -0.690334 0.690334 0.216514
    outer loop
      vertex -25.2104 20.9678 15.5383
      vertex -20.9264 25.169 15.8023
      vertex -20.9678 25.2104 15.5383
    endloop
  endfacet
  facet normal -0.690334 0.690334 0.216514
    outer loop
      vertex -20.9264 25.169 15.8023
      vertex -25.2104 20.9678 15.5383
      vertex -25.169 20.9264 15.8023
    endloop
  endfacet
  facet normal 0.707127 0.707086 0.000259913
    outer loop
      vertex -18.4512 22.6938 15.1394
      vertex -20.9927 25.2354 15.2702
      vertex -20.9678 25.2104 15.5383
    endloop
  endfacet
  facet normal 0.707093 0.70712 6.11486e-06
    outer loop
      vertex -18.4169 22.6596 15.4141
      vertex -20.9678 25.2104 15.5383
      vertex -20.7957 25.0383 16.3101
    endloop
  endfacet
  facet normal 0.707095 0.707119 -9.27753e-05
    outer loop
      vertex -18.3495 22.5921 15.6762
      vertex -20.7957 25.0383 16.3101
      vertex -20.4882 24.7309 16.9926
    endloop
  endfacet
  facet normal 0.707134 0.70708 5.63213e-05
    outer loop
      vertex -18.1908 22.4334 16.0285
      vertex -20.4882 24.7309 16.9926
      vertex -19.9051 24.1477 17.6847
    endloop
  endfacet
  facet normal 0.707101 0.707112 3.46597e-05
    outer loop
      vertex -18.0513 22.294 16.2257
      vertex -19.9051 24.1477 17.6847
      vertex -18.618 22.8606 18.0882
    endloop
  endfacet
  facet normal 0.707238 0.706975 0.000482125
    outer loop
      vertex -20.4882 24.7309 16.9926
      vertex -18.2509 22.4935 15.9177
      vertex -18.3039 22.5466 15.8
    endloop
  endfacet
  facet normal 0.707121 0.707093 -8.59661e-07
    outer loop
      vertex -20.9927 25.2354 15
      vertex -18.4512 22.6938 15.1394
      vertex -18.4555 22.6981 15
    endloop
  endfacet
  facet normal 0.707121 0.707093 0
    outer loop
      vertex -20.9927 25.2354 15.2702
      vertex -18.4512 22.6938 15.1394
      vertex -20.9927 25.2354 15
    endloop
  endfacet
  facet normal 0.707107 0.707107 0
    outer loop
      vertex -18.4512 22.6938 15.1394
      vertex -20.9678 25.2104 15.5383
      vertex -18.4383 22.6809 15.2778
    endloop
  endfacet
  facet normal 0.70708 0.707133 -0.000510551
    outer loop
      vertex -20.9678 25.2104 15.5383
      vertex -18.4169 22.6596 15.4141
      vertex -18.4383 22.6809 15.2778
    endloop
  endfacet
  facet normal 0.707185 0.707028 0.000496243
    outer loop
      vertex -20.7957 25.0383 16.3101
      vertex -18.3873 22.6299 15.5472
      vertex -18.4169 22.6596 15.4141
    endloop
  endfacet
  facet normal 0.707107 0.707107 0
    outer loop
      vertex -20.7957 25.0383 16.3101
      vertex -18.3495 22.5921 15.6762
      vertex -18.3873 22.6299 15.5472
    endloop
  endfacet
  facet normal 0.706977 0.707237 -0.000475623
    outer loop
      vertex -20.4882 24.7309 16.9926
      vertex -18.3039 22.5466 15.8
      vertex -18.3495 22.5921 15.6762
    endloop
  endfacet
  facet normal 0.707112 0.707101 4.3734e-05
    outer loop
      vertex -17.973 22.2157 16.3106
      vertex -18.618 22.8606 18.0882
      vertex -18.2417 22.4843 17.9944
    endloop
  endfacet
  facet normal 0.707119 0.707094 -1.35991e-05
    outer loop
      vertex -20.4882 24.7309 16.9926
      vertex -18.1908 22.4334 16.0285
      vertex -18.2509 22.4935 15.9177
    endloop
  endfacet
  facet normal 0.706903 0.707311 -0.00042268
    outer loop
      vertex -19.9051 24.1477 17.6847
      vertex -18.1241 22.3668 16.1314
      vertex -18.1908 22.4334 16.0285
    endloop
  endfacet
  facet normal 0.707095 0.707119 1.83178e-05
    outer loop
      vertex -19.9051 24.1477 17.6847
      vertex -18.0513 22.294 16.2257
      vertex -18.1241 22.3668 16.1314
    endloop
  endfacet
  facet normal 0.707091 0.707122 2.85479e-05
    outer loop
      vertex -18.618 22.8606 18.0882
      vertex -17.973 22.2157 16.3106
      vertex -18.0513 22.294 16.2257
    endloop
  endfacet
  facet normal 0.707461 0.706752 0.000155204
    outer loop
      vertex -18.2417 22.4843 17.9944
      vertex -17.8898 22.1324 16.3856
      vertex -17.973 22.2157 16.3106
    endloop
  endfacet
  facet normal 0.707107 0.707107 0
    outer loop
      vertex -18.2417 22.4843 17.9944
      vertex -17.8023 22.0449 16.4501
      vertex -17.8898 22.1324 16.3856
    endloop
  endfacet
  facet normal 0.707054 0.70716 -3.02398e-05
    outer loop
      vertex -17.4 21.6427 17.3747
      vertex -17.8023 22.0449 16.4501
      vertex -18.2417 22.4843 17.9944
    endloop
  endfacet
  facet normal 0.707137 0.707077 -0.000102617
    outer loop
      vertex -17.8023 22.0449 16.4501
      vertex -17.4 21.6427 17.3747
      vertex -17.7111 21.9537 16.5035
    endloop
  endfacet
  facet normal 0.706682 0.707532 0.000222408
    outer loop
      vertex -17.7111 21.9537 16.5035
      vertex -17.4 21.6427 17.3747
      vertex -17.6169 21.8596 16.5455
    endloop
  endfacet
  facet normal 0.707506 0.706707 -0.000209115
    outer loop
      vertex -17.6169 21.8596 16.5455
      vertex -17.4 21.6427 17.3747
      vertex -17.5206 21.7632 16.5757
    endloop
  endfacet
  facet normal 0.706743 0.70747 2.11235e-05
    outer loop
      vertex -17.5206 21.7632 16.5757
      vertex -17.4 21.6427 17.3747
      vertex -17.4227 21.6654 16.5939
    endloop
  endfacet
  facet normal 0.707107 0.707107 0
    outer loop
      vertex -17.4227 21.6654 16.5939
      vertex -17.4 21.6427 17.3747
      vertex -17.4 21.6427 16.5953
    endloop
  endfacet
  facet normal -0.708985 -0.705222 0.00138488
    outer loop
      vertex -24.95 20.7074 16.55
      vertex -25.0383 20.7957 16.3101
      vertex -24.8473 20.6046 16.7781
    endloop
  endfacet
  facet normal 0.707107 0.707107 0
    outer loop
      vertex -19.3764 23.619 17.9944
      vertex -19.9051 24.1477 17.6847
      vertex -19.5588 23.8014 17.913
    endloop
  endfacet
  facet normal -0.976317 0 0.216343
    outer loop
      vertex -32.6529 -3 15.5383
      vertex -32.5944 3 15.8023
      vertex -32.6529 3 15.5383
    endloop
  endfacet
  facet normal -0.976317 0 0.216343
    outer loop
      vertex -32.5944 3 15.8023
      vertex -32.6529 -3 15.5383
      vertex -32.5944 -3 15.8023
    endloop
  endfacet
  facet normal 0.216343 0 0.976317
    outer loop
      vertex -29.0617 3 18.0529
      vertex -28.7977 -3 17.9944
      vertex -28.7977 3 17.9944
    endloop
  endfacet
  facet normal 0.216343 0 0.976317
    outer loop
      vertex -28.7977 -3 17.9944
      vertex -29.0617 3 18.0529
      vertex -29.0617 -3 18.0529
    endloop
  endfacet
  facet normal -0.999048 0 0.0436298
    outer loop
      vertex -32.7 -3 15
      vertex -32.6882 3 15.2702
      vertex -32.7 3 15
    endloop
  endfacet
  facet normal -0.999048 0 0.0436298
    outer loop
      vertex -32.6882 3 15.2702
      vertex -32.7 -3 15
      vertex -32.6882 -3 15.2702
    endloop
  endfacet
  facet normal -0.886987 0 0.461795
    outer loop
      vertex -32.4096 -3 16.3101
      vertex -32.2847 3 16.55
      vertex -32.4096 3 16.3101
    endloop
  endfacet
  facet normal -0.886987 0 0.461795
    outer loop
      vertex -32.2847 3 16.55
      vertex -32.4096 -3 16.3101
      vertex -32.2847 -3 16.55
    endloop
  endfacet
  facet normal 0.737308 -0 0.675557
    outer loop
      vertex -27.408 -3 17.192
      vertex -27.2253 3 16.9926
      vertex -27.408 3 17.192
    endloop
  endfacet
  facet normal 0.737308 0 0.675557
    outer loop
      vertex -27.2253 3 16.9926
      vertex -27.408 -3 17.192
      vertex -27.2253 -3 16.9926
    endloop
  endfacet
  facet normal -0.923972 0 0.382461
    outer loop
      vertex -32.513 -3 16.0603
      vertex -32.4096 3 16.3101
      vertex -32.513 3 16.0603
    endloop
  endfacet
  facet normal -0.923972 0 0.382461
    outer loop
      vertex -32.4096 3 16.3101
      vertex -32.513 -3 16.0603
      vertex -32.4096 -3 16.3101
    endloop
  endfacet
  facet normal -0.0436298 0 0.999048
    outer loop
      vertex -29.8702 3 18.0882
      vertex -29.6 -3 18.1
      vertex -29.6 3 18.1
    endloop
  endfacet
  facet normal -0.0436298 0 0.999048
    outer loop
      vertex -29.6 -3 18.1
      vertex -29.8702 3 18.0882
      vertex -29.8702 -3 18.0882
    endloop
  endfacet
  facet normal -0.461795 0 0.886987
    outer loop
      vertex -31.15 3 17.6847
      vertex -30.9101 -3 17.8096
      vertex -30.9101 3 17.8096
    endloop
  endfacet
  facet normal -0.461795 0 0.886987
    outer loop
      vertex -30.9101 -3 17.8096
      vertex -31.15 3 17.6847
      vertex -31.15 -3 17.6847
    endloop
  endfacet
  facet normal 0.461795 0 0.886987
    outer loop
      vertex -28.2899 3 17.8096
      vertex -28.05 -3 17.6847
      vertex -28.05 3 17.6847
    endloop
  endfacet
  facet normal 0.461795 0 0.886987
    outer loop
      vertex -28.05 -3 17.6847
      vertex -28.2899 3 17.8096
      vertex -28.2899 -3 17.8096
    endloop
  endfacet
  facet normal 0.609014 0 0.79316
    outer loop
      vertex -27.8219 3 17.5394
      vertex -27.6074 -3 17.3747
      vertex -27.6074 3 17.3747
    endloop
  endfacet
  facet normal 0.609014 0 0.79316
    outer loop
      vertex -27.6074 -3 17.3747
      vertex -27.8219 3 17.5394
      vertex -27.8219 -3 17.5394
    endloop
  endfacet
  facet normal 0.0436298 0 0.999048
    outer loop
      vertex -29.6 3 18.1
      vertex -29.3298 -3 18.0882
      vertex -29.3298 3 18.0882
    endloop
  endfacet
  facet normal 0.0436298 0 0.999048
    outer loop
      vertex -29.3298 -3 18.0882
      vertex -29.6 3 18.1
      vertex -29.6 -3 18.1
    endloop
  endfacet
  facet normal -0.537258 0 0.843418
    outer loop
      vertex -31.3781 3 17.5394
      vertex -31.15 -3 17.6847
      vertex -31.15 3 17.6847
    endloop
  endfacet
  facet normal -0.537258 0 0.843418
    outer loop
      vertex -31.15 -3 17.6847
      vertex -31.3781 3 17.5394
      vertex -31.3781 -3 17.5394
    endloop
  endfacet
  facet normal -0.79316 0 0.609014
    outer loop
      vertex -32.1394 -3 16.7781
      vertex -31.9747 3 16.9926
      vertex -32.1394 3 16.7781
    endloop
  endfacet
  facet normal -0.79316 0 0.609014
    outer loop
      vertex -31.9747 3 16.9926
      vertex -32.1394 -3 16.7781
      vertex -31.9747 -3 16.9926
    endloop
  endfacet
  facet normal 0.675557 0 0.737308
    outer loop
      vertex -27.6074 3 17.3747
      vertex -27.408 -3 17.192
      vertex -27.408 3 17.192
    endloop
  endfacet
  facet normal 0.675557 0 0.737308
    outer loop
      vertex -27.408 -3 17.192
      vertex -27.6074 3 17.3747
      vertex -27.6074 -3 17.3747
    endloop
  endfacet
  facet normal 0.300884 0 0.953661
    outer loop
      vertex -28.7977 3 17.9944
      vertex -28.5397 -3 17.913
      vertex -28.5397 3 17.913
    endloop
  endfacet
  facet normal 0.300884 0 0.953661
    outer loop
      vertex -28.5397 -3 17.913
      vertex -28.7977 3 17.9944
      vertex -28.7977 -3 17.9944
    endloop
  endfacet
  facet normal -0.953661 0 0.300884
    outer loop
      vertex -32.5944 -3 15.8023
      vertex -32.513 3 16.0603
      vertex -32.5944 3 15.8023
    endloop
  endfacet
  facet normal -0.953661 0 0.300884
    outer loop
      vertex -32.513 3 16.0603
      vertex -32.5944 -3 15.8023
      vertex -32.513 -3 16.0603
    endloop
  endfacet
  facet normal 0.537258 0 0.843418
    outer loop
      vertex -28.05 3 17.6847
      vertex -27.8219 -3 17.5394
      vertex -27.8219 3 17.5394
    endloop
  endfacet
  facet normal 0.537258 0 0.843418
    outer loop
      vertex -27.8219 -3 17.5394
      vertex -28.05 3 17.6847
      vertex -28.05 -3 17.6847
    endloop
  endfacet
  facet normal -0.382461 0 0.923972
    outer loop
      vertex -30.9101 3 17.8096
      vertex -30.6603 -3 17.913
      vertex -30.6603 3 17.913
    endloop
  endfacet
  facet normal -0.382461 0 0.923972
    outer loop
      vertex -30.6603 -3 17.913
      vertex -30.9101 3 17.8096
      vertex -30.9101 -3 17.8096
    endloop
  endfacet
  facet normal -0.991443 0 0.130541
    outer loop
      vertex -32.6882 -3 15.2702
      vertex -32.6529 3 15.5383
      vertex -32.6882 3 15.2702
    endloop
  endfacet
  facet normal -0.991443 0 0.130541
    outer loop
      vertex -32.6529 3 15.5383
      vertex -32.6882 -3 15.2702
      vertex -32.6529 -3 15.5383
    endloop
  endfacet
  facet normal 0.843418 -0 0.537258
    outer loop
      vertex -27.0606 -3 16.7781
      vertex -26.9153 3 16.55
      vertex -27.0606 3 16.7781
    endloop
  endfacet
  facet normal 0.843418 0 0.537258
    outer loop
      vertex -26.9153 3 16.55
      vertex -27.0606 -3 16.7781
      vertex -26.9153 -3 16.55
    endloop
  endfacet
  facet normal -0.609014 0 0.79316
    outer loop
      vertex -31.5926 3 17.3747
      vertex -31.3781 -3 17.5394
      vertex -31.3781 3 17.5394
    endloop
  endfacet
  facet normal -0.609014 0 0.79316
    outer loop
      vertex -31.3781 -3 17.5394
      vertex -31.5926 3 17.3747
      vertex -31.5926 -3 17.3747
    endloop
  endfacet
  facet normal -0.216343 0 0.976317
    outer loop
      vertex -30.4023 3 17.9944
      vertex -30.1383 -3 18.0529
      vertex -30.1383 3 18.0529
    endloop
  endfacet
  facet normal -0.216343 0 0.976317
    outer loop
      vertex -30.1383 -3 18.0529
      vertex -30.4023 3 17.9944
      vertex -30.4023 -3 17.9944
    endloop
  endfacet
  facet normal 0.79316 -0 0.609014
    outer loop
      vertex -27.2253 -3 16.9926
      vertex -27.0606 3 16.7781
      vertex -27.2253 3 16.9926
    endloop
  endfacet
  facet normal 0.79316 0 0.609014
    outer loop
      vertex -27.0606 3 16.7781
      vertex -27.2253 -3 16.9926
      vertex -27.0606 -3 16.7781
    endloop
  endfacet
  facet normal 0.887125 -0 0.46153
    outer loop
      vertex -26.9153 -3 16.55
      vertex -26.8742 3 16.471
      vertex -26.9153 3 16.55
    endloop
  endfacet
  facet normal 0.887125 0 0.46153
    outer loop
      vertex -26.8742 3 16.471
      vertex -26.9153 -3 16.55
      vertex -26.8742 -3 16.471
    endloop
  endfacet
  facet normal 0.130541 0 0.991443
    outer loop
      vertex -29.3298 3 18.0882
      vertex -29.0617 -3 18.0529
      vertex -29.0617 3 18.0529
    endloop
  endfacet
  facet normal 0.130541 0 0.991443
    outer loop
      vertex -29.0617 -3 18.0529
      vertex -29.3298 3 18.0882
      vertex -29.3298 -3 18.0882
    endloop
  endfacet
  facet normal -0.843418 0 0.537258
    outer loop
      vertex -32.2847 -3 16.55
      vertex -32.1394 3 16.7781
      vertex -32.2847 3 16.55
    endloop
  endfacet
  facet normal -0.843418 0 0.537258
    outer loop
      vertex -32.1394 3 16.7781
      vertex -32.2847 -3 16.55
      vertex -32.1394 -3 16.7781
    endloop
  endfacet
  facet normal 0.382461 0 0.923972
    outer loop
      vertex -28.5397 3 17.913
      vertex -28.2899 -3 17.8096
      vertex -28.2899 3 17.8096
    endloop
  endfacet
  facet normal 0.382461 0 0.923972
    outer loop
      vertex -28.2899 -3 17.8096
      vertex -28.5397 3 17.913
      vertex -28.5397 -3 17.913
    endloop
  endfacet
  facet normal -0.737308 0 0.675557
    outer loop
      vertex -31.9747 -3 16.9926
      vertex -31.792 3 17.192
      vertex -31.9747 3 16.9926
    endloop
  endfacet
  facet normal -0.737308 0 0.675557
    outer loop
      vertex -31.792 3 17.192
      vertex -31.9747 -3 16.9926
      vertex -31.792 -3 17.192
    endloop
  endfacet
  facet normal -0.675557 0 0.737308
    outer loop
      vertex -31.792 3 17.192
      vertex -31.5926 -3 17.3747
      vertex -31.5926 3 17.3747
    endloop
  endfacet
  facet normal -0.675557 0 0.737308
    outer loop
      vertex -31.5926 -3 17.3747
      vertex -31.792 3 17.192
      vertex -31.792 -3 17.192
    endloop
  endfacet
  facet normal 0 -1 0
    outer loop
      vertex -28.7257 -3 16.0285
      vertex -29.6 -3 18.1
      vertex -29.8702 -3 18.0882
    endloop
  endfacet
  facet normal 0 -1 0
    outer loop
      vertex -28.8106 -3 15.9177
      vertex -29.8702 -3 18.0882
      vertex -30.1383 -3 18.0529
    endloop
  endfacet
  facet normal -0 -1 0
    outer loop
      vertex -28.6314 -3 16.1314
      vertex -29.6 -3 18.1
      vertex -28.7257 -3 16.0285
    endloop
  endfacet
  facet normal 0 -1 0
    outer loop
      vertex -28.8106 -3 15.9177
      vertex -30.1383 -3 18.0529
      vertex -30.4023 -3 17.9944
    endloop
  endfacet
  facet normal 0 -1 0
    outer loop
      vertex -29.6 -3 18.1
      vertex -28.6314 -3 16.1314
      vertex -29.3298 -3 18.0882
    endloop
  endfacet
  facet normal 0 -1 0
    outer loop
      vertex -28.8856 -3 15.8
      vertex -30.4023 -3 17.9944
      vertex -30.6603 -3 17.913
    endloop
  endfacet
  facet normal 0 -1 0
    outer loop
      vertex -29.3298 -3 18.0882
      vertex -28.6314 -3 16.1314
      vertex -29.0617 -3 18.0529
    endloop
  endfacet
  facet normal 0 -1 0
    outer loop
      vertex -28.8856 -3 15.8
      vertex -30.6603 -3 17.913
      vertex -30.9101 -3 17.8096
    endloop
  endfacet
  facet normal 0 -1 0
    outer loop
      vertex -29.0617 -3 18.0529
      vertex -28.5285 -3 16.2257
      vertex -28.7977 -3 17.9944
    endloop
  endfacet
  facet normal 0 -1 0
    outer loop
      vertex -28.9501 -3 15.6762
      vertex -30.9101 -3 17.8096
      vertex -31.15 -3 17.6847
    endloop
  endfacet
  facet normal -0 -1 0
    outer loop
      vertex -28.4177 -3 16.3106
      vertex -28.7977 -3 17.9944
      vertex -28.5285 -3 16.2257
    endloop
  endfacet
  facet normal 0 -1 0
    outer loop
      vertex -28.9501 -3 15.6762
      vertex -31.15 -3 17.6847
      vertex -31.3781 -3 17.5394
    endloop
  endfacet
  facet normal -0 -1 0
    outer loop
      vertex -28.3 -3 16.3856
      vertex -28.5397 -3 17.913
      vertex -28.4177 -3 16.3106
    endloop
  endfacet
  facet normal 0 -1 0
    outer loop
      vertex -29.0035 -3 15.5472
      vertex -31.3781 -3 17.5394
      vertex -31.5926 -3 17.3747
    endloop
  endfacet
  facet normal 0 -1 0
    outer loop
      vertex -28.5397 -3 17.913
      vertex -28.3 -3 16.3856
      vertex -28.2899 -3 17.8096
    endloop
  endfacet
  facet normal 0 -1 0
    outer loop
      vertex -29.0035 -3 15.5472
      vertex -31.5926 -3 17.3747
      vertex -31.792 -3 17.192
    endloop
  endfacet
  facet normal 0 -1 0
    outer loop
      vertex -28.2899 -3 17.8096
      vertex -28.1762 -3 16.4501
      vertex -28.05 -3 17.6847
    endloop
  endfacet
  facet normal 0 -1 0
    outer loop
      vertex -29.0455 -3 15.4141
      vertex -31.792 -3 17.192
      vertex -31.9747 -3 16.9926
    endloop
  endfacet
  facet normal 0 -1 0
    outer loop
      vertex -28.05 -3 17.6847
      vertex -28.0472 -3 16.5035
      vertex -27.8219 -3 17.5394
    endloop
  endfacet
  facet normal 0 -1 0
    outer loop
      vertex -29.0455 -3 15.4141
      vertex -31.9747 -3 16.9926
      vertex -32.1394 -3 16.7781
    endloop
  endfacet
  facet normal 0 -1 -0
    outer loop
      vertex -27.8219 -3 17.5394
      vertex -27.9141 -3 16.5455
      vertex -27.6074 -3 17.3747
    endloop
  endfacet
  facet normal -0 -1 0
    outer loop
      vertex -27.5 -3 16.6
      vertex -27.408 -3 17.192
      vertex -27.6395 -3 16.5939
    endloop
  endfacet
  facet normal 0 -1 0
    outer loop
      vertex -27.3605 -3 16.5939
      vertex -27.2253 -3 16.9926
      vertex -27.5 -3 16.6
    endloop
  endfacet
  facet normal 0 -1 -0
    outer loop
      vertex -27.408 -3 17.192
      vertex -27.5 -3 16.6
      vertex -27.2253 -3 16.9926
    endloop
  endfacet
  facet normal 0 -1 0
    outer loop
      vertex -29.0455 -3 15.4141
      vertex -32.1394 -3 16.7781
      vertex -32.2847 -3 16.55
    endloop
  endfacet
  facet normal -0 -1 0
    outer loop
      vertex -27.6395 -3 16.5939
      vertex -27.408 -3 17.192
      vertex -27.7778 -3 16.5757
    endloop
  endfacet
  facet normal 0 -1 -0
    outer loop
      vertex -27.6074 -3 17.3747
      vertex -27.7778 -3 16.5757
      vertex -27.408 -3 17.192
    endloop
  endfacet
  facet normal -0 -1 0
    outer loop
      vertex -27.7778 -3 16.5757
      vertex -27.6074 -3 17.3747
      vertex -27.9141 -3 16.5455
    endloop
  endfacet
  facet normal -0 -1 0
    outer loop
      vertex -27.9141 -3 16.5455
      vertex -27.8219 -3 17.5394
      vertex -28.0472 -3 16.5035
    endloop
  endfacet
  facet normal -0 -1 0
    outer loop
      vertex -28.0472 -3 16.5035
      vertex -28.05 -3 17.6847
      vertex -28.1762 -3 16.4501
    endloop
  endfacet
  facet normal 0 -1 0
    outer loop
      vertex -29.0757 -3 15.2778
      vertex -32.2847 -3 16.55
      vertex -32.4096 -3 16.3101
    endloop
  endfacet
  facet normal -0 -1 0
    outer loop
      vertex -28.1762 -3 16.4501
      vertex -28.2899 -3 17.8096
      vertex -28.3 -3 16.3856
    endloop
  endfacet
  facet normal 0 -1 0
    outer loop
      vertex -28.7977 -3 17.9944
      vertex -28.4177 -3 16.3106
      vertex -28.5397 -3 17.913
    endloop
  endfacet
  facet normal 0 -1 0
    outer loop
      vertex -29.0757 -3 15.2778
      vertex -32.4096 -3 16.3101
      vertex -32.513 -3 16.0603
    endloop
  endfacet
  facet normal -0 -1 0
    outer loop
      vertex -28.5285 -3 16.2257
      vertex -29.0617 -3 18.0529
      vertex -28.6314 -3 16.1314
    endloop
  endfacet
  facet normal 0 -1 0
    outer loop
      vertex -29.8702 -3 18.0882
      vertex -28.8106 -3 15.9177
      vertex -28.7257 -3 16.0285
    endloop
  endfacet
  facet normal 0 -1 0
    outer loop
      vertex -29.0939 -3 15.1394
      vertex -32.513 -3 16.0603
      vertex -32.5944 -3 15.8023
    endloop
  endfacet
  facet normal 0 -1 0
    outer loop
      vertex -30.4023 -3 17.9944
      vertex -28.8856 -3 15.8
      vertex -28.8106 -3 15.9177
    endloop
  endfacet
  facet normal 0 -1 0
    outer loop
      vertex -30.9101 -3 17.8096
      vertex -28.9501 -3 15.6762
      vertex -28.8856 -3 15.8
    endloop
  endfacet
  facet normal 0 -1 0
    outer loop
      vertex -31.3781 -3 17.5394
      vertex -29.0035 -3 15.5472
      vertex -28.9501 -3 15.6762
    endloop
  endfacet
  facet normal 0 -1 0
    outer loop
      vertex -29.0939 -3 15.1394
      vertex -32.5944 -3 15.8023
      vertex -32.6529 -3 15.5383
    endloop
  endfacet
  facet normal 0 -1 0
    outer loop
      vertex -31.792 -3 17.192
      vertex -29.0455 -3 15.4141
      vertex -29.0035 -3 15.5472
    endloop
  endfacet
  facet normal 0 -1 0
    outer loop
      vertex -32.2847 -3 16.55
      vertex -29.0757 -3 15.2778
      vertex -29.0455 -3 15.4141
    endloop
  endfacet
  facet normal 0 -1 0
    outer loop
      vertex -29.0939 -3 15.1394
      vertex -32.6529 -3 15.5383
      vertex -32.6882 -3 15.2702
    endloop
  endfacet
  facet normal 0 -1 0
    outer loop
      vertex -32.513 -3 16.0603
      vertex -29.0939 -3 15.1394
      vertex -29.0757 -3 15.2778
    endloop
  endfacet
  facet normal 0 -1 0
    outer loop
      vertex -29.1 -3 15
      vertex -32.6882 -3 15.2702
      vertex -32.7 -3 15
    endloop
  endfacet
  facet normal 0 -1 0
    outer loop
      vertex -32.6882 -3 15.2702
      vertex -29.1 -3 15
      vertex -29.0939 -3 15.1394
    endloop
  endfacet
  facet normal 0 -1 -0
    outer loop
      vertex -27.2253 -3 16.9926
      vertex -27.3605 -3 16.5939
      vertex -27.0606 -3 16.7781
    endloop
  endfacet
  facet normal 0 -1 0
    outer loop
      vertex -27.2222 -3 16.5757
      vertex -27.0606 -3 16.7781
      vertex -27.3605 -3 16.5939
    endloop
  endfacet
  facet normal 0 -1 0
    outer loop
      vertex -27.0859 -3 16.5455
      vertex -27.0606 -3 16.7781
      vertex -27.2222 -3 16.5757
    endloop
  endfacet
  facet normal 0 -1 -0
    outer loop
      vertex -27.0606 -3 16.7781
      vertex -27.0859 -3 16.5455
      vertex -26.9153 -3 16.55
    endloop
  endfacet
  facet normal 0 -1 0
    outer loop
      vertex -26.9528 -3 16.5035
      vertex -26.9153 -3 16.55
      vertex -27.0859 -3 16.5455
    endloop
  endfacet
  facet normal 0 -1 -0
    outer loop
      vertex -26.9153 -3 16.55
      vertex -26.9528 -3 16.5035
      vertex -26.8742 -3 16.471
    endloop
  endfacet
  facet normal -0.300884 0 0.953661
    outer loop
      vertex -30.6603 3 17.913
      vertex -30.4023 -3 17.9944
      vertex -30.4023 3 17.9944
    endloop
  endfacet
  facet normal -0.300884 0 0.953661
    outer loop
      vertex -30.4023 -3 17.9944
      vertex -30.6603 3 17.913
      vertex -30.6603 -3 17.913
    endloop
  endfacet
  facet normal -0.130541 0 0.991443
    outer loop
      vertex -30.1383 3 18.0529
      vertex -29.8702 -3 18.0882
      vertex -29.8702 3 18.0882
    endloop
  endfacet
  facet normal -0.130541 0 0.991443
    outer loop
      vertex -29.8702 -3 18.0882
      vertex -30.1383 3 18.0529
      vertex -30.1383 -3 18.0529
    endloop
  endfacet
  facet normal 0 1 0
    outer loop
      vertex -28.6314 3 16.1314
      vertex -29.6 3 18.1
      vertex -29.3298 3 18.0882
    endloop
  endfacet
  facet normal 0 1 0
    outer loop
      vertex -28.6314 3 16.1314
      vertex -29.3298 3 18.0882
      vertex -29.0617 3 18.0529
    endloop
  endfacet
  facet normal 0 1 0
    outer loop
      vertex -29.6 3 18.1
      vertex -28.6314 3 16.1314
      vertex -28.7257 3 16.0285
    endloop
  endfacet
  facet normal 0 1 0
    outer loop
      vertex -28.5285 3 16.2257
      vertex -29.0617 3 18.0529
      vertex -28.7977 3 17.9944
    endloop
  endfacet
  facet normal 0 1 0
    outer loop
      vertex -29.6 3 18.1
      vertex -28.7257 3 16.0285
      vertex -29.8702 3 18.0882
    endloop
  endfacet
  facet normal 0 1 0
    outer loop
      vertex -28.4177 3 16.3106
      vertex -28.7977 3 17.9944
      vertex -28.5397 3 17.913
    endloop
  endfacet
  facet normal 0 1 -0
    outer loop
      vertex -28.8106 3 15.9177
      vertex -29.8702 3 18.0882
      vertex -28.7257 3 16.0285
    endloop
  endfacet
  facet normal 0 1 -0
    outer loop
      vertex -28.3 3 16.3856
      vertex -28.5397 3 17.913
      vertex -28.2899 3 17.8096
    endloop
  endfacet
  facet normal 0 1 0
    outer loop
      vertex -29.8702 3 18.0882
      vertex -28.8106 3 15.9177
      vertex -30.1383 3 18.0529
    endloop
  endfacet
  facet normal 0 1 -0
    outer loop
      vertex -28.1762 3 16.4501
      vertex -28.2899 3 17.8096
      vertex -28.05 3 17.6847
    endloop
  endfacet
  facet normal 0 1 0
    outer loop
      vertex -29.0617 3 18.0529
      vertex -28.5285 3 16.2257
      vertex -28.6314 3 16.1314
    endloop
  endfacet
  facet normal 0 1 -0
    outer loop
      vertex -28.0472 3 16.5035
      vertex -28.05 3 17.6847
      vertex -27.8219 3 17.5394
    endloop
  endfacet
  facet normal 0 1 0
    outer loop
      vertex -30.1383 3 18.0529
      vertex -28.8106 3 15.9177
      vertex -30.4023 3 17.9944
    endloop
  endfacet
  facet normal 0 1 0
    outer loop
      vertex -27.9141 3 16.5455
      vertex -27.8219 3 17.5394
      vertex -27.6074 3 17.3747
    endloop
  endfacet
  facet normal 0 1 0
    outer loop
      vertex -28.7977 3 17.9944
      vertex -28.4177 3 16.3106
      vertex -28.5285 3 16.2257
    endloop
  endfacet
  facet normal 0 1 0
    outer loop
      vertex -27.7778 3 16.5757
      vertex -27.6074 3 17.3747
      vertex -27.408 3 17.192
    endloop
  endfacet
  facet normal 0 1 0
    outer loop
      vertex -28.5397 3 17.913
      vertex -28.3 3 16.3856
      vertex -28.4177 3 16.3106
    endloop
  endfacet
  facet normal 0 1 0
    outer loop
      vertex -27.5 3 16.6
      vertex -27.408 3 17.192
      vertex -27.2253 3 16.9926
    endloop
  endfacet
  facet normal 0 1 0
    outer loop
      vertex -28.05 3 17.6847
      vertex -28.0472 3 16.5035
      vertex -28.1762 3 16.4501
    endloop
  endfacet
  facet normal 0 1 0
    outer loop
      vertex -27.3605 3 16.5939
      vertex -27.2253 3 16.9926
      vertex -27.0606 3 16.7781
    endloop
  endfacet
  facet normal 0 1 0
    outer loop
      vertex -27.6074 3 17.3747
      vertex -27.7778 3 16.5757
      vertex -27.9141 3 16.5455
    endloop
  endfacet
  facet normal 0 1 0
    outer loop
      vertex -27.408 3 17.192
      vertex -27.5 3 16.6
      vertex -27.6395 3 16.5939
    endloop
  endfacet
  facet normal 0 1 0
    outer loop
      vertex -27.2253 3 16.9926
      vertex -27.3605 3 16.5939
      vertex -27.5 3 16.6
    endloop
  endfacet
  facet normal 0 1 0
    outer loop
      vertex -27.0606 3 16.7781
      vertex -27.2222 3 16.5757
      vertex -27.3605 3 16.5939
    endloop
  endfacet
  facet normal 0 1 0
    outer loop
      vertex -27.0859 3 16.5455
      vertex -27.0606 3 16.7781
      vertex -26.9153 3 16.55
    endloop
  endfacet
  facet normal 0 1 0
    outer loop
      vertex -27.0606 3 16.7781
      vertex -27.0859 3 16.5455
      vertex -27.2222 3 16.5757
    endloop
  endfacet
  facet normal 0 1 0
    outer loop
      vertex -26.9153 3 16.55
      vertex -26.9528 3 16.5035
      vertex -27.0859 3 16.5455
    endloop
  endfacet
  facet normal -0 1 0
    outer loop
      vertex -26.9528 3 16.5035
      vertex -26.9153 3 16.55
      vertex -26.8742 3 16.471
    endloop
  endfacet
  facet normal 0 1 0
    outer loop
      vertex -27.408 3 17.192
      vertex -27.6395 3 16.5939
      vertex -27.7778 3 16.5757
    endloop
  endfacet
  facet normal 0 1 0
    outer loop
      vertex -27.8219 3 17.5394
      vertex -27.9141 3 16.5455
      vertex -28.0472 3 16.5035
    endloop
  endfacet
  facet normal 0 1 0
    outer loop
      vertex -28.2899 3 17.8096
      vertex -28.1762 3 16.4501
      vertex -28.3 3 16.3856
    endloop
  endfacet
  facet normal 0 1 -0
    outer loop
      vertex -28.8856 3 15.8
      vertex -30.4023 3 17.9944
      vertex -28.8106 3 15.9177
    endloop
  endfacet
  facet normal 0 1 0
    outer loop
      vertex -30.4023 3 17.9944
      vertex -28.8856 3 15.8
      vertex -30.6603 3 17.913
    endloop
  endfacet
  facet normal 0 1 0
    outer loop
      vertex -30.6603 3 17.913
      vertex -28.8856 3 15.8
      vertex -30.9101 3 17.8096
    endloop
  endfacet
  facet normal 0 1 -0
    outer loop
      vertex -28.9501 3 15.6762
      vertex -30.9101 3 17.8096
      vertex -28.8856 3 15.8
    endloop
  endfacet
  facet normal 0 1 0
    outer loop
      vertex -30.9101 3 17.8096
      vertex -28.9501 3 15.6762
      vertex -31.15 3 17.6847
    endloop
  endfacet
  facet normal 0 1 0
    outer loop
      vertex -31.15 3 17.6847
      vertex -28.9501 3 15.6762
      vertex -31.3781 3 17.5394
    endloop
  endfacet
  facet normal 0 1 -0
    outer loop
      vertex -29.0035 3 15.5472
      vertex -31.3781 3 17.5394
      vertex -28.9501 3 15.6762
    endloop
  endfacet
  facet normal 0 1 0
    outer loop
      vertex -31.3781 3 17.5394
      vertex -29.0035 3 15.5472
      vertex -31.5926 3 17.3747
    endloop
  endfacet
  facet normal 0 1 0
    outer loop
      vertex -31.5926 3 17.3747
      vertex -29.0035 3 15.5472
      vertex -31.792 3 17.192
    endloop
  endfacet
  facet normal 0 1 -0
    outer loop
      vertex -29.0455 3 15.4141
      vertex -31.792 3 17.192
      vertex -29.0035 3 15.5472
    endloop
  endfacet
  facet normal 0 1 0
    outer loop
      vertex -31.792 3 17.192
      vertex -29.0455 3 15.4141
      vertex -31.9747 3 16.9926
    endloop
  endfacet
  facet normal 0 1 0
    outer loop
      vertex -31.9747 3 16.9926
      vertex -29.0455 3 15.4141
      vertex -32.1394 3 16.7781
    endloop
  endfacet
  facet normal 0 1 0
    outer loop
      vertex -32.1394 3 16.7781
      vertex -29.0455 3 15.4141
      vertex -32.2847 3 16.55
    endloop
  endfacet
  facet normal 0 1 -0
    outer loop
      vertex -29.0757 3 15.2778
      vertex -32.2847 3 16.55
      vertex -29.0455 3 15.4141
    endloop
  endfacet
  facet normal 0 1 0
    outer loop
      vertex -32.2847 3 16.55
      vertex -29.0757 3 15.2778
      vertex -32.4096 3 16.3101
    endloop
  endfacet
  facet normal 0 1 0
    outer loop
      vertex -32.4096 3 16.3101
      vertex -29.0757 3 15.2778
      vertex -32.513 3 16.0603
    endloop
  endfacet
  facet normal 0 1 -0
    outer loop
      vertex -29.0939 3 15.1394
      vertex -32.513 3 16.0603
      vertex -29.0757 3 15.2778
    endloop
  endfacet
  facet normal 0 1 0
    outer loop
      vertex -32.513 3 16.0603
      vertex -29.0939 3 15.1394
      vertex -32.5944 3 15.8023
    endloop
  endfacet
  facet normal 0 1 0
    outer loop
      vertex -32.5944 3 15.8023
      vertex -29.0939 3 15.1394
      vertex -32.6529 3 15.5383
    endloop
  endfacet
  facet normal 0 1 0
    outer loop
      vertex -32.6529 3 15.5383
      vertex -29.0939 3 15.1394
      vertex -32.6882 3 15.2702
    endloop
  endfacet
  facet normal 0 1 -0
    outer loop
      vertex -29.1 3 15
      vertex -32.6882 3 15.2702
      vertex -29.0939 3 15.1394
    endloop
  endfacet
  facet normal 0 1 0
    outer loop
      vertex -32.6882 3 15.2702
      vertex -29.1 3 15
      vertex -32.7 3 15
    endloop
  endfacet
  facet normal -0.706432 -0.706432 0.0436618
    outer loop
      vertex -25.2437 -21.0011 15
      vertex -20.9927 -25.2354 15.2702
      vertex -25.2354 -20.9927 15.2702
    endloop
  endfacet
  facet normal -0.706432 -0.706432 0.0436618
    outer loop
      vertex -20.9927 -25.2354 15.2702
      vertex -25.2437 -21.0011 15
      vertex -21.0011 -25.2437 15
    endloop
  endfacet
  facet normal 0.707107 -0.707107 0
    outer loop
      vertex -20.9264 -25.169 15.8023
      vertex -20.9678 -25.2104 15.5383
      vertex -20.8689 -25.1115 16.0603
    endloop
  endfacet
  facet normal -0.521334 -0.521334 0.67559
    outer loop
      vertex -24.6017 -20.359 17.192
      vertex -20.4882 -24.7309 16.9926
      vertex -20.359 -24.6017 17.192
    endloop
  endfacet
  facet normal -0.521334 -0.521334 0.67559
    outer loop
      vertex -20.4882 -24.7309 16.9926
      vertex -24.6017 -20.359 17.192
      vertex -24.7309 -20.4882 16.9926
    endloop
  endfacet
  facet normal 0.326591 0.326591 0.886948
    outer loop
      vertex -21.9557 -17.713 17.6847
      vertex -17.8826 -22.1253 17.8096
      vertex -17.713 -21.9557 17.6847
    endloop
  endfacet
  facet normal 0.326591 0.326591 0.886948
    outer loop
      vertex -17.8826 -22.1253 17.8096
      vertex -21.9557 -17.713 17.6847
      vertex -22.1253 -17.8826 17.8096
    endloop
  endfacet
  facet normal 0.709525 -0.704663 -0.00490885
    outer loop
      vertex -20.0663 -24.309 17.5394
      vertex -20.2181 -24.4607 17.3747
      vertex -19.9051 -24.1477 17.6847
    endloop
  endfacet
  facet normal 0.707107 -0.707107 0
    outer loop
      vertex -20.8689 -25.1115 16.0603
      vertex -20.9678 -25.2104 15.5383
      vertex -20.7957 -25.0383 16.3101
    endloop
  endfacet
  facet normal 0.706014 -0.708198 -0.000891669
    outer loop
      vertex -17.0659 -21.3086 16.5563
      vertex -17.4 -21.6427 17.3747
      vertex -17.1031 -21.3457 16.568
    endloop
  endfacet
  facet normal -0.707107 0.707107 0
    outer loop
      vertex -25.0383 -20.7957 16.3101
      vertex -25.2104 -20.9678 15.5383
      vertex -25.1115 -20.8689 16.0603
    endloop
  endfacet
  facet normal -0.708198 0.706014 -0.000891669
    outer loop
      vertex -21.3457 -17.1031 16.568
      vertex -21.6427 -17.4 17.3747
      vertex -21.3086 -17.0659 16.5563
    endloop
  endfacet
  facet normal -0.0308526 -0.0308526 0.999048
    outer loop
      vertex -23.0517 -18.809 18.1
      vertex -19.0001 -23.2427 18.0882
      vertex -18.809 -23.0517 18.1
    endloop
  endfacet
  facet normal -0.0308526 -0.0308526 0.999048
    outer loop
      vertex -19.0001 -23.2427 18.0882
      vertex -23.0517 -18.809 18.1
      vertex -23.2427 -19.0001 18.0882
    endloop
  endfacet
  facet normal 0.706801 -0.707412 0.000617348
    outer loop
      vertex -20.2181 -24.4607 17.3747
      vertex -20.4882 -24.7309 16.9926
      vertex -19.9051 -24.1477 17.6847
    endloop
  endfacet
  facet normal -0.707921 0.706286 -0.00279419
    outer loop
      vertex -22.1253 -17.8826 17.8096
      vertex -22.4843 -18.2417 17.9944
      vertex -22.302 -18.0593 17.913
    endloop
  endfacet
  facet normal -0.560957 -0.560957 0.608815
    outer loop
      vertex -24.7309 -20.4882 16.9926
      vertex -20.6046 -24.8473 16.7781
      vertex -20.4882 -24.7309 16.9926
    endloop
  endfacet
  facet normal -0.560957 -0.560957 0.608815
    outer loop
      vertex -20.6046 -24.8473 16.7781
      vertex -24.7309 -20.4882 16.9926
      vertex -24.8473 -20.6046 16.7781
    endloop
  endfacet
  facet normal 0.70867 -0.705537 -0.00202991
    outer loop
      vertex -20.359 -24.6017 17.192
      vertex -20.4882 -24.7309 16.9926
      vertex -20.2181 -24.4607 17.3747
    endloop
  endfacet
  facet normal 0.706877 -0.707336 -0.000509584
    outer loop
      vertex -17.8826 -22.1253 17.8096
      vertex -18.2417 -22.4843 17.9944
      vertex -17.4 -21.6427 17.3747
    endloop
  endfacet
  facet normal -0.707107 0.707107 7.20286e-15
    outer loop
      vertex -22.8606 -18.618 18.0882
      vertex -24.1477 -19.9051 17.6847
      vertex -23.619 -19.3764 17.9944
    endloop
  endfacet
  facet normal 0.707107 -0.707107 0
    outer loop
      vertex -19.5588 -23.8014 17.913
      vertex -19.9051 -24.1477 17.6847
      vertex -19.3764 -23.619 17.9944
    endloop
  endfacet
  facet normal -0.379968 -0.379968 0.843356
    outer loop
      vertex -24.1477 -19.9051 17.6847
      vertex -20.0663 -24.309 17.5394
      vertex -19.9051 -24.1477 17.6847
    endloop
  endfacet
  facet normal -0.379968 -0.379968 0.843356
    outer loop
      vertex -20.0663 -24.309 17.5394
      vertex -24.1477 -19.9051 17.6847
      vertex -24.309 -20.0663 17.5394
    endloop
  endfacet
  facet normal -0.690334 -0.690334 0.216514
    outer loop
      vertex -25.2104 -20.9678 15.5383
      vertex -20.9264 -25.169 15.8023
      vertex -25.169 -20.9264 15.8023
    endloop
  endfacet
  facet normal -0.690334 -0.690334 0.216514
    outer loop
      vertex -20.9264 -25.169 15.8023
      vertex -25.2104 -20.9678 15.5383
      vertex -20.9678 -25.2104 15.5383
    endloop
  endfacet
  facet normal 0.707083 -0.70713 -0.000106335
    outer loop
      vertex -16.9372 -21.1798 16.5035
      vertex -17.4 -21.6427 17.3747
      vertex -16.9776 -21.2202 16.5215
    endloop
  endfacet
  facet normal 0.703518 -0.710667 -0.00387885
    outer loop
      vertex -17.4 -21.6427 17.3747
      vertex -16.9372 -21.1798 16.5035
      vertex -16.9227 -21.1654 16.4951
    endloop
  endfacet
  facet normal 0.706286 -0.707921 -0.00279419
    outer loop
      vertex -18.0593 -22.302 17.913
      vertex -18.2417 -22.4843 17.9944
      vertex -17.8826 -22.1253 17.8096
    endloop
  endfacet
  facet normal 0.70286 -0.711328 0
    outer loop
      vertex -20.9927 -25.2354 15.2702
      vertex -21.0011 -25.2437 15
      vertex -20.9927 -25.2354 15
    endloop
  endfacet
  facet normal -0.707412 0.706801 0.000617348
    outer loop
      vertex -24.1477 -19.9051 17.6847
      vertex -24.7309 -20.4882 16.9926
      vertex -24.4607 -20.2181 17.3747
    endloop
  endfacet
  facet normal -0.707107 0.707107 7.17941e-14
    outer loop
      vertex -21.3725 -17.1298 16.9926
      vertex -21.6427 -17.4 17.3747
      vertex -21.5017 -17.259 17.192
    endloop
  endfacet
  facet normal 0.708275 -0.705936 0.000954549
    outer loop
      vertex -17.0313 -21.2739 16.5455
      vertex -17.4 -21.6427 17.3747
      vertex -17.0659 -21.3086 16.5563
    endloop
  endfacet
  facet normal 0.707083 -0.707131 -0.00010661
    outer loop
      vertex -17.4 -21.6427 17.3747
      vertex -17.0313 -21.2739 16.5455
      vertex -17.0253 -21.2679 16.5428
    endloop
  endfacet
  facet normal -0.707107 0.707107 -3.35577e-15
    outer loop
      vertex -21.4682 -17.2255 16.5939
      vertex -21.6427 -17.4 17.3747
      vertex -21.3798 -17.1371 16.5775
    endloop
  endfacet
  facet normal -0.707107 0.707107 -3.2636e-15
    outer loop
      vertex -21.5668 -17.3241 16.6
      vertex -21.6427 -17.4 17.3747
      vertex -21.4682 -17.2255 16.5939
    endloop
  endfacet
  facet normal -0.707107 0.707107 0
    outer loop
      vertex -21.6427 -17.4 17.3747
      vertex -21.5668 -17.3241 16.6
      vertex -21.6427 -17.4 16.5953
    endloop
  endfacet
  facet normal 0.707107 -0.707107 1.04647e-13
    outer loop
      vertex -18.4284 -22.671 18.0529
      vertex -18.618 -22.8606 18.0882
      vertex -18.2417 -22.4843 17.9944
    endloop
  endfacet
  facet normal -0.707107 0.707107 -5.40828e-14
    outer loop
      vertex -22.8606 -18.618 18.0882
      vertex -23.619 -19.3764 17.9944
      vertex -23.4323 -19.1897 18.0529
    endloop
  endfacet
  facet normal -0.152959 -0.152959 0.976323
    outer loop
      vertex -23.4323 -19.1897 18.0529
      vertex -19.3764 -23.619 17.9944
      vertex -19.1897 -23.4323 18.0529
    endloop
  endfacet
  facet normal -0.152959 -0.152959 0.976323
    outer loop
      vertex -19.3764 -23.619 17.9944
      vertex -23.4323 -19.1897 18.0529
      vertex -23.619 -19.3764 17.9944
    endloop
  endfacet
  facet normal -0.707107 0.707107 3.05697e-14
    outer loop
      vertex -21.6427 -17.4 17.3747
      vertex -22.1253 -17.8826 17.8096
      vertex -21.9557 -17.713 17.6847
    endloop
  endfacet
  facet normal 0.707107 -0.707107 7.20286e-15
    outer loop
      vertex -19.3764 -23.619 17.9944
      vertex -19.9051 -24.1477 17.6847
      vertex -18.618 -22.8606 18.0882
    endloop
  endfacet
  facet normal -0.705537 0.70867 -0.00202991
    outer loop
      vertex -24.4607 -20.2181 17.3747
      vertex -24.7309 -20.4882 16.9926
      vertex -24.6017 -20.359 17.192
    endloop
  endfacet
  facet normal 0.705222 -0.708985 0.00138488
    outer loop
      vertex -20.7074 -24.95 16.55
      vertex -20.7957 -25.0383 16.3101
      vertex -20.6046 -24.8473 16.7781
    endloop
  endfacet
  facet normal 0.627118 0.627118 0.462003
    outer loop
      vertex -21.1533 -16.9107 16.55
      vertex -16.8816 -21.1242 16.471
      vertex -21.1242 -16.8816 16.471
    endloop
  endfacet
  facet normal 0.627118 0.627118 0.462003
    outer loop
      vertex -16.8816 -21.1242 16.471
      vertex -21.1533 -16.9107 16.55
      vertex -16.9107 -21.1533 16.55
    endloop
  endfacet
  facet normal -0.707107 0.707107 1.02467e-13
    outer loop
      vertex -22.4843 -18.2417 17.9944
      vertex -22.8606 -18.618 18.0882
      vertex -22.671 -18.4284 18.0529
    endloop
  endfacet
  facet normal 0.152959 0.152959 0.976323
    outer loop
      vertex -22.4843 -18.2417 17.9944
      vertex -18.4284 -22.671 18.0529
      vertex -18.2417 -22.4843 17.9944
    endloop
  endfacet
  facet normal 0.152959 0.152959 0.976323
    outer loop
      vertex -18.4284 -22.671 18.0529
      vertex -22.4843 -18.2417 17.9944
      vertex -22.671 -18.4284 18.0529
    endloop
  endfacet
  facet normal 0.596374 0.596374 0.537286
    outer loop
      vertex -21.2561 -17.0134 16.7781
      vertex -16.9107 -21.1533 16.55
      vertex -21.1533 -16.9107 16.55
    endloop
  endfacet
  facet normal 0.596374 0.596374 0.537286
    outer loop
      vertex -16.9107 -21.1533 16.55
      vertex -21.2561 -17.0134 16.7781
      vertex -17.0134 -21.2561 16.7781
    endloop
  endfacet
  facet normal -0.707131 0.707083 -0.000106402
    outer loop
      vertex -21.2679 -17.0253 16.5428
      vertex -21.6427 -17.4 17.3747
      vertex -21.2202 -16.9776 16.5215
    endloop
  endfacet
  facet normal -0.707336 0.706877 -0.000509584
    outer loop
      vertex -21.6427 -17.4 17.3747
      vertex -22.4843 -18.2417 17.9944
      vertex -22.1253 -17.8826 17.8096
    endloop
  endfacet
  facet normal 0.430592 0.430592 0.793209
    outer loop
      vertex -21.6427 -17.4 17.3747
      vertex -17.5517 -21.7944 17.5394
      vertex -17.4 -21.6427 17.3747
    endloop
  endfacet
  facet normal 0.430592 0.430592 0.793209
    outer loop
      vertex -17.5517 -21.7944 17.5394
      vertex -21.6427 -17.4 17.3747
      vertex -21.7944 -17.5517 17.5394
    endloop
  endfacet
  facet normal 0.707083 -0.707131 -0.000106402
    outer loop
      vertex -16.9776 -21.2202 16.5215
      vertex -17.4 -21.6427 17.3747
      vertex -17.0253 -21.2679 16.5428
    endloop
  endfacet
  facet normal 0.707107 -0.707107 2.14729e-14
    outer loop
      vertex -17.1298 -21.3725 16.9926
      vertex -17.4 -21.6427 17.3747
      vertex -17.0134 -21.2561 16.7781
    endloop
  endfacet
  facet normal 0.706321 -0.707891 -0.00101688
    outer loop
      vertex -17.0134 -21.2561 16.7781
      vertex -17.4 -21.6427 17.3747
      vertex -16.9107 -21.1533 16.55
    endloop
  endfacet
  facet normal -0.707107 0.707107 8.89318e-14
    outer loop
      vertex -21.6427 -17.4 17.3747
      vertex -21.9557 -17.713 17.6847
      vertex -21.7944 -17.5517 17.5394
    endloop
  endfacet
  facet normal -0.711328 0.70286 0
    outer loop
      vertex -25.2354 -20.9927 15
      vertex -25.2437 -21.0011 15
      vertex -25.2354 -20.9927 15.2702
    endloop
  endfacet
  facet normal 0.521334 0.521334 0.67559
    outer loop
      vertex -21.3725 -17.1298 16.9926
      vertex -17.259 -21.5017 17.192
      vertex -17.1298 -21.3725 16.9926
    endloop
  endfacet
  facet normal 0.521334 0.521334 0.67559
    outer loop
      vertex -17.259 -21.5017 17.192
      vertex -21.3725 -17.1298 16.9926
      vertex -21.5017 -17.259 17.192
    endloop
  endfacet
  facet normal 0.477686 0.477686 0.737315
    outer loop
      vertex -21.5017 -17.259 17.192
      vertex -17.4 -21.6427 17.3747
      vertex -17.259 -21.5017 17.192
    endloop
  endfacet
  facet normal 0.477686 0.477686 0.737315
    outer loop
      vertex -17.4 -21.6427 17.3747
      vertex -21.5017 -17.259 17.192
      vertex -21.6427 -17.4 17.3747
    endloop
  endfacet
  facet normal 0.707107 -0.707107 3.16614e-14
    outer loop
      vertex -17.713 -21.9557 17.6847
      vertex -17.8826 -22.1253 17.8096
      vertex -17.4 -21.6427 17.3747
    endloop
  endfacet
  facet normal -0.706544 0.707668 -0.00060991
    outer loop
      vertex -24.7309 -20.4882 16.9926
      vertex -25.0383 -20.7957 16.3101
      vertex -24.8473 -20.6046 16.7781
    endloop
  endfacet
  facet normal -0.707094 0.707094 -0.00599232
    outer loop
      vertex -22.8606 -18.618 18.0882
      vertex -23.2427 -19.0001 18.0882
      vertex -23.0517 -18.809 18.1
    endloop
  endfacet
  facet normal -0.0922943 -0.0922943 0.991445
    outer loop
      vertex -23.2427 -19.0001 18.0882
      vertex -19.1897 -23.4323 18.0529
      vertex -19.0001 -23.2427 18.0882
    endloop
  endfacet
  facet normal -0.0922943 -0.0922943 0.991445
    outer loop
      vertex -19.1897 -23.4323 18.0529
      vertex -23.2427 -19.0001 18.0882
      vertex -23.4323 -19.1897 18.0529
    endloop
  endfacet
  facet normal 0.0308526 0.0308526 0.999048
    outer loop
      vertex -22.8606 -18.618 18.0882
      vertex -18.809 -23.0517 18.1
      vertex -18.618 -22.8606 18.0882
    endloop
  endfacet
  facet normal 0.0308526 0.0308526 0.999048
    outer loop
      vertex -18.809 -23.0517 18.1
      vertex -22.8606 -18.618 18.0882
      vertex -23.0517 -18.809 18.1
    endloop
  endfacet
  facet normal -0.707107 0.707107 1.0622e-13
    outer loop
      vertex -22.8606 -18.618 18.0882
      vertex -23.4323 -19.1897 18.0529
      vertex -23.2427 -19.0001 18.0882
    endloop
  endfacet
  facet normal -0.704663 0.709525 -0.00490885
    outer loop
      vertex -24.1477 -19.9051 17.6847
      vertex -24.4607 -20.2181 17.3747
      vertex -24.309 -20.0663 17.5394
    endloop
  endfacet
  facet normal -0.430503 -0.430503 0.793306
    outer loop
      vertex -24.309 -20.0663 17.5394
      vertex -20.2181 -24.4607 17.3747
      vertex -20.0663 -24.309 17.5394
    endloop
  endfacet
  facet normal -0.430503 -0.430503 0.793306
    outer loop
      vertex -20.2181 -24.4607 17.3747
      vertex -24.309 -20.0663 17.5394
      vertex -24.4607 -20.2181 17.3747
    endloop
  endfacet
  facet normal 0.707107 -0.707107 1.06948e-13
    outer loop
      vertex -19.0001 -23.2427 18.0882
      vertex -19.1897 -23.4323 18.0529
      vertex -18.618 -22.8606 18.0882
    endloop
  endfacet
  facet normal 0.708879 -0.705309 -0.00541528
    outer loop
      vertex -19.7354 -23.9781 17.8096
      vertex -19.9051 -24.1477 17.6847
      vertex -19.5588 -23.8014 17.913
    endloop
  endfacet
  facet normal -0.707107 0.707107 0
    outer loop
      vertex -23.619 -19.3764 17.9944
      vertex -24.1477 -19.9051 17.6847
      vertex -23.8014 -19.5588 17.913
    endloop
  endfacet
  facet normal -0.653235 -0.653235 0.382841
    outer loop
      vertex -25.1115 -20.8689 16.0603
      vertex -20.7957 -25.0383 16.3101
      vertex -25.0383 -20.7957 16.3101
    endloop
  endfacet
  facet normal -0.653235 -0.653235 0.382841
    outer loop
      vertex -20.7957 -25.0383 16.3101
      vertex -25.1115 -20.8689 16.0603
      vertex -20.8689 -25.1115 16.0603
    endloop
  endfacet
  facet normal 0.707668 -0.706544 -0.00060991
    outer loop
      vertex -20.6046 -24.8473 16.7781
      vertex -20.7957 -25.0383 16.3101
      vertex -20.4882 -24.7309 16.9926
    endloop
  endfacet
  facet normal -0.707131 0.707083 -0.00010661
    outer loop
      vertex -21.2739 -17.0313 16.5455
      vertex -21.6427 -17.4 17.3747
      vertex -21.2679 -17.0253 16.5428
    endloop
  endfacet
  facet normal -0.705936 0.708275 0.000954549
    outer loop
      vertex -21.6427 -17.4 17.3747
      vertex -21.2739 -17.0313 16.5455
      vertex -21.3086 -17.0659 16.5563
    endloop
  endfacet
  facet normal -0.707122 0.707091 -9.90689e-05
    outer loop
      vertex -21.3703 -17.1277 16.5757
      vertex -21.6427 -17.4 17.3747
      vertex -21.3457 -17.1031 16.568
    endloop
  endfacet
  facet normal -0.703101 0.711085 0.00263295
    outer loop
      vertex -21.6427 -17.4 17.3747
      vertex -21.3703 -17.1277 16.5757
      vertex -21.3798 -17.1371 16.5775
    endloop
  endfacet
  facet normal -0.708985 0.705222 0.00138488
    outer loop
      vertex -24.8473 -20.6046 16.7781
      vertex -25.0383 -20.7957 16.3101
      vertex -24.95 -20.7074 16.55
    endloop
  endfacet
  facet normal -0.710667 0.703518 -0.00387885
    outer loop
      vertex -21.1798 -16.9372 16.5035
      vertex -21.6427 -17.4 17.3747
      vertex -21.1654 -16.9227 16.4951
    endloop
  endfacet
  facet normal -0.70713 0.707083 -0.000106335
    outer loop
      vertex -21.6427 -17.4 17.3747
      vertex -21.1798 -16.9372 16.5035
      vertex -21.2202 -16.9776 16.5215
    endloop
  endfacet
  facet normal -0.70601 0.708201 0.000807078
    outer loop
      vertex -21.1654 -16.9227 16.4951
      vertex -21.1533 -16.9107 16.55
      vertex -21.1242 -16.8816 16.471
    endloop
  endfacet
  facet normal -0.706261 0.707951 0.000917051
    outer loop
      vertex -21.1533 -16.9107 16.55
      vertex -21.1654 -16.9227 16.4951
      vertex -21.6427 -17.4 17.3747
    endloop
  endfacet
  facet normal 0.711085 -0.703101 0.00263295
    outer loop
      vertex -17.1277 -21.3703 16.5757
      vertex -17.4 -21.6427 17.3747
      vertex -17.1371 -21.3798 16.5775
    endloop
  endfacet
  facet normal 0.707091 -0.707122 -9.90689e-05
    outer loop
      vertex -17.4 -21.6427 17.3747
      vertex -17.1277 -21.3703 16.5757
      vertex -17.1031 -21.3457 16.568
    endloop
  endfacet
  facet normal 0.707951 -0.706261 0.000917051
    outer loop
      vertex -16.9227 -21.1654 16.4951
      vertex -16.9107 -21.1533 16.55
      vertex -17.4 -21.6427 17.3747
    endloop
  endfacet
  facet normal 0.708201 -0.70601 0.000807078
    outer loop
      vertex -16.9107 -21.1533 16.55
      vertex -16.9227 -21.1654 16.4951
      vertex -16.8816 -21.1242 16.471
    endloop
  endfacet
  facet normal 0.560957 0.560957 0.608815
    outer loop
      vertex -21.2561 -17.0134 16.7781
      vertex -17.1298 -21.3725 16.9926
      vertex -17.0134 -21.2561 16.7781
    endloop
  endfacet
  facet normal 0.560957 0.560957 0.608815
    outer loop
      vertex -17.1298 -21.3725 16.9926
      vertex -21.2561 -17.0134 16.7781
      vertex -21.3725 -17.1298 16.9926
    endloop
  endfacet
  facet normal 0.270356 0.270356 0.924021
    outer loop
      vertex -22.1253 -17.8826 17.8096
      vertex -18.0593 -22.302 17.913
      vertex -17.8826 -22.1253 17.8096
    endloop
  endfacet
  facet normal 0.270356 0.270356 0.924021
    outer loop
      vertex -18.0593 -22.302 17.913
      vertex -22.1253 -17.8826 17.8096
      vertex -22.302 -18.0593 17.913
    endloop
  endfacet
  facet normal 0.0922943 0.0922943 0.991445
    outer loop
      vertex -22.671 -18.4284 18.0529
      vertex -18.618 -22.8606 18.0882
      vertex -18.4284 -22.671 18.0529
    endloop
  endfacet
  facet normal 0.0922943 0.0922943 0.991445
    outer loop
      vertex -18.618 -22.8606 18.0882
      vertex -22.671 -18.4284 18.0529
      vertex -22.8606 -18.618 18.0882
    endloop
  endfacet
  facet normal 0.707107 -0.707107 7.17941e-14
    outer loop
      vertex -17.259 -21.5017 17.192
      vertex -17.4 -21.6427 17.3747
      vertex -17.1298 -21.3725 16.9926
    endloop
  endfacet
  facet normal 0.707107 -0.707107 8.9474e-14
    outer loop
      vertex -17.5517 -21.7944 17.5394
      vertex -17.713 -21.9557 17.6847
      vertex -17.4 -21.6427 17.3747
    endloop
  endfacet
  facet normal 0.707107 -0.707107 0
    outer loop
      vertex -17.4 -21.6427 17.3747
      vertex -17.4227 -21.6654 16.5939
      vertex -17.4 -21.6427 16.5953
    endloop
  endfacet
  facet normal 0.706743 -0.70747 2.11235e-05
    outer loop
      vertex -17.4 -21.6427 17.3747
      vertex -17.5206 -21.7632 16.5757
      vertex -17.4227 -21.6654 16.5939
    endloop
  endfacet
  facet normal 0.707506 -0.706707 -0.000209115
    outer loop
      vertex -17.4 -21.6427 17.3747
      vertex -17.6169 -21.8596 16.5455
      vertex -17.5206 -21.7632 16.5757
    endloop
  endfacet
  facet normal 0.706682 -0.707532 0.000222408
    outer loop
      vertex -17.4 -21.6427 17.3747
      vertex -17.7111 -21.9537 16.5035
      vertex -17.6169 -21.8596 16.5455
    endloop
  endfacet
  facet normal 0.707137 -0.707077 -0.000102617
    outer loop
      vertex -17.4 -21.6427 17.3747
      vertex -17.8023 -22.0449 16.4501
      vertex -17.7111 -21.9537 16.5035
    endloop
  endfacet
  facet normal 0.707054 -0.70716 -3.02398e-05
    outer loop
      vertex -18.2417 -22.4843 17.9944
      vertex -17.8023 -22.0449 16.4501
      vertex -17.4 -21.6427 17.3747
    endloop
  endfacet
  facet normal 0.707107 -0.707107 0
    outer loop
      vertex -17.8023 -22.0449 16.4501
      vertex -18.2417 -22.4843 17.9944
      vertex -17.8898 -22.1324 16.3856
    endloop
  endfacet
  facet normal 0.707461 -0.706752 0.000155204
    outer loop
      vertex -17.8898 -22.1324 16.3856
      vertex -18.2417 -22.4843 17.9944
      vertex -17.973 -22.2157 16.3106
    endloop
  endfacet
  facet normal 0.707112 -0.707101 4.3734e-05
    outer loop
      vertex -18.618 -22.8606 18.0882
      vertex -17.973 -22.2157 16.3106
      vertex -18.2417 -22.4843 17.9944
    endloop
  endfacet
  facet normal 0.707091 -0.707122 2.85479e-05
    outer loop
      vertex -17.973 -22.2157 16.3106
      vertex -18.618 -22.8606 18.0882
      vertex -18.0513 -22.294 16.2257
    endloop
  endfacet
  facet normal 0.707101 -0.707112 3.46597e-05
    outer loop
      vertex -19.9051 -24.1477 17.6847
      vertex -18.0513 -22.294 16.2257
      vertex -18.618 -22.8606 18.0882
    endloop
  endfacet
  facet normal 0.707095 -0.707119 1.83178e-05
    outer loop
      vertex -18.0513 -22.294 16.2257
      vertex -19.9051 -24.1477 17.6847
      vertex -18.1241 -22.3668 16.1314
    endloop
  endfacet
  facet normal 0.706903 -0.707311 -0.00042268
    outer loop
      vertex -18.1241 -22.3668 16.1314
      vertex -19.9051 -24.1477 17.6847
      vertex -18.1908 -22.4334 16.0285
    endloop
  endfacet
  facet normal 0.707134 -0.70708 5.63213e-05
    outer loop
      vertex -20.4882 -24.7309 16.9926
      vertex -18.1908 -22.4334 16.0285
      vertex -19.9051 -24.1477 17.6847
    endloop
  endfacet
  facet normal 0.707119 -0.707094 -1.35991e-05
    outer loop
      vertex -18.1908 -22.4334 16.0285
      vertex -20.4882 -24.7309 16.9926
      vertex -18.2509 -22.4935 15.9177
    endloop
  endfacet
  facet normal 0.707238 -0.706975 0.000482125
    outer loop
      vertex -18.2509 -22.4935 15.9177
      vertex -20.4882 -24.7309 16.9926
      vertex -18.3039 -22.5466 15.8
    endloop
  endfacet
  facet normal 0.706977 -0.707237 -0.000475623
    outer loop
      vertex -18.3039 -22.5466 15.8
      vertex -20.4882 -24.7309 16.9926
      vertex -18.3495 -22.5921 15.6762
    endloop
  endfacet
  facet normal 0.707095 -0.707119 -9.27753e-05
    outer loop
      vertex -20.7957 -25.0383 16.3101
      vertex -18.3495 -22.5921 15.6762
      vertex -20.4882 -24.7309 16.9926
    endloop
  endfacet
  facet normal 0.707107 -0.707107 0
    outer loop
      vertex -18.3495 -22.5921 15.6762
      vertex -20.7957 -25.0383 16.3101
      vertex -18.3873 -22.6299 15.5472
    endloop
  endfacet
  facet normal 0.707185 -0.707028 0.000496243
    outer loop
      vertex -18.3873 -22.6299 15.5472
      vertex -20.7957 -25.0383 16.3101
      vertex -18.4169 -22.6596 15.4141
    endloop
  endfacet
  facet normal 0.707093 -0.70712 6.11486e-06
    outer loop
      vertex -20.9678 -25.2104 15.5383
      vertex -18.4169 -22.6596 15.4141
      vertex -20.7957 -25.0383 16.3101
    endloop
  endfacet
  facet normal 0.70708 -0.707133 -0.000510551
    outer loop
      vertex -18.4169 -22.6596 15.4141
      vertex -20.9678 -25.2104 15.5383
      vertex -18.4383 -22.6809 15.2778
    endloop
  endfacet
  facet normal 0.707107 -0.707107 0
    outer loop
      vertex -18.4383 -22.6809 15.2778
      vertex -20.9678 -25.2104 15.5383
      vertex -18.4512 -22.6938 15.1394
    endloop
  endfacet
  facet normal 0.707127 -0.707086 0.000259913
    outer loop
      vertex -20.9927 -25.2354 15.2702
      vertex -18.4512 -22.6938 15.1394
      vertex -20.9678 -25.2104 15.5383
    endloop
  endfacet
  facet normal 0.707121 -0.707093 0
    outer loop
      vertex -20.9927 -25.2354 15
      vertex -18.4512 -22.6938 15.1394
      vertex -20.9927 -25.2354 15.2702
    endloop
  endfacet
  facet normal 0.707121 -0.707093 -8.59661e-07
    outer loop
      vertex -18.4512 -22.6938 15.1394
      vertex -20.9927 -25.2354 15
      vertex -18.4555 -22.6981 15
    endloop
  endfacet
  facet normal 0.707094 -0.707094 -0.00599232
    outer loop
      vertex -18.809 -23.0517 18.1
      vertex -19.0001 -23.2427 18.0882
      vertex -18.618 -22.8606 18.0882
    endloop
  endfacet
  facet normal 0.707107 -0.707107 -5.33519e-14
    outer loop
      vertex -19.1897 -23.4323 18.0529
      vertex -19.3764 -23.619 17.9944
      vertex -18.618 -22.8606 18.0882
    endloop
  endfacet
  facet normal -0.212792 -0.212792 0.953645
    outer loop
      vertex -23.619 -19.3764 17.9944
      vertex -19.5588 -23.8014 17.913
      vertex -19.3764 -23.619 17.9944
    endloop
  endfacet
  facet normal -0.212792 -0.212792 0.953645
    outer loop
      vertex -19.5588 -23.8014 17.913
      vertex -23.619 -19.3764 17.9944
      vertex -23.8014 -19.5588 17.913
    endloop
  endfacet
  facet normal -0.326516 -0.326516 0.887003
    outer loop
      vertex -23.9781 -19.7354 17.8096
      vertex -19.9051 -24.1477 17.6847
      vertex -19.7354 -23.9781 17.8096
    endloop
  endfacet
  facet normal -0.326516 -0.326516 0.887003
    outer loop
      vertex -19.9051 -24.1477 17.6847
      vertex -23.9781 -19.7354 17.8096
      vertex -24.1477 -19.9051 17.6847
    endloop
  endfacet
  facet normal -0.701061 -0.701061 0.130485
    outer loop
      vertex -25.2354 -20.9927 15.2702
      vertex -20.9678 -25.2104 15.5383
      vertex -25.2104 -20.9678 15.5383
    endloop
  endfacet
  facet normal -0.701061 -0.701061 0.130485
    outer loop
      vertex -20.9678 -25.2104 15.5383
      vertex -25.2354 -20.9927 15.2702
      vertex -20.9927 -25.2354 15.2702
    endloop
  endfacet
  facet normal -0.627221 -0.627221 0.461722
    outer loop
      vertex -20.7957 -25.0383 16.3101
      vertex -24.95 -20.7074 16.55
      vertex -25.0383 -20.7957 16.3101
    endloop
  endfacet
  facet normal -0.627221 -0.627221 0.461722
    outer loop
      vertex -24.95 -20.7074 16.55
      vertex -20.7957 -25.0383 16.3101
      vertex -20.7074 -24.95 16.55
    endloop
  endfacet
  facet normal -0.477778 -0.477778 0.737195
    outer loop
      vertex -24.4607 -20.2181 17.3747
      vertex -20.359 -24.6017 17.192
      vertex -20.2181 -24.4607 17.3747
    endloop
  endfacet
  facet normal -0.477778 -0.477778 0.737195
    outer loop
      vertex -20.359 -24.6017 17.192
      vertex -24.4607 -20.2181 17.3747
      vertex -24.6017 -20.359 17.192
    endloop
  endfacet
  facet normal 0.707107 -0.707107 -3.41139e-15
    outer loop
      vertex -17.4 -21.6427 17.3747
      vertex -17.2255 -21.4682 16.5939
      vertex -17.1371 -21.3798 16.5775
    endloop
  endfacet
  facet normal 0.707107 -0.707107 -3.2636e-15
    outer loop
      vertex -17.4 -21.6427 17.3747
      vertex -17.3241 -21.5668 16.6
      vertex -17.2255 -21.4682 16.5939
    endloop
  endfacet
  facet normal 0.707107 -0.707107 0
    outer loop
      vertex -17.3241 -21.5668 16.6
      vertex -17.4 -21.6427 17.3747
      vertex -17.4 -21.6427 16.5953
    endloop
  endfacet
  facet normal -0.707891 0.706321 -0.00101688
    outer loop
      vertex -21.1533 -16.9107 16.55
      vertex -21.6427 -17.4 17.3747
      vertex -21.2561 -17.0134 16.7781
    endloop
  endfacet
  facet normal -0.707107 0.707107 2.18368e-14
    outer loop
      vertex -21.2561 -17.0134 16.7781
      vertex -21.6427 -17.4 17.3747
      vertex -21.3725 -17.1298 16.9926
    endloop
  endfacet
  facet normal 0.212846 0.212846 0.953621
    outer loop
      vertex -22.302 -18.0593 17.913
      vertex -18.2417 -22.4843 17.9944
      vertex -18.0593 -22.302 17.913
    endloop
  endfacet
  facet normal 0.212846 0.212846 0.953621
    outer loop
      vertex -18.2417 -22.4843 17.9944
      vertex -22.302 -18.0593 17.913
      vertex -22.4843 -18.2417 17.9944
    endloop
  endfacet
  facet normal 0.379884 0.379884 0.843431
    outer loop
      vertex -21.7944 -17.5517 17.5394
      vertex -17.713 -21.9557 17.6847
      vertex -17.5517 -21.7944 17.5394
    endloop
  endfacet
  facet normal 0.379884 0.379884 0.843431
    outer loop
      vertex -17.713 -21.9557 17.6847
      vertex -21.7944 -17.5517 17.5394
      vertex -21.9557 -17.713 17.6847
    endloop
  endfacet
  facet normal -0.674402 -0.674402 0.300606
    outer loop
      vertex -25.169 -20.9264 15.8023
      vertex -20.8689 -25.1115 16.0603
      vertex -25.1115 -20.8689 16.0603
    endloop
  endfacet
  facet normal -0.674402 -0.674402 0.300606
    outer loop
      vertex -20.8689 -25.1115 16.0603
      vertex -25.169 -20.9264 15.8023
      vertex -20.9264 -25.169 15.8023
    endloop
  endfacet
  facet normal -0.707107 0.707107 0
    outer loop
      vertex -25.1115 -20.8689 16.0603
      vertex -25.2104 -20.9678 15.5383
      vertex -25.169 -20.9264 15.8023
    endloop
  endfacet
  facet normal -0.707107 0.707107 0
    outer loop
      vertex -21.6654 -17.4227 16.5939
      vertex -21.6427 -17.4 17.3747
      vertex -21.6427 -17.4 16.5953
    endloop
  endfacet
  facet normal -0.70747 0.706743 2.11235e-05
    outer loop
      vertex -21.7632 -17.5206 16.5757
      vertex -21.6427 -17.4 17.3747
      vertex -21.6654 -17.4227 16.5939
    endloop
  endfacet
  facet normal -0.706707 0.707506 -0.000209115
    outer loop
      vertex -21.8596 -17.6169 16.5455
      vertex -21.6427 -17.4 17.3747
      vertex -21.7632 -17.5206 16.5757
    endloop
  endfacet
  facet normal -0.707532 0.706682 0.000222408
    outer loop
      vertex -21.9537 -17.7111 16.5035
      vertex -21.6427 -17.4 17.3747
      vertex -21.8596 -17.6169 16.5455
    endloop
  endfacet
  facet normal -0.707077 0.707137 -0.000102617
    outer loop
      vertex -22.0449 -17.8023 16.4501
      vertex -21.6427 -17.4 17.3747
      vertex -21.9537 -17.7111 16.5035
    endloop
  endfacet
  facet normal -0.707107 0.707107 0
    outer loop
      vertex -22.4843 -18.2417 17.9944
      vertex -22.0449 -17.8023 16.4501
      vertex -22.1324 -17.8898 16.3856
    endloop
  endfacet
  facet normal -0.706752 0.707461 0.000155204
    outer loop
      vertex -22.4843 -18.2417 17.9944
      vertex -22.1324 -17.8898 16.3856
      vertex -22.2157 -17.973 16.3106
    endloop
  endfacet
  facet normal -0.707122 0.707091 2.85479e-05
    outer loop
      vertex -22.8606 -18.618 18.0882
      vertex -22.2157 -17.973 16.3106
      vertex -22.294 -18.0513 16.2257
    endloop
  endfacet
  facet normal -0.707119 0.707095 1.83178e-05
    outer loop
      vertex -24.1477 -19.9051 17.6847
      vertex -22.294 -18.0513 16.2257
      vertex -22.3668 -18.1241 16.1314
    endloop
  endfacet
  facet normal -0.707311 0.706903 -0.00042268
    outer loop
      vertex -24.1477 -19.9051 17.6847
      vertex -22.3668 -18.1241 16.1314
      vertex -22.4334 -18.1908 16.0285
    endloop
  endfacet
  facet normal -0.70716 0.707054 -3.02398e-05
    outer loop
      vertex -22.0449 -17.8023 16.4501
      vertex -22.4843 -18.2417 17.9944
      vertex -21.6427 -17.4 17.3747
    endloop
  endfacet
  facet normal -0.707094 0.707119 -1.35991e-05
    outer loop
      vertex -24.7309 -20.4882 16.9926
      vertex -22.4334 -18.1908 16.0285
      vertex -22.4935 -18.2509 15.9177
    endloop
  endfacet
  facet normal -0.706975 0.707238 0.000482125
    outer loop
      vertex -24.7309 -20.4882 16.9926
      vertex -22.4935 -18.2509 15.9177
      vertex -22.5466 -18.3039 15.8
    endloop
  endfacet
  facet normal -0.707237 0.706977 -0.000475623
    outer loop
      vertex -24.7309 -20.4882 16.9926
      vertex -22.5466 -18.3039 15.8
      vertex -22.5921 -18.3495 15.6762
    endloop
  endfacet
  facet normal -0.707107 0.707107 0
    outer loop
      vertex -25.0383 -20.7957 16.3101
      vertex -22.5921 -18.3495 15.6762
      vertex -22.6299 -18.3873 15.5472
    endloop
  endfacet
  facet normal -0.707028 0.707185 0.000496243
    outer loop
      vertex -25.0383 -20.7957 16.3101
      vertex -22.6299 -18.3873 15.5472
      vertex -22.6596 -18.4169 15.4141
    endloop
  endfacet
  facet normal -0.707133 0.70708 -0.000510551
    outer loop
      vertex -25.2104 -20.9678 15.5383
      vertex -22.6596 -18.4169 15.4141
      vertex -22.6809 -18.4383 15.2778
    endloop
  endfacet
  facet normal -0.707107 0.707107 0
    outer loop
      vertex -25.2104 -20.9678 15.5383
      vertex -22.6809 -18.4383 15.2778
      vertex -22.6938 -18.4512 15.1394
    endloop
  endfacet
  facet normal -0.707101 0.707112 4.3734e-05
    outer loop
      vertex -22.2157 -17.973 16.3106
      vertex -22.8606 -18.618 18.0882
      vertex -22.4843 -18.2417 17.9944
    endloop
  endfacet
  facet normal -0.707093 0.707121 -8.59661e-07
    outer loop
      vertex -25.2354 -20.9927 15
      vertex -22.6938 -18.4512 15.1394
      vertex -22.6981 -18.4555 15
    endloop
  endfacet
  facet normal -0.707112 0.707101 3.46597e-05
    outer loop
      vertex -22.294 -18.0513 16.2257
      vertex -24.1477 -19.9051 17.6847
      vertex -22.8606 -18.618 18.0882
    endloop
  endfacet
  facet normal -0.70708 0.707134 5.63213e-05
    outer loop
      vertex -22.4334 -18.1908 16.0285
      vertex -24.7309 -20.4882 16.9926
      vertex -24.1477 -19.9051 17.6847
    endloop
  endfacet
  facet normal -0.707119 0.707095 -9.27753e-05
    outer loop
      vertex -22.5921 -18.3495 15.6762
      vertex -25.0383 -20.7957 16.3101
      vertex -24.7309 -20.4882 16.9926
    endloop
  endfacet
  facet normal -0.70712 0.707093 6.11486e-06
    outer loop
      vertex -22.6596 -18.4169 15.4141
      vertex -25.2104 -20.9678 15.5383
      vertex -25.0383 -20.7957 16.3101
    endloop
  endfacet
  facet normal -0.707093 0.707121 0
    outer loop
      vertex -22.6938 -18.4512 15.1394
      vertex -25.2354 -20.9927 15
      vertex -25.2354 -20.9927 15.2702
    endloop
  endfacet
  facet normal -0.707086 0.707127 0.000259913
    outer loop
      vertex -22.6938 -18.4512 15.1394
      vertex -25.2354 -20.9927 15.2702
      vertex -25.2104 -20.9678 15.5383
    endloop
  endfacet
  facet normal -0.596374 -0.596374 0.537286
    outer loop
      vertex -24.95 -20.7074 16.55
      vertex -20.6046 -24.8473 16.7781
      vertex -24.8473 -20.6046 16.7781
    endloop
  endfacet
  facet normal -0.596374 -0.596374 0.537286
    outer loop
      vertex -20.6046 -24.8473 16.7781
      vertex -24.95 -20.7074 16.55
      vertex -20.7074 -24.95 16.55
    endloop
  endfacet
  facet normal -0.705309 0.708879 -0.00541528
    outer loop
      vertex -23.8014 -19.5588 17.913
      vertex -24.1477 -19.9051 17.6847
      vertex -23.9781 -19.7354 17.8096
    endloop
  endfacet
  facet normal -0.270421 -0.270421 0.923983
    outer loop
      vertex -23.8014 -19.5588 17.913
      vertex -19.7354 -23.9781 17.8096
      vertex -19.5588 -23.8014 17.913
    endloop
  endfacet
  facet normal -0.270421 -0.270421 0.923983
    outer loop
      vertex -19.7354 -23.9781 17.8096
      vertex -23.8014 -19.5588 17.913
      vertex -23.9781 -19.7354 17.8096
    endloop
  endfacet
  facet normal 0 -0.675557 0.737308
    outer loop
      vertex -3 -31.5926 17.3747
      vertex 3 -31.792 17.192
      vertex 3 -31.5926 17.3747
    endloop
  endfacet
  facet normal 0 -0.675557 0.737308
    outer loop
      vertex 3 -31.792 17.192
      vertex -3 -31.5926 17.3747
      vertex -3 -31.792 17.192
    endloop
  endfacet
  facet normal 0 -0.976317 0.216343
    outer loop
      vertex -3 -32.6529 15.5383
      vertex 3 -32.5944 15.8023
      vertex -3 -32.5944 15.8023
    endloop
  endfacet
  facet normal 0 -0.976317 0.216343
    outer loop
      vertex 3 -32.5944 15.8023
      vertex -3 -32.6529 15.5383
      vertex 3 -32.6529 15.5383
    endloop
  endfacet
  facet normal -0 0.216343 0.976317
    outer loop
      vertex -3 -28.7977 17.9944
      vertex 3 -29.0617 18.0529
      vertex 3 -28.7977 17.9944
    endloop
  endfacet
  facet normal 0 0.216343 0.976317
    outer loop
      vertex 3 -29.0617 18.0529
      vertex -3 -28.7977 17.9944
      vertex -3 -29.0617 18.0529
    endloop
  endfacet
  facet normal 0 -0.999048 0.0436298
    outer loop
      vertex -3 -32.7 15
      vertex 3 -32.6882 15.2702
      vertex -3 -32.6882 15.2702
    endloop
  endfacet
  facet normal 0 -0.999048 0.0436298
    outer loop
      vertex 3 -32.6882 15.2702
      vertex -3 -32.7 15
      vertex 3 -32.7 15
    endloop
  endfacet
  facet normal 0 -0.886987 0.461795
    outer loop
      vertex -3 -32.4096 16.3101
      vertex 3 -32.2847 16.55
      vertex -3 -32.2847 16.55
    endloop
  endfacet
  facet normal 0 -0.886987 0.461795
    outer loop
      vertex 3 -32.2847 16.55
      vertex -3 -32.4096 16.3101
      vertex 3 -32.4096 16.3101
    endloop
  endfacet
  facet normal -0 0.675557 0.737308
    outer loop
      vertex -3 -27.408 17.192
      vertex 3 -27.6074 17.3747
      vertex 3 -27.408 17.192
    endloop
  endfacet
  facet normal 0 0.675557 0.737308
    outer loop
      vertex 3 -27.6074 17.3747
      vertex -3 -27.408 17.192
      vertex -3 -27.6074 17.3747
    endloop
  endfacet
  facet normal 0 -0.953661 0.300884
    outer loop
      vertex -3 -32.5944 15.8023
      vertex 3 -32.513 16.0603
      vertex -3 -32.513 16.0603
    endloop
  endfacet
  facet normal 0 -0.953661 0.300884
    outer loop
      vertex 3 -32.513 16.0603
      vertex -3 -32.5944 15.8023
      vertex 3 -32.5944 15.8023
    endloop
  endfacet
  facet normal 0 0.737308 0.675557
    outer loop
      vertex 3 -27.2253 16.9926
      vertex -3 -27.408 17.192
      vertex 3 -27.408 17.192
    endloop
  endfacet
  facet normal 0 0.737308 0.675557
    outer loop
      vertex -3 -27.408 17.192
      vertex 3 -27.2253 16.9926
      vertex -3 -27.2253 16.9926
    endloop
  endfacet
  facet normal 0 -0.923972 0.382461
    outer loop
      vertex -3 -32.513 16.0603
      vertex 3 -32.4096 16.3101
      vertex -3 -32.4096 16.3101
    endloop
  endfacet
  facet normal 0 -0.923972 0.382461
    outer loop
      vertex 3 -32.4096 16.3101
      vertex -3 -32.513 16.0603
      vertex 3 -32.513 16.0603
    endloop
  endfacet
  facet normal 0 -0.0436298 0.999048
    outer loop
      vertex -3 -29.6 18.1
      vertex 3 -29.8702 18.0882
      vertex 3 -29.6 18.1
    endloop
  endfacet
  facet normal 0 -0.0436298 0.999048
    outer loop
      vertex 3 -29.8702 18.0882
      vertex -3 -29.6 18.1
      vertex -3 -29.8702 18.0882
    endloop
  endfacet
  facet normal 0 -0.461795 0.886987
    outer loop
      vertex -3 -30.9101 17.8096
      vertex 3 -31.15 17.6847
      vertex 3 -30.9101 17.8096
    endloop
  endfacet
  facet normal 0 -0.461795 0.886987
    outer loop
      vertex 3 -31.15 17.6847
      vertex -3 -30.9101 17.8096
      vertex -3 -31.15 17.6847
    endloop
  endfacet
  facet normal -0 0.461795 0.886987
    outer loop
      vertex -3 -28.05 17.6847
      vertex 3 -28.2899 17.8096
      vertex 3 -28.05 17.6847
    endloop
  endfacet
  facet normal 0 0.461795 0.886987
    outer loop
      vertex 3 -28.2899 17.8096
      vertex -3 -28.05 17.6847
      vertex -3 -28.2899 17.8096
    endloop
  endfacet
  facet normal 0 -0.537258 0.843418
    outer loop
      vertex -3 -31.15 17.6847
      vertex 3 -31.3781 17.5394
      vertex 3 -31.15 17.6847
    endloop
  endfacet
  facet normal 0 -0.537258 0.843418
    outer loop
      vertex 3 -31.3781 17.5394
      vertex -3 -31.15 17.6847
      vertex -3 -31.3781 17.5394
    endloop
  endfacet
  facet normal 0 -0.79316 0.609014
    outer loop
      vertex -3 -32.1394 16.7781
      vertex 3 -31.9747 16.9926
      vertex -3 -31.9747 16.9926
    endloop
  endfacet
  facet normal 0 -0.79316 0.609014
    outer loop
      vertex 3 -31.9747 16.9926
      vertex -3 -32.1394 16.7781
      vertex 3 -32.1394 16.7781
    endloop
  endfacet
  facet normal -0 0.537258 0.843418
    outer loop
      vertex -3 -27.8219 17.5394
      vertex 3 -28.05 17.6847
      vertex 3 -27.8219 17.5394
    endloop
  endfacet
  facet normal 0 0.537258 0.843418
    outer loop
      vertex 3 -28.05 17.6847
      vertex -3 -27.8219 17.5394
      vertex -3 -28.05 17.6847
    endloop
  endfacet
  facet normal 0 -0.382461 0.923972
    outer loop
      vertex -3 -30.6603 17.913
      vertex 3 -30.9101 17.8096
      vertex 3 -30.6603 17.913
    endloop
  endfacet
  facet normal 0 -0.382461 0.923972
    outer loop
      vertex 3 -30.9101 17.8096
      vertex -3 -30.6603 17.913
      vertex -3 -30.9101 17.8096
    endloop
  endfacet
  facet normal 0 -0.991443 0.130541
    outer loop
      vertex -3 -32.6882 15.2702
      vertex 3 -32.6529 15.5383
      vertex -3 -32.6529 15.5383
    endloop
  endfacet
  facet normal 0 -0.991443 0.130541
    outer loop
      vertex 3 -32.6529 15.5383
      vertex -3 -32.6882 15.2702
      vertex 3 -32.6882 15.2702
    endloop
  endfacet
  facet normal 0 0.843418 0.537258
    outer loop
      vertex 3 -26.9153 16.55
      vertex -3 -27.0606 16.7781
      vertex 3 -27.0606 16.7781
    endloop
  endfacet
  facet normal 0 0.843418 0.537258
    outer loop
      vertex -3 -27.0606 16.7781
      vertex 3 -26.9153 16.55
      vertex -3 -26.9153 16.55
    endloop
  endfacet
  facet normal 0 0.79316 0.609014
    outer loop
      vertex 3 -27.0606 16.7781
      vertex -3 -27.2253 16.9926
      vertex 3 -27.2253 16.9926
    endloop
  endfacet
  facet normal 0 0.79316 0.609014
    outer loop
      vertex -3 -27.2253 16.9926
      vertex 3 -27.0606 16.7781
      vertex -3 -27.0606 16.7781
    endloop
  endfacet
  facet normal 0 -0.843418 0.537258
    outer loop
      vertex -3 -32.2847 16.55
      vertex 3 -32.1394 16.7781
      vertex -3 -32.1394 16.7781
    endloop
  endfacet
  facet normal 0 -0.843418 0.537258
    outer loop
      vertex 3 -32.1394 16.7781
      vertex -3 -32.2847 16.55
      vertex 3 -32.2847 16.55
    endloop
  endfacet
  facet normal 0 -0.216343 0.976317
    outer loop
      vertex -3 -30.1383 18.0529
      vertex 3 -30.4023 17.9944
      vertex 3 -30.1383 18.0529
    endloop
  endfacet
  facet normal 0 -0.216343 0.976317
    outer loop
      vertex 3 -30.4023 17.9944
      vertex -3 -30.1383 18.0529
      vertex -3 -30.4023 17.9944
    endloop
  endfacet
  facet normal 0 -0.609014 0.79316
    outer loop
      vertex -3 -31.3781 17.5394
      vertex 3 -31.5926 17.3747
      vertex 3 -31.3781 17.5394
    endloop
  endfacet
  facet normal 0 -0.609014 0.79316
    outer loop
      vertex 3 -31.5926 17.3747
      vertex -3 -31.3781 17.5394
      vertex -3 -31.5926 17.3747
    endloop
  endfacet
  facet normal 0 0.887125 0.46153
    outer loop
      vertex 3 -26.8742 16.471
      vertex -3 -26.9153 16.55
      vertex 3 -26.9153 16.55
    endloop
  endfacet
  facet normal 0 0.887125 0.46153
    outer loop
      vertex -3 -26.9153 16.55
      vertex 3 -26.8742 16.471
      vertex -3 -26.8742 16.471
    endloop
  endfacet
  facet normal -0 0.609014 0.79316
    outer loop
      vertex -3 -27.6074 17.3747
      vertex 3 -27.8219 17.5394
      vertex 3 -27.6074 17.3747
    endloop
  endfacet
  facet normal 0 0.609014 0.79316
    outer loop
      vertex 3 -27.8219 17.5394
      vertex -3 -27.6074 17.3747
      vertex -3 -27.8219 17.5394
    endloop
  endfacet
  facet normal -0 0.0436298 0.999048
    outer loop
      vertex -3 -29.3298 18.0882
      vertex 3 -29.6 18.1
      vertex 3 -29.3298 18.0882
    endloop
  endfacet
  facet normal 0 0.0436298 0.999048
    outer loop
      vertex 3 -29.6 18.1
      vertex -3 -29.3298 18.0882
      vertex -3 -29.6 18.1
    endloop
  endfacet
  facet normal 0 -0.130541 0.991443
    outer loop
      vertex -3 -29.8702 18.0882
      vertex 3 -30.1383 18.0529
      vertex 3 -29.8702 18.0882
    endloop
  endfacet
  facet normal 0 -0.130541 0.991443
    outer loop
      vertex 3 -30.1383 18.0529
      vertex -3 -29.8702 18.0882
      vertex -3 -30.1383 18.0529
    endloop
  endfacet
  facet normal -0 0.130541 0.991443
    outer loop
      vertex -3 -29.0617 18.0529
      vertex 3 -29.3298 18.0882
      vertex 3 -29.0617 18.0529
    endloop
  endfacet
  facet normal 0 0.130541 0.991443
    outer loop
      vertex 3 -29.3298 18.0882
      vertex -3 -29.0617 18.0529
      vertex -3 -29.3298 18.0882
    endloop
  endfacet
  facet normal -0 0.300884 0.953661
    outer loop
      vertex -3 -28.5397 17.913
      vertex 3 -28.7977 17.9944
      vertex 3 -28.5397 17.913
    endloop
  endfacet
  facet normal 0 0.300884 0.953661
    outer loop
      vertex 3 -28.7977 17.9944
      vertex -3 -28.5397 17.913
      vertex -3 -28.7977 17.9944
    endloop
  endfacet
  facet normal -0 0.382461 0.923972
    outer loop
      vertex -3 -28.2899 17.8096
      vertex 3 -28.5397 17.913
      vertex 3 -28.2899 17.8096
    endloop
  endfacet
  facet normal 0 0.382461 0.923972
    outer loop
      vertex 3 -28.5397 17.913
      vertex -3 -28.2899 17.8096
      vertex -3 -28.5397 17.913
    endloop
  endfacet
  facet normal 0 -0.737308 0.675557
    outer loop
      vertex -3 -31.9747 16.9926
      vertex 3 -31.792 17.192
      vertex -3 -31.792 17.192
    endloop
  endfacet
  facet normal 0 -0.737308 0.675557
    outer loop
      vertex 3 -31.792 17.192
      vertex -3 -31.9747 16.9926
      vertex 3 -31.9747 16.9926
    endloop
  endfacet
  facet normal 1 0 0
    outer loop
      vertex 3 -26.9153 16.55
      vertex 3 -26.9528 16.5035
      vertex 3 -26.8742 16.471
    endloop
  endfacet
  facet normal 1 0 0
    outer loop
      vertex 3 -27.0859 16.5455
      vertex 3 -26.9153 16.55
      vertex 3 -27.0606 16.7781
    endloop
  endfacet
  facet normal 1 0 0
    outer loop
      vertex 3 -26.9153 16.55
      vertex 3 -27.0859 16.5455
      vertex 3 -26.9528 16.5035
    endloop
  endfacet
  facet normal 1 0 0
    outer loop
      vertex 3 -27.0606 16.7781
      vertex 3 -27.2222 16.5757
      vertex 3 -27.0859 16.5455
    endloop
  endfacet
  facet normal 1 0 0
    outer loop
      vertex 3 -27.3605 16.5939
      vertex 3 -27.0606 16.7781
      vertex 3 -27.2253 16.9926
    endloop
  endfacet
  facet normal 1 0 0
    outer loop
      vertex 3 -27.0606 16.7781
      vertex 3 -27.3605 16.5939
      vertex 3 -27.2222 16.5757
    endloop
  endfacet
  facet normal 1 0 0
    outer loop
      vertex 3 -27.5 16.6
      vertex 3 -27.2253 16.9926
      vertex 3 -27.408 17.192
    endloop
  endfacet
  facet normal 1 0 0
    outer loop
      vertex 3 -27.2253 16.9926
      vertex 3 -27.5 16.6
      vertex 3 -27.3605 16.5939
    endloop
  endfacet
  facet normal 1 0 0
    outer loop
      vertex 3 -27.7778 16.5757
      vertex 3 -27.408 17.192
      vertex 3 -27.6074 17.3747
    endloop
  endfacet
  facet normal 1 0 0
    outer loop
      vertex 3 -27.408 17.192
      vertex 3 -27.6395 16.5939
      vertex 3 -27.5 16.6
    endloop
  endfacet
  facet normal 1 0 0
    outer loop
      vertex 3 -27.408 17.192
      vertex 3 -27.7778 16.5757
      vertex 3 -27.6395 16.5939
    endloop
  endfacet
  facet normal 1 0 0
    outer loop
      vertex 3 -27.9141 16.5455
      vertex 3 -27.6074 17.3747
      vertex 3 -27.8219 17.5394
    endloop
  endfacet
  facet normal 1 0 0
    outer loop
      vertex 3 -27.6074 17.3747
      vertex 3 -27.9141 16.5455
      vertex 3 -27.7778 16.5757
    endloop
  endfacet
  facet normal 1 0 0
    outer loop
      vertex 3 -27.8219 17.5394
      vertex 3 -28.0472 16.5035
      vertex 3 -27.9141 16.5455
    endloop
  endfacet
  facet normal 1 0 0
    outer loop
      vertex 3 -28.05 17.6847
      vertex 3 -28.0472 16.5035
      vertex 3 -27.8219 17.5394
    endloop
  endfacet
  facet normal 1 0 0
    outer loop
      vertex 3 -28.05 17.6847
      vertex 3 -28.1762 16.4501
      vertex 3 -28.0472 16.5035
    endloop
  endfacet
  facet normal 1 0 0
    outer loop
      vertex 3 -28.2899 17.8096
      vertex 3 -28.1762 16.4501
      vertex 3 -28.05 17.6847
    endloop
  endfacet
  facet normal 1 0 0
    outer loop
      vertex 3 -28.2899 17.8096
      vertex 3 -28.3 16.3856
      vertex 3 -28.1762 16.4501
    endloop
  endfacet
  facet normal 1 0 0
    outer loop
      vertex 3 -28.5397 17.913
      vertex 3 -28.3 16.3856
      vertex 3 -28.2899 17.8096
    endloop
  endfacet
  facet normal 1 0 0
    outer loop
      vertex 3 -28.3 16.3856
      vertex 3 -28.5397 17.913
      vertex 3 -28.4177 16.3106
    endloop
  endfacet
  facet normal 1 0 0
    outer loop
      vertex 3 -28.7977 17.9944
      vertex 3 -28.4177 16.3106
      vertex 3 -28.5397 17.913
    endloop
  endfacet
  facet normal 1 0 0
    outer loop
      vertex 3 -28.4177 16.3106
      vertex 3 -28.7977 17.9944
      vertex 3 -28.5285 16.2257
    endloop
  endfacet
  facet normal 1 0 0
    outer loop
      vertex 3 -29.0617 18.0529
      vertex 3 -28.5285 16.2257
      vertex 3 -28.7977 17.9944
    endloop
  endfacet
  facet normal 1 0 0
    outer loop
      vertex 3 -28.5285 16.2257
      vertex 3 -29.0617 18.0529
      vertex 3 -28.6314 16.1314
    endloop
  endfacet
  facet normal 1 0 0
    outer loop
      vertex 3 -29.3298 18.0882
      vertex 3 -28.6314 16.1314
      vertex 3 -29.0617 18.0529
    endloop
  endfacet
  facet normal 1 0 0
    outer loop
      vertex 3 -29.6 18.1
      vertex 3 -28.6314 16.1314
      vertex 3 -29.3298 18.0882
    endloop
  endfacet
  facet normal 1 0 0
    outer loop
      vertex 3 -28.6314 16.1314
      vertex 3 -29.6 18.1
      vertex 3 -28.7257 16.0285
    endloop
  endfacet
  facet normal 1 -0 0
    outer loop
      vertex 3 -29.8702 18.0882
      vertex 3 -28.7257 16.0285
      vertex 3 -29.6 18.1
    endloop
  endfacet
  facet normal 1 0 0
    outer loop
      vertex 3 -28.7257 16.0285
      vertex 3 -29.8702 18.0882
      vertex 3 -28.8106 15.9177
    endloop
  endfacet
  facet normal 1 -0 0
    outer loop
      vertex 3 -30.1383 18.0529
      vertex 3 -28.8106 15.9177
      vertex 3 -29.8702 18.0882
    endloop
  endfacet
  facet normal 1 -0 0
    outer loop
      vertex 3 -30.4023 17.9944
      vertex 3 -28.8106 15.9177
      vertex 3 -30.1383 18.0529
    endloop
  endfacet
  facet normal 1 0 0
    outer loop
      vertex 3 -28.8106 15.9177
      vertex 3 -30.4023 17.9944
      vertex 3 -28.8856 15.8
    endloop
  endfacet
  facet normal 1 -0 0
    outer loop
      vertex 3 -30.6603 17.913
      vertex 3 -28.8856 15.8
      vertex 3 -30.4023 17.9944
    endloop
  endfacet
  facet normal 1 -0 0
    outer loop
      vertex 3 -30.9101 17.8096
      vertex 3 -28.8856 15.8
      vertex 3 -30.6603 17.913
    endloop
  endfacet
  facet normal 1 0 0
    outer loop
      vertex 3 -28.8856 15.8
      vertex 3 -30.9101 17.8096
      vertex 3 -28.9501 15.6762
    endloop
  endfacet
  facet normal 1 -0 0
    outer loop
      vertex 3 -31.15 17.6847
      vertex 3 -28.9501 15.6762
      vertex 3 -30.9101 17.8096
    endloop
  endfacet
  facet normal 1 -0 0
    outer loop
      vertex 3 -31.3781 17.5394
      vertex 3 -28.9501 15.6762
      vertex 3 -31.15 17.6847
    endloop
  endfacet
  facet normal 1 0 0
    outer loop
      vertex 3 -28.9501 15.6762
      vertex 3 -31.3781 17.5394
      vertex 3 -29.0035 15.5472
    endloop
  endfacet
  facet normal 1 -0 0
    outer loop
      vertex 3 -31.5926 17.3747
      vertex 3 -29.0035 15.5472
      vertex 3 -31.3781 17.5394
    endloop
  endfacet
  facet normal 1 -0 0
    outer loop
      vertex 3 -31.792 17.192
      vertex 3 -29.0035 15.5472
      vertex 3 -31.5926 17.3747
    endloop
  endfacet
  facet normal 1 0 0
    outer loop
      vertex 3 -29.0035 15.5472
      vertex 3 -31.792 17.192
      vertex 3 -29.0455 15.4141
    endloop
  endfacet
  facet normal 1 -0 0
    outer loop
      vertex 3 -31.9747 16.9926
      vertex 3 -29.0455 15.4141
      vertex 3 -31.792 17.192
    endloop
  endfacet
  facet normal 1 -0 0
    outer loop
      vertex 3 -32.1394 16.7781
      vertex 3 -29.0455 15.4141
      vertex 3 -31.9747 16.9926
    endloop
  endfacet
  facet normal 1 0 0
    outer loop
      vertex 3 -29.0455 15.4141
      vertex 3 -32.1394 16.7781
      vertex 3 -29.0757 15.2778
    endloop
  endfacet
  facet normal 1 -0 0
    outer loop
      vertex 3 -32.2847 16.55
      vertex 3 -29.0757 15.2778
      vertex 3 -32.1394 16.7781
    endloop
  endfacet
  facet normal 1 -0 0
    outer loop
      vertex 3 -32.4096 16.3101
      vertex 3 -29.0757 15.2778
      vertex 3 -32.2847 16.55
    endloop
  endfacet
  facet normal 1 -0 0
    outer loop
      vertex 3 -32.513 16.0603
      vertex 3 -29.0757 15.2778
      vertex 3 -32.4096 16.3101
    endloop
  endfacet
  facet normal 1 0 0
    outer loop
      vertex 3 -29.0757 15.2778
      vertex 3 -32.513 16.0603
      vertex 3 -29.0939 15.1394
    endloop
  endfacet
  facet normal 1 -0 0
    outer loop
      vertex 3 -32.5944 15.8023
      vertex 3 -29.0939 15.1394
      vertex 3 -32.513 16.0603
    endloop
  endfacet
  facet normal 1 -0 0
    outer loop
      vertex 3 -32.6529 15.5383
      vertex 3 -29.0939 15.1394
      vertex 3 -32.5944 15.8023
    endloop
  endfacet
  facet normal 1 -0 0
    outer loop
      vertex 3 -32.6882 15.2702
      vertex 3 -29.0939 15.1394
      vertex 3 -32.6529 15.5383
    endloop
  endfacet
  facet normal 1 0 0
    outer loop
      vertex 3 -29.0939 15.1394
      vertex 3 -32.6882 15.2702
      vertex 3 -29.1 15
    endloop
  endfacet
  facet normal 1 0 0
    outer loop
      vertex 3 -29.1 15
      vertex 3 -32.6882 15.2702
      vertex 3 -32.7 15
    endloop
  endfacet
  facet normal 0 -0.300884 0.953661
    outer loop
      vertex -3 -30.4023 17.9944
      vertex 3 -30.6603 17.913
      vertex 3 -30.4023 17.9944
    endloop
  endfacet
  facet normal 0 -0.300884 0.953661
    outer loop
      vertex 3 -30.6603 17.913
      vertex -3 -30.4023 17.9944
      vertex -3 -30.6603 17.913
    endloop
  endfacet
  facet normal -1 0 0
    outer loop
      vertex -3 -26.9528 16.5035
      vertex -3 -26.9153 16.55
      vertex -3 -26.8742 16.471
    endloop
  endfacet
  facet normal -1 0 0
    outer loop
      vertex -3 -27.0859 16.5455
      vertex -3 -26.9153 16.55
      vertex -3 -26.9528 16.5035
    endloop
  endfacet
  facet normal -1 -0 0
    outer loop
      vertex -3 -26.9153 16.55
      vertex -3 -27.0859 16.5455
      vertex -3 -27.0606 16.7781
    endloop
  endfacet
  facet normal -1 0 0
    outer loop
      vertex -3 -27.2222 16.5757
      vertex -3 -27.0606 16.7781
      vertex -3 -27.0859 16.5455
    endloop
  endfacet
  facet normal -1 0 0
    outer loop
      vertex -3 -27.3605 16.5939
      vertex -3 -27.0606 16.7781
      vertex -3 -27.2222 16.5757
    endloop
  endfacet
  facet normal -1 -0 0
    outer loop
      vertex -3 -27.0606 16.7781
      vertex -3 -27.3605 16.5939
      vertex -3 -27.2253 16.9926
    endloop
  endfacet
  facet normal -1 0 0
    outer loop
      vertex -3 -27.5 16.6
      vertex -3 -27.2253 16.9926
      vertex -3 -27.3605 16.5939
    endloop
  endfacet
  facet normal -1 -0 0
    outer loop
      vertex -3 -27.2253 16.9926
      vertex -3 -27.5 16.6
      vertex -3 -27.408 17.192
    endloop
  endfacet
  facet normal -1 0 0
    outer loop
      vertex -3 -27.6395 16.5939
      vertex -3 -27.408 17.192
      vertex -3 -27.5 16.6
    endloop
  endfacet
  facet normal -1 0 0
    outer loop
      vertex -3 -27.7778 16.5757
      vertex -3 -27.408 17.192
      vertex -3 -27.6395 16.5939
    endloop
  endfacet
  facet normal -1 -0 0
    outer loop
      vertex -3 -27.408 17.192
      vertex -3 -27.7778 16.5757
      vertex -3 -27.6074 17.3747
    endloop
  endfacet
  facet normal -1 0 0
    outer loop
      vertex -3 -27.9141 16.5455
      vertex -3 -27.6074 17.3747
      vertex -3 -27.7778 16.5757
    endloop
  endfacet
  facet normal -1 -0 0
    outer loop
      vertex -3 -27.6074 17.3747
      vertex -3 -27.9141 16.5455
      vertex -3 -27.8219 17.5394
    endloop
  endfacet
  facet normal -1 0 0
    outer loop
      vertex -3 -28.0472 16.5035
      vertex -3 -27.8219 17.5394
      vertex -3 -27.9141 16.5455
    endloop
  endfacet
  facet normal -1 0 0
    outer loop
      vertex -3 -28.0472 16.5035
      vertex -3 -28.05 17.6847
      vertex -3 -27.8219 17.5394
    endloop
  endfacet
  facet normal -1 0 0
    outer loop
      vertex -3 -28.1762 16.4501
      vertex -3 -28.05 17.6847
      vertex -3 -28.0472 16.5035
    endloop
  endfacet
  facet normal -1 0 0
    outer loop
      vertex -3 -28.1762 16.4501
      vertex -3 -28.2899 17.8096
      vertex -3 -28.05 17.6847
    endloop
  endfacet
  facet normal -1 0 0
    outer loop
      vertex -3 -28.3 16.3856
      vertex -3 -28.2899 17.8096
      vertex -3 -28.1762 16.4501
    endloop
  endfacet
  facet normal -1 0 0
    outer loop
      vertex -3 -28.5397 17.913
      vertex -3 -28.3 16.3856
      vertex -3 -28.4177 16.3106
    endloop
  endfacet
  facet normal -1 0 0
    outer loop
      vertex -3 -28.7977 17.9944
      vertex -3 -28.4177 16.3106
      vertex -3 -28.5285 16.2257
    endloop
  endfacet
  facet normal -1 0 0
    outer loop
      vertex -3 -28.3 16.3856
      vertex -3 -28.5397 17.913
      vertex -3 -28.2899 17.8096
    endloop
  endfacet
  facet normal -1 0 0
    outer loop
      vertex -3 -29.0617 18.0529
      vertex -3 -28.5285 16.2257
      vertex -3 -28.6314 16.1314
    endloop
  endfacet
  facet normal -1 0 0
    outer loop
      vertex -3 -29.6 18.1
      vertex -3 -28.6314 16.1314
      vertex -3 -28.7257 16.0285
    endloop
  endfacet
  facet normal -1 0 0
    outer loop
      vertex -3 -28.4177 16.3106
      vertex -3 -28.7977 17.9944
      vertex -3 -28.5397 17.913
    endloop
  endfacet
  facet normal -1 0 0
    outer loop
      vertex -3 -29.8702 18.0882
      vertex -3 -28.7257 16.0285
      vertex -3 -28.8106 15.9177
    endloop
  endfacet
  facet normal -1 0 0
    outer loop
      vertex -3 -30.4023 17.9944
      vertex -3 -28.8106 15.9177
      vertex -3 -28.8856 15.8
    endloop
  endfacet
  facet normal -1 0 0
    outer loop
      vertex -3 -30.9101 17.8096
      vertex -3 -28.8856 15.8
      vertex -3 -28.9501 15.6762
    endloop
  endfacet
  facet normal -1 0 0
    outer loop
      vertex -3 -31.3781 17.5394
      vertex -3 -28.9501 15.6762
      vertex -3 -29.0035 15.5472
    endloop
  endfacet
  facet normal -1 0 0
    outer loop
      vertex -3 -31.792 17.192
      vertex -3 -29.0035 15.5472
      vertex -3 -29.0455 15.4141
    endloop
  endfacet
  facet normal -1 0 0
    outer loop
      vertex -3 -28.5285 16.2257
      vertex -3 -29.0617 18.0529
      vertex -3 -28.7977 17.9944
    endloop
  endfacet
  facet normal -1 0 0
    outer loop
      vertex -3 -32.1394 16.7781
      vertex -3 -29.0455 15.4141
      vertex -3 -29.0757 15.2778
    endloop
  endfacet
  facet normal -1 0 0
    outer loop
      vertex -3 -32.513 16.0603
      vertex -3 -29.0757 15.2778
      vertex -3 -29.0939 15.1394
    endloop
  endfacet
  facet normal -1 0 0
    outer loop
      vertex -3 -32.6882 15.2702
      vertex -3 -29.0939 15.1394
      vertex -3 -29.1 15
    endloop
  endfacet
  facet normal -1 0 0
    outer loop
      vertex -3 -28.6314 16.1314
      vertex -3 -29.3298 18.0882
      vertex -3 -29.0617 18.0529
    endloop
  endfacet
  facet normal -1 0 0
    outer loop
      vertex -3 -28.6314 16.1314
      vertex -3 -29.6 18.1
      vertex -3 -29.3298 18.0882
    endloop
  endfacet
  facet normal -1 0 0
    outer loop
      vertex -3 -28.7257 16.0285
      vertex -3 -29.8702 18.0882
      vertex -3 -29.6 18.1
    endloop
  endfacet
  facet normal -1 0 0
    outer loop
      vertex -3 -28.8106 15.9177
      vertex -3 -30.1383 18.0529
      vertex -3 -29.8702 18.0882
    endloop
  endfacet
  facet normal -1 0 0
    outer loop
      vertex -3 -28.8106 15.9177
      vertex -3 -30.4023 17.9944
      vertex -3 -30.1383 18.0529
    endloop
  endfacet
  facet normal -1 0 0
    outer loop
      vertex -3 -28.8856 15.8
      vertex -3 -30.6603 17.913
      vertex -3 -30.4023 17.9944
    endloop
  endfacet
  facet normal -1 0 0
    outer loop
      vertex -3 -28.8856 15.8
      vertex -3 -30.9101 17.8096
      vertex -3 -30.6603 17.913
    endloop
  endfacet
  facet normal -1 0 0
    outer loop
      vertex -3 -28.9501 15.6762
      vertex -3 -31.15 17.6847
      vertex -3 -30.9101 17.8096
    endloop
  endfacet
  facet normal -1 0 0
    outer loop
      vertex -3 -28.9501 15.6762
      vertex -3 -31.3781 17.5394
      vertex -3 -31.15 17.6847
    endloop
  endfacet
  facet normal -1 0 0
    outer loop
      vertex -3 -29.0035 15.5472
      vertex -3 -31.5926 17.3747
      vertex -3 -31.3781 17.5394
    endloop
  endfacet
  facet normal -1 0 0
    outer loop
      vertex -3 -29.0035 15.5472
      vertex -3 -31.792 17.192
      vertex -3 -31.5926 17.3747
    endloop
  endfacet
  facet normal -1 0 0
    outer loop
      vertex -3 -29.0455 15.4141
      vertex -3 -31.9747 16.9926
      vertex -3 -31.792 17.192
    endloop
  endfacet
  facet normal -1 0 0
    outer loop
      vertex -3 -29.0455 15.4141
      vertex -3 -32.1394 16.7781
      vertex -3 -31.9747 16.9926
    endloop
  endfacet
  facet normal -1 0 0
    outer loop
      vertex -3 -29.0757 15.2778
      vertex -3 -32.2847 16.55
      vertex -3 -32.1394 16.7781
    endloop
  endfacet
  facet normal -1 0 0
    outer loop
      vertex -3 -29.0757 15.2778
      vertex -3 -32.4096 16.3101
      vertex -3 -32.2847 16.55
    endloop
  endfacet
  facet normal -1 0 0
    outer loop
      vertex -3 -29.0757 15.2778
      vertex -3 -32.513 16.0603
      vertex -3 -32.4096 16.3101
    endloop
  endfacet
  facet normal -1 0 0
    outer loop
      vertex -3 -29.0939 15.1394
      vertex -3 -32.5944 15.8023
      vertex -3 -32.513 16.0603
    endloop
  endfacet
  facet normal -1 0 0
    outer loop
      vertex -3 -29.0939 15.1394
      vertex -3 -32.6529 15.5383
      vertex -3 -32.5944 15.8023
    endloop
  endfacet
  facet normal -1 0 0
    outer loop
      vertex -3 -29.0939 15.1394
      vertex -3 -32.6882 15.2702
      vertex -3 -32.6529 15.5383
    endloop
  endfacet
  facet normal -1 0 -0
    outer loop
      vertex -3 -32.6882 15.2702
      vertex -3 -29.1 15
      vertex -3 -32.7 15
    endloop
  endfacet
  facet normal 0.707107 0.707107 0
    outer loop
      vertex 25.2104 -20.9678 15.5383
      vertex 25.1115 -20.8689 16.0603
      vertex 25.169 -20.9264 15.8023
    endloop
  endfacet
  facet normal 0.706432 -0.706432 0.0436618
    outer loop
      vertex 20.9927 -25.2354 15.2702
      vertex 25.2437 -21.0011 15
      vertex 25.2354 -20.9927 15.2702
    endloop
  endfacet
  facet normal 0.706432 -0.706432 0.0436618
    outer loop
      vertex 25.2437 -21.0011 15
      vertex 20.9927 -25.2354 15.2702
      vertex 21.0011 -25.2437 15
    endloop
  endfacet
  facet normal 0.521334 -0.521334 0.67559
    outer loop
      vertex 24.6017 -20.359 17.192
      vertex 20.4882 -24.7309 16.9926
      vertex 24.7309 -20.4882 16.9926
    endloop
  endfacet
  facet normal 0.521334 -0.521334 0.67559
    outer loop
      vertex 20.4882 -24.7309 16.9926
      vertex 24.6017 -20.359 17.192
      vertex 20.359 -24.6017 17.192
    endloop
  endfacet
  facet normal 0.707107 0.707107 0
    outer loop
      vertex 21.6427 -17.4 17.3747
      vertex 21.6654 -17.4227 16.5939
      vertex 21.6427 -17.4 16.5953
    endloop
  endfacet
  facet normal 0.70747 0.706743 2.11235e-05
    outer loop
      vertex 21.6427 -17.4 17.3747
      vertex 21.7632 -17.5206 16.5757
      vertex 21.6654 -17.4227 16.5939
    endloop
  endfacet
  facet normal 0.706707 0.707506 -0.000209115
    outer loop
      vertex 21.6427 -17.4 17.3747
      vertex 21.8596 -17.6169 16.5455
      vertex 21.7632 -17.5206 16.5757
    endloop
  endfacet
  facet normal 0.707532 0.706682 0.000222408
    outer loop
      vertex 21.6427 -17.4 17.3747
      vertex 21.9537 -17.7111 16.5035
      vertex 21.8596 -17.6169 16.5455
    endloop
  endfacet
  facet normal 0.707077 0.707137 -0.000102617
    outer loop
      vertex 21.6427 -17.4 17.3747
      vertex 22.0449 -17.8023 16.4501
      vertex 21.9537 -17.7111 16.5035
    endloop
  endfacet
  facet normal 0.70716 0.707054 -3.02398e-05
    outer loop
      vertex 22.4843 -18.2417 17.9944
      vertex 22.0449 -17.8023 16.4501
      vertex 21.6427 -17.4 17.3747
    endloop
  endfacet
  facet normal 0.707107 0.707107 0
    outer loop
      vertex 22.0449 -17.8023 16.4501
      vertex 22.4843 -18.2417 17.9944
      vertex 22.1324 -17.8898 16.3856
    endloop
  endfacet
  facet normal 0.706752 0.707461 0.000155204
    outer loop
      vertex 22.1324 -17.8898 16.3856
      vertex 22.4843 -18.2417 17.9944
      vertex 22.2157 -17.973 16.3106
    endloop
  endfacet
  facet normal 0.707101 0.707112 4.3734e-05
    outer loop
      vertex 22.8606 -18.618 18.0882
      vertex 22.2157 -17.973 16.3106
      vertex 22.4843 -18.2417 17.9944
    endloop
  endfacet
  facet normal 0.707122 0.707091 2.85479e-05
    outer loop
      vertex 22.2157 -17.973 16.3106
      vertex 22.8606 -18.618 18.0882
      vertex 22.294 -18.0513 16.2257
    endloop
  endfacet
  facet normal 0.707112 0.707101 3.46597e-05
    outer loop
      vertex 24.1477 -19.9051 17.6847
      vertex 22.294 -18.0513 16.2257
      vertex 22.8606 -18.618 18.0882
    endloop
  endfacet
  facet normal 0.707119 0.707095 1.83178e-05
    outer loop
      vertex 22.294 -18.0513 16.2257
      vertex 24.1477 -19.9051 17.6847
      vertex 22.3668 -18.1241 16.1314
    endloop
  endfacet
  facet normal 0.707311 0.706903 -0.00042268
    outer loop
      vertex 22.3668 -18.1241 16.1314
      vertex 24.1477 -19.9051 17.6847
      vertex 22.4334 -18.1908 16.0285
    endloop
  endfacet
  facet normal 0.70708 0.707134 5.63213e-05
    outer loop
      vertex 24.7309 -20.4882 16.9926
      vertex 22.4334 -18.1908 16.0285
      vertex 24.1477 -19.9051 17.6847
    endloop
  endfacet
  facet normal 0.707094 0.707119 -1.35991e-05
    outer loop
      vertex 22.4334 -18.1908 16.0285
      vertex 24.7309 -20.4882 16.9926
      vertex 22.4935 -18.2509 15.9177
    endloop
  endfacet
  facet normal 0.706975 0.707238 0.000482125
    outer loop
      vertex 22.4935 -18.2509 15.9177
      vertex 24.7309 -20.4882 16.9926
      vertex 22.5466 -18.3039 15.8
    endloop
  endfacet
  facet normal 0.707237 0.706977 -0.000475623
    outer loop
      vertex 22.5466 -18.3039 15.8
      vertex 24.7309 -20.4882 16.9926
      vertex 22.5921 -18.3495 15.6762
    endloop
  endfacet
  facet normal 0.707119 0.707095 -9.27753e-05
    outer loop
      vertex 25.0383 -20.7957 16.3101
      vertex 22.5921 -18.3495 15.6762
      vertex 24.7309 -20.4882 16.9926
    endloop
  endfacet
  facet normal 0.707107 0.707107 0
    outer loop
      vertex 22.5921 -18.3495 15.6762
      vertex 25.0383 -20.7957 16.3101
      vertex 22.6299 -18.3873 15.5472
    endloop
  endfacet
  facet normal 0.707028 0.707185 0.000496243
    outer loop
      vertex 22.6299 -18.3873 15.5472
      vertex 25.0383 -20.7957 16.3101
      vertex 22.6596 -18.4169 15.4141
    endloop
  endfacet
  facet normal 0.70712 0.707093 6.11486e-06
    outer loop
      vertex 25.2104 -20.9678 15.5383
      vertex 22.6596 -18.4169 15.4141
      vertex 25.0383 -20.7957 16.3101
    endloop
  endfacet
  facet normal 0.707133 0.70708 -0.000510551
    outer loop
      vertex 22.6596 -18.4169 15.4141
      vertex 25.2104 -20.9678 15.5383
      vertex 22.6809 -18.4383 15.2778
    endloop
  endfacet
  facet normal 0.707107 0.707107 0
    outer loop
      vertex 22.6809 -18.4383 15.2778
      vertex 25.2104 -20.9678 15.5383
      vertex 22.6938 -18.4512 15.1394
    endloop
  endfacet
  facet normal 0.707086 0.707127 0.000259913
    outer loop
      vertex 25.2354 -20.9927 15.2702
      vertex 22.6938 -18.4512 15.1394
      vertex 25.2104 -20.9678 15.5383
    endloop
  endfacet
  facet normal 0.707093 0.707121 -0
    outer loop
      vertex 25.2354 -20.9927 15
      vertex 22.6938 -18.4512 15.1394
      vertex 25.2354 -20.9927 15.2702
    endloop
  endfacet
  facet normal 0.707093 0.707121 -8.59661e-07
    outer loop
      vertex 22.6938 -18.4512 15.1394
      vertex 25.2354 -20.9927 15
      vertex 22.6981 -18.4555 15
    endloop
  endfacet
  facet normal -0.430592 0.430592 0.793209
    outer loop
      vertex 21.6427 -17.4 17.3747
      vertex 17.5517 -21.7944 17.5394
      vertex 21.7944 -17.5517 17.5394
    endloop
  endfacet
  facet normal -0.430592 0.430592 0.793209
    outer loop
      vertex 17.5517 -21.7944 17.5394
      vertex 21.6427 -17.4 17.3747
      vertex 17.4 -21.6427 17.3747
    endloop
  endfacet
  facet normal 0.704663 0.709525 -0.00490885
    outer loop
      vertex 24.4607 -20.2181 17.3747
      vertex 24.1477 -19.9051 17.6847
      vertex 24.309 -20.0663 17.5394
    endloop
  endfacet
  facet normal 0.707107 0.707107 0
    outer loop
      vertex 25.2104 -20.9678 15.5383
      vertex 25.0383 -20.7957 16.3101
      vertex 25.1115 -20.8689 16.0603
    endloop
  endfacet
  facet normal 0.708198 0.706014 -0.000891669
    outer loop
      vertex 21.3457 -17.1031 16.568
      vertex 21.3086 -17.0659 16.5563
      vertex 21.6427 -17.4 17.3747
    endloop
  endfacet
  facet normal -0.706014 -0.708198 -0.000891669
    outer loop
      vertex 17.4 -21.6427 17.3747
      vertex 17.0659 -21.3086 16.5563
      vertex 17.1031 -21.3457 16.568
    endloop
  endfacet
  facet normal -0.707107 -0.707107 8.9474e-14
    outer loop
      vertex 17.5517 -21.7944 17.5394
      vertex 17.4 -21.6427 17.3747
      vertex 17.713 -21.9557 17.6847
    endloop
  endfacet
  facet normal 0.0308526 -0.0308526 0.999048
    outer loop
      vertex 23.0517 -18.809 18.1
      vertex 19.0001 -23.2427 18.0882
      vertex 23.2427 -19.0001 18.0882
    endloop
  endfacet
  facet normal 0.0308526 -0.0308526 0.999048
    outer loop
      vertex 19.0001 -23.2427 18.0882
      vertex 23.0517 -18.809 18.1
      vertex 18.809 -23.0517 18.1
    endloop
  endfacet
  facet normal 0.707412 0.706801 0.000617348
    outer loop
      vertex 24.7309 -20.4882 16.9926
      vertex 24.1477 -19.9051 17.6847
      vertex 24.4607 -20.2181 17.3747
    endloop
  endfacet
  facet normal -0.212846 0.212846 0.953621
    outer loop
      vertex 22.302 -18.0593 17.913
      vertex 18.2417 -22.4843 17.9944
      vertex 22.4843 -18.2417 17.9944
    endloop
  endfacet
  facet normal -0.212846 0.212846 0.953621
    outer loop
      vertex 18.2417 -22.4843 17.9944
      vertex 22.302 -18.0593 17.913
      vertex 18.0593 -22.302 17.913
    endloop
  endfacet
  facet normal 0.705537 0.70867 -0.00202991
    outer loop
      vertex 24.7309 -20.4882 16.9926
      vertex 24.4607 -20.2181 17.3747
      vertex 24.6017 -20.359 17.192
    endloop
  endfacet
  facet normal 0.707336 0.706877 -0.000509584
    outer loop
      vertex 22.4843 -18.2417 17.9944
      vertex 21.6427 -17.4 17.3747
      vertex 22.1253 -17.8826 17.8096
    endloop
  endfacet
  facet normal 0.701061 -0.701061 0.130485
    outer loop
      vertex 20.9678 -25.2104 15.5383
      vertex 25.2354 -20.9927 15.2702
      vertex 25.2104 -20.9678 15.5383
    endloop
  endfacet
  facet normal 0.701061 -0.701061 0.130485
    outer loop
      vertex 25.2354 -20.9927 15.2702
      vertex 20.9678 -25.2104 15.5383
      vertex 20.9927 -25.2354 15.2702
    endloop
  endfacet
  facet normal -0.560957 0.560957 0.608815
    outer loop
      vertex 21.2561 -17.0134 16.7781
      vertex 17.1298 -21.3725 16.9926
      vertex 21.3725 -17.1298 16.9926
    endloop
  endfacet
  facet normal -0.560957 0.560957 0.608815
    outer loop
      vertex 17.1298 -21.3725 16.9926
      vertex 21.2561 -17.0134 16.7781
      vertex 17.0134 -21.2561 16.7781
    endloop
  endfacet
  facet normal -0.707107 -0.707107 0
    outer loop
      vertex 20.9264 -25.169 15.8023
      vertex 20.8689 -25.1115 16.0603
      vertex 20.9678 -25.2104 15.5383
    endloop
  endfacet
  facet normal -0.707107 -0.707107 7.20286e-15
    outer loop
      vertex 19.3764 -23.619 17.9944
      vertex 18.618 -22.8606 18.0882
      vertex 19.9051 -24.1477 17.6847
    endloop
  endfacet
  facet normal -0.0308526 0.0308526 0.999048
    outer loop
      vertex 22.8606 -18.618 18.0882
      vertex 18.809 -23.0517 18.1
      vertex 23.0517 -18.809 18.1
    endloop
  endfacet
  facet normal -0.0308526 0.0308526 0.999048
    outer loop
      vertex 18.809 -23.0517 18.1
      vertex 22.8606 -18.618 18.0882
      vertex 18.618 -22.8606 18.0882
    endloop
  endfacet
  facet normal 0.707107 0.707107 0
    outer loop
      vertex 24.1477 -19.9051 17.6847
      vertex 23.619 -19.3764 17.9944
      vertex 23.8014 -19.5588 17.913
    endloop
  endfacet
  facet normal 0.379968 -0.379968 0.843356
    outer loop
      vertex 24.1477 -19.9051 17.6847
      vertex 20.0663 -24.309 17.5394
      vertex 24.309 -20.0663 17.5394
    endloop
  endfacet
  facet normal 0.379968 -0.379968 0.843356
    outer loop
      vertex 20.0663 -24.309 17.5394
      vertex 24.1477 -19.9051 17.6847
      vertex 19.9051 -24.1477 17.6847
    endloop
  endfacet
  facet normal 0.674402 -0.674402 0.300606
    outer loop
      vertex 20.8689 -25.1115 16.0603
      vertex 25.169 -20.9264 15.8023
      vertex 25.1115 -20.8689 16.0603
    endloop
  endfacet
  facet normal 0.674402 -0.674402 0.300606
    outer loop
      vertex 25.169 -20.9264 15.8023
      vertex 20.8689 -25.1115 16.0603
      vertex 20.9264 -25.169 15.8023
    endloop
  endfacet
  facet normal -0.707083 -0.70713 -0.000106335
    outer loop
      vertex 17.4 -21.6427 17.3747
      vertex 16.9372 -21.1798 16.5035
      vertex 16.9776 -21.2202 16.5215
    endloop
  endfacet
  facet normal -0.703518 -0.710667 -0.00387885
    outer loop
      vertex 16.9372 -21.1798 16.5035
      vertex 17.4 -21.6427 17.3747
      vertex 16.9227 -21.1654 16.4951
    endloop
  endfacet
  facet normal -0.706286 -0.707921 -0.00279419
    outer loop
      vertex 18.0593 -22.302 17.913
      vertex 17.8826 -22.1253 17.8096
      vertex 18.2417 -22.4843 17.9944
    endloop
  endfacet
  facet normal 0.711328 0.70286 0
    outer loop
      vertex 25.2437 -21.0011 15
      vertex 25.2354 -20.9927 15
      vertex 25.2354 -20.9927 15.2702
    endloop
  endfacet
  facet normal -0.706801 -0.707412 0.000617348
    outer loop
      vertex 20.2181 -24.4607 17.3747
      vertex 19.9051 -24.1477 17.6847
      vertex 20.4882 -24.7309 16.9926
    endloop
  endfacet
  facet normal -0.707107 -0.707107 7.17941e-14
    outer loop
      vertex 17.259 -21.5017 17.192
      vertex 17.1298 -21.3725 16.9926
      vertex 17.4 -21.6427 17.3747
    endloop
  endfacet
  facet normal -0.707951 -0.706261 0.000917051
    outer loop
      vertex 16.9107 -21.1533 16.55
      vertex 16.9227 -21.1654 16.4951
      vertex 17.4 -21.6427 17.3747
    endloop
  endfacet
  facet normal -0.708201 -0.70601 0.000807078
    outer loop
      vertex 16.9227 -21.1654 16.4951
      vertex 16.9107 -21.1533 16.55
      vertex 16.8816 -21.1242 16.471
    endloop
  endfacet
  facet normal -0.707107 -0.707107 -3.35577e-15
    outer loop
      vertex 17.2255 -21.4682 16.5939
      vertex 17.4 -21.6427 17.3747
      vertex 17.1371 -21.3798 16.5775
    endloop
  endfacet
  facet normal -0.707107 -0.707107 -3.2636e-15
    outer loop
      vertex 17.3241 -21.5668 16.6
      vertex 17.4 -21.6427 17.3747
      vertex 17.2255 -21.4682 16.5939
    endloop
  endfacet
  facet normal -0.707107 -0.707107 -0
    outer loop
      vertex 17.4 -21.6427 17.3747
      vertex 17.3241 -21.5668 16.6
      vertex 17.4 -21.6427 16.5953
    endloop
  endfacet
  facet normal 0.707107 0.707107 1.04647e-13
    outer loop
      vertex 22.8606 -18.618 18.0882
      vertex 22.4843 -18.2417 17.9944
      vertex 22.671 -18.4284 18.0529
    endloop
  endfacet
  facet normal -0.705222 -0.708985 0.00138488
    outer loop
      vertex 20.7074 -24.95 16.55
      vertex 20.6046 -24.8473 16.7781
      vertex 20.7957 -25.0383 16.3101
    endloop
  endfacet
  facet normal -0.707107 -0.707107 -5.33519e-14
    outer loop
      vertex 19.1897 -23.4323 18.0529
      vertex 18.618 -22.8606 18.0882
      vertex 19.3764 -23.619 17.9944
    endloop
  endfacet
  facet normal 0.152959 -0.152959 0.976323
    outer loop
      vertex 23.4323 -19.1897 18.0529
      vertex 19.3764 -23.619 17.9944
      vertex 23.619 -19.3764 17.9944
    endloop
  endfacet
  facet normal 0.152959 -0.152959 0.976323
    outer loop
      vertex 19.3764 -23.619 17.9944
      vertex 23.4323 -19.1897 18.0529
      vertex 19.1897 -23.4323 18.0529
    endloop
  endfacet
  facet normal -0.707107 -0.707107 3.16614e-14
    outer loop
      vertex 17.713 -21.9557 17.6847
      vertex 17.4 -21.6427 17.3747
      vertex 17.8826 -22.1253 17.8096
    endloop
  endfacet
  facet normal 0.707107 0.707107 7.20286e-15
    outer loop
      vertex 24.1477 -19.9051 17.6847
      vertex 22.8606 -18.618 18.0882
      vertex 23.619 -19.3764 17.9944
    endloop
  endfacet
  facet normal 0.560957 -0.560957 0.608815
    outer loop
      vertex 24.7309 -20.4882 16.9926
      vertex 20.6046 -24.8473 16.7781
      vertex 24.8473 -20.6046 16.7781
    endloop
  endfacet
  facet normal 0.560957 -0.560957 0.608815
    outer loop
      vertex 20.6046 -24.8473 16.7781
      vertex 24.7309 -20.4882 16.9926
      vertex 20.4882 -24.7309 16.9926
    endloop
  endfacet
  facet normal -0.70867 -0.705537 -0.00202991
    outer loop
      vertex 20.359 -24.6017 17.192
      vertex 20.2181 -24.4607 17.3747
      vertex 20.4882 -24.7309 16.9926
    endloop
  endfacet
  facet normal 0.627221 -0.627221 0.461722
    outer loop
      vertex 20.7957 -25.0383 16.3101
      vertex 24.95 -20.7074 16.55
      vertex 20.7074 -24.95 16.55
    endloop
  endfacet
  facet normal 0.627221 -0.627221 0.461722
    outer loop
      vertex 24.95 -20.7074 16.55
      vertex 20.7957 -25.0383 16.3101
      vertex 25.0383 -20.7957 16.3101
    endloop
  endfacet
  facet normal 0.653235 -0.653235 0.382841
    outer loop
      vertex 20.7957 -25.0383 16.3101
      vertex 25.1115 -20.8689 16.0603
      vertex 25.0383 -20.7957 16.3101
    endloop
  endfacet
  facet normal 0.653235 -0.653235 0.382841
    outer loop
      vertex 25.1115 -20.8689 16.0603
      vertex 20.7957 -25.0383 16.3101
      vertex 20.8689 -25.1115 16.0603
    endloop
  endfacet
  facet normal 0.705936 0.708275 0.000954549
    outer loop
      vertex 21.2739 -17.0313 16.5455
      vertex 21.6427 -17.4 17.3747
      vertex 21.3086 -17.0659 16.5563
    endloop
  endfacet
  facet normal 0.707131 0.707083 -0.00010661
    outer loop
      vertex 21.6427 -17.4 17.3747
      vertex 21.2739 -17.0313 16.5455
      vertex 21.2679 -17.0253 16.5428
    endloop
  endfacet
  facet normal -0.707107 -0.707107 1.04647e-13
    outer loop
      vertex 18.4284 -22.671 18.0529
      vertex 18.2417 -22.4843 17.9944
      vertex 18.618 -22.8606 18.0882
    endloop
  endfacet
  facet normal -0.596374 0.596374 0.537286
    outer loop
      vertex 16.9107 -21.1533 16.55
      vertex 21.2561 -17.0134 16.7781
      vertex 21.1533 -16.9107 16.55
    endloop
  endfacet
  facet normal -0.596374 0.596374 0.537286
    outer loop
      vertex 21.2561 -17.0134 16.7781
      vertex 16.9107 -21.1533 16.55
      vertex 17.0134 -21.2561 16.7781
    endloop
  endfacet
  facet normal -0.707083 -0.707131 -0.000106402
    outer loop
      vertex 17.4 -21.6427 17.3747
      vertex 16.9776 -21.2202 16.5215
      vertex 17.0253 -21.2679 16.5428
    endloop
  endfacet
  facet normal -0.706877 -0.707336 -0.000509584
    outer loop
      vertex 17.8826 -22.1253 17.8096
      vertex 17.4 -21.6427 17.3747
      vertex 18.2417 -22.4843 17.9944
    endloop
  endfacet
  facet normal -0.379884 0.379884 0.843431
    outer loop
      vertex 21.7944 -17.5517 17.5394
      vertex 17.713 -21.9557 17.6847
      vertex 21.9557 -17.713 17.6847
    endloop
  endfacet
  facet normal -0.379884 0.379884 0.843431
    outer loop
      vertex 17.713 -21.9557 17.6847
      vertex 21.7944 -17.5517 17.5394
      vertex 17.5517 -21.7944 17.5394
    endloop
  endfacet
  facet normal 0.707107 0.707107 2.11089e-14
    outer loop
      vertex 21.6427 -17.4 17.3747
      vertex 21.2561 -17.0134 16.7781
      vertex 21.3725 -17.1298 16.9926
    endloop
  endfacet
  facet normal 0.707891 0.706321 -0.00101688
    outer loop
      vertex 21.6427 -17.4 17.3747
      vertex 21.1533 -16.9107 16.55
      vertex 21.2561 -17.0134 16.7781
    endloop
  endfacet
  facet normal -0.70286 -0.711328 -0
    outer loop
      vertex 20.9927 -25.2354 15.2702
      vertex 20.9927 -25.2354 15
      vertex 21.0011 -25.2437 15
    endloop
  endfacet
  facet normal -0.152959 0.152959 0.976323
    outer loop
      vertex 22.4843 -18.2417 17.9944
      vertex 18.4284 -22.671 18.0529
      vertex 22.671 -18.4284 18.0529
    endloop
  endfacet
  facet normal -0.152959 0.152959 0.976323
    outer loop
      vertex 18.4284 -22.671 18.0529
      vertex 22.4843 -18.2417 17.9944
      vertex 18.2417 -22.4843 17.9944
    endloop
  endfacet
  facet normal -0.477686 0.477686 0.737315
    outer loop
      vertex 21.5017 -17.259 17.192
      vertex 17.4 -21.6427 17.3747
      vertex 21.6427 -17.4 17.3747
    endloop
  endfacet
  facet normal -0.477686 0.477686 0.737315
    outer loop
      vertex 17.4 -21.6427 17.3747
      vertex 21.5017 -17.259 17.192
      vertex 17.259 -21.5017 17.192
    endloop
  endfacet
  facet normal -0.326591 0.326591 0.886948
    outer loop
      vertex 21.9557 -17.713 17.6847
      vertex 17.8826 -22.1253 17.8096
      vertex 22.1253 -17.8826 17.8096
    endloop
  endfacet
  facet normal -0.326591 0.326591 0.886948
    outer loop
      vertex 17.8826 -22.1253 17.8096
      vertex 21.9557 -17.713 17.6847
      vertex 17.713 -21.9557 17.6847
    endloop
  endfacet
  facet normal -0.707668 -0.706544 -0.00060991
    outer loop
      vertex 20.6046 -24.8473 16.7781
      vertex 20.4882 -24.7309 16.9926
      vertex 20.7957 -25.0383 16.3101
    endloop
  endfacet
  facet normal -0.707094 -0.707094 -0.00599232
    outer loop
      vertex 18.809 -23.0517 18.1
      vertex 18.618 -22.8606 18.0882
      vertex 19.0001 -23.2427 18.0882
    endloop
  endfacet
  facet normal -0.707107 -0.707107 1.06948e-13
    outer loop
      vertex 19.0001 -23.2427 18.0882
      vertex 18.618 -22.8606 18.0882
      vertex 19.1897 -23.4323 18.0529
    endloop
  endfacet
  facet normal -0.709525 -0.704663 -0.00490885
    outer loop
      vertex 20.0663 -24.309 17.5394
      vertex 19.9051 -24.1477 17.6847
      vertex 20.2181 -24.4607 17.3747
    endloop
  endfacet
  facet normal 0.430503 -0.430503 0.793306
    outer loop
      vertex 24.309 -20.0663 17.5394
      vertex 20.2181 -24.4607 17.3747
      vertex 24.4607 -20.2181 17.3747
    endloop
  endfacet
  facet normal 0.430503 -0.430503 0.793306
    outer loop
      vertex 20.2181 -24.4607 17.3747
      vertex 24.309 -20.0663 17.5394
      vertex 20.0663 -24.309 17.5394
    endloop
  endfacet
  facet normal 0.707107 0.707107 1.0622e-13
    outer loop
      vertex 23.4323 -19.1897 18.0529
      vertex 22.8606 -18.618 18.0882
      vertex 23.2427 -19.0001 18.0882
    endloop
  endfacet
  facet normal 0.0922943 -0.0922943 0.991445
    outer loop
      vertex 23.2427 -19.0001 18.0882
      vertex 19.1897 -23.4323 18.0529
      vertex 23.4323 -19.1897 18.0529
    endloop
  endfacet
  facet normal 0.0922943 -0.0922943 0.991445
    outer loop
      vertex 19.1897 -23.4323 18.0529
      vertex 23.2427 -19.0001 18.0882
      vertex 19.0001 -23.2427 18.0882
    endloop
  endfacet
  facet normal 0.270421 -0.270421 0.923983
    outer loop
      vertex 23.8014 -19.5588 17.913
      vertex 19.7354 -23.9781 17.8096
      vertex 23.9781 -19.7354 17.8096
    endloop
  endfacet
  facet normal 0.270421 -0.270421 0.923983
    outer loop
      vertex 19.7354 -23.9781 17.8096
      vertex 23.8014 -19.5588 17.913
      vertex 19.5588 -23.8014 17.913
    endloop
  endfacet
  facet normal -0.707107 -0.707107 0
    outer loop
      vertex 19.5588 -23.8014 17.913
      vertex 19.3764 -23.619 17.9944
      vertex 19.9051 -24.1477 17.6847
    endloop
  endfacet
  facet normal 0.708985 0.705222 0.00138488
    outer loop
      vertex 25.0383 -20.7957 16.3101
      vertex 24.8473 -20.6046 16.7781
      vertex 24.95 -20.7074 16.55
    endloop
  endfacet
  facet normal 0.477778 -0.477778 0.737195
    outer loop
      vertex 24.4607 -20.2181 17.3747
      vertex 20.359 -24.6017 17.192
      vertex 24.6017 -20.359 17.192
    endloop
  endfacet
  facet normal 0.477778 -0.477778 0.737195
    outer loop
      vertex 20.359 -24.6017 17.192
      vertex 24.4607 -20.2181 17.3747
      vertex 20.2181 -24.4607 17.3747
    endloop
  endfacet
  facet normal 0.706544 0.707668 -0.00060991
    outer loop
      vertex 25.0383 -20.7957 16.3101
      vertex 24.7309 -20.4882 16.9926
      vertex 24.8473 -20.6046 16.7781
    endloop
  endfacet
  facet normal -0.707083 -0.707131 -0.00010661
    outer loop
      vertex 17.0313 -21.2739 16.5455
      vertex 17.4 -21.6427 17.3747
      vertex 17.0253 -21.2679 16.5428
    endloop
  endfacet
  facet normal -0.708275 -0.705936 0.000954549
    outer loop
      vertex 17.4 -21.6427 17.3747
      vertex 17.0313 -21.2739 16.5455
      vertex 17.0659 -21.3086 16.5563
    endloop
  endfacet
  facet normal -0.707091 -0.707122 -9.90689e-05
    outer loop
      vertex 17.1277 -21.3703 16.5757
      vertex 17.4 -21.6427 17.3747
      vertex 17.1031 -21.3457 16.568
    endloop
  endfacet
  facet normal -0.711085 -0.703101 0.00263295
    outer loop
      vertex 17.4 -21.6427 17.3747
      vertex 17.1277 -21.3703 16.5757
      vertex 17.1371 -21.3798 16.5775
    endloop
  endfacet
  facet normal -0.627118 0.627118 0.462003
    outer loop
      vertex 16.8816 -21.1242 16.471
      vertex 21.1533 -16.9107 16.55
      vertex 21.1242 -16.8816 16.471
    endloop
  endfacet
  facet normal -0.627118 0.627118 0.462003
    outer loop
      vertex 21.1533 -16.9107 16.55
      vertex 16.8816 -21.1242 16.471
      vertex 16.9107 -21.1533 16.55
    endloop
  endfacet
  facet normal 0.703101 0.711085 0.00263295
    outer loop
      vertex 21.3703 -17.1277 16.5757
      vertex 21.6427 -17.4 17.3747
      vertex 21.3798 -17.1371 16.5775
    endloop
  endfacet
  facet normal 0.707122 0.707091 -9.90689e-05
    outer loop
      vertex 21.6427 -17.4 17.3747
      vertex 21.3703 -17.1277 16.5757
      vertex 21.3457 -17.1031 16.568
    endloop
  endfacet
  facet normal 0.70713 0.707083 -0.000106335
    outer loop
      vertex 21.1798 -16.9372 16.5035
      vertex 21.6427 -17.4 17.3747
      vertex 21.2202 -16.9776 16.5215
    endloop
  endfacet
  facet normal 0.710667 0.703518 -0.00387885
    outer loop
      vertex 21.6427 -17.4 17.3747
      vertex 21.1798 -16.9372 16.5035
      vertex 21.1654 -16.9227 16.4951
    endloop
  endfacet
  facet normal 0.707921 0.706286 -0.00279419
    outer loop
      vertex 22.4843 -18.2417 17.9944
      vertex 22.1253 -17.8826 17.8096
      vertex 22.302 -18.0593 17.913
    endloop
  endfacet
  facet normal -0.0922943 0.0922943 0.991445
    outer loop
      vertex 22.671 -18.4284 18.0529
      vertex 18.618 -22.8606 18.0882
      vertex 22.8606 -18.618 18.0882
    endloop
  endfacet
  facet normal -0.0922943 0.0922943 0.991445
    outer loop
      vertex 18.618 -22.8606 18.0882
      vertex 22.671 -18.4284 18.0529
      vertex 18.4284 -22.671 18.0529
    endloop
  endfacet
  facet normal 0.707107 0.707107 7.17941e-14
    outer loop
      vertex 21.6427 -17.4 17.3747
      vertex 21.3725 -17.1298 16.9926
      vertex 21.5017 -17.259 17.192
    endloop
  endfacet
  facet normal -0.521334 0.521334 0.67559
    outer loop
      vertex 21.3725 -17.1298 16.9926
      vertex 17.259 -21.5017 17.192
      vertex 21.5017 -17.259 17.192
    endloop
  endfacet
  facet normal -0.521334 0.521334 0.67559
    outer loop
      vertex 17.259 -21.5017 17.192
      vertex 21.3725 -17.1298 16.9926
      vertex 17.1298 -21.3725 16.9926
    endloop
  endfacet
  facet normal 0.707107 0.707107 3.12975e-14
    outer loop
      vertex 22.1253 -17.8826 17.8096
      vertex 21.6427 -17.4 17.3747
      vertex 21.9557 -17.713 17.6847
    endloop
  endfacet
  facet normal 0.707094 0.707094 -0.00599232
    outer loop
      vertex 23.2427 -19.0001 18.0882
      vertex 22.8606 -18.618 18.0882
      vertex 23.0517 -18.809 18.1
    endloop
  endfacet
  facet normal 0.707107 0.707107 -5.33519e-14
    outer loop
      vertex 23.619 -19.3764 17.9944
      vertex 22.8606 -18.618 18.0882
      vertex 23.4323 -19.1897 18.0529
    endloop
  endfacet
  facet normal 0.326516 -0.326516 0.887003
    outer loop
      vertex 23.9781 -19.7354 17.8096
      vertex 19.9051 -24.1477 17.6847
      vertex 24.1477 -19.9051 17.6847
    endloop
  endfacet
  facet normal 0.326516 -0.326516 0.887003
    outer loop
      vertex 19.9051 -24.1477 17.6847
      vertex 23.9781 -19.7354 17.8096
      vertex 19.7354 -23.9781 17.8096
    endloop
  endfacet
  facet normal -0.707107 -0.707107 0
    outer loop
      vertex 20.8689 -25.1115 16.0603
      vertex 20.7957 -25.0383 16.3101
      vertex 20.9678 -25.2104 15.5383
    endloop
  endfacet
  facet normal 0.707107 0.707107 -3.41139e-15
    outer loop
      vertex 21.6427 -17.4 17.3747
      vertex 21.4682 -17.2255 16.5939
      vertex 21.3798 -17.1371 16.5775
    endloop
  endfacet
  facet normal 0.707107 0.707107 -3.2636e-15
    outer loop
      vertex 21.6427 -17.4 17.3747
      vertex 21.5668 -17.3241 16.6
      vertex 21.4682 -17.2255 16.5939
    endloop
  endfacet
  facet normal 0.707107 0.707107 0
    outer loop
      vertex 21.5668 -17.3241 16.6
      vertex 21.6427 -17.4 17.3747
      vertex 21.6427 -17.4 16.5953
    endloop
  endfacet
  facet normal 0.707131 0.707083 -0.000106402
    outer loop
      vertex 21.2679 -17.0253 16.5428
      vertex 21.2202 -16.9776 16.5215
      vertex 21.6427 -17.4 17.3747
    endloop
  endfacet
  facet normal 0.70601 0.708201 0.000807078
    outer loop
      vertex 21.1533 -16.9107 16.55
      vertex 21.1654 -16.9227 16.4951
      vertex 21.1242 -16.8816 16.471
    endloop
  endfacet
  facet normal 0.706261 0.707951 0.000917051
    outer loop
      vertex 21.1654 -16.9227 16.4951
      vertex 21.1533 -16.9107 16.55
      vertex 21.6427 -17.4 17.3747
    endloop
  endfacet
  facet normal -0.706321 -0.707891 -0.00101688
    outer loop
      vertex 17.0134 -21.2561 16.7781
      vertex 16.9107 -21.1533 16.55
      vertex 17.4 -21.6427 17.3747
    endloop
  endfacet
  facet normal -0.707107 -0.707107 2.14729e-14
    outer loop
      vertex 17.1298 -21.3725 16.9926
      vertex 17.0134 -21.2561 16.7781
      vertex 17.4 -21.6427 17.3747
    endloop
  endfacet
  facet normal -0.270356 0.270356 0.924021
    outer loop
      vertex 22.1253 -17.8826 17.8096
      vertex 18.0593 -22.302 17.913
      vertex 22.302 -18.0593 17.913
    endloop
  endfacet
  facet normal -0.270356 0.270356 0.924021
    outer loop
      vertex 18.0593 -22.302 17.913
      vertex 22.1253 -17.8826 17.8096
      vertex 17.8826 -22.1253 17.8096
    endloop
  endfacet
  facet normal 0.707107 0.707107 8.89318e-14
    outer loop
      vertex 21.9557 -17.713 17.6847
      vertex 21.6427 -17.4 17.3747
      vertex 21.7944 -17.5517 17.5394
    endloop
  endfacet
  facet normal -0.707107 -0.707107 0
    outer loop
      vertex 17.4227 -21.6654 16.5939
      vertex 17.4 -21.6427 17.3747
      vertex 17.4 -21.6427 16.5953
    endloop
  endfacet
  facet normal -0.706743 -0.70747 2.11235e-05
    outer loop
      vertex 17.5206 -21.7632 16.5757
      vertex 17.4 -21.6427 17.3747
      vertex 17.4227 -21.6654 16.5939
    endloop
  endfacet
  facet normal -0.707506 -0.706707 -0.000209115
    outer loop
      vertex 17.6169 -21.8596 16.5455
      vertex 17.4 -21.6427 17.3747
      vertex 17.5206 -21.7632 16.5757
    endloop
  endfacet
  facet normal -0.706682 -0.707532 0.000222408
    outer loop
      vertex 17.7111 -21.9537 16.5035
      vertex 17.4 -21.6427 17.3747
      vertex 17.6169 -21.8596 16.5455
    endloop
  endfacet
  facet normal -0.707137 -0.707077 -0.000102617
    outer loop
      vertex 17.8023 -22.0449 16.4501
      vertex 17.4 -21.6427 17.3747
      vertex 17.7111 -21.9537 16.5035
    endloop
  endfacet
  facet normal -0.707107 -0.707107 0
    outer loop
      vertex 18.2417 -22.4843 17.9944
      vertex 17.8023 -22.0449 16.4501
      vertex 17.8898 -22.1324 16.3856
    endloop
  endfacet
  facet normal -0.707461 -0.706752 0.000155204
    outer loop
      vertex 18.2417 -22.4843 17.9944
      vertex 17.8898 -22.1324 16.3856
      vertex 17.973 -22.2157 16.3106
    endloop
  endfacet
  facet normal -0.707091 -0.707122 2.85479e-05
    outer loop
      vertex 18.618 -22.8606 18.0882
      vertex 17.973 -22.2157 16.3106
      vertex 18.0513 -22.294 16.2257
    endloop
  endfacet
  facet normal -0.707095 -0.707119 1.83178e-05
    outer loop
      vertex 19.9051 -24.1477 17.6847
      vertex 18.0513 -22.294 16.2257
      vertex 18.1241 -22.3668 16.1314
    endloop
  endfacet
  facet normal -0.706903 -0.707311 -0.00042268
    outer loop
      vertex 19.9051 -24.1477 17.6847
      vertex 18.1241 -22.3668 16.1314
      vertex 18.1908 -22.4334 16.0285
    endloop
  endfacet
  facet normal -0.707054 -0.70716 -3.02398e-05
    outer loop
      vertex 17.8023 -22.0449 16.4501
      vertex 18.2417 -22.4843 17.9944
      vertex 17.4 -21.6427 17.3747
    endloop
  endfacet
  facet normal -0.707119 -0.707094 -1.35991e-05
    outer loop
      vertex 20.4882 -24.7309 16.9926
      vertex 18.1908 -22.4334 16.0285
      vertex 18.2509 -22.4935 15.9177
    endloop
  endfacet
  facet normal -0.707238 -0.706975 0.000482125
    outer loop
      vertex 20.4882 -24.7309 16.9926
      vertex 18.2509 -22.4935 15.9177
      vertex 18.3039 -22.5466 15.8
    endloop
  endfacet
  facet normal -0.706977 -0.707237 -0.000475623
    outer loop
      vertex 20.4882 -24.7309 16.9926
      vertex 18.3039 -22.5466 15.8
      vertex 18.3495 -22.5921 15.6762
    endloop
  endfacet
  facet normal -0.707107 -0.707107 0
    outer loop
      vertex 20.7957 -25.0383 16.3101
      vertex 18.3495 -22.5921 15.6762
      vertex 18.3873 -22.6299 15.5472
    endloop
  endfacet
  facet normal -0.707185 -0.707028 0.000496243
    outer loop
      vertex 20.7957 -25.0383 16.3101
      vertex 18.3873 -22.6299 15.5472
      vertex 18.4169 -22.6596 15.4141
    endloop
  endfacet
  facet normal -0.70708 -0.707133 -0.000510551
    outer loop
      vertex 20.9678 -25.2104 15.5383
      vertex 18.4169 -22.6596 15.4141
      vertex 18.4383 -22.6809 15.2778
    endloop
  endfacet
  facet normal -0.707107 -0.707107 0
    outer loop
      vertex 20.9678 -25.2104 15.5383
      vertex 18.4383 -22.6809 15.2778
      vertex 18.4512 -22.6938 15.1394
    endloop
  endfacet
  facet normal -0.707112 -0.707101 4.3734e-05
    outer loop
      vertex 17.973 -22.2157 16.3106
      vertex 18.618 -22.8606 18.0882
      vertex 18.2417 -22.4843 17.9944
    endloop
  endfacet
  facet normal -0.707121 -0.707093 -8.59661e-07
    outer loop
      vertex 20.9927 -25.2354 15
      vertex 18.4512 -22.6938 15.1394
      vertex 18.4555 -22.6981 15
    endloop
  endfacet
  facet normal -0.707101 -0.707112 3.46597e-05
    outer loop
      vertex 18.0513 -22.294 16.2257
      vertex 19.9051 -24.1477 17.6847
      vertex 18.618 -22.8606 18.0882
    endloop
  endfacet
  facet normal -0.707134 -0.70708 5.63213e-05
    outer loop
      vertex 18.1908 -22.4334 16.0285
      vertex 20.4882 -24.7309 16.9926
      vertex 19.9051 -24.1477 17.6847
    endloop
  endfacet
  facet normal -0.707095 -0.707119 -9.27753e-05
    outer loop
      vertex 18.3495 -22.5921 15.6762
      vertex 20.7957 -25.0383 16.3101
      vertex 20.4882 -24.7309 16.9926
    endloop
  endfacet
  facet normal -0.707093 -0.70712 6.11486e-06
    outer loop
      vertex 18.4169 -22.6596 15.4141
      vertex 20.9678 -25.2104 15.5383
      vertex 20.7957 -25.0383 16.3101
    endloop
  endfacet
  facet normal -0.707121 -0.707093 0
    outer loop
      vertex 18.4512 -22.6938 15.1394
      vertex 20.9927 -25.2354 15
      vertex 20.9927 -25.2354 15.2702
    endloop
  endfacet
  facet normal -0.707127 -0.707086 0.000259913
    outer loop
      vertex 18.4512 -22.6938 15.1394
      vertex 20.9927 -25.2354 15.2702
      vertex 20.9678 -25.2104 15.5383
    endloop
  endfacet
  facet normal -0.708879 -0.705309 -0.00541528
    outer loop
      vertex 19.7354 -23.9781 17.8096
      vertex 19.5588 -23.8014 17.913
      vertex 19.9051 -24.1477 17.6847
    endloop
  endfacet
  facet normal 0.705309 0.708879 -0.00541528
    outer loop
      vertex 24.1477 -19.9051 17.6847
      vertex 23.8014 -19.5588 17.913
      vertex 23.9781 -19.7354 17.8096
    endloop
  endfacet
  facet normal 0.690334 -0.690334 0.216514
    outer loop
      vertex 20.9264 -25.169 15.8023
      vertex 25.2104 -20.9678 15.5383
      vertex 25.169 -20.9264 15.8023
    endloop
  endfacet
  facet normal 0.690334 -0.690334 0.216514
    outer loop
      vertex 25.2104 -20.9678 15.5383
      vertex 20.9264 -25.169 15.8023
      vertex 20.9678 -25.2104 15.5383
    endloop
  endfacet
  facet normal 0.596374 -0.596374 0.537286
    outer loop
      vertex 20.6046 -24.8473 16.7781
      vertex 24.95 -20.7074 16.55
      vertex 24.8473 -20.6046 16.7781
    endloop
  endfacet
  facet normal 0.596374 -0.596374 0.537286
    outer loop
      vertex 24.95 -20.7074 16.55
      vertex 20.6046 -24.8473 16.7781
      vertex 20.7074 -24.95 16.55
    endloop
  endfacet
  facet normal 0.212792 -0.212792 0.953645
    outer loop
      vertex 23.619 -19.3764 17.9944
      vertex 19.5588 -23.8014 17.913
      vertex 23.8014 -19.5588 17.913
    endloop
  endfacet
  facet normal 0.212792 -0.212792 0.953645
    outer loop
      vertex 19.5588 -23.8014 17.913
      vertex 23.619 -19.3764 17.9944
      vertex 19.3764 -23.619 17.9944
    endloop
  endfacet
  facet normal 0.956989 0.0417928 0.287097
    outer loop
      vertex 35.4645 3.10274 8
      vertex 33.5 0 15
      vertex 35.6 0 8
    endloop
  endfacet
  facet normal 0.706242 0.647147 0.287093
    outer loop
      vertex 25.173 25.173 8
      vertex 23.6881 23.6881 15
      vertex 27.2712 22.8832 8
    endloop
  endfacet
  facet normal -0.125008 0.94971 0.287096
    outer loop
      vertex -3.10274 35.4645 8
      vertex -6.18187 35.0592 8
      vertex -2.91972 33.3725 15
    endloop
  endfacet
  facet normal 0.935195 -0.207328 0.287097
    outer loop
      vertex 35.0592 -6.18187 8
      vertex 32.9911 -5.81721 15
      vertex 34.387 -9.21396 8
    endloop
  endfacet
  facet normal 0.849671 0.442304 0.287098
    outer loop
      vertex 29.0119 16.75 15
      vertex 30.3694 14.7442 14.0726
      vertex 32.2646 15.0452 8
    endloop
  endfacet
  facet normal 0.849669 0.44229 0.287127
    outer loop
      vertex 30.3694 14.7442 14.0726
      vertex 29.0119 16.75 15
      vertex 30.1116 14.6374 15
    endloop
  endfacet
  facet normal 0.849676 0.442294 0.287099
    outer loop
      vertex 32.2646 15.0452 8
      vertex 30.3694 14.7442 14.0726
      vertex 30.5717 14.2558 14.2263
    endloop
  endfacet
  facet normal -0.706264 0.647121 0.287098
    outer loop
      vertex -27.0414 22.6904 9
      vertex -25.8403 21.6826 14.2263
      vertex -25.5185 22.102 14.0726
    endloop
  endfacet
  facet normal -0.706181 0.647218 0.287085
    outer loop
      vertex -25.5185 22.102 14.0726
      vertex -26.7593 22.9982 9
      vertex -27.0414 22.6904 9
    endloop
  endfacet
  facet normal -0.706238 0.647155 0.287087
    outer loop
      vertex -26.7593 22.9982 9
      vertex -25.5185 22.102 14.0726
      vertex -23.6881 23.6881 15
    endloop
  endfacet
  facet normal -0.706242 0.64712 0.287155
    outer loop
      vertex -23.6881 23.6881 15
      vertex -25.5185 22.102 14.0726
      vertex -25.2971 21.9321 15
    endloop
  endfacet
  facet normal -0.9136 0.287938 0.287101
    outer loop
      vertex -33.2967 11.6751 9
      vertex -31.4797 11.4577 15
      vertex -33.1712 12.0733 9
    endloop
  endfacet
  facet normal -0.913569 0.288041 0.287096
    outer loop
      vertex -31.4797 11.4577 15
      vertex -33.2967 11.6751 9
      vertex -32.3585 8.67044 15
    endloop
  endfacet
  facet normal 0.442292 0.849676 0.287103
    outer loop
      vertex 15.0452 32.2646 8
      vertex 14.1577 30.3613 15
      vertex 16.75 29.0119 15
    endloop
  endfacet
  facet normal 0.0417928 -0.956989 0.287097
    outer loop
      vertex 0 -33.5 15
      vertex 0 -35.6 8
      vertex 3.10274 -35.4645 8
    endloop
  endfacet
  facet normal -0.956989 0.0417928 0.287097
    outer loop
      vertex -35.4645 3.10274 8
      vertex -35.6 0 8
      vertex -33.5 0 15
    endloop
  endfacet
  facet normal 0.647147 -0.706242 0.287093
    outer loop
      vertex 23.6881 -23.6881 15
      vertex 22.8832 -27.2712 8
      vertex 25.173 -25.173 8
    endloop
  endfacet
  facet normal -0.514692 -0.807879 0.287094
    outer loop
      vertex -19.2148 -27.4416 15
      vertex -20.4193 -29.1618 8
      vertex -16.75 -29.0119 15
    endloop
  endfacet
  facet normal 0.125008 -0.94971 0.287096
    outer loop
      vertex 6.18187 -35.0592 8
      vertex 2.91972 -33.3725 15
      vertex 3.10274 -35.4645 8
    endloop
  endfacet
  facet normal -0.0417928 0.956989 0.287097
    outer loop
      vertex 0 35.6 8
      vertex -3.10274 35.4645 8
      vertex 0 33.5 15
    endloop
  endfacet
  facet normal -0.949709 0.125011 0.287097
    outer loop
      vertex -32.9911 5.81721 15
      vertex -35.0592 6.18187 8
      vertex -33.3725 2.91972 15
    endloop
  endfacet
  facet normal -0.58312 0.759966 0.287094
    outer loop
      vertex -20.4193 29.1618 8
      vertex -22.4854 27.2897 8.75915
      vertex -19.2148 27.4416 15
    endloop
  endfacet
  facet normal -0.583113 0.759965 0.287111
    outer loop
      vertex -22.4854 27.2897 8.75915
      vertex -20.4193 29.1618 8
      vertex -22.6302 27.4654 8
    endloop
  endfacet
  facet normal 0.93519 0.207344 0.287104
    outer loop
      vertex 34.387 9.21396 8
      vertex 32.3585 8.67044 15
      vertex 32.9911 5.81721 15
    endloop
  endfacet
  facet normal 0.913565 -0.288047 0.287104
    outer loop
      vertex 34.387 -9.21396 8
      vertex 32.3585 -8.67044 15
      vertex 33.4531 -12.1759 8
    endloop
  endfacet
  facet normal 0.647147 0.706242 0.287093
    outer loop
      vertex 25.173 25.173 8
      vertex 22.8832 27.2712 8
      vertex 23.6881 23.6881 15
    endloop
  endfacet
  facet normal 0.913563 0.288055 0.287102
    outer loop
      vertex 31.9001 11.0487 14.0726
      vertex 33.4531 12.1759 8
      vertex 31.6978 11.5371 14.2263
    endloop
  endfacet
  facet normal 0.913567 0.288041 0.287101
    outer loop
      vertex 31.9001 11.0487 14.0726
      vertex 32.3585 8.67044 15
      vertex 33.4531 12.1759 8
    endloop
  endfacet
  facet normal 0.913558 0.288048 0.287124
    outer loop
      vertex 32.3585 8.67044 15
      vertex 31.9001 11.0487 14.0726
      vertex 31.6423 10.9419 15
    endloop
  endfacet
  facet normal 0.647146 0.706243 0.287093
    outer loop
      vertex 22.8832 27.2712 8
      vertex 21.5334 25.6625 15
      vertex 23.6881 23.6881 15
    endloop
  endfacet
  facet normal -0.94971 0.125008 0.287096
    outer loop
      vertex -35.0592 6.18187 8
      vertex -35.4645 3.10274 8
      vertex -33.3725 2.91972 15
    endloop
  endfacet
  facet normal -0.647145 0.706242 0.287097
    outer loop
      vertex -22.6904 27.0414 9
      vertex -23.6881 23.6881 15
      vertex -21.5334 25.6625 15
    endloop
  endfacet
  facet normal -0.647224 0.706188 0.287054
    outer loop
      vertex -23.6881 23.6881 15
      vertex -22.6904 27.0414 9
      vertex -22.9982 26.7593 9
    endloop
  endfacet
  facet normal 0.956989 -0.0417928 0.287097
    outer loop
      vertex 35.6 0 8
      vertex 33.5 0 15
      vertex 35.4645 -3.10274 8
    endloop
  endfacet
  facet normal 0.366572 -0.884984 0.287103
    outer loop
      vertex 14.1577 -30.3613 15
      vertex 12.1759 -33.4531 8
      vertex 15.0452 -32.2646 8
    endloop
  endfacet
  facet normal 0.935195 0.207328 0.287097
    outer loop
      vertex 34.387 9.21396 8
      vertex 32.9911 5.81721 15
      vertex 35.0592 6.18187 8
    endloop
  endfacet
  facet normal 0.706242 -0.647147 0.287093
    outer loop
      vertex 27.2712 -22.8832 8
      vertex 23.6881 -23.6881 15
      vertex 25.173 -25.173 8
    endloop
  endfacet
  facet normal 0.514686 0.807884 0.287091
    outer loop
      vertex 17.8 30.8305 8
      vertex 16.75 29.0119 15
      vertex 20.4193 29.1618 8
    endloop
  endfacet
  facet normal 0.807884 0.514686 0.287091
    outer loop
      vertex 29.1618 20.4193 8
      vertex 29.0119 16.75 15
      vertex 30.8305 17.8 8
    endloop
  endfacet
  facet normal 0.207328 0.935195 0.287097
    outer loop
      vertex 6.18187 35.0592 8
      vertex 5.81721 32.9911 15
      vertex 9.21396 34.387 8
    endloop
  endfacet
  facet normal 0.885032 0.366461 0.287097
    outer loop
      vertex 30.703 13.9387 14.2263
      vertex 32.2646 15.0452 8
      vertex 30.5717 14.2558 14.2263
    endloop
  endfacet
  facet normal 0.884984 0.366571 0.287105
    outer loop
      vertex 32.2646 15.0452 8
      vertex 30.703 13.9387 14.2263
      vertex 33.4531 12.1759 8
    endloop
  endfacet
  facet normal 0.884982 -0.366579 0.2871
    outer loop
      vertex 31.4797 -11.4577 15
      vertex 30.3613 -14.1577 15
      vertex 33.4531 -12.1759 8
    endloop
  endfacet
  facet normal -0.884984 -0.366572 0.287103
    outer loop
      vertex -30.3613 -14.1577 15
      vertex -33.4531 -12.1759 8
      vertex -32.2646 -15.0452 8
    endloop
  endfacet
  facet normal -0.759958 -0.583131 0.287094
    outer loop
      vertex -27.4416 -19.2148 15
      vertex -29.1618 -20.4193 8
      vertex -27.2712 -22.8832 8
    endloop
  endfacet
  facet normal -0.583129 -0.759959 0.287093
    outer loop
      vertex -21.5334 -25.6625 15
      vertex -22.8832 -27.2712 8
      vertex -19.2148 -27.4416 15
    endloop
  endfacet
  facet normal 0.0417928 0.956989 0.287097
    outer loop
      vertex 0 35.6 8
      vertex 0 33.5 15
      vertex 3.10274 35.4645 8
    endloop
  endfacet
  facet normal -0.647147 -0.706242 0.287093
    outer loop
      vertex -23.6881 -23.6881 15
      vertex -25.173 -25.173 8
      vertex -22.8832 -27.2712 8
    endloop
  endfacet
  facet normal -0.884982 -0.366579 0.2871
    outer loop
      vertex -31.4797 -11.4577 15
      vertex -33.4531 -12.1759 8
      vertex -30.3613 -14.1577 15
    endloop
  endfacet
  facet normal 0.913568 -0.28804 0.287101
    outer loop
      vertex 32.3585 -8.67044 15
      vertex 31.4797 -11.4577 15
      vertex 33.4531 -12.1759 8
    endloop
  endfacet
  facet normal -0.366579 0.884982 0.2871
    outer loop
      vertex -12.1759 33.4531 8
      vertex -14.1577 30.3613 15
      vertex -11.4577 31.4797 15
    endloop
  endfacet
  facet normal -0.514692 0.807879 0.287094
    outer loop
      vertex -16.75 29.0119 15
      vertex -20.4193 29.1618 8
      vertex -19.2148 27.4416 15
    endloop
  endfacet
  facet normal -0.207328 0.935195 0.287097
    outer loop
      vertex -6.18187 35.0592 8
      vertex -9.21396 34.387 8
      vertex -5.81721 32.9911 15
    endloop
  endfacet
  facet normal 0.759958 -0.583131 0.287094
    outer loop
      vertex 27.4416 -19.2148 15
      vertex 27.2712 -22.8832 8
      vertex 29.1618 -20.4193 8
    endloop
  endfacet
  facet normal 0.95699 0.0417904 0.287096
    outer loop
      vertex 35.4645 3.10274 8
      vertex 33.3725 2.91972 15
      vertex 33.5 0 15
    endloop
  endfacet
  facet normal -0.913568 -0.28804 0.287101
    outer loop
      vertex -32.3585 -8.67044 15
      vertex -33.4531 -12.1759 8
      vertex -31.4797 -11.4577 15
    endloop
  endfacet
  facet normal -0.956989 -0.0417928 0.287097
    outer loop
      vertex -33.5 0 15
      vertex -35.6 0 8
      vertex -35.4645 -3.10274 8
    endloop
  endfacet
  facet normal -0.95699 0.0417904 0.287096
    outer loop
      vertex -33.3725 2.91972 15
      vertex -35.4645 3.10274 8
      vertex -33.5 0 15
    endloop
  endfacet
  facet normal -0.583131 -0.759958 0.287094
    outer loop
      vertex -19.2148 -27.4416 15
      vertex -22.8832 -27.2712 8
      vertex -20.4193 -29.1618 8
    endloop
  endfacet
  facet normal 0.706243 0.647146 0.287093
    outer loop
      vertex 27.2712 22.8832 8
      vertex 23.6881 23.6881 15
      vertex 25.6625 21.5334 15
    endloop
  endfacet
  facet normal 0.583129 -0.759959 0.287093
    outer loop
      vertex 21.5334 -25.6625 15
      vertex 19.2148 -27.4416 15
      vertex 22.8832 -27.2712 8
    endloop
  endfacet
  facet normal 0.514692 0.807879 0.287094
    outer loop
      vertex 20.4193 29.1618 8
      vertex 16.75 29.0119 15
      vertex 19.2148 27.4416 15
    endloop
  endfacet
  facet normal 0.125011 0.949709 0.287097
    outer loop
      vertex 6.18187 35.0592 8
      vertex 2.91972 33.3725 15
      vertex 5.81721 32.9911 15
    endloop
  endfacet
  facet normal 0.807879 0.514692 0.287094
    outer loop
      vertex 29.1618 20.4193 8
      vertex 27.4416 19.2148 15
      vertex 29.0119 16.75 15
    endloop
  endfacet
  facet normal 0.583129 0.759959 0.287093
    outer loop
      vertex 22.8832 27.2712 8
      vertex 19.2148 27.4416 15
      vertex 21.5334 25.6625 15
    endloop
  endfacet
  facet normal 0.884981 0.36658 0.287101
    outer loop
      vertex 33.4531 12.1759 8
      vertex 30.703 13.9387 14.2263
      vertex 31.6978 11.5371 14.2263
    endloop
  endfacet
  facet normal 0.366572 0.884984 0.287103
    outer loop
      vertex 15.0452 32.2646 8
      vertex 12.1759 33.4531 8
      vertex 14.1577 30.3613 15
    endloop
  endfacet
  facet normal -0.207332 -0.935203 0.287069
    outer loop
      vertex -8.67044 -32.3585 15
      vertex -6.38162 -33.1506 14.0726
      vertex -6.3452 -32.874 15
    endloop
  endfacet
  facet normal -0.207316 -0.935196 0.287104
    outer loop
      vertex -6.38162 -33.1506 14.0726
      vertex -8.67044 -32.3585 15
      vertex -9.21396 -34.387 8
    endloop
  endfacet
  facet normal -0.207602 -0.935098 0.287217
    outer loop
      vertex -6.24825 -33.1682 14.1117
      vertex -6.38162 -33.1506 14.0726
      vertex -9.21396 -34.387 8
    endloop
  endfacet
  facet normal 0.93519 -0.207344 0.287104
    outer loop
      vertex 32.9911 -5.81721 15
      vertex 32.3585 -8.67044 15
      vertex 34.387 -9.21396 8
    endloop
  endfacet
  facet normal -0.935195 0.207328 0.287097
    outer loop
      vertex -34.387 9.21396 8
      vertex -35.0592 6.18187 8
      vertex -32.9911 5.81721 15
    endloop
  endfacet
  facet normal -0.366579 -0.884982 0.2871
    outer loop
      vertex -11.4577 -31.4797 15
      vertex -14.1577 -30.3613 15
      vertex -12.1759 -33.4531 8
    endloop
  endfacet
  facet normal -0.849665 0.442321 0.287091
    outer loop
      vertex -30.5707 17.65 9
      vertex -31.7999 15.2888 9
      vertex -29.0119 16.75 15
    endloop
  endfacet
  facet normal -0.93519 0.207344 0.287104
    outer loop
      vertex -32.3585 8.67044 15
      vertex -34.387 9.21396 8
      vertex -32.9911 5.81721 15
    endloop
  endfacet
  facet normal 0.913565 0.288047 0.287104
    outer loop
      vertex 33.4531 12.1759 8
      vertex 32.3585 8.67044 15
      vertex 34.387 9.21396 8
    endloop
  endfacet
  facet normal 0.442321 0.849665 0.287091
    outer loop
      vertex 17.8 30.8305 8
      vertex 15.0452 32.2646 8
      vertex 16.75 29.0119 15
    endloop
  endfacet
  facet normal -0.93519 -0.207344 0.287104
    outer loop
      vertex -32.9911 -5.81721 15
      vertex -34.387 -9.21396 8
      vertex -32.3585 -8.67044 15
    endloop
  endfacet
  facet normal -0.759997 0.583077 0.287098
    outer loop
      vertex -27.2955 22.3592 9
      vertex -25.8403 21.6826 14.2263
      vertex -27.0414 22.6904 9
    endloop
  endfacet
  facet normal -0.759948 0.583144 0.287093
    outer loop
      vertex -25.8403 21.6826 14.2263
      vertex -27.2955 22.3592 9
      vertex -27.4228 19.6203 14.2263
    endloop
  endfacet
  facet normal -0.706242 -0.647147 0.287093
    outer loop
      vertex -23.6881 -23.6881 15
      vertex -27.2712 -22.8832 8
      vertex -25.173 -25.173 8
    endloop
  endfacet
  facet normal 0.514686 -0.807884 0.287091
    outer loop
      vertex 20.4193 -29.1618 8
      vertex 16.75 -29.0119 15
      vertex 17.8 -30.8305 8
    endloop
  endfacet
  facet normal -0.94971 -0.125008 0.287096
    outer loop
      vertex -33.3725 -2.91972 15
      vertex -35.4645 -3.10274 8
      vertex -35.0592 -6.18187 8
    endloop
  endfacet
  facet normal -0.442321 -0.849665 0.287091
    outer loop
      vertex -16.75 -29.0119 15
      vertex -17.8 -30.8305 8
      vertex -15.0452 -32.2646 8
    endloop
  endfacet
  facet normal 0.949709 0.125011 0.287097
    outer loop
      vertex 35.0592 6.18187 8
      vertex 32.9911 5.81721 15
      vertex 33.3725 2.91972 15
    endloop
  endfacet
  facet normal 0.94971 0.125008 0.287096
    outer loop
      vertex 35.0592 6.18187 8
      vertex 33.3725 2.91972 15
      vertex 35.4645 3.10274 8
    endloop
  endfacet
  facet normal -0.0417947 -0.956989 0.2871
    outer loop
      vertex -2.93995 -33.6037 14.2263
      vertex -3.10274 -35.4645 8
      vertex -2.41584 -33.6727 14.0726
    endloop
  endfacet
  facet normal -0.0417884 -0.956998 0.287069
    outer loop
      vertex -2.41584 -33.6727 14.0726
      vertex 0 -33.5 15
      vertex -2.37942 -33.3961 15
    endloop
  endfacet
  facet normal -0.0418011 -0.956988 0.2871
    outer loop
      vertex 0 -33.5 15
      vertex -2.41584 -33.6727 14.0726
      vertex -3.10274 -35.4645 8
    endloop
  endfacet
  facet normal -0.288047 -0.913565 0.287104
    outer loop
      vertex -8.67044 -32.3585 15
      vertex -12.1759 -33.4531 8
      vertex -9.21396 -34.387 8
    endloop
  endfacet
  facet normal -0.706254 0.647132 0.287098
    outer loop
      vertex -24.9609 24.9609 9
      vertex -26.7593 22.9982 9
      vertex -23.6881 23.6881 15
    endloop
  endfacet
  facet normal 0.94971 -0.125008 0.287096
    outer loop
      vertex 35.4645 -3.10274 8
      vertex 33.3725 -2.91972 15
      vertex 35.0592 -6.18187 8
    endloop
  endfacet
  facet normal 0.95699 -0.0417904 0.287096
    outer loop
      vertex 33.5 0 15
      vertex 33.3725 -2.91972 15
      vertex 35.4645 -3.10274 8
    endloop
  endfacet
  facet normal -0.884954 0.366647 0.287101
    outer loop
      vertex -31.4797 11.4577 15
      vertex -33.0114 12.459 9
      vertex -33.1712 12.0733 9
    endloop
  endfacet
  facet normal -0.884983 0.36658 0.287097
    outer loop
      vertex -33.0114 12.459 9
      vertex -31.4797 11.4577 15
      vertex -30.3613 14.1577 15
    endloop
  endfacet
  facet normal -0.884986 0.366567 0.287102
    outer loop
      vertex -31.9927 14.9184 9
      vertex -33.0114 12.459 9
      vertex -30.3613 14.1577 15
    endloop
  endfacet
  facet normal 0.849676 -0.442292 0.287103
    outer loop
      vertex 30.3613 -14.1577 15
      vertex 29.0119 -16.75 15
      vertex 32.2646 -15.0452 8
    endloop
  endfacet
  facet normal -0.759955 0.583136 0.287088
    outer loop
      vertex -28.9161 20.2472 9
      vertex -27.4228 19.6203 14.2263
      vertex -27.2955 22.3592 9
    endloop
  endfacet
  facet normal -0.760113 0.582921 0.287108
    outer loop
      vertex -27.4228 19.6203 14.2263
      vertex -28.9161 20.2472 9
      vertex -27.6317 19.3479 14.2263
    endloop
  endfacet
  facet normal -0.913565 -0.288047 0.287104
    outer loop
      vertex -32.3585 -8.67044 15
      vertex -34.387 -9.21396 8
      vertex -33.4531 -12.1759 8
    endloop
  endfacet
  facet normal 0.759959 -0.583129 0.287093
    outer loop
      vertex 27.4416 -19.2148 15
      vertex 25.6625 -21.5334 15
      vertex 27.2712 -22.8832 8
    endloop
  endfacet
  facet normal 0.759958 0.583131 0.287094
    outer loop
      vertex 29.1618 20.4193 8
      vertex 27.2712 22.8832 8
      vertex 27.4416 19.2148 15
    endloop
  endfacet
  facet normal -0.583129 0.759959 0.287095
    outer loop
      vertex -19.2148 27.4416 15
      vertex -22.4395 27.2339 9
      vertex -21.5334 25.6625 15
    endloop
  endfacet
  facet normal -0.583295 0.759795 0.28719
    outer loop
      vertex -22.4395 27.2339 9
      vertex -19.2148 27.4416 15
      vertex -22.4854 27.2897 8.75915
    endloop
  endfacet
  facet normal -0.583091 0.759987 0.287097
    outer loop
      vertex -21.5334 25.6625 15
      vertex -22.4395 27.2339 9
      vertex -22.6904 27.0414 9
    endloop
  endfacet
  facet normal -0.442292 -0.849676 0.287103
    outer loop
      vertex -14.1577 -30.3613 15
      vertex -16.75 -29.0119 15
      vertex -15.0452 -32.2646 8
    endloop
  endfacet
  facet normal 0.849665 0.442321 0.287091
    outer loop
      vertex 30.8305 17.8 8
      vertex 29.0119 16.75 15
      vertex 32.2646 15.0452 8
    endloop
  endfacet
  facet normal -0.759959 -0.583129 0.287093
    outer loop
      vertex -25.6625 -21.5334 15
      vertex -27.4416 -19.2148 15
      vertex -27.2712 -22.8832 8
    endloop
  endfacet
  facet normal 0.514692 -0.807879 0.287094
    outer loop
      vertex 19.2148 -27.4416 15
      vertex 16.75 -29.0119 15
      vertex 20.4193 -29.1618 8
    endloop
  endfacet
  facet normal -0.28804 -0.913568 0.287101
    outer loop
      vertex -11.4577 -31.4797 15
      vertex -12.1759 -33.4531 8
      vertex -8.67044 -32.3585 15
    endloop
  endfacet
  facet normal 0.884984 -0.366572 0.287103
    outer loop
      vertex 33.4531 -12.1759 8
      vertex 30.3613 -14.1577 15
      vertex 32.2646 -15.0452 8
    endloop
  endfacet
  facet normal 0.583131 0.759958 0.287094
    outer loop
      vertex 20.4193 29.1618 8
      vertex 19.2148 27.4416 15
      vertex 22.8832 27.2712 8
    endloop
  endfacet
  facet normal 0.442321 -0.849665 0.287091
    outer loop
      vertex 16.75 -29.0119 15
      vertex 15.0452 -32.2646 8
      vertex 17.8 -30.8305 8
    endloop
  endfacet
  facet normal -0.95699 -0.0417904 0.287096
    outer loop
      vertex -33.5 0 15
      vertex -35.4645 -3.10274 8
      vertex -33.3725 -2.91972 15
    endloop
  endfacet
  facet normal 0.647146 -0.706243 0.287093
    outer loop
      vertex 23.6881 -23.6881 15
      vertex 21.5334 -25.6625 15
      vertex 22.8832 -27.2712 8
    endloop
  endfacet
  facet normal -0.935195 -0.207328 0.287097
    outer loop
      vertex -32.9911 -5.81721 15
      vertex -35.0592 -6.18187 8
      vertex -34.387 -9.21396 8
    endloop
  endfacet
  facet normal -0.849676 -0.442292 0.287103
    outer loop
      vertex -30.3613 -14.1577 15
      vertex -32.2646 -15.0452 8
      vertex -29.0119 -16.75 15
    endloop
  endfacet
  facet normal 0.706243 -0.647146 0.287093
    outer loop
      vertex 25.6625 -21.5334 15
      vertex 23.6881 -23.6881 15
      vertex 27.2712 -22.8832 8
    endloop
  endfacet
  facet normal -0.12503 -0.949703 0.287109
    outer loop
      vertex -5.85752 -33.2196 14.2263
      vertex -6.18187 -35.0592 8
      vertex -3.28027 -33.5589 14.2263
    endloop
  endfacet
  facet normal 0.0417904 0.95699 0.287096
    outer loop
      vertex 3.10274 35.4645 8
      vertex 0 33.5 15
      vertex 2.91972 33.3725 15
    endloop
  endfacet
  facet normal 0.759959 0.583129 0.287093
    outer loop
      vertex 27.2712 22.8832 8
      vertex 25.6625 21.5334 15
      vertex 27.4416 19.2148 15
    endloop
  endfacet
  facet normal -0.207328 -0.935193 0.287103
    outer loop
      vertex -6.18187 -35.0592 8
      vertex -6.24825 -33.1682 14.1117
      vertex -9.21396 -34.387 8
    endloop
  endfacet
  facet normal -0.207234 -0.935212 0.28711
    outer loop
      vertex -6.24825 -33.1682 14.1117
      vertex -6.18187 -35.0592 8
      vertex -5.85752 -33.2196 14.2263
    endloop
  endfacet
  facet normal 0.442292 -0.849676 0.287103
    outer loop
      vertex 16.75 -29.0119 15
      vertex 14.1577 -30.3613 15
      vertex 15.0452 -32.2646 8
    endloop
  endfacet
  facet normal -0.28804 0.913568 0.287101
    outer loop
      vertex -8.67044 32.3585 15
      vertex -12.1759 33.4531 8
      vertex -11.4577 31.4797 15
    endloop
  endfacet
  facet normal 0.583131 -0.759958 0.287094
    outer loop
      vertex 22.8832 -27.2712 8
      vertex 19.2148 -27.4416 15
      vertex 20.4193 -29.1618 8
    endloop
  endfacet
  facet normal -0.807879 -0.514692 0.287094
    outer loop
      vertex -29.0119 -16.75 15
      vertex -29.1618 -20.4193 8
      vertex -27.4416 -19.2148 15
    endloop
  endfacet
  facet normal 0.949709 -0.125011 0.287097
    outer loop
      vertex 33.3725 -2.91972 15
      vertex 32.9911 -5.81721 15
      vertex 35.0592 -6.18187 8
    endloop
  endfacet
  facet normal 0.28804 -0.913568 0.287101
    outer loop
      vertex 11.4577 -31.4797 15
      vertex 8.67044 -32.3585 15
      vertex 12.1759 -33.4531 8
    endloop
  endfacet
  facet normal -0.949709 -0.125011 0.287097
    outer loop
      vertex -33.3725 -2.91972 15
      vertex -35.0592 -6.18187 8
      vertex -32.9911 -5.81721 15
    endloop
  endfacet
  facet normal -0.849665 -0.442321 0.287091
    outer loop
      vertex -29.0119 -16.75 15
      vertex -32.2646 -15.0452 8
      vertex -30.8305 -17.8 8
    endloop
  endfacet
  facet normal 0.288047 -0.913565 0.287104
    outer loop
      vertex 12.1759 -33.4531 8
      vertex 8.67044 -32.3585 15
      vertex 9.21396 -34.387 8
    endloop
  endfacet
  facet normal 0.125008 0.94971 0.287096
    outer loop
      vertex 3.10274 35.4645 8
      vertex 2.91972 33.3725 15
      vertex 6.18187 35.0592 8
    endloop
  endfacet
  facet normal -0.366572 0.884984 0.287103
    outer loop
      vertex -12.1759 33.4531 8
      vertex -15.0452 32.2646 8
      vertex -14.1577 30.3613 15
    endloop
  endfacet
  facet normal -0.514686 0.807884 0.287091
    outer loop
      vertex -17.8 30.8305 8
      vertex -20.4193 29.1618 8
      vertex -16.75 29.0119 15
    endloop
  endfacet
  facet normal -0.0417904 0.95699 0.287096
    outer loop
      vertex 0 33.5 15
      vertex -3.10274 35.4645 8
      vertex -2.91972 33.3725 15
    endloop
  endfacet
  facet normal 0.0417904 -0.95699 0.287096
    outer loop
      vertex 2.91972 -33.3725 15
      vertex 0 -33.5 15
      vertex 3.10274 -35.4645 8
    endloop
  endfacet
  facet normal -0.442321 0.849665 0.287091
    outer loop
      vertex -15.0452 32.2646 8
      vertex -17.8 30.8305 8
      vertex -16.75 29.0119 15
    endloop
  endfacet
  facet normal -0.807884 -0.514686 0.287091
    outer loop
      vertex -29.0119 -16.75 15
      vertex -30.8305 -17.8 8
      vertex -29.1618 -20.4193 8
    endloop
  endfacet
  facet normal 0.28804 0.913568 0.287101
    outer loop
      vertex 12.1759 33.4531 8
      vertex 8.67044 32.3585 15
      vertex 11.4577 31.4797 15
    endloop
  endfacet
  facet normal -0.288047 0.913565 0.287104
    outer loop
      vertex -9.21396 34.387 8
      vertex -12.1759 33.4531 8
      vertex -8.67044 32.3585 15
    endloop
  endfacet
  facet normal -0.207344 0.93519 0.287104
    outer loop
      vertex -5.81721 32.9911 15
      vertex -9.21396 34.387 8
      vertex -8.67044 32.3585 15
    endloop
  endfacet
  facet normal -0.125011 0.949709 0.287097
    outer loop
      vertex -2.91972 33.3725 15
      vertex -6.18187 35.0592 8
      vertex -5.81721 32.9911 15
    endloop
  endfacet
  facet normal -0.0417928 -0.956989 0.287097
    outer loop
      vertex 0 -33.5 15
      vertex -3.10274 -35.4645 8
      vertex 0 -35.6 8
    endloop
  endfacet
  facet normal -0.647132 0.706254 0.287098
    outer loop
      vertex -22.9982 26.7593 9
      vertex -24.9609 24.9609 9
      vertex -23.6881 23.6881 15
    endloop
  endfacet
  facet normal 0.366579 -0.884982 0.2871
    outer loop
      vertex 14.1577 -30.3613 15
      vertex 11.4577 -31.4797 15
      vertex 12.1759 -33.4531 8
    endloop
  endfacet
  facet normal -0.442292 0.849676 0.287103
    outer loop
      vertex -15.0452 32.2646 8
      vertex -16.75 29.0119 15
      vertex -14.1577 30.3613 15
    endloop
  endfacet
  facet normal 0.807879 -0.514692 0.287094
    outer loop
      vertex 29.0119 -16.75 15
      vertex 27.4416 -19.2148 15
      vertex 29.1618 -20.4193 8
    endloop
  endfacet
  facet normal -0.366572 -0.884984 0.287103
    outer loop
      vertex -14.1577 -30.3613 15
      vertex -15.0452 -32.2646 8
      vertex -12.1759 -33.4531 8
    endloop
  endfacet
  facet normal 0.288047 0.913565 0.287104
    outer loop
      vertex 9.21396 34.387 8
      vertex 8.67044 32.3585 15
      vertex 12.1759 33.4531 8
    endloop
  endfacet
  facet normal 0.207344 0.93519 0.287104
    outer loop
      vertex 9.21396 34.387 8
      vertex 5.81721 32.9911 15
      vertex 8.67044 32.3585 15
    endloop
  endfacet
  facet normal 0.807884 -0.514686 0.287091
    outer loop
      vertex 30.8305 -17.8 8
      vertex 29.0119 -16.75 15
      vertex 29.1618 -20.4193 8
    endloop
  endfacet
  facet normal 0.849665 -0.442321 0.287091
    outer loop
      vertex 32.2646 -15.0452 8
      vertex 29.0119 -16.75 15
      vertex 30.8305 -17.8 8
    endloop
  endfacet
  facet normal 0.125011 -0.949709 0.287097
    outer loop
      vertex 5.81721 -32.9911 15
      vertex 2.91972 -33.3725 15
      vertex 6.18187 -35.0592 8
    endloop
  endfacet
  facet normal -0.647146 -0.706243 0.287093
    outer loop
      vertex -21.5334 -25.6625 15
      vertex -23.6881 -23.6881 15
      vertex -22.8832 -27.2712 8
    endloop
  endfacet
  facet normal -0.706243 -0.647146 0.287093
    outer loop
      vertex -25.6625 -21.5334 15
      vertex -27.2712 -22.8832 8
      vertex -23.6881 -23.6881 15
    endloop
  endfacet
  facet normal 0.366579 0.884982 0.2871
    outer loop
      vertex 12.1759 33.4531 8
      vertex 11.4577 31.4797 15
      vertex 14.1577 30.3613 15
    endloop
  endfacet
  facet normal -0.514686 -0.807884 0.287091
    outer loop
      vertex -16.75 -29.0119 15
      vertex -20.4193 -29.1618 8
      vertex -17.8 -30.8305 8
    endloop
  endfacet
  facet normal -0.849685 0.442276 0.287102
    outer loop
      vertex -30.3613 14.1577 15
      vertex -31.7999 15.2888 9
      vertex -31.9927 14.9184 9
    endloop
  endfacet
  facet normal -0.849676 0.442292 0.287103
    outer loop
      vertex -31.7999 15.2888 9
      vertex -30.3613 14.1577 15
      vertex -29.0119 16.75 15
    endloop
  endfacet
  facet normal -0.807897 0.514659 0.287105
    outer loop
      vertex -29.1404 19.8951 9
      vertex -27.6317 19.3479 14.2263
      vertex -28.9161 20.2472 9
    endloop
  endfacet
  facet normal -0.807839 0.514753 0.287098
    outer loop
      vertex -29.1404 19.8951 9
      vertex -27.9535 18.9286 14.0726
      vertex -27.6317 19.3479 14.2263
    endloop
  endfacet
  facet normal -0.807889 0.514689 0.287073
    outer loop
      vertex -27.9535 18.9286 14.0726
      vertex -29.0119 16.75 15
      vertex -27.7322 18.7587 15
    endloop
  endfacet
  facet normal -0.807878 0.514693 0.287096
    outer loop
      vertex -29.0119 16.75 15
      vertex -27.9535 18.9286 14.0726
      vertex -29.1404 19.8951 9
    endloop
  endfacet
  facet normal -0.807885 0.514685 0.287091
    outer loop
      vertex -29.1404 19.8951 9
      vertex -30.5707 17.65 9
      vertex -29.0119 16.75 15
    endloop
  endfacet
  facet normal -0.125008 -0.949709 0.2871
    outer loop
      vertex -3.10274 -35.4645 8
      vertex -3.28027 -33.5589 14.2263
      vertex -6.18187 -35.0592 8
    endloop
  endfacet
  facet normal -0.12502 -0.949707 0.287099
    outer loop
      vertex -3.28027 -33.5589 14.2263
      vertex -3.10274 -35.4645 8
      vertex -2.93995 -33.6037 14.2263
    endloop
  endfacet
  facet normal 0.207328 -0.935195 0.287097
    outer loop
      vertex 9.21396 -34.387 8
      vertex 5.81721 -32.9911 15
      vertex 6.18187 -35.0592 8
    endloop
  endfacet
  facet normal 0.207344 -0.93519 0.287104
    outer loop
      vertex 8.67044 -32.3585 15
      vertex 5.81721 -32.9911 15
      vertex 9.21396 -34.387 8
    endloop
  endfacet
  facet normal -0.913574 0.288095 0.287026
    outer loop
      vertex -33.7824 11.1312 8
      vertex -34.387 9.21396 8
      vertex -33.4978 11.0374 9
    endloop
  endfacet
  facet normal -0.913547 0.288089 0.287117
    outer loop
      vertex -33.4978 11.0374 9
      vertex -32.3585 8.67044 15
      vertex -33.2967 11.6751 9
    endloop
  endfacet
  facet normal -0.913564 0.288048 0.287104
    outer loop
      vertex -32.3585 8.67044 15
      vertex -33.4978 11.0374 9
      vertex -34.387 9.21396 8
    endloop
  endfacet
  facet normal -0.991464 0 -0.13038
    outer loop
      vertex 29.0939 -3 15.1394
      vertex 29.0757 3 15.2778
      vertex 29.0939 3 15.1394
    endloop
  endfacet
  facet normal -0.991464 -0 -0.13038
    outer loop
      vertex 29.0757 3 15.2778
      vertex 29.0939 -3 15.1394
      vertex 29.0757 -3 15.2778
    endloop
  endfacet
  facet normal -0.999044 0 -0.0437171
    outer loop
      vertex 29.1 -3 15
      vertex 29.0939 3 15.1394
      vertex 29.1 3 15
    endloop
  endfacet
  facet normal -0.999044 -0 -0.0437171
    outer loop
      vertex 29.0939 3 15.1394
      vertex 29.1 -3 15
      vertex 29.0939 -3 15.1394
    endloop
  endfacet
  facet normal -0.793768 0 0.608221
    outer loop
      vertex 28.7257 -3.1 13.9715
      vertex 28.8106 3.1 14.0823
      vertex 28.7257 3.1 13.9715
    endloop
  endfacet
  facet normal -0.793768 0 0.608221
    outer loop
      vertex 28.8106 3.1 14.0823
      vertex 28.7257 -3.1 13.9715
      vertex 28.8106 -3.1 14.0823
    endloop
  endfacet
  facet normal -0.300926 0 0.953648
    outer loop
      vertex 27.9141 3.1 13.4545
      vertex 28.0472 -3.1 13.4965
      vertex 28.0472 3.1 13.4965
    endloop
  endfacet
  facet normal -0.300926 0 0.953648
    outer loop
      vertex 28.0472 -3.1 13.4965
      vertex 27.9141 3.1 13.4545
      vertex 27.9141 -3.1 13.4545
    endloop
  endfacet
  facet normal 0.923964 -0 0.382478
    outer loop
      vertex 25.9965 -3.1 14.4528
      vertex 26.0499 3.1 14.3238
      vertex 25.9965 3.1 14.4528
    endloop
  endfacet
  facet normal 0.923964 0 0.382478
    outer loop
      vertex 26.0499 3.1 14.3238
      vertex 25.9965 -3.1 14.4528
      vertex 26.0499 -3.1 14.3238
    endloop
  endfacet
  facet normal 0.216324 0 -0.976322
    outer loop
      vertex 27.0859 -3 16.5455
      vertex 27.2222 3 16.5757
      vertex 27.2222 -3 16.5757
    endloop
  endfacet
  facet normal 0.216324 0 -0.976322
    outer loop
      vertex 27.2222 3 16.5757
      vertex 27.0859 -3 16.5455
      vertex 27.0859 3 16.5455
    endloop
  endfacet
  facet normal -0.300926 0 -0.953648
    outer loop
      vertex 27.9141 -3 16.5455
      vertex 28.0472 3 16.5035
      vertex 28.0472 -3 16.5035
    endloop
  endfacet
  facet normal -0.300926 0 -0.953648
    outer loop
      vertex 28.0472 3 16.5035
      vertex 27.9141 -3 16.5455
      vertex 27.9141 3 16.5455
    endloop
  endfacet
  facet normal -0.130473 0 -0.991452
    outer loop
      vertex 27.6395 -3 16.5939
      vertex 27.7778 3 16.5757
      vertex 27.7778 -3 16.5757
    endloop
  endfacet
  facet normal -0.130473 0 -0.991452
    outer loop
      vertex 27.7778 3 16.5757
      vertex 27.6395 -3 16.5939
      vertex 27.6395 3 16.5939
    endloop
  endfacet
  facet normal -0.976322 0 -0.216324
    outer loop
      vertex 29.0757 -3 15.2778
      vertex 29.0455 3 15.4141
      vertex 29.0757 3 15.2778
    endloop
  endfacet
  facet normal -0.976322 -0 -0.216324
    outer loop
      vertex 29.0455 3 15.4141
      vertex 29.0757 -3 15.2778
      vertex 29.0455 -3 15.4141
    endloop
  endfacet
  facet normal 0.793768 -0 0.608221
    outer loop
      vertex 26.1894 -3.1 14.0823
      vertex 26.2743 3.1 13.9715
      vertex 26.1894 3.1 14.0823
    endloop
  endfacet
  facet normal 0.793768 0 0.608221
    outer loop
      vertex 26.2743 3.1 13.9715
      vertex 26.1894 -3.1 14.0823
      vertex 26.2743 -3.1 13.9715
    endloop
  endfacet
  facet normal 0.953648 -0 0.300926
    outer loop
      vertex 25.9545 -3.1 14.5859
      vertex 25.9965 3.1 14.4528
      vertex 25.9545 3.1 14.5859
    endloop
  endfacet
  facet normal 0.953648 0 0.300926
    outer loop
      vertex 25.9965 3.1 14.4528
      vertex 25.9545 -3.1 14.5859
      vertex 25.9965 -3.1 14.4528
    endloop
  endfacet
  facet normal -0.0436859 0 -0.999045
    outer loop
      vertex 27.5 -3 16.6
      vertex 27.6395 3 16.5939
      vertex 27.6395 -3 16.5939
    endloop
  endfacet
  facet normal -0.0436859 0 -0.999045
    outer loop
      vertex 27.6395 3 16.5939
      vertex 27.5 -3 16.6
      vertex 27.5 3 16.6
    endloop
  endfacet
  facet normal -0.216324 0 0.976322
    outer loop
      vertex 27.7778 3.1 13.4243
      vertex 27.9141 -3.1 13.4545
      vertex 27.9141 3.1 13.4545
    endloop
  endfacet
  facet normal -0.216324 0 0.976322
    outer loop
      vertex 27.9141 -3.1 13.4545
      vertex 27.7778 3.1 13.4243
      vertex 27.7778 -3.1 13.4243
    endloop
  endfacet
  facet normal -0.843337 0 -0.537385
    outer loop
      vertex 28.8856 -3 15.8
      vertex 28.8106 3 15.9177
      vertex 28.8856 3 15.8
    endloop
  endfacet
  facet normal -0.843337 -0 -0.537385
    outer loop
      vertex 28.8106 3 15.9177
      vertex 28.8856 -3 15.8
      vertex 28.8106 -3 15.9177
    endloop
  endfacet
  facet normal 0.999045 -0 0.0436859
    outer loop
      vertex 25.9 -3.1 15
      vertex 25.9061 3.1 14.8605
      vertex 25.9 3.1 15
    endloop
  endfacet
  facet normal 0.999045 0 0.0436859
    outer loop
      vertex 25.9061 3.1 14.8605
      vertex 25.9 -3.1 15
      vertex 25.9061 -3.1 14.8605
    endloop
  endfacet
  facet normal -0.675627 0 -0.737243
    outer loop
      vertex 28.5285 -3 16.2257
      vertex 28.6314 3 16.1314
      vertex 28.6314 -3 16.1314
    endloop
  endfacet
  facet normal -0.675627 0 -0.737243
    outer loop
      vertex 28.6314 3 16.1314
      vertex 28.5285 -3 16.2257
      vertex 28.5285 3 16.2257
    endloop
  endfacet
  facet normal -0.843337 0 0.537385
    outer loop
      vertex 28.8106 -3.1 14.0823
      vertex 28.8856 3.1 14.2
      vertex 28.8106 3.1 14.0823
    endloop
  endfacet
  facet normal -0.843337 0 0.537385
    outer loop
      vertex 28.8856 3.1 14.2
      vertex 28.8106 -3.1 14.0823
      vertex 28.8856 -3.1 14.2
    endloop
  endfacet
  facet normal 0.382109 0 -0.924117
    outer loop
      vertex 26.8742 -3 16.471
      vertex 26.9528 3 16.5035
      vertex 26.9528 -3 16.5035
    endloop
  endfacet
  facet normal 0.382109 0 -0.924117
    outer loop
      vertex 26.9528 3 16.5035
      vertex 26.8742 -3 16.471
      vertex 26.8742 3 16.471
    endloop
  endfacet
  facet normal -0.675627 0 0.737243
    outer loop
      vertex 28.5285 3.1 13.7743
      vertex 28.6314 -3.1 13.8686
      vertex 28.6314 3.1 13.8686
    endloop
  endfacet
  facet normal -0.675627 0 0.737243
    outer loop
      vertex 28.6314 -3.1 13.8686
      vertex 28.5285 3.1 13.7743
      vertex 28.5285 -3.1 13.7743
    endloop
  endfacet
  facet normal -0.886853 0 0.462052
    outer loop
      vertex 28.8856 -3.1 14.2
      vertex 28.9501 3.1 14.3238
      vertex 28.8856 3.1 14.2
    endloop
  endfacet
  facet normal -0.886853 0 0.462052
    outer loop
      vertex 28.9501 3.1 14.3238
      vertex 28.8856 -3.1 14.2
      vertex 28.9501 -3.1 14.3238
    endloop
  endfacet
  facet normal 0.382478 0 0.923964
    outer loop
      vertex 26.8238 3.1 13.5499
      vertex 26.9528 -3.1 13.4965
      vertex 26.9528 3.1 13.4965
    endloop
  endfacet
  facet normal 0.382478 0 0.923964
    outer loop
      vertex 26.9528 -3.1 13.4965
      vertex 26.8238 3.1 13.5499
      vertex 26.8238 -3.1 13.5499
    endloop
  endfacet
  facet normal -0.923964 0 -0.382478
    outer loop
      vertex 29.0035 -3 15.5472
      vertex 28.9501 3 15.6762
      vertex 29.0035 3 15.5472
    endloop
  endfacet
  facet normal -0.923964 -0 -0.382478
    outer loop
      vertex 28.9501 3 15.6762
      vertex 29.0035 -3 15.5472
      vertex 28.9501 -3 15.6762
    endloop
  endfacet
  facet normal 0.737243 -0 0.675627
    outer loop
      vertex 26.2743 -3.1 13.9715
      vertex 26.3686 3.1 13.8686
      vertex 26.2743 3.1 13.9715
    endloop
  endfacet
  facet normal 0.737243 0 0.675627
    outer loop
      vertex 26.3686 3.1 13.8686
      vertex 26.2743 -3.1 13.9715
      vertex 26.3686 -3.1 13.8686
    endloop
  endfacet
  facet normal -0.537385 0 -0.843337
    outer loop
      vertex 28.3 -3 16.3856
      vertex 28.4177 3 16.3106
      vertex 28.4177 -3 16.3106
    endloop
  endfacet
  facet normal -0.537385 0 -0.843337
    outer loop
      vertex 28.4177 3 16.3106
      vertex 28.3 -3 16.3856
      vertex 28.3 3 16.3856
    endloop
  endfacet
  facet normal -0.953648 0 0.300926
    outer loop
      vertex 29.0035 -3.1 14.4528
      vertex 29.0455 3.1 14.5859
      vertex 29.0035 3.1 14.4528
    endloop
  endfacet
  facet normal -0.953648 0 0.300926
    outer loop
      vertex 29.0455 3.1 14.5859
      vertex 29.0035 -3.1 14.4528
      vertex 29.0455 -3.1 14.5859
    endloop
  endfacet
  facet normal -0.991452 0 0.130473
    outer loop
      vertex 29.0757 -3.1 14.7222
      vertex 29.0939 3.1 14.8605
      vertex 29.0757 3.1 14.7222
    endloop
  endfacet
  facet normal -0.991452 0 0.130473
    outer loop
      vertex 29.0939 3.1 14.8605
      vertex 29.0757 -3.1 14.7222
      vertex 29.0939 -3.1 14.8605
    endloop
  endfacet
  facet normal -0.886853 0 -0.462052
    outer loop
      vertex 28.9501 -3 15.6762
      vertex 28.8856 3 15.8
      vertex 28.9501 3 15.6762
    endloop
  endfacet
  facet normal -0.886853 -0 -0.462052
    outer loop
      vertex 28.8856 3 15.8
      vertex 28.9501 -3 15.6762
      vertex 28.8856 -3 15.8
    endloop
  endfacet
  facet normal -0.953648 0 -0.300926
    outer loop
      vertex 29.0455 -3 15.4141
      vertex 29.0035 3 15.5472
      vertex 29.0455 3 15.4141
    endloop
  endfacet
  facet normal -0.953648 -0 -0.300926
    outer loop
      vertex 29.0035 3 15.5472
      vertex 29.0455 -3 15.4141
      vertex 29.0035 -3 15.5472
    endloop
  endfacet
  facet normal -0.462052 0 0.886853
    outer loop
      vertex 28.1762 3.1 13.5499
      vertex 28.3 -3.1 13.6144
      vertex 28.3 3.1 13.6144
    endloop
  endfacet
  facet normal -0.462052 0 0.886853
    outer loop
      vertex 28.3 -3.1 13.6144
      vertex 28.1762 3.1 13.5499
      vertex 28.1762 -3.1 13.5499
    endloop
  endfacet
  facet normal -0.999045 0 0.0436859
    outer loop
      vertex 29.0939 3.1 14.8605
      vertex 29.1 3 15
      vertex 29.1 3.1 15
    endloop
  endfacet
  facet normal -0.999045 0 0.0436859
    outer loop
      vertex 29.0939 3.1 14.8605
      vertex 29.1 -3 15
      vertex 29.1 3 15
    endloop
  endfacet
  facet normal -0.999045 0 0.0436859
    outer loop
      vertex 29.0939 -3.1 14.8605
      vertex 29.1 -3 15
      vertex 29.0939 3.1 14.8605
    endloop
  endfacet
  facet normal -0.999045 0 0.0436859
    outer loop
      vertex 29.1 -3 15
      vertex 29.0939 -3.1 14.8605
      vertex 29.1 -3.1 15
    endloop
  endfacet
  facet normal -0.130473 0 0.991452
    outer loop
      vertex 27.6395 3.1 13.4061
      vertex 27.7778 -3.1 13.4243
      vertex 27.7778 3.1 13.4243
    endloop
  endfacet
  facet normal -0.130473 0 0.991452
    outer loop
      vertex 27.7778 -3.1 13.4243
      vertex 27.6395 3.1 13.4061
      vertex 27.6395 -3.1 13.4061
    endloop
  endfacet
  facet normal -0.608221 0 -0.793768
    outer loop
      vertex 28.4177 -3 16.3106
      vertex 28.5285 3 16.2257
      vertex 28.5285 -3 16.2257
    endloop
  endfacet
  facet normal -0.608221 0 -0.793768
    outer loop
      vertex 28.5285 3 16.2257
      vertex 28.4177 -3 16.3106
      vertex 28.4177 3 16.3106
    endloop
  endfacet
  facet normal 0.0436859 0 0.999045
    outer loop
      vertex 27.3605 3.1 13.4061
      vertex 27.5 -3.1 13.4
      vertex 27.5 3.1 13.4
    endloop
  endfacet
  facet normal 0.0436859 0 0.999045
    outer loop
      vertex 27.5 -3.1 13.4
      vertex 27.3605 3.1 13.4061
      vertex 27.3605 -3.1 13.4061
    endloop
  endfacet
  facet normal -0.216324 0 -0.976322
    outer loop
      vertex 27.7778 -3 16.5757
      vertex 27.9141 3 16.5455
      vertex 27.9141 -3 16.5455
    endloop
  endfacet
  facet normal -0.216324 0 -0.976322
    outer loop
      vertex 27.9141 3 16.5455
      vertex 27.7778 -3 16.5757
      vertex 27.7778 3 16.5757
    endloop
  endfacet
  facet normal -0.382478 0 -0.923964
    outer loop
      vertex 28.0472 -3 16.5035
      vertex 28.1762 3 16.4501
      vertex 28.1762 -3 16.4501
    endloop
  endfacet
  facet normal -0.382478 0 -0.923964
    outer loop
      vertex 28.1762 3 16.4501
      vertex 28.0472 -3 16.5035
      vertex 28.0472 3 16.5035
    endloop
  endfacet
  facet normal 0.130473 0 0.991452
    outer loop
      vertex 27.2222 3.1 13.4243
      vertex 27.3605 -3.1 13.4061
      vertex 27.3605 3.1 13.4061
    endloop
  endfacet
  facet normal 0.130473 0 0.991452
    outer loop
      vertex 27.3605 -3.1 13.4061
      vertex 27.2222 3.1 13.4243
      vertex 27.2222 -3.1 13.4243
    endloop
  endfacet
  facet normal 0 -1 0
    outer loop
      vertex 25.9061 3.1 14.8605
      vertex 29.1 3.1 15
      vertex 25.9 3.1 15
    endloop
  endfacet
  facet normal 0 -1 0
    outer loop
      vertex 25.9061 3.1 14.8605
      vertex 29.0939 3.1 14.8605
      vertex 29.1 3.1 15
    endloop
  endfacet
  facet normal 0 -1 0
    outer loop
      vertex 25.9243 3.1 14.7222
      vertex 29.0939 3.1 14.8605
      vertex 25.9061 3.1 14.8605
    endloop
  endfacet
  facet normal 0 -1 0
    outer loop
      vertex 25.9243 3.1 14.7222
      vertex 29.0757 3.1 14.7222
      vertex 29.0939 3.1 14.8605
    endloop
  endfacet
  facet normal 0 -1 0
    outer loop
      vertex 25.9545 3.1 14.5859
      vertex 29.0757 3.1 14.7222
      vertex 25.9243 3.1 14.7222
    endloop
  endfacet
  facet normal 0 -1 0
    outer loop
      vertex 25.9545 3.1 14.5859
      vertex 29.0455 3.1 14.5859
      vertex 29.0757 3.1 14.7222
    endloop
  endfacet
  facet normal 0 -1 0
    outer loop
      vertex 25.9965 3.1 14.4528
      vertex 29.0455 3.1 14.5859
      vertex 25.9545 3.1 14.5859
    endloop
  endfacet
  facet normal 0 -1 0
    outer loop
      vertex 25.9965 3.1 14.4528
      vertex 29.0035 3.1 14.4528
      vertex 29.0455 3.1 14.5859
    endloop
  endfacet
  facet normal 0 -1 0
    outer loop
      vertex 26.0499 3.1 14.3238
      vertex 29.0035 3.1 14.4528
      vertex 25.9965 3.1 14.4528
    endloop
  endfacet
  facet normal 0 -1 0
    outer loop
      vertex 26.0499 3.1 14.3238
      vertex 28.9501 3.1 14.3238
      vertex 29.0035 3.1 14.4528
    endloop
  endfacet
  facet normal 0 -1 0
    outer loop
      vertex 26.1144 3.1 14.2
      vertex 28.9501 3.1 14.3238
      vertex 26.0499 3.1 14.3238
    endloop
  endfacet
  facet normal 0 -1 0
    outer loop
      vertex 26.1144 3.1 14.2
      vertex 28.8856 3.1 14.2
      vertex 28.9501 3.1 14.3238
    endloop
  endfacet
  facet normal 0 -1 0
    outer loop
      vertex 26.1894 3.1 14.0823
      vertex 28.8856 3.1 14.2
      vertex 26.1144 3.1 14.2
    endloop
  endfacet
  facet normal 0 -1 0
    outer loop
      vertex 26.1894 3.1 14.0823
      vertex 28.8106 3.1 14.0823
      vertex 28.8856 3.1 14.2
    endloop
  endfacet
  facet normal 0 -1 0
    outer loop
      vertex 26.2743 3.1 13.9715
      vertex 28.8106 3.1 14.0823
      vertex 26.1894 3.1 14.0823
    endloop
  endfacet
  facet normal 0 -1 0
    outer loop
      vertex 26.2743 3.1 13.9715
      vertex 28.7257 3.1 13.9715
      vertex 28.8106 3.1 14.0823
    endloop
  endfacet
  facet normal 0 -1 0
    outer loop
      vertex 26.3686 3.1 13.8686
      vertex 28.7257 3.1 13.9715
      vertex 26.2743 3.1 13.9715
    endloop
  endfacet
  facet normal 0 -1 0
    outer loop
      vertex 26.3686 3.1 13.8686
      vertex 28.6314 3.1 13.8686
      vertex 28.7257 3.1 13.9715
    endloop
  endfacet
  facet normal 0 -1 0
    outer loop
      vertex 26.4715 3.1 13.7743
      vertex 28.6314 3.1 13.8686
      vertex 26.3686 3.1 13.8686
    endloop
  endfacet
  facet normal 0 -1 0
    outer loop
      vertex 26.4715 3.1 13.7743
      vertex 28.5285 3.1 13.7743
      vertex 28.6314 3.1 13.8686
    endloop
  endfacet
  facet normal 0 -1 0
    outer loop
      vertex 26.5823 3.1 13.6894
      vertex 28.5285 3.1 13.7743
      vertex 26.4715 3.1 13.7743
    endloop
  endfacet
  facet normal 0 -1 0
    outer loop
      vertex 26.5823 3.1 13.6894
      vertex 28.4177 3.1 13.6894
      vertex 28.5285 3.1 13.7743
    endloop
  endfacet
  facet normal 0 -1 0
    outer loop
      vertex 26.7 3.1 13.6144
      vertex 28.4177 3.1 13.6894
      vertex 26.5823 3.1 13.6894
    endloop
  endfacet
  facet normal 0 -1 0
    outer loop
      vertex 26.7 3.1 13.6144
      vertex 28.3 3.1 13.6144
      vertex 28.4177 3.1 13.6894
    endloop
  endfacet
  facet normal 0 -1 0
    outer loop
      vertex 26.8238 3.1 13.5499
      vertex 28.3 3.1 13.6144
      vertex 26.7 3.1 13.6144
    endloop
  endfacet
  facet normal 0 -1 0
    outer loop
      vertex 26.8238 3.1 13.5499
      vertex 28.1762 3.1 13.5499
      vertex 28.3 3.1 13.6144
    endloop
  endfacet
  facet normal 0 -1 0
    outer loop
      vertex 26.9528 3.1 13.4965
      vertex 28.1762 3.1 13.5499
      vertex 26.8238 3.1 13.5499
    endloop
  endfacet
  facet normal 0 -1 0
    outer loop
      vertex 26.9528 3.1 13.4965
      vertex 28.0472 3.1 13.4965
      vertex 28.1762 3.1 13.5499
    endloop
  endfacet
  facet normal 0 -1 0
    outer loop
      vertex 27.0859 3.1 13.4545
      vertex 28.0472 3.1 13.4965
      vertex 26.9528 3.1 13.4965
    endloop
  endfacet
  facet normal 0 -1 0
    outer loop
      vertex 27.0859 3.1 13.4545
      vertex 27.9141 3.1 13.4545
      vertex 28.0472 3.1 13.4965
    endloop
  endfacet
  facet normal 0 -1 0
    outer loop
      vertex 27.2222 3.1 13.4243
      vertex 27.9141 3.1 13.4545
      vertex 27.0859 3.1 13.4545
    endloop
  endfacet
  facet normal 0 -1 0
    outer loop
      vertex 27.2222 3.1 13.4243
      vertex 27.7778 3.1 13.4243
      vertex 27.9141 3.1 13.4545
    endloop
  endfacet
  facet normal 0 -1 0
    outer loop
      vertex 27.3605 3.1 13.4061
      vertex 27.7778 3.1 13.4243
      vertex 27.2222 3.1 13.4243
    endloop
  endfacet
  facet normal 0 -1 0
    outer loop
      vertex 27.3605 3.1 13.4061
      vertex 27.6395 3.1 13.4061
      vertex 27.7778 3.1 13.4243
    endloop
  endfacet
  facet normal -0 -1 0
    outer loop
      vertex 27.6395 3.1 13.4061
      vertex 27.3605 3.1 13.4061
      vertex 27.5 3.1 13.4
    endloop
  endfacet
  facet normal 0.886853 -0 0.462052
    outer loop
      vertex 26.0499 -3.1 14.3238
      vertex 26.1144 3.1 14.2
      vertex 26.0499 3.1 14.3238
    endloop
  endfacet
  facet normal 0.886853 0 0.462052
    outer loop
      vertex 26.1144 3.1 14.2
      vertex 26.0499 -3.1 14.3238
      vertex 26.1144 -3.1 14.2
    endloop
  endfacet
  facet normal -0.462052 0 -0.886853
    outer loop
      vertex 28.1762 -3 16.4501
      vertex 28.3 3 16.3856
      vertex 28.3 -3 16.3856
    endloop
  endfacet
  facet normal -0.462052 0 -0.886853
    outer loop
      vertex 28.3 3 16.3856
      vertex 28.1762 -3 16.4501
      vertex 28.1762 3 16.4501
    endloop
  endfacet
  facet normal 0.130473 0 -0.991452
    outer loop
      vertex 27.2222 -3 16.5757
      vertex 27.3605 3 16.5939
      vertex 27.3605 -3 16.5939
    endloop
  endfacet
  facet normal 0.130473 0 -0.991452
    outer loop
      vertex 27.3605 3 16.5939
      vertex 27.2222 -3 16.5757
      vertex 27.2222 3 16.5757
    endloop
  endfacet
  facet normal -0.793768 0 -0.608221
    outer loop
      vertex 28.8106 -3 15.9177
      vertex 28.7257 3 16.0285
      vertex 28.8106 3 15.9177
    endloop
  endfacet
  facet normal -0.793768 -0 -0.608221
    outer loop
      vertex 28.7257 3 16.0285
      vertex 28.8106 -3 15.9177
      vertex 28.7257 -3 16.0285
    endloop
  endfacet
  facet normal 0.300926 0 -0.953648
    outer loop
      vertex 26.9528 -3 16.5035
      vertex 27.0859 3 16.5455
      vertex 27.0859 -3 16.5455
    endloop
  endfacet
  facet normal 0.300926 0 -0.953648
    outer loop
      vertex 27.0859 3 16.5455
      vertex 26.9528 -3 16.5035
      vertex 26.9528 3 16.5035
    endloop
  endfacet
  facet normal 0.0436859 0 -0.999045
    outer loop
      vertex 27.3605 -3 16.5939
      vertex 27.5 3 16.6
      vertex 27.5 -3 16.6
    endloop
  endfacet
  facet normal 0.0436859 0 -0.999045
    outer loop
      vertex 27.5 3 16.6
      vertex 27.3605 -3 16.5939
      vertex 27.3605 3 16.5939
    endloop
  endfacet
  facet normal 0.675627 0 0.737243
    outer loop
      vertex 26.3686 3.1 13.8686
      vertex 26.4715 -3.1 13.7743
      vertex 26.4715 3.1 13.7743
    endloop
  endfacet
  facet normal 0.675627 0 0.737243
    outer loop
      vertex 26.4715 -3.1 13.7743
      vertex 26.3686 3.1 13.8686
      vertex 26.3686 -3.1 13.8686
    endloop
  endfacet
  facet normal -0.923964 0 0.382478
    outer loop
      vertex 28.9501 -3.1 14.3238
      vertex 29.0035 3.1 14.4528
      vertex 28.9501 3.1 14.3238
    endloop
  endfacet
  facet normal -0.923964 0 0.382478
    outer loop
      vertex 29.0035 3.1 14.4528
      vertex 28.9501 -3.1 14.3238
      vertex 29.0035 -3.1 14.4528
    endloop
  endfacet
  facet normal 0.976322 -0 0.216324
    outer loop
      vertex 25.9243 -3.1 14.7222
      vertex 25.9545 3.1 14.5859
      vertex 25.9243 3.1 14.7222
    endloop
  endfacet
  facet normal 0.976322 0 0.216324
    outer loop
      vertex 25.9545 3.1 14.5859
      vertex 25.9243 -3.1 14.7222
      vertex 25.9545 -3.1 14.5859
    endloop
  endfacet
  facet normal 0 1 -0
    outer loop
      vertex 29.0939 -3.1 14.8605
      vertex 25.9 -3.1 15
      vertex 29.1 -3.1 15
    endloop
  endfacet
  facet normal 0 1 0
    outer loop
      vertex 29.0939 -3.1 14.8605
      vertex 25.9061 -3.1 14.8605
      vertex 25.9 -3.1 15
    endloop
  endfacet
  facet normal 0 1 -0
    outer loop
      vertex 29.0757 -3.1 14.7222
      vertex 25.9061 -3.1 14.8605
      vertex 29.0939 -3.1 14.8605
    endloop
  endfacet
  facet normal 0 1 0
    outer loop
      vertex 29.0757 -3.1 14.7222
      vertex 25.9243 -3.1 14.7222
      vertex 25.9061 -3.1 14.8605
    endloop
  endfacet
  facet normal 0 1 -0
    outer loop
      vertex 29.0455 -3.1 14.5859
      vertex 25.9243 -3.1 14.7222
      vertex 29.0757 -3.1 14.7222
    endloop
  endfacet
  facet normal 0 1 0
    outer loop
      vertex 29.0455 -3.1 14.5859
      vertex 25.9545 -3.1 14.5859
      vertex 25.9243 -3.1 14.7222
    endloop
  endfacet
  facet normal 0 1 -0
    outer loop
      vertex 29.0035 -3.1 14.4528
      vertex 25.9545 -3.1 14.5859
      vertex 29.0455 -3.1 14.5859
    endloop
  endfacet
  facet normal 0 1 0
    outer loop
      vertex 29.0035 -3.1 14.4528
      vertex 25.9965 -3.1 14.4528
      vertex 25.9545 -3.1 14.5859
    endloop
  endfacet
  facet normal 0 1 -0
    outer loop
      vertex 28.9501 -3.1 14.3238
      vertex 25.9965 -3.1 14.4528
      vertex 29.0035 -3.1 14.4528
    endloop
  endfacet
  facet normal 0 1 0
    outer loop
      vertex 28.9501 -3.1 14.3238
      vertex 26.0499 -3.1 14.3238
      vertex 25.9965 -3.1 14.4528
    endloop
  endfacet
  facet normal 0 1 -0
    outer loop
      vertex 28.8856 -3.1 14.2
      vertex 26.0499 -3.1 14.3238
      vertex 28.9501 -3.1 14.3238
    endloop
  endfacet
  facet normal 0 1 0
    outer loop
      vertex 28.8856 -3.1 14.2
      vertex 26.1144 -3.1 14.2
      vertex 26.0499 -3.1 14.3238
    endloop
  endfacet
  facet normal 0 1 -0
    outer loop
      vertex 28.8106 -3.1 14.0823
      vertex 26.1144 -3.1 14.2
      vertex 28.8856 -3.1 14.2
    endloop
  endfacet
  facet normal 0 1 0
    outer loop
      vertex 28.8106 -3.1 14.0823
      vertex 26.1894 -3.1 14.0823
      vertex 26.1144 -3.1 14.2
    endloop
  endfacet
  facet normal 0 1 -0
    outer loop
      vertex 28.7257 -3.1 13.9715
      vertex 26.1894 -3.1 14.0823
      vertex 28.8106 -3.1 14.0823
    endloop
  endfacet
  facet normal 0 1 0
    outer loop
      vertex 28.7257 -3.1 13.9715
      vertex 26.2743 -3.1 13.9715
      vertex 26.1894 -3.1 14.0823
    endloop
  endfacet
  facet normal 0 1 -0
    outer loop
      vertex 28.6314 -3.1 13.8686
      vertex 26.2743 -3.1 13.9715
      vertex 28.7257 -3.1 13.9715
    endloop
  endfacet
  facet normal 0 1 0
    outer loop
      vertex 28.6314 -3.1 13.8686
      vertex 26.3686 -3.1 13.8686
      vertex 26.2743 -3.1 13.9715
    endloop
  endfacet
  facet normal 0 1 -0
    outer loop
      vertex 28.5285 -3.1 13.7743
      vertex 26.3686 -3.1 13.8686
      vertex 28.6314 -3.1 13.8686
    endloop
  endfacet
  facet normal 0 1 0
    outer loop
      vertex 28.5285 -3.1 13.7743
      vertex 26.4715 -3.1 13.7743
      vertex 26.3686 -3.1 13.8686
    endloop
  endfacet
  facet normal 0 1 -0
    outer loop
      vertex 28.4177 -3.1 13.6894
      vertex 26.4715 -3.1 13.7743
      vertex 28.5285 -3.1 13.7743
    endloop
  endfacet
  facet normal 0 1 0
    outer loop
      vertex 28.4177 -3.1 13.6894
      vertex 26.5823 -3.1 13.6894
      vertex 26.4715 -3.1 13.7743
    endloop
  endfacet
  facet normal 0 1 -0
    outer loop
      vertex 28.3 -3.1 13.6144
      vertex 26.5823 -3.1 13.6894
      vertex 28.4177 -3.1 13.6894
    endloop
  endfacet
  facet normal 0 1 0
    outer loop
      vertex 28.3 -3.1 13.6144
      vertex 26.7 -3.1 13.6144
      vertex 26.5823 -3.1 13.6894
    endloop
  endfacet
  facet normal 0 1 -0
    outer loop
      vertex 28.1762 -3.1 13.5499
      vertex 26.7 -3.1 13.6144
      vertex 28.3 -3.1 13.6144
    endloop
  endfacet
  facet normal 0 1 0
    outer loop
      vertex 28.1762 -3.1 13.5499
      vertex 26.8238 -3.1 13.5499
      vertex 26.7 -3.1 13.6144
    endloop
  endfacet
  facet normal 0 1 -0
    outer loop
      vertex 28.0472 -3.1 13.4965
      vertex 26.8238 -3.1 13.5499
      vertex 28.1762 -3.1 13.5499
    endloop
  endfacet
  facet normal 0 1 0
    outer loop
      vertex 28.0472 -3.1 13.4965
      vertex 26.9528 -3.1 13.4965
      vertex 26.8238 -3.1 13.5499
    endloop
  endfacet
  facet normal 0 1 -0
    outer loop
      vertex 27.9141 -3.1 13.4545
      vertex 26.9528 -3.1 13.4965
      vertex 28.0472 -3.1 13.4965
    endloop
  endfacet
  facet normal 0 1 0
    outer loop
      vertex 27.9141 -3.1 13.4545
      vertex 27.0859 -3.1 13.4545
      vertex 26.9528 -3.1 13.4965
    endloop
  endfacet
  facet normal 0 1 -0
    outer loop
      vertex 27.7778 -3.1 13.4243
      vertex 27.0859 -3.1 13.4545
      vertex 27.9141 -3.1 13.4545
    endloop
  endfacet
  facet normal 0 1 0
    outer loop
      vertex 27.7778 -3.1 13.4243
      vertex 27.2222 -3.1 13.4243
      vertex 27.0859 -3.1 13.4545
    endloop
  endfacet
  facet normal 0 1 -0
    outer loop
      vertex 27.6395 -3.1 13.4061
      vertex 27.2222 -3.1 13.4243
      vertex 27.7778 -3.1 13.4243
    endloop
  endfacet
  facet normal 0 1 0
    outer loop
      vertex 27.6395 -3.1 13.4061
      vertex 27.3605 -3.1 13.4061
      vertex 27.2222 -3.1 13.4243
    endloop
  endfacet
  facet normal -0 1 0
    outer loop
      vertex 27.3605 -3.1 13.4061
      vertex 27.6395 -3.1 13.4061
      vertex 27.5 -3.1 13.4
    endloop
  endfacet
  facet normal 0.300926 0 0.953648
    outer loop
      vertex 26.9528 3.1 13.4965
      vertex 27.0859 -3.1 13.4545
      vertex 27.0859 3.1 13.4545
    endloop
  endfacet
  facet normal 0.300926 0 0.953648
    outer loop
      vertex 27.0859 -3.1 13.4545
      vertex 26.9528 3.1 13.4965
      vertex 26.9528 -3.1 13.4965
    endloop
  endfacet
  facet normal -0.382478 0 0.923964
    outer loop
      vertex 28.0472 3.1 13.4965
      vertex 28.1762 -3.1 13.5499
      vertex 28.1762 3.1 13.5499
    endloop
  endfacet
  facet normal -0.382478 0 0.923964
    outer loop
      vertex 28.1762 -3.1 13.5499
      vertex 28.0472 3.1 13.4965
      vertex 28.0472 -3.1 13.4965
    endloop
  endfacet
  facet normal 0.991452 -0 0.130473
    outer loop
      vertex 25.9061 -3.1 14.8605
      vertex 25.9243 3.1 14.7222
      vertex 25.9061 3.1 14.8605
    endloop
  endfacet
  facet normal 0.991452 0 0.130473
    outer loop
      vertex 25.9243 3.1 14.7222
      vertex 25.9061 -3.1 14.8605
      vertex 25.9243 -3.1 14.7222
    endloop
  endfacet
  facet normal -0.537385 0 0.843337
    outer loop
      vertex 28.3 3.1 13.6144
      vertex 28.4177 -3.1 13.6894
      vertex 28.4177 3.1 13.6894
    endloop
  endfacet
  facet normal -0.537385 0 0.843337
    outer loop
      vertex 28.4177 -3.1 13.6894
      vertex 28.3 3.1 13.6144
      vertex 28.3 -3.1 13.6144
    endloop
  endfacet
  facet normal 0.537385 0 0.843337
    outer loop
      vertex 26.5823 3.1 13.6894
      vertex 26.7 -3.1 13.6144
      vertex 26.7 3.1 13.6144
    endloop
  endfacet
  facet normal 0.537385 0 0.843337
    outer loop
      vertex 26.7 -3.1 13.6144
      vertex 26.5823 3.1 13.6894
      vertex 26.5823 -3.1 13.6894
    endloop
  endfacet
  facet normal -0.976322 0 0.216324
    outer loop
      vertex 29.0455 -3.1 14.5859
      vertex 29.0757 3.1 14.7222
      vertex 29.0455 3.1 14.5859
    endloop
  endfacet
  facet normal -0.976322 0 0.216324
    outer loop
      vertex 29.0757 3.1 14.7222
      vertex 29.0455 -3.1 14.5859
      vertex 29.0757 -3.1 14.7222
    endloop
  endfacet
  facet normal -0.0436859 0 0.999045
    outer loop
      vertex 27.5 3.1 13.4
      vertex 27.6395 -3.1 13.4061
      vertex 27.6395 3.1 13.4061
    endloop
  endfacet
  facet normal -0.0436859 0 0.999045
    outer loop
      vertex 27.6395 -3.1 13.4061
      vertex 27.5 3.1 13.4
      vertex 27.5 -3.1 13.4
    endloop
  endfacet
  facet normal 0.216324 0 0.976322
    outer loop
      vertex 27.0859 3.1 13.4545
      vertex 27.2222 -3.1 13.4243
      vertex 27.2222 3.1 13.4243
    endloop
  endfacet
  facet normal 0.216324 0 0.976322
    outer loop
      vertex 27.2222 -3.1 13.4243
      vertex 27.0859 3.1 13.4545
      vertex 27.0859 -3.1 13.4545
    endloop
  endfacet
  facet normal 0.843337 -0 0.537385
    outer loop
      vertex 26.1144 -3.1 14.2
      vertex 26.1894 3.1 14.0823
      vertex 26.1144 3.1 14.2
    endloop
  endfacet
  facet normal 0.843337 0 0.537385
    outer loop
      vertex 26.1894 3.1 14.0823
      vertex 26.1144 -3.1 14.2
      vertex 26.1894 -3.1 14.0823
    endloop
  endfacet
  facet normal -0.608221 0 0.793768
    outer loop
      vertex 28.4177 3.1 13.6894
      vertex 28.5285 -3.1 13.7743
      vertex 28.5285 3.1 13.7743
    endloop
  endfacet
  facet normal -0.608221 0 0.793768
    outer loop
      vertex 28.5285 -3.1 13.7743
      vertex 28.4177 3.1 13.6894
      vertex 28.4177 -3.1 13.6894
    endloop
  endfacet
  facet normal 0.608221 0 0.793768
    outer loop
      vertex 26.4715 3.1 13.7743
      vertex 26.5823 -3.1 13.6894
      vertex 26.5823 3.1 13.6894
    endloop
  endfacet
  facet normal 0.608221 0 0.793768
    outer loop
      vertex 26.5823 -3.1 13.6894
      vertex 26.4715 3.1 13.7743
      vertex 26.4715 -3.1 13.7743
    endloop
  endfacet
  facet normal -0.737243 0 -0.675627
    outer loop
      vertex 28.7257 -3 16.0285
      vertex 28.6314 3 16.1314
      vertex 28.7257 3 16.0285
    endloop
  endfacet
  facet normal -0.737243 -0 -0.675627
    outer loop
      vertex 28.6314 3 16.1314
      vertex 28.7257 -3 16.0285
      vertex 28.6314 -3 16.1314
    endloop
  endfacet
  facet normal -0.737243 0 0.675627
    outer loop
      vertex 28.6314 -3.1 13.8686
      vertex 28.7257 3.1 13.9715
      vertex 28.6314 3.1 13.8686
    endloop
  endfacet
  facet normal -0.737243 0 0.675627
    outer loop
      vertex 28.7257 3.1 13.9715
      vertex 28.6314 -3.1 13.8686
      vertex 28.7257 -3.1 13.9715
    endloop
  endfacet
  facet normal 0.462052 0 0.886853
    outer loop
      vertex 26.7 3.1 13.6144
      vertex 26.8238 -3.1 13.5499
      vertex 26.8238 3.1 13.5499
    endloop
  endfacet
  facet normal 0.462052 0 0.886853
    outer loop
      vertex 26.8238 -3.1 13.5499
      vertex 26.7 3.1 13.6144
      vertex 26.7 -3.1 13.6144
    endloop
  endfacet
  facet normal -0.706435 -0.706435 -0.0435821
    outer loop
      vertex 22.6981 18.4555 15
      vertex 18.4512 22.6938 15.1394
      vertex 18.4555 22.6981 15
    endloop
  endfacet
  facet normal -0.706435 -0.706435 -0.0435821
    outer loop
      vertex 18.4512 22.6938 15.1394
      vertex 22.6981 18.4555 15
      vertex 22.6938 18.4512 15.1394
    endloop
  endfacet
  facet normal 0.0309035 0.0309035 -0.999045
    outer loop
      vertex 21.4682 17.2255 16.5939
      vertex 17.3241 21.5668 16.6
      vertex 21.5668 17.3241 16.6
    endloop
  endfacet
  facet normal 0.0309035 0.0309035 -0.999045
    outer loop
      vertex 17.3241 21.5668 16.6
      vertex 21.4682 17.2255 16.5939
      vertex 17.2255 21.4682 16.5939
    endloop
  endfacet
  facet normal -0.596274 -0.596274 0.537508
    outer loop
      vertex 22.5642 18.1802 14.0823
      vertex 18.2332 22.6173 14.2
      vertex 18.1802 22.5642 14.0823
    endloop
  endfacet
  facet normal -0.596274 -0.596274 0.537508
    outer loop
      vertex 18.2332 22.6173 14.2
      vertex 22.5642 18.1802 14.0823
      vertex 22.6173 18.2332 14.2
    endloop
  endfacet
  facet normal 0.0943858 0.0943858 -0.991051
    outer loop
      vertex 17.1371 21.3798 16.5775
      vertex 21.3798 17.1371 16.5775
      vertex 21.3703 17.1277 16.5757
    endloop
  endfacet
  facet normal 0.0919722 0.0919722 -0.991505
    outer loop
      vertex 21.3798 17.1371 16.5775
      vertex 17.2255 21.4682 16.5939
      vertex 21.4682 17.2255 16.5939
    endloop
  endfacet
  facet normal 0.0919722 0.0919722 -0.991505
    outer loop
      vertex 21.3798 17.1371 16.5775
      vertex 17.1371 21.3798 16.5775
      vertex 17.2255 21.4682 16.5939
    endloop
  endfacet
  facet normal 0.0943858 0.0943858 -0.991051
    outer loop
      vertex 17.1371 21.3798 16.5775
      vertex 21.3703 17.1277 16.5757
      vertex 17.1277 21.3703 16.5757
    endloop
  endfacet
  facet normal -0.270495 -0.270495 -0.92394
    outer loop
      vertex 21.9537 17.7111 16.5035
      vertex 17.8023 22.0449 16.4501
      vertex 22.0449 17.8023 16.4501
    endloop
  endfacet
  facet normal -0.270495 -0.270495 -0.92394
    outer loop
      vertex 17.8023 22.0449 16.4501
      vertex 21.9537 17.7111 16.5035
      vertex 17.7111 21.9537 16.5035
    endloop
  endfacet
  facet normal 0.704247 -0.709871 0.0109245
    outer loop
      vertex 17.6404 22.0244 13.4965
      vertex 17.7315 22.1156 13.5499
      vertex 17.5462 21.9303 13.4545
    endloop
  endfacet
  facet normal 0.707091 -0.707122 0
    outer loop
      vertex 16.1263 20.5104 14.8605
      vertex 18.3805 22.7645 14.8605
      vertex 18.3805 22.7645 15
    endloop
  endfacet
  facet normal 0.707091 -0.707122 -0.000168518
    outer loop
      vertex 18.3805 22.7645 14.8605
      vertex 16.1263 20.5104 14.8605
      vertex 18.3165 22.7006 14.4528
    endloop
  endfacet
  facet normal 0.707123 -0.70709 -1.80438e-05
    outer loop
      vertex 18.3165 22.7006 14.4528
      vertex 16.1903 20.5743 14.4528
      vertex 17.9023 22.2864 13.6894
    endloop
  endfacet
  facet normal 0.707134 -0.70708 2.9561e-05
    outer loop
      vertex 16.6045 20.9885 13.6894
      vertex 17.9023 22.2864 13.6894
      vertex 16.1903 20.5743 14.4528
    endloop
  endfacet
  facet normal 0.707144 -0.70707 9.05372e-05
    outer loop
      vertex 16.7753 21.1593 13.5499
      vertex 17.7315 22.1156 13.5499
      vertex 16.6045 20.9885 13.6894
    endloop
  endfacet
  facet normal 0.707144 -0.70707 -0.000235847
    outer loop
      vertex 17.7315 22.1156 13.5499
      vertex 16.7753 21.1593 13.5499
      vertex 17.2534 21.6375 13.4
    endloop
  endfacet
  facet normal 0.707134 -0.70708 -6.67074e-05
    outer loop
      vertex 17.9023 22.2864 13.6894
      vertex 16.6045 20.9885 13.6894
      vertex 17.7315 22.1156 13.5499
    endloop
  endfacet
  facet normal 0.707091 -0.707122 0
    outer loop
      vertex 16.1263 20.5104 14.8605
      vertex 18.3805 22.7645 15
      vertex 16.1263 20.5104 15
    endloop
  endfacet
  facet normal 0.707123 -0.70709 0.000178654
    outer loop
      vertex 18.3165 22.7006 14.4528
      vertex 16.1263 20.5104 14.8605
      vertex 16.1903 20.5743 14.4528
    endloop
  endfacet
  facet normal -0.430241 -0.430241 -0.79359
    outer loop
      vertex 22.2157 17.973 16.3106
      vertex 18.0513 22.294 16.2257
      vertex 22.294 18.0513 16.2257
    endloop
  endfacet
  facet normal -0.430241 -0.430241 -0.79359
    outer loop
      vertex 18.0513 22.294 16.2257
      vertex 22.2157 17.973 16.3106
      vertex 17.973 22.2157 16.3106
    endloop
  endfacet
  facet normal -0.707107 0.707107 0
    outer loop
      vertex 22.4375 18.0534 13.8686
      vertex 22.3647 17.9806 13.7743
      vertex 22.2864 17.9023 13.6894
    endloop
  endfacet
  facet normal 0.430241 0.430241 0.79359
    outer loop
      vertex 16.6045 20.9885 13.6894
      vertex 20.9102 16.5262 13.7743
      vertex 20.9885 16.6045 13.6894
    endloop
  endfacet
  facet normal 0.430241 0.430241 0.79359
    outer loop
      vertex 20.9102 16.5262 13.7743
      vertex 16.6045 20.9885 13.6894
      vertex 16.5262 20.9102 13.7743
    endloop
  endfacet
  facet normal -0.705344 0.708859 -0.00296415
    outer loop
      vertex 22.5041 18.1201 13.9715
      vertex 22.4375 18.0534 13.8686
      vertex 22.2864 17.9023 13.6894
    endloop
  endfacet
  facet normal -0.705797 0.708414 -0.000583857
    outer loop
      vertex 22.7645 18.3805 14.8605
      vertex 22.7303 18.3462 14.5859
      vertex 22.7006 18.3165 14.4528
    endloop
  endfacet
  facet normal 0.706808 -0.707403 0.00189606
    outer loop
      vertex 17.4499 21.8339 13.4243
      vertex 17.7315 22.1156 13.5499
      vertex 17.2534 21.6375 13.4
    endloop
  endfacet
  facet normal 0.708414 -0.705797 -0.000583857
    outer loop
      vertex 18.3462 22.7303 14.5859
      vertex 18.3805 22.7645 14.8605
      vertex 18.3165 22.7006 14.4528
    endloop
  endfacet
  facet normal -0.477603 -0.477603 -0.737422
    outer loop
      vertex 22.294 18.0513 16.2257
      vertex 18.1241 22.3668 16.1314
      vertex 22.3668 18.1241 16.1314
    endloop
  endfacet
  facet normal -0.477603 -0.477603 -0.737422
    outer loop
      vertex 18.1241 22.3668 16.1314
      vertex 22.294 18.0513 16.2257
      vertex 18.0513 22.294 16.2257
    endloop
  endfacet
  facet normal -0.707107 0.707107 0
    outer loop
      vertex 20.5104 16.1263 15
      vertex 20.5104 16.1263 14.8605
      vertex 20.5061 16.122 15
    endloop
  endfacet
  facet normal -0.71118 0.702937 -0.0100922
    outer loop
      vertex 21.1593 16.7753 13.5499
      vertex 21.0718 16.6877 13.6144
      vertex 20.9885 16.6045 13.6894
    endloop
  endfacet
  facet normal -0.153007 -0.153007 -0.976308
    outer loop
      vertex 21.7632 17.5206 16.5757
      vertex 17.6169 21.8596 16.5455
      vertex 21.8596 17.6169 16.5455
    endloop
  endfacet
  facet normal -0.153007 -0.153007 -0.976308
    outer loop
      vertex 17.6169 21.8596 16.5455
      vertex 21.7632 17.5206 16.5757
      vertex 17.5206 21.7632 16.5757
    endloop
  endfacet
  facet normal -0.707107 0.707107 0
    outer loop
      vertex 21.6375 17.2534 13.4
      vertex 21.5389 17.1548 13.4061
      vertex 21.441 17.0569 13.4243
    endloop
  endfacet
  facet normal 0.699627 -0.714491 0.00489797
    outer loop
      vertex 18.2788 22.6628 14.3238
      vertex 18.3165 22.7006 14.4528
      vertex 18.2332 22.6173 14.2
    endloop
  endfacet
  facet normal -0.153007 -0.153007 0.976308
    outer loop
      vertex 17.5462 21.9303 13.4545
      vertex 21.8339 17.4499 13.4243
      vertex 21.9303 17.5462 13.4545
    endloop
  endfacet
  facet normal -0.153007 -0.153007 0.976308
    outer loop
      vertex 21.8339 17.4499 13.4243
      vertex 17.5462 21.9303 13.4545
      vertex 17.4499 21.8339 13.4243
    endloop
  endfacet
  facet normal 0.70656 -0.707653 0.000593224
    outer loop
      vertex 18.1802 22.5642 14.0823
      vertex 18.3165 22.7006 14.4528
      vertex 17.9023 22.2864 13.6894
    endloop
  endfacet
  facet normal -0.270622 -0.270622 0.923865
    outer loop
      vertex 17.7315 22.1156 13.5499
      vertex 22.0244 17.6404 13.4965
      vertex 22.1156 17.7315 13.5499
    endloop
  endfacet
  facet normal -0.270622 -0.270622 0.923865
    outer loop
      vertex 22.0244 17.6404 13.4965
      vertex 17.7315 22.1156 13.5499
      vertex 17.6404 22.0244 13.4965
    endloop
  endfacet
  facet normal 0.708039 -0.706163 -0.00364393
    outer loop
      vertex 17.5462 21.9303 13.4545
      vertex 17.7315 22.1156 13.5499
      vertex 17.4499 21.8339 13.4243
    endloop
  endfacet
  facet normal -0.704609 0.709581 0.00458622
    outer loop
      vertex 20.9885 16.6045 13.6894
      vertex 20.9102 16.5262 13.7743
      vertex 20.8375 16.4534 13.8686
    endloop
  endfacet
  facet normal -0.707653 0.70656 0.000593224
    outer loop
      vertex 22.7006 18.3165 14.4528
      vertex 22.5642 18.1802 14.0823
      vertex 22.2864 17.9023 13.6894
    endloop
  endfacet
  facet normal -0.701034 -0.701034 0.130779
    outer loop
      vertex 18.3676 22.7516 14.7222
      vertex 22.7645 18.3805 14.8605
      vertex 18.3805 22.7645 14.8605
    endloop
  endfacet
  facet normal -0.701034 -0.701034 0.130779
    outer loop
      vertex 22.7645 18.3805 14.8605
      vertex 18.3676 22.7516 14.7222
      vertex 22.7516 18.3676 14.7222
    endloop
  endfacet
  facet normal -0.706436 -0.706436 0.0435509
    outer loop
      vertex 18.3805 22.7645 14.8605
      vertex 18.4555 22.6981 15
      vertex 18.3848 22.7688 15
    endloop
  endfacet
  facet normal -0.706436 -0.706436 0.0435509
    outer loop
      vertex 22.7645 18.3805 14.8605
      vertex 18.4555 22.6981 15
      vertex 18.3805 22.7645 14.8605
    endloop
  endfacet
  facet normal -0.706436 -0.706436 0.0435509
    outer loop
      vertex 18.4555 22.6981 15
      vertex 22.7645 18.3805 14.8605
      vertex 22.6981 18.4555 15
    endloop
  endfacet
  facet normal -0.706436 -0.706436 0.0435509
    outer loop
      vertex 22.6981 18.4555 15
      vertex 22.7645 18.3805 14.8605
      vertex 22.7688 18.3848 15
    endloop
  endfacet
  facet normal 0.707107 -0.707107 0
    outer loop
      vertex 17.1548 21.5389 13.4061
      vertex 17.2534 21.6375 13.4
      vertex 17.0569 21.441 13.4243
    endloop
  endfacet
  facet normal -0.653366 -0.653366 0.382396
    outer loop
      vertex 22.6628 18.2788 14.3238
      vertex 18.3165 22.7006 14.4528
      vertex 18.2788 22.6628 14.3238
    endloop
  endfacet
  facet normal -0.653366 -0.653366 0.382396
    outer loop
      vertex 18.3165 22.7006 14.4528
      vertex 22.6628 18.2788 14.3238
      vertex 22.7006 18.3165 14.4528
    endloop
  endfacet
  facet normal 0.153704 0.153704 -0.976089
    outer loop
      vertex 17.1031 21.3457 16.568
      vertex 21.3457 17.1031 16.568
      vertex 21.3086 17.0659 16.5563
    endloop
  endfacet
  facet normal 0.152192 0.152192 -0.976563
    outer loop
      vertex 17.0659 21.3086 16.5563
      vertex 21.3086 17.0659 16.5563
      vertex 21.2739 17.0313 16.5455
    endloop
  endfacet
  facet normal 0.152806 0.152806 -0.976371
    outer loop
      vertex 21.3457 17.1031 16.568
      vertex 17.1031 21.3457 16.568
      vertex 21.3703 17.1277 16.5757
    endloop
  endfacet
  facet normal 0.152806 0.152806 -0.976371
    outer loop
      vertex 21.3703 17.1277 16.5757
      vertex 17.1031 21.3457 16.568
      vertex 17.1277 21.3703 16.5757
    endloop
  endfacet
  facet normal 0.153704 0.153704 -0.976089
    outer loop
      vertex 21.3086 17.0659 16.5563
      vertex 17.0659 21.3086 16.5563
      vertex 17.1031 21.3457 16.568
    endloop
  endfacet
  facet normal 0.152192 0.152192 -0.976563
    outer loop
      vertex 17.0659 21.3086 16.5563
      vertex 21.2739 17.0313 16.5455
      vertex 17.0313 21.2739 16.5455
    endloop
  endfacet
  facet normal -0.379912 -0.379912 -0.843406
    outer loop
      vertex 22.1324 17.8898 16.3856
      vertex 17.973 22.2157 16.3106
      vertex 22.2157 17.973 16.3106
    endloop
  endfacet
  facet normal -0.379912 -0.379912 -0.843406
    outer loop
      vertex 17.973 22.2157 16.3106
      vertex 22.1324 17.8898 16.3856
      vertex 17.8898 22.1324 16.3856
    endloop
  endfacet
  facet normal 0.706092 -0.708119 -0.00131361
    outer loop
      vertex 16.4534 20.8375 13.8686
      vertex 16.6045 20.9885 13.6894
      vertex 16.3867 20.7708 13.9715
    endloop
  endfacet
  facet normal 0.707107 -0.707107 0
    outer loop
      vertex 18.3848 22.7688 15
      vertex 18.3805 22.7645 15
      vertex 18.3805 22.7645 14.8605
    endloop
  endfacet
  facet normal -0.707403 0.706808 0.00189606
    outer loop
      vertex 22.1156 17.7315 13.5499
      vertex 21.8339 17.4499 13.4243
      vertex 21.6375 17.2534 13.4
    endloop
  endfacet
  facet normal 0.70958 -0.704623 -0.00163315
    outer loop
      vertex 18.2332 22.6173 14.2
      vertex 18.3165 22.7006 14.4528
      vertex 18.1802 22.5642 14.0823
    endloop
  endfacet
  facet normal -0.326543 -0.326543 0.886983
    outer loop
      vertex 17.8191 22.2032 13.6144
      vertex 22.1156 17.7315 13.5499
      vertex 22.2032 17.8191 13.6144
    endloop
  endfacet
  facet normal -0.326543 -0.326543 0.886983
    outer loop
      vertex 22.1156 17.7315 13.5499
      vertex 17.8191 22.2032 13.6144
      vertex 17.7315 22.1156 13.5499
    endloop
  endfacet
  facet normal -0.674328 -0.674328 0.30094
    outer loop
      vertex 18.3165 22.7006 14.4528
      vertex 22.7303 18.3462 14.5859
      vertex 18.3462 22.7303 14.5859
    endloop
  endfacet
  facet normal -0.674328 -0.674328 0.30094
    outer loop
      vertex 22.7303 18.3462 14.5859
      vertex 18.3165 22.7006 14.4528
      vertex 22.7006 18.3165 14.4528
    endloop
  endfacet
  facet normal 0.70656 -0.707653 0.000592501
    outer loop
      vertex 18.1201 22.5041 13.9715
      vertex 18.1802 22.5642 14.0823
      vertex 17.9023 22.2864 13.6894
    endloop
  endfacet
  facet normal 0.709581 -0.704609 0.00458622
    outer loop
      vertex 16.5262 20.9102 13.7743
      vertex 16.6045 20.9885 13.6894
      vertex 16.4534 20.8375 13.8686
    endloop
  endfacet
  facet normal 0.703001 -0.711188 0.000763668
    outer loop
      vertex 18.3676 22.7516 14.7222
      vertex 18.3805 22.7645 14.8605
      vertex 18.3462 22.7303 14.5859
    endloop
  endfacet
  facet normal 0.706436 0.706436 0.0435509
    outer loop
      vertex 16.122 20.5061 15
      vertex 20.5104 16.1263 14.8605
      vertex 16.1263 20.5104 14.8605
    endloop
  endfacet
  facet normal 0.706436 0.706436 0.0435509
    outer loop
      vertex 20.5104 16.1263 14.8605
      vertex 16.122 20.5061 15
      vertex 20.5061 16.122 15
    endloop
  endfacet
  facet normal -0.711188 0.703001 0.000763668
    outer loop
      vertex 22.7645 18.3805 14.8605
      vertex 22.7516 18.3676 14.7222
      vertex 22.7303 18.3462 14.5859
    endloop
  endfacet
  facet normal 0.707107 -0.707107 0
    outer loop
      vertex 16.8665 21.2505 13.4965
      vertex 16.9606 21.3446 13.4545
      vertex 16.7753 21.1593 13.5499
    endloop
  endfacet
  facet normal -0.0309322 -0.0309322 -0.999043
    outer loop
      vertex 17.4 21.6427 16.5953
      vertex 21.6427 17.4 16.5953
      vertex 21.5668 17.3241 16.6
    endloop
  endfacet
  facet normal -0.0308077 -0.0308077 -0.99905
    outer loop
      vertex 21.6427 17.4 16.5953
      vertex 17.4 21.6427 16.5953
      vertex 21.6654 17.4227 16.5939
    endloop
  endfacet
  facet normal -0.0308077 -0.0308077 -0.99905
    outer loop
      vertex 21.6654 17.4227 16.5939
      vertex 17.4 21.6427 16.5953
      vertex 17.4227 21.6654 16.5939
    endloop
  endfacet
  facet normal -0.0309322 -0.0309322 -0.999043
    outer loop
      vertex 17.4 21.6427 16.5953
      vertex 21.5668 17.3241 16.6
      vertex 17.3241 21.5668 16.6
    endloop
  endfacet
  facet normal -0.67443 -0.67443 -0.300479
    outer loop
      vertex 22.6596 18.4169 15.4141
      vertex 18.3873 22.6299 15.5472
      vertex 18.4169 22.6596 15.4141
    endloop
  endfacet
  facet normal -0.67443 -0.67443 -0.300479
    outer loop
      vertex 18.3873 22.6299 15.5472
      vertex 22.6596 18.4169 15.4141
      vertex 22.6299 18.3873 15.5472
    endloop
  endfacet
  facet normal 0.379912 0.379912 0.843406
    outer loop
      vertex 16.6877 21.0718 13.6144
      vertex 20.9885 16.6045 13.6894
      vertex 21.0718 16.6877 13.6144
    endloop
  endfacet
  facet normal 0.379912 0.379912 0.843406
    outer loop
      vertex 20.9885 16.6045 13.6894
      vertex 16.6877 21.0718 13.6144
      vertex 16.6045 20.9885 13.6894
    endloop
  endfacet
  facet normal 0.70656 -0.707653 -0.000592501
    outer loop
      vertex 16.3867 20.7708 13.9715
      vertex 16.6045 20.9885 13.6894
      vertex 16.3266 20.7107 14.0823
    endloop
  endfacet
  facet normal -0.0309035 -0.0309035 0.999045
    outer loop
      vertex 17.352 21.7361 13.4061
      vertex 21.6375 17.2534 13.4
      vertex 21.7361 17.352 13.4061
    endloop
  endfacet
  facet normal -0.0309035 -0.0309035 0.999045
    outer loop
      vertex 21.6375 17.2534 13.4
      vertex 17.352 21.7361 13.4061
      vertex 17.2534 21.6375 13.4
    endloop
  endfacet
  facet normal -0.430241 -0.430241 0.79359
    outer loop
      vertex 17.9806 22.3647 13.7743
      vertex 22.2864 17.9023 13.6894
      vertex 22.3647 17.9806 13.7743
    endloop
  endfacet
  facet normal -0.430241 -0.430241 0.79359
    outer loop
      vertex 22.2864 17.9023 13.6894
      vertex 17.9806 22.3647 13.7743
      vertex 17.9023 22.2864 13.6894
    endloop
  endfacet
  facet normal 0.707275 -0.706915 -0.00582144
    outer loop
      vertex 17.352 21.7361 13.4061
      vertex 17.4499 21.8339 13.4243
      vertex 17.2534 21.6375 13.4
    endloop
  endfacet
  facet normal 0.703001 -0.711188 -0.000763668
    outer loop
      vertex 16.1392 20.5233 14.7222
      vertex 16.1606 20.5446 14.5859
      vertex 16.1263 20.5104 14.8605
    endloop
  endfacet
  facet normal 0.674328 0.674328 0.30094
    outer loop
      vertex 16.1606 20.5446 14.5859
      vertex 20.5743 16.1903 14.4528
      vertex 16.1903 20.5743 14.4528
    endloop
  endfacet
  facet normal 0.674328 0.674328 0.30094
    outer loop
      vertex 20.5743 16.1903 14.4528
      vertex 16.1606 20.5446 14.5859
      vertex 20.5446 16.1606 14.5859
    endloop
  endfacet
  facet normal 0.477781 0.477781 0.737191
    outer loop
      vertex 16.5262 20.9102 13.7743
      vertex 20.8375 16.4534 13.8686
      vertex 20.9102 16.5262 13.7743
    endloop
  endfacet
  facet normal 0.477781 0.477781 0.737191
    outer loop
      vertex 20.8375 16.4534 13.8686
      vertex 16.5262 20.9102 13.7743
      vertex 16.4534 20.8375 13.8686
    endloop
  endfacet
  facet normal -0.706915 0.707275 -0.00582144
    outer loop
      vertex 21.8339 17.4499 13.4243
      vertex 21.7361 17.352 13.4061
      vertex 21.6375 17.2534 13.4
    endloop
  endfacet
  facet normal -0.0922054 -0.0922054 0.991462
    outer loop
      vertex 17.4499 21.8339 13.4243
      vertex 21.7361 17.352 13.4061
      vertex 21.8339 17.4499 13.4243
    endloop
  endfacet
  facet normal -0.0922054 -0.0922054 0.991462
    outer loop
      vertex 21.7361 17.352 13.4061
      vertex 17.4499 21.8339 13.4243
      vertex 17.352 21.7361 13.4061
    endloop
  endfacet
  facet normal -0.707107 0.707107 0
    outer loop
      vertex 22.2864 17.9023 13.6894
      vertex 22.2032 17.8191 13.6144
      vertex 22.1156 17.7315 13.5499
    endloop
  endfacet
  facet normal 0.707107 -0.707107 0
    outer loop
      vertex 17.8191 22.2032 13.6144
      vertex 17.9023 22.2864 13.6894
      vertex 17.7315 22.1156 13.5499
    endloop
  endfacet
  facet normal -0.707653 0.70656 0.000592501
    outer loop
      vertex 22.5642 18.1802 14.0823
      vertex 22.5041 18.1201 13.9715
      vertex 22.2864 17.9023 13.6894
    endloop
  endfacet
  facet normal -0.707107 0.707107 0
    outer loop
      vertex 22.7645 18.3805 15
      vertex 22.7688 18.3848 15
      vertex 22.7645 18.3805 14.8605
    endloop
  endfacet
  facet normal -0.690371 -0.690371 0.216279
    outer loop
      vertex 18.3462 22.7303 14.5859
      vertex 22.7516 18.3676 14.7222
      vertex 18.3676 22.7516 14.7222
    endloop
  endfacet
  facet normal -0.690371 -0.690371 0.216279
    outer loop
      vertex 22.7516 18.3676 14.7222
      vertex 18.3462 22.7303 14.5859
      vertex 22.7303 18.3462 14.5859
    endloop
  endfacet
  facet normal -0.707122 0.707091 -0.000168518
    outer loop
      vertex 20.5104 16.1263 14.8605
      vertex 22.7645 18.3805 14.8605
      vertex 22.7006 18.3165 14.4528
    endloop
  endfacet
  facet normal -0.70709 0.707123 -1.80438e-05
    outer loop
      vertex 20.5743 16.1903 14.4528
      vertex 22.7006 18.3165 14.4528
      vertex 22.2864 17.9023 13.6894
    endloop
  endfacet
  facet normal -0.70708 0.707134 -6.67074e-05
    outer loop
      vertex 20.9885 16.6045 13.6894
      vertex 22.2864 17.9023 13.6894
      vertex 22.1156 17.7315 13.5499
    endloop
  endfacet
  facet normal -0.70707 0.707144 -0.000235847
    outer loop
      vertex 21.1593 16.7753 13.5499
      vertex 22.1156 17.7315 13.5499
      vertex 21.6375 17.2534 13.4
    endloop
  endfacet
  facet normal -0.70707 0.707144 9.05372e-05
    outer loop
      vertex 22.1156 17.7315 13.5499
      vertex 21.1593 16.7753 13.5499
      vertex 20.9885 16.6045 13.6894
    endloop
  endfacet
  facet normal -0.70708 0.707134 2.9561e-05
    outer loop
      vertex 22.2864 17.9023 13.6894
      vertex 20.9885 16.6045 13.6894
      vertex 20.5743 16.1903 14.4528
    endloop
  endfacet
  facet normal -0.70709 0.707123 0.000178654
    outer loop
      vertex 20.5104 16.1263 14.8605
      vertex 22.7006 18.3165 14.4528
      vertex 20.5743 16.1903 14.4528
    endloop
  endfacet
  facet normal -0.707122 0.707091 0
    outer loop
      vertex 22.7645 18.3805 14.8605
      vertex 20.5104 16.1263 14.8605
      vertex 22.7645 18.3805 15
    endloop
  endfacet
  facet normal -0.707122 0.707091 0
    outer loop
      vertex 22.7645 18.3805 15
      vertex 20.5104 16.1263 14.8605
      vertex 20.5104 16.1263 15
    endloop
  endfacet
  facet normal -0.0922054 -0.0922054 -0.991462
    outer loop
      vertex 21.6654 17.4227 16.5939
      vertex 17.5206 21.7632 16.5757
      vertex 21.7632 17.5206 16.5757
    endloop
  endfacet
  facet normal -0.0922054 -0.0922054 -0.991462
    outer loop
      vertex 17.5206 21.7632 16.5757
      vertex 21.6654 17.4227 16.5939
      vertex 17.4227 21.6654 16.5939
    endloop
  endfacet
  facet normal -0.596274 -0.596274 -0.537508
    outer loop
      vertex 22.5466 18.3039 15.8
      vertex 18.2509 22.4935 15.9177
      vertex 18.3039 22.5466 15.8
    endloop
  endfacet
  facet normal -0.596274 -0.596274 -0.537508
    outer loop
      vertex 18.2509 22.4935 15.9177
      vertex 22.5466 18.3039 15.8
      vertex 22.4935 18.2509 15.9177
    endloop
  endfacet
  facet normal -0.708119 0.706092 -0.00131361
    outer loop
      vertex 20.9885 16.6045 13.6894
      vertex 20.8375 16.4534 13.8686
      vertex 20.7708 16.3867 13.9715
    endloop
  endfacet
  facet normal -0.707653 0.70656 -0.000593224
    outer loop
      vertex 20.9885 16.6045 13.6894
      vertex 20.7107 16.3266 14.0823
      vertex 20.5743 16.1903 14.4528
    endloop
  endfacet
  facet normal -0.561048 -0.561048 0.608646
    outer loop
      vertex 18.1802 22.5642 14.0823
      vertex 22.5041 18.1201 13.9715
      vertex 22.5642 18.1802 14.0823
    endloop
  endfacet
  facet normal -0.561048 -0.561048 0.608646
    outer loop
      vertex 22.5041 18.1201 13.9715
      vertex 18.1802 22.5642 14.0823
      vertex 18.1201 22.5041 13.9715
    endloop
  endfacet
  facet normal 0.708859 -0.705344 -0.00296415
    outer loop
      vertex 18.0534 22.4375 13.8686
      vertex 18.1201 22.5041 13.9715
      vertex 17.9023 22.2864 13.6894
    endloop
  endfacet
  facet normal 0.708414 -0.705797 0.000583857
    outer loop
      vertex 16.1606 20.5446 14.5859
      vertex 16.1903 20.5743 14.4528
      vertex 16.1263 20.5104 14.8605
    endloop
  endfacet
  facet normal 0.707107 -0.707107 0
    outer loop
      vertex 16.1263 20.5104 14.8605
      vertex 16.1263 20.5104 15
      vertex 16.122 20.5061 15
    endloop
  endfacet
  facet normal -0.705797 0.708414 0.000583857
    outer loop
      vertex 20.5743 16.1903 14.4528
      vertex 20.5446 16.1606 14.5859
      vertex 20.5104 16.1263 14.8605
    endloop
  endfacet
  facet normal 0.561048 0.561048 0.608646
    outer loop
      vertex 16.3867 20.7708 13.9715
      vertex 20.7107 16.3266 14.0823
      vertex 20.7708 16.3867 13.9715
    endloop
  endfacet
  facet normal 0.561048 0.561048 0.608646
    outer loop
      vertex 20.7107 16.3266 14.0823
      vertex 16.3867 20.7708 13.9715
      vertex 16.3266 20.7107 14.0823
    endloop
  endfacet
  facet normal -0.212716 -0.212716 0.953679
    outer loop
      vertex 17.6404 22.0244 13.4965
      vertex 21.9303 17.5462 13.4545
      vertex 22.0244 17.6404 13.4965
    endloop
  endfacet
  facet normal -0.212716 -0.212716 0.953679
    outer loop
      vertex 21.9303 17.5462 13.4545
      vertex 17.6404 22.0244 13.4965
      vertex 17.5462 21.9303 13.4545
    endloop
  endfacet
  facet normal -0.706163 0.708039 -0.00364393
    outer loop
      vertex 22.1156 17.7315 13.5499
      vertex 21.9303 17.5462 13.4545
      vertex 21.8339 17.4499 13.4243
    endloop
  endfacet
  facet normal -0.380075 -0.380075 0.843259
    outer loop
      vertex 17.9023 22.2864 13.6894
      vertex 22.2032 17.8191 13.6144
      vertex 22.2864 17.9023 13.6894
    endloop
  endfacet
  facet normal -0.380075 -0.380075 0.843259
    outer loop
      vertex 22.2032 17.8191 13.6144
      vertex 17.9023 22.2864 13.6894
      vertex 17.8191 22.2032 13.6144
    endloop
  endfacet
  facet normal -0.627271 -0.627271 0.461586
    outer loop
      vertex 18.2332 22.6173 14.2
      vertex 22.6628 18.2788 14.3238
      vertex 18.2788 22.6628 14.3238
    endloop
  endfacet
  facet normal -0.627271 -0.627271 0.461586
    outer loop
      vertex 22.6628 18.2788 14.3238
      vertex 18.2332 22.6173 14.2
      vertex 22.6173 18.2332 14.2
    endloop
  endfacet
  facet normal -0.704623 0.70958 -0.00163315
    outer loop
      vertex 22.7006 18.3165 14.4528
      vertex 22.6173 18.2332 14.2
      vertex 22.5642 18.1802 14.0823
    endloop
  endfacet
  facet normal 0.268832 0.268832 -0.92491
    outer loop
      vertex 21.1654 16.9227 16.4951
      vertex 16.9372 21.1798 16.5035
      vertex 21.1798 16.9372 16.5035
    endloop
  endfacet
  facet normal 0.270549 0.270549 -0.923908
    outer loop
      vertex 16.9227 21.1654 16.4951
      vertex 21.1654 16.9227 16.4951
      vertex 21.1242 16.8816 16.471
    endloop
  endfacet
  facet normal 0.268832 0.268832 -0.92491
    outer loop
      vertex 21.1654 16.9227 16.4951
      vertex 16.9227 21.1654 16.4951
      vertex 16.9372 21.1798 16.5035
    endloop
  endfacet
  facet normal 0.270549 0.270549 -0.923908
    outer loop
      vertex 16.9227 21.1654 16.4951
      vertex 21.1242 16.8816 16.471
      vertex 16.8816 21.1242 16.471
    endloop
  endfacet
  facet normal 0.212909 0.212909 -0.953593
    outer loop
      vertex 17.0253 21.2679 16.5428
      vertex 21.2679 17.0253 16.5428
      vertex 21.2202 16.9776 16.5215
    endloop
  endfacet
  facet normal 0.212477 0.212477 -0.953786
    outer loop
      vertex 16.9776 21.2202 16.5215
      vertex 21.2202 16.9776 16.5215
      vertex 21.1798 16.9372 16.5035
    endloop
  endfacet
  facet normal 0.214407 0.214407 -0.952921
    outer loop
      vertex 21.2679 17.0253 16.5428
      vertex 17.0253 21.2679 16.5428
      vertex 21.2739 17.0313 16.5455
    endloop
  endfacet
  facet normal 0.214407 0.214407 -0.952921
    outer loop
      vertex 21.2739 17.0313 16.5455
      vertex 17.0253 21.2679 16.5428
      vertex 17.0313 21.2739 16.5455
    endloop
  endfacet
  facet normal 0.212909 0.212909 -0.953593
    outer loop
      vertex 21.2202 16.9776 16.5215
      vertex 16.9776 21.2202 16.5215
      vertex 17.0253 21.2679 16.5428
    endloop
  endfacet
  facet normal 0.212477 0.212477 -0.953786
    outer loop
      vertex 16.9776 21.2202 16.5215
      vertex 21.1798 16.9372 16.5035
      vertex 16.9372 21.1798 16.5035
    endloop
  endfacet
  facet normal -0.212716 -0.212716 -0.953679
    outer loop
      vertex 21.8596 17.6169 16.5455
      vertex 17.7111 21.9537 16.5035
      vertex 21.9537 17.7111 16.5035
    endloop
  endfacet
  facet normal -0.212716 -0.212716 -0.953679
    outer loop
      vertex 17.7111 21.9537 16.5035
      vertex 21.8596 17.6169 16.5455
      vertex 17.6169 21.8596 16.5455
    endloop
  endfacet
  facet normal -0.561048 -0.561048 -0.608646
    outer loop
      vertex 22.4334 18.1908 16.0285
      vertex 18.2509 22.4935 15.9177
      vertex 22.4935 18.2509 15.9177
    endloop
  endfacet
  facet normal -0.561048 -0.561048 -0.608646
    outer loop
      vertex 18.2509 22.4935 15.9177
      vertex 22.4334 18.1908 16.0285
      vertex 18.1908 22.4334 16.0285
    endloop
  endfacet
  facet normal -0.521417 -0.521417 -0.675461
    outer loop
      vertex 22.3668 18.1241 16.1314
      vertex 18.1908 22.4334 16.0285
      vertex 22.4334 18.1908 16.0285
    endloop
  endfacet
  facet normal -0.521417 -0.521417 -0.675461
    outer loop
      vertex 18.1908 22.4334 16.0285
      vertex 22.3668 18.1241 16.1314
      vertex 18.1241 22.3668 16.1314
    endloop
  endfacet
  facet normal -0.627271 -0.627271 -0.461586
    outer loop
      vertex 22.5921 18.3495 15.6762
      vertex 18.3039 22.5466 15.8
      vertex 18.3495 22.5921 15.6762
    endloop
  endfacet
  facet normal -0.627271 -0.627271 -0.461586
    outer loop
      vertex 18.3039 22.5466 15.8
      vertex 22.5921 18.3495 15.6762
      vertex 22.5466 18.3039 15.8
    endloop
  endfacet
  facet normal 0.702937 -0.71118 -0.0100922
    outer loop
      vertex 16.6877 21.0718 13.6144
      vertex 16.7753 21.1593 13.5499
      vertex 16.6045 20.9885 13.6894
    endloop
  endfacet
  facet normal -0.326837 -0.326837 -0.886767
    outer loop
      vertex 22.0449 17.8023 16.4501
      vertex 17.8898 22.1324 16.3856
      vertex 22.1324 17.8898 16.3856
    endloop
  endfacet
  facet normal -0.326837 -0.326837 -0.886767
    outer loop
      vertex 17.8898 22.1324 16.3856
      vertex 22.0449 17.8023 16.4501
      vertex 17.8023 22.0449 16.4501
    endloop
  endfacet
  facet normal -0.521417 -0.521417 0.675461
    outer loop
      vertex 18.1201 22.5041 13.9715
      vertex 22.4375 18.0534 13.8686
      vertex 22.5041 18.1201 13.9715
    endloop
  endfacet
  facet normal -0.521417 -0.521417 0.675461
    outer loop
      vertex 22.4375 18.0534 13.8686
      vertex 18.1201 22.5041 13.9715
      vertex 18.0534 22.4375 13.8686
    endloop
  endfacet
  facet normal 0.707107 -0.707107 0
    outer loop
      vertex 17.9806 22.3647 13.7743
      vertex 18.0534 22.4375 13.8686
      vertex 17.9023 22.2864 13.6894
    endloop
  endfacet
  facet normal -0.477603 -0.477603 0.737422
    outer loop
      vertex 18.0534 22.4375 13.8686
      vertex 22.3647 17.9806 13.7743
      vertex 22.4375 18.0534 13.8686
    endloop
  endfacet
  facet normal -0.477603 -0.477603 0.737422
    outer loop
      vertex 22.3647 17.9806 13.7743
      vertex 18.0534 22.4375 13.8686
      vertex 17.9806 22.3647 13.7743
    endloop
  endfacet
  facet normal 0.707058 -0.707155 -0.000779009
    outer loop
      vertex 17.0569 21.441 13.4243
      vertex 17.2534 21.6375 13.4
      vertex 16.7753 21.1593 13.5499
    endloop
  endfacet
  facet normal 0.212819 0.212819 0.953633
    outer loop
      vertex 16.9606 21.3446 13.4545
      vertex 21.2505 16.8665 13.4965
      vertex 21.3446 16.9606 13.4545
    endloop
  endfacet
  facet normal 0.212819 0.212819 0.953633
    outer loop
      vertex 21.2505 16.8665 13.4965
      vertex 16.9606 21.3446 13.4545
      vertex 16.8665 21.2505 13.4965
    endloop
  endfacet
  facet normal -0.708265 0.705946 -0.00104447
    outer loop
      vertex 20.7107 16.3266 14.0823
      vertex 20.6577 16.2736 14.2
      vertex 20.5743 16.1903 14.4528
    endloop
  endfacet
  facet normal 0.70656 -0.707653 -0.000593224
    outer loop
      vertex 16.3266 20.7107 14.0823
      vertex 16.6045 20.9885 13.6894
      vertex 16.1903 20.5743 14.4528
    endloop
  endfacet
  facet normal -0.711188 0.703001 -0.000763668
    outer loop
      vertex 20.5446 16.1606 14.5859
      vertex 20.5233 16.1392 14.7222
      vertex 20.5104 16.1263 14.8605
    endloop
  endfacet
  facet normal 0.690371 0.690371 0.216279
    outer loop
      vertex 16.1606 20.5446 14.5859
      vertex 20.5233 16.1392 14.7222
      vertex 20.5446 16.1606 14.5859
    endloop
  endfacet
  facet normal 0.690371 0.690371 0.216279
    outer loop
      vertex 20.5233 16.1392 14.7222
      vertex 16.1606 20.5446 14.5859
      vertex 16.1392 20.5233 14.7222
    endloop
  endfacet
  facet normal -0.709871 0.704247 0.0109245
    outer loop
      vertex 22.1156 17.7315 13.5499
      vertex 22.0244 17.6404 13.4965
      vertex 21.9303 17.5462 13.4545
    endloop
  endfacet
  facet normal -0.714491 0.699627 0.00489797
    outer loop
      vertex 22.7006 18.3165 14.4528
      vertex 22.6628 18.2788 14.3238
      vertex 22.6173 18.2332 14.2
    endloop
  endfacet
  facet normal -0.701043 -0.701043 -0.130686
    outer loop
      vertex 22.6938 18.4512 15.1394
      vertex 18.4383 22.6809 15.2778
      vertex 18.4512 22.6938 15.1394
    endloop
  endfacet
  facet normal -0.701043 -0.701043 -0.130686
    outer loop
      vertex 18.4383 22.6809 15.2778
      vertex 22.6938 18.4512 15.1394
      vertex 22.6809 18.4383 15.2778
    endloop
  endfacet
  facet normal -0.690371 -0.690371 -0.216279
    outer loop
      vertex 18.4383 22.6809 15.2778
      vertex 22.6596 18.4169 15.4141
      vertex 18.4169 22.6596 15.4141
    endloop
  endfacet
  facet normal -0.690371 -0.690371 -0.216279
    outer loop
      vertex 22.6596 18.4169 15.4141
      vertex 18.4383 22.6809 15.2778
      vertex 22.6809 18.4383 15.2778
    endloop
  endfacet
  facet normal -0.653239 -0.653239 -0.382828
    outer loop
      vertex 18.3873 22.6299 15.5472
      vertex 22.5921 18.3495 15.6762
      vertex 18.3495 22.5921 15.6762
    endloop
  endfacet
  facet normal -0.653239 -0.653239 -0.382828
    outer loop
      vertex 22.5921 18.3495 15.6762
      vertex 18.3873 22.6299 15.5472
      vertex 22.6299 18.3873 15.5472
    endloop
  endfacet
  facet normal -0.707107 0.707107 0
    outer loop
      vertex 21.3446 16.9606 13.4545
      vertex 21.2505 16.8665 13.4965
      vertex 21.1593 16.7753 13.5499
    endloop
  endfacet
  facet normal 0.708039 -0.706163 0.00364393
    outer loop
      vertex 16.9606 21.3446 13.4545
      vertex 17.0569 21.441 13.4243
      vertex 16.7753 21.1593 13.5499
    endloop
  endfacet
  facet normal 0.596436 0.596436 0.537147
    outer loop
      vertex 16.2736 20.6577 14.2
      vertex 20.7107 16.3266 14.0823
      vertex 16.3266 20.7107 14.0823
    endloop
  endfacet
  facet normal 0.596436 0.596436 0.537147
    outer loop
      vertex 20.7107 16.3266 14.0823
      vertex 16.2736 20.6577 14.2
      vertex 20.6577 16.2736 14.2
    endloop
  endfacet
  facet normal -0.710715 0.703475 -0.00266707
    outer loop
      vertex 20.6577 16.2736 14.2
      vertex 20.6121 16.228 14.3238
      vertex 20.5743 16.1903 14.4528
    endloop
  endfacet
  facet normal 0.701034 0.701034 0.130779
    outer loop
      vertex 16.1263 20.5104 14.8605
      vertex 20.5233 16.1392 14.7222
      vertex 16.1392 20.5233 14.7222
    endloop
  endfacet
  facet normal 0.701034 0.701034 0.130779
    outer loop
      vertex 20.5233 16.1392 14.7222
      vertex 16.1263 20.5104 14.8605
      vertex 20.5104 16.1263 14.8605
    endloop
  endfacet
  facet normal 0.32669 0.32669 0.886875
    outer loop
      vertex 16.7753 21.1593 13.5499
      vertex 21.0718 16.6877 13.6144
      vertex 21.1593 16.7753 13.5499
    endloop
  endfacet
  facet normal 0.32669 0.32669 0.886875
    outer loop
      vertex 21.0718 16.6877 13.6144
      vertex 16.7753 21.1593 13.5499
      vertex 16.6877 21.0718 13.6144
    endloop
  endfacet
  facet normal -0.706163 0.708039 0.00364393
    outer loop
      vertex 21.441 17.0569 13.4243
      vertex 21.3446 16.9606 13.4545
      vertex 21.1593 16.7753 13.5499
    endloop
  endfacet
  facet normal 0.0309035 0.0309035 0.999045
    outer loop
      vertex 17.2534 21.6375 13.4
      vertex 21.5389 17.1548 13.4061
      vertex 21.6375 17.2534 13.4
    endloop
  endfacet
  facet normal 0.0309035 0.0309035 0.999045
    outer loop
      vertex 21.5389 17.1548 13.4061
      vertex 17.2534 21.6375 13.4
      vertex 17.1548 21.5389 13.4061
    endloop
  endfacet
  facet normal -0.707155 0.707058 -0.000779009
    outer loop
      vertex 21.6375 17.2534 13.4
      vertex 21.441 17.0569 13.4243
      vertex 21.1593 16.7753 13.5499
    endloop
  endfacet
  facet normal 0.521239 0.521239 0.675736
    outer loop
      vertex 16.4534 20.8375 13.8686
      vertex 20.7708 16.3867 13.9715
      vertex 20.8375 16.4534 13.8686
    endloop
  endfacet
  facet normal 0.521239 0.521239 0.675736
    outer loop
      vertex 20.7708 16.3867 13.9715
      vertex 16.4534 20.8375 13.8686
      vertex 16.3867 20.7708 13.9715
    endloop
  endfacet
  facet normal -0.707653 0.70656 -0.000592501
    outer loop
      vertex 20.9885 16.6045 13.6894
      vertex 20.7708 16.3867 13.9715
      vertex 20.7107 16.3266 14.0823
    endloop
  endfacet
  facet normal 0.653366 0.653366 0.382396
    outer loop
      vertex 16.228 20.6121 14.3238
      vertex 20.5743 16.1903 14.4528
      vertex 20.6121 16.228 14.3238
    endloop
  endfacet
  facet normal 0.653366 0.653366 0.382396
    outer loop
      vertex 20.5743 16.1903 14.4528
      vertex 16.228 20.6121 14.3238
      vertex 16.1903 20.5743 14.4528
    endloop
  endfacet
  facet normal 0.627124 0.627124 0.461985
    outer loop
      vertex 16.228 20.6121 14.3238
      vertex 20.6577 16.2736 14.2
      vertex 16.2736 20.6577 14.2
    endloop
  endfacet
  facet normal 0.627124 0.627124 0.461985
    outer loop
      vertex 20.6577 16.2736 14.2
      vertex 16.228 20.6121 14.3238
      vertex 20.6121 16.228 14.3238
    endloop
  endfacet
  facet normal 0.705946 -0.708265 -0.00104447
    outer loop
      vertex 16.2736 20.6577 14.2
      vertex 16.3266 20.7107 14.0823
      vertex 16.1903 20.5743 14.4528
    endloop
  endfacet
  facet normal 0.0921591 0.0921591 0.99147
    outer loop
      vertex 17.1548 21.5389 13.4061
      vertex 21.441 17.0569 13.4243
      vertex 21.5389 17.1548 13.4061
    endloop
  endfacet
  facet normal 0.0921591 0.0921591 0.99147
    outer loop
      vertex 21.441 17.0569 13.4243
      vertex 17.1548 21.5389 13.4061
      vertex 17.0569 21.441 13.4243
    endloop
  endfacet
  facet normal 0.703475 -0.710715 -0.00266707
    outer loop
      vertex 16.228 20.6121 14.3238
      vertex 16.2736 20.6577 14.2
      vertex 16.1903 20.5743 14.4528
    endloop
  endfacet
  facet normal 0.153007 0.153007 0.976308
    outer loop
      vertex 17.0569 21.441 13.4243
      vertex 21.3446 16.9606 13.4545
      vertex 21.441 17.0569 13.4243
    endloop
  endfacet
  facet normal 0.153007 0.153007 0.976308
    outer loop
      vertex 21.3446 16.9606 13.4545
      vertex 17.0569 21.441 13.4243
      vertex 16.9606 21.3446 13.4545
    endloop
  endfacet
  facet normal 0.270495 0.270495 0.92394
    outer loop
      vertex 16.8665 21.2505 13.4965
      vertex 21.1593 16.7753 13.5499
      vertex 21.2505 16.8665 13.4965
    endloop
  endfacet
  facet normal 0.270495 0.270495 0.92394
    outer loop
      vertex 21.1593 16.7753 13.5499
      vertex 16.8665 21.2505 13.4965
      vertex 16.7753 21.1593 13.5499
    endloop
  endfacet
  facet normal 0 -0.991464 -0.13038
    outer loop
      vertex -3 29.0939 15.1394
      vertex 3 29.0757 15.2778
      vertex -3 29.0757 15.2778
    endloop
  endfacet
  facet normal 0 -0.991464 -0.13038
    outer loop
      vertex 3 29.0757 15.2778
      vertex -3 29.0939 15.1394
      vertex 3 29.0939 15.1394
    endloop
  endfacet
  facet normal 0 -0.999044 -0.0437171
    outer loop
      vertex -3 29.1 15
      vertex 3 29.0939 15.1394
      vertex -3 29.0939 15.1394
    endloop
  endfacet
  facet normal 0 -0.999044 -0.0437171
    outer loop
      vertex 3 29.0939 15.1394
      vertex -3 29.1 15
      vertex 3 29.1 15
    endloop
  endfacet
  facet normal 0 -0.976322 -0.216324
    outer loop
      vertex -3 29.0757 15.2778
      vertex 3 29.0455 15.4141
      vertex -3 29.0455 15.4141
    endloop
  endfacet
  facet normal 0 -0.976322 -0.216324
    outer loop
      vertex 3 29.0455 15.4141
      vertex -3 29.0757 15.2778
      vertex 3 29.0757 15.2778
    endloop
  endfacet
  facet normal 0 -0.793768 0.608221
    outer loop
      vertex -3.1 28.7257 13.9715
      vertex 3.1 28.8106 14.0823
      vertex -3.1 28.8106 14.0823
    endloop
  endfacet
  facet normal 0 -0.793768 0.608221
    outer loop
      vertex 3.1 28.8106 14.0823
      vertex -3.1 28.7257 13.9715
      vertex 3.1 28.7257 13.9715
    endloop
  endfacet
  facet normal 0 -0.793768 -0.608221
    outer loop
      vertex -3 28.8106 15.9177
      vertex 3 28.7257 16.0285
      vertex -3 28.7257 16.0285
    endloop
  endfacet
  facet normal 0 -0.793768 -0.608221
    outer loop
      vertex 3 28.7257 16.0285
      vertex -3 28.8106 15.9177
      vertex 3 28.8106 15.9177
    endloop
  endfacet
  facet normal 0 -0.537385 -0.843337
    outer loop
      vertex -3 28.3 16.3856
      vertex 3 28.4177 16.3106
      vertex 3 28.3 16.3856
    endloop
  endfacet
  facet normal -0 -0.537385 -0.843337
    outer loop
      vertex 3 28.4177 16.3106
      vertex -3 28.3 16.3856
      vertex -3 28.4177 16.3106
    endloop
  endfacet
  facet normal 0 -0.300926 0.953648
    outer loop
      vertex -3.1 28.0472 13.4965
      vertex 3.1 27.9141 13.4545
      vertex 3.1 28.0472 13.4965
    endloop
  endfacet
  facet normal 0 -0.300926 0.953648
    outer loop
      vertex 3.1 27.9141 13.4545
      vertex -3.1 28.0472 13.4965
      vertex -3.1 27.9141 13.4545
    endloop
  endfacet
  facet normal 0 -0.976322 0.216324
    outer loop
      vertex -3.1 29.0455 14.5859
      vertex 3.1 29.0757 14.7222
      vertex -3.1 29.0757 14.7222
    endloop
  endfacet
  facet normal 0 -0.976322 0.216324
    outer loop
      vertex 3.1 29.0757 14.7222
      vertex -3.1 29.0455 14.5859
      vertex 3.1 29.0455 14.5859
    endloop
  endfacet
  facet normal 0 0.923964 0.382478
    outer loop
      vertex 3.1 26.0499 14.3238
      vertex -3.1 25.9965 14.4528
      vertex 3.1 25.9965 14.4528
    endloop
  endfacet
  facet normal 0 0.923964 0.382478
    outer loop
      vertex -3.1 25.9965 14.4528
      vertex 3.1 26.0499 14.3238
      vertex -3.1 26.0499 14.3238
    endloop
  endfacet
  facet normal 0 0.216324 -0.976322
    outer loop
      vertex -3 27.0859 16.5455
      vertex 3 27.2222 16.5757
      vertex 3 27.0859 16.5455
    endloop
  endfacet
  facet normal 0 0.216324 -0.976322
    outer loop
      vertex 3 27.2222 16.5757
      vertex -3 27.0859 16.5455
      vertex -3 27.2222 16.5757
    endloop
  endfacet
  facet normal 0 -0.300926 -0.953648
    outer loop
      vertex -3 27.9141 16.5455
      vertex 3 28.0472 16.5035
      vertex 3 27.9141 16.5455
    endloop
  endfacet
  facet normal -0 -0.300926 -0.953648
    outer loop
      vertex 3 28.0472 16.5035
      vertex -3 27.9141 16.5455
      vertex -3 28.0472 16.5035
    endloop
  endfacet
  facet normal 0 -0.130473 -0.991452
    outer loop
      vertex -3 27.6395 16.5939
      vertex 3 27.7778 16.5757
      vertex 3 27.6395 16.5939
    endloop
  endfacet
  facet normal -0 -0.130473 -0.991452
    outer loop
      vertex 3 27.7778 16.5757
      vertex -3 27.6395 16.5939
      vertex -3 27.7778 16.5757
    endloop
  endfacet
  facet normal 0 0.793768 0.608221
    outer loop
      vertex 3.1 26.2743 13.9715
      vertex -3.1 26.1894 14.0823
      vertex 3.1 26.1894 14.0823
    endloop
  endfacet
  facet normal 0 0.793768 0.608221
    outer loop
      vertex -3.1 26.1894 14.0823
      vertex 3.1 26.2743 13.9715
      vertex -3.1 26.2743 13.9715
    endloop
  endfacet
  facet normal 0 0.300926 -0.953648
    outer loop
      vertex -3 26.9528 16.5035
      vertex 3 27.0859 16.5455
      vertex 3 26.9528 16.5035
    endloop
  endfacet
  facet normal 0 0.300926 -0.953648
    outer loop
      vertex 3 27.0859 16.5455
      vertex -3 26.9528 16.5035
      vertex -3 27.0859 16.5455
    endloop
  endfacet
  facet normal 0 -0.675627 -0.737243
    outer loop
      vertex -3 28.5285 16.2257
      vertex 3 28.6314 16.1314
      vertex 3 28.5285 16.2257
    endloop
  endfacet
  facet normal -0 -0.675627 -0.737243
    outer loop
      vertex 3 28.6314 16.1314
      vertex -3 28.5285 16.2257
      vertex -3 28.6314 16.1314
    endloop
  endfacet
  facet normal 0 -0.382478 0.923964
    outer loop
      vertex -3.1 28.1762 13.5499
      vertex 3.1 28.0472 13.4965
      vertex 3.1 28.1762 13.5499
    endloop
  endfacet
  facet normal 0 -0.382478 0.923964
    outer loop
      vertex 3.1 28.0472 13.4965
      vertex -3.1 28.1762 13.5499
      vertex -3.1 28.0472 13.4965
    endloop
  endfacet
  facet normal 0 -0.0436859 -0.999045
    outer loop
      vertex -3 27.5 16.6
      vertex 3 27.6395 16.5939
      vertex 3 27.5 16.6
    endloop
  endfacet
  facet normal -0 -0.0436859 -0.999045
    outer loop
      vertex 3 27.6395 16.5939
      vertex -3 27.5 16.6
      vertex -3 27.6395 16.5939
    endloop
  endfacet
  facet normal 0 -0.216324 0.976322
    outer loop
      vertex -3.1 27.9141 13.4545
      vertex 3.1 27.7778 13.4243
      vertex 3.1 27.9141 13.4545
    endloop
  endfacet
  facet normal 0 -0.216324 0.976322
    outer loop
      vertex 3.1 27.7778 13.4243
      vertex -3.1 27.9141 13.4545
      vertex -3.1 27.7778 13.4243
    endloop
  endfacet
  facet normal 0 -0.843337 -0.537385
    outer loop
      vertex -3 28.8856 15.8
      vertex 3 28.8106 15.9177
      vertex -3 28.8106 15.9177
    endloop
  endfacet
  facet normal 0 -0.843337 -0.537385
    outer loop
      vertex 3 28.8106 15.9177
      vertex -3 28.8856 15.8
      vertex 3 28.8856 15.8
    endloop
  endfacet
  facet normal 0 0.130473 -0.991452
    outer loop
      vertex -3 27.2222 16.5757
      vertex 3 27.3605 16.5939
      vertex 3 27.2222 16.5757
    endloop
  endfacet
  facet normal 0 0.130473 -0.991452
    outer loop
      vertex 3 27.3605 16.5939
      vertex -3 27.2222 16.5757
      vertex -3 27.3605 16.5939
    endloop
  endfacet
  facet normal 0 -0.216324 -0.976322
    outer loop
      vertex -3 27.7778 16.5757
      vertex 3 27.9141 16.5455
      vertex 3 27.7778 16.5757
    endloop
  endfacet
  facet normal -0 -0.216324 -0.976322
    outer loop
      vertex 3 27.9141 16.5455
      vertex -3 27.7778 16.5757
      vertex -3 27.9141 16.5455
    endloop
  endfacet
  facet normal 0 0.953648 0.300926
    outer loop
      vertex 3.1 25.9965 14.4528
      vertex -3.1 25.9545 14.5859
      vertex 3.1 25.9545 14.5859
    endloop
  endfacet
  facet normal 0 0.953648 0.300926
    outer loop
      vertex -3.1 25.9545 14.5859
      vertex 3.1 25.9965 14.4528
      vertex -3.1 25.9965 14.4528
    endloop
  endfacet
  facet normal 0 0.382109 -0.924117
    outer loop
      vertex -3 26.8742 16.471
      vertex 3 26.9528 16.5035
      vertex 3 26.8742 16.471
    endloop
  endfacet
  facet normal 0 0.382109 -0.924117
    outer loop
      vertex 3 26.9528 16.5035
      vertex -3 26.8742 16.471
      vertex -3 26.9528 16.5035
    endloop
  endfacet
  facet normal 0 0.0436859 -0.999045
    outer loop
      vertex -3 27.3605 16.5939
      vertex 3 27.5 16.6
      vertex 3 27.3605 16.5939
    endloop
  endfacet
  facet normal 0 0.0436859 -0.999045
    outer loop
      vertex 3 27.5 16.6
      vertex -3 27.3605 16.5939
      vertex -3 27.5 16.6
    endloop
  endfacet
  facet normal 0 -0.675627 0.737243
    outer loop
      vertex -3.1 28.6314 13.8686
      vertex 3.1 28.5285 13.7743
      vertex 3.1 28.6314 13.8686
    endloop
  endfacet
  facet normal 0 -0.675627 0.737243
    outer loop
      vertex 3.1 28.5285 13.7743
      vertex -3.1 28.6314 13.8686
      vertex -3.1 28.5285 13.7743
    endloop
  endfacet
  facet normal 0 -0.886853 0.462052
    outer loop
      vertex -3.1 28.8856 14.2
      vertex 3.1 28.9501 14.3238
      vertex -3.1 28.9501 14.3238
    endloop
  endfacet
  facet normal 0 -0.886853 0.462052
    outer loop
      vertex 3.1 28.9501 14.3238
      vertex -3.1 28.8856 14.2
      vertex 3.1 28.8856 14.2
    endloop
  endfacet
  facet normal -0 0.537385 0.843337
    outer loop
      vertex -3.1 26.7 13.6144
      vertex 3.1 26.5823 13.6894
      vertex 3.1 26.7 13.6144
    endloop
  endfacet
  facet normal 0 0.537385 0.843337
    outer loop
      vertex 3.1 26.5823 13.6894
      vertex -3.1 26.7 13.6144
      vertex -3.1 26.5823 13.6894
    endloop
  endfacet
  facet normal -0 0.382478 0.923964
    outer loop
      vertex -3.1 26.9528 13.4965
      vertex 3.1 26.8238 13.5499
      vertex 3.1 26.9528 13.4965
    endloop
  endfacet
  facet normal 0 0.382478 0.923964
    outer loop
      vertex 3.1 26.8238 13.5499
      vertex -3.1 26.9528 13.4965
      vertex -3.1 26.8238 13.5499
    endloop
  endfacet
  facet normal 0 -0.462052 0.886853
    outer loop
      vertex -3.1 28.3 13.6144
      vertex 3.1 28.1762 13.5499
      vertex 3.1 28.3 13.6144
    endloop
  endfacet
  facet normal 0 -0.462052 0.886853
    outer loop
      vertex 3.1 28.1762 13.5499
      vertex -3.1 28.3 13.6144
      vertex -3.1 28.1762 13.5499
    endloop
  endfacet
  facet normal 0 -0.923964 -0.382478
    outer loop
      vertex -3 29.0035 15.5472
      vertex 3 28.9501 15.6762
      vertex -3 28.9501 15.6762
    endloop
  endfacet
  facet normal 0 -0.923964 -0.382478
    outer loop
      vertex 3 28.9501 15.6762
      vertex -3 29.0035 15.5472
      vertex 3 29.0035 15.5472
    endloop
  endfacet
  facet normal 0 -0.843337 0.537385
    outer loop
      vertex -3.1 28.8106 14.0823
      vertex 3.1 28.8856 14.2
      vertex -3.1 28.8856 14.2
    endloop
  endfacet
  facet normal 0 -0.843337 0.537385
    outer loop
      vertex 3.1 28.8856 14.2
      vertex -3.1 28.8106 14.0823
      vertex 3.1 28.8106 14.0823
    endloop
  endfacet
  facet normal 0 0.737243 0.675627
    outer loop
      vertex 3.1 26.3686 13.8686
      vertex -3.1 26.2743 13.9715
      vertex 3.1 26.2743 13.9715
    endloop
  endfacet
  facet normal 0 0.737243 0.675627
    outer loop
      vertex -3.1 26.2743 13.9715
      vertex 3.1 26.3686 13.8686
      vertex -3.1 26.3686 13.8686
    endloop
  endfacet
  facet normal 0 -0.953648 0.300926
    outer loop
      vertex -3.1 29.0035 14.4528
      vertex 3.1 29.0455 14.5859
      vertex -3.1 29.0455 14.5859
    endloop
  endfacet
  facet normal 0 -0.953648 0.300926
    outer loop
      vertex 3.1 29.0455 14.5859
      vertex -3.1 29.0035 14.4528
      vertex 3.1 29.0035 14.4528
    endloop
  endfacet
  facet normal 0 -0.953648 -0.300926
    outer loop
      vertex -3 29.0455 15.4141
      vertex 3 29.0035 15.5472
      vertex -3 29.0035 15.5472
    endloop
  endfacet
  facet normal 0 -0.953648 -0.300926
    outer loop
      vertex 3 29.0035 15.5472
      vertex -3 29.0455 15.4141
      vertex 3 29.0455 15.4141
    endloop
  endfacet
  facet normal 0 -0.991452 0.130473
    outer loop
      vertex -3.1 29.0757 14.7222
      vertex 3.1 29.0939 14.8605
      vertex -3.1 29.0939 14.8605
    endloop
  endfacet
  facet normal 0 -0.991452 0.130473
    outer loop
      vertex 3.1 29.0939 14.8605
      vertex -3.1 29.0757 14.7222
      vertex 3.1 29.0757 14.7222
    endloop
  endfacet
  facet normal 0 -0.999045 0.0436859
    outer loop
      vertex -3.1 29.0939 14.8605
      vertex -3 29.1 15
      vertex -3.1 29.1 15
    endloop
  endfacet
  facet normal 0 -0.999045 0.0436859
    outer loop
      vertex -3 29.1 15
      vertex -3.1 29.0939 14.8605
      vertex 3 29.1 15
    endloop
  endfacet
  facet normal 0 -0.999045 0.0436859
    outer loop
      vertex 3.1 29.0939 14.8605
      vertex 3 29.1 15
      vertex -3.1 29.0939 14.8605
    endloop
  endfacet
  facet normal 0 -0.999045 0.0436859
    outer loop
      vertex 3 29.1 15
      vertex 3.1 29.0939 14.8605
      vertex 3.1 29.1 15
    endloop
  endfacet
  facet normal 0 -0.923964 0.382478
    outer loop
      vertex -3.1 28.9501 14.3238
      vertex 3.1 29.0035 14.4528
      vertex -3.1 29.0035 14.4528
    endloop
  endfacet
  facet normal 0 -0.923964 0.382478
    outer loop
      vertex 3.1 29.0035 14.4528
      vertex -3.1 28.9501 14.3238
      vertex 3.1 28.9501 14.3238
    endloop
  endfacet
  facet normal 0 -0.130473 0.991452
    outer loop
      vertex -3.1 27.7778 13.4243
      vertex 3.1 27.6395 13.4061
      vertex 3.1 27.7778 13.4243
    endloop
  endfacet
  facet normal 0 -0.130473 0.991452
    outer loop
      vertex 3.1 27.6395 13.4061
      vertex -3.1 27.7778 13.4243
      vertex -3.1 27.6395 13.4061
    endloop
  endfacet
  facet normal 0 -0.608221 -0.793768
    outer loop
      vertex -3 28.4177 16.3106
      vertex 3 28.5285 16.2257
      vertex 3 28.4177 16.3106
    endloop
  endfacet
  facet normal -0 -0.608221 -0.793768
    outer loop
      vertex 3 28.5285 16.2257
      vertex -3 28.4177 16.3106
      vertex -3 28.5285 16.2257
    endloop
  endfacet
  facet normal -0 0.0436859 0.999045
    outer loop
      vertex -3.1 27.5 13.4
      vertex 3.1 27.3605 13.4061
      vertex 3.1 27.5 13.4
    endloop
  endfacet
  facet normal 0 0.0436859 0.999045
    outer loop
      vertex 3.1 27.3605 13.4061
      vertex -3.1 27.5 13.4
      vertex -3.1 27.3605 13.4061
    endloop
  endfacet
  facet normal 0 -0.382478 -0.923964
    outer loop
      vertex -3 28.0472 16.5035
      vertex 3 28.1762 16.4501
      vertex 3 28.0472 16.5035
    endloop
  endfacet
  facet normal -0 -0.382478 -0.923964
    outer loop
      vertex 3 28.1762 16.4501
      vertex -3 28.0472 16.5035
      vertex -3 28.1762 16.4501
    endloop
  endfacet
  facet normal 0 -0.0436859 0.999045
    outer loop
      vertex -3.1 27.6395 13.4061
      vertex 3.1 27.5 13.4
      vertex 3.1 27.6395 13.4061
    endloop
  endfacet
  facet normal 0 -0.0436859 0.999045
    outer loop
      vertex 3.1 27.5 13.4
      vertex -3.1 27.6395 13.4061
      vertex -3.1 27.5 13.4
    endloop
  endfacet
  facet normal 1 0 0
    outer loop
      vertex -3.1 29.1 15
      vertex -3.1 29.0757 14.7222
      vertex -3.1 29.0939 14.8605
    endloop
  endfacet
  facet normal 1 0 0
    outer loop
      vertex -3.1 29.1 15
      vertex -3.1 29.0455 14.5859
      vertex -3.1 29.0757 14.7222
    endloop
  endfacet
  facet normal 1 0 0
    outer loop
      vertex -3.1 29.1 15
      vertex -3.1 29.0035 14.4528
      vertex -3.1 29.0455 14.5859
    endloop
  endfacet
  facet normal 1 0 0
    outer loop
      vertex -3.1 29.1 15
      vertex -3.1 28.9501 14.3238
      vertex -3.1 29.0035 14.4528
    endloop
  endfacet
  facet normal 1 0 0
    outer loop
      vertex -3.1 29.1 15
      vertex -3.1 28.8856 14.2
      vertex -3.1 28.9501 14.3238
    endloop
  endfacet
  facet normal 1 0 0
    outer loop
      vertex -3.1 29.1 15
      vertex -3.1 28.8106 14.0823
      vertex -3.1 28.8856 14.2
    endloop
  endfacet
  facet normal 1 0 0
    outer loop
      vertex -3.1 29.1 15
      vertex -3.1 28.7257 13.9715
      vertex -3.1 28.8106 14.0823
    endloop
  endfacet
  facet normal 1 0 0
    outer loop
      vertex -3.1 29.1 15
      vertex -3.1 28.6314 13.8686
      vertex -3.1 28.7257 13.9715
    endloop
  endfacet
  facet normal 1 0 0
    outer loop
      vertex -3.1 29.1 15
      vertex -3.1 28.5285 13.7743
      vertex -3.1 28.6314 13.8686
    endloop
  endfacet
  facet normal 1 0 0
    outer loop
      vertex -3.1 29.1 15
      vertex -3.1 28.4177 13.6894
      vertex -3.1 28.5285 13.7743
    endloop
  endfacet
  facet normal 1 0 0
    outer loop
      vertex -3.1 29.1 15
      vertex -3.1 28.3 13.6144
      vertex -3.1 28.4177 13.6894
    endloop
  endfacet
  facet normal 1 0 0
    outer loop
      vertex -3.1 29.1 15
      vertex -3.1 28.1762 13.5499
      vertex -3.1 28.3 13.6144
    endloop
  endfacet
  facet normal 1 0 0
    outer loop
      vertex -3.1 29.1 15
      vertex -3.1 28.0472 13.4965
      vertex -3.1 28.1762 13.5499
    endloop
  endfacet
  facet normal 1 0 0
    outer loop
      vertex -3.1 29.1 15
      vertex -3.1 27.9141 13.4545
      vertex -3.1 28.0472 13.4965
    endloop
  endfacet
  facet normal 1 0 0
    outer loop
      vertex -3.1 29.1 15
      vertex -3.1 27.7778 13.4243
      vertex -3.1 27.9141 13.4545
    endloop
  endfacet
  facet normal 1 0 0
    outer loop
      vertex -3.1 29.1 15
      vertex -3.1 27.6395 13.4061
      vertex -3.1 27.7778 13.4243
    endloop
  endfacet
  facet normal 1 0 0
    outer loop
      vertex -3.1 29.1 15
      vertex -3.1 27.5 13.4
      vertex -3.1 27.6395 13.4061
    endloop
  endfacet
  facet normal 1 0 0
    outer loop
      vertex -3.1 29.1 15
      vertex -3.1 27.3605 13.4061
      vertex -3.1 27.5 13.4
    endloop
  endfacet
  facet normal 1 0 0
    outer loop
      vertex -3.1 29.1 15
      vertex -3.1 27.2222 13.4243
      vertex -3.1 27.3605 13.4061
    endloop
  endfacet
  facet normal 1 0 0
    outer loop
      vertex -3.1 29.1 15
      vertex -3.1 27.0859 13.4545
      vertex -3.1 27.2222 13.4243
    endloop
  endfacet
  facet normal 1 0 0
    outer loop
      vertex -3.1 29.1 15
      vertex -3.1 26.9528 13.4965
      vertex -3.1 27.0859 13.4545
    endloop
  endfacet
  facet normal 1 0 0
    outer loop
      vertex -3.1 29.1 15
      vertex -3.1 26.8238 13.5499
      vertex -3.1 26.9528 13.4965
    endloop
  endfacet
  facet normal 1 0 0
    outer loop
      vertex -3.1 29.1 15
      vertex -3.1 26.7 13.6144
      vertex -3.1 26.8238 13.5499
    endloop
  endfacet
  facet normal 1 0 0
    outer loop
      vertex -3.1 29.1 15
      vertex -3.1 26.5823 13.6894
      vertex -3.1 26.7 13.6144
    endloop
  endfacet
  facet normal 1 0 0
    outer loop
      vertex -3.1 29.1 15
      vertex -3.1 26.4715 13.7743
      vertex -3.1 26.5823 13.6894
    endloop
  endfacet
  facet normal 1 0 0
    outer loop
      vertex -3.1 29.1 15
      vertex -3.1 26.3686 13.8686
      vertex -3.1 26.4715 13.7743
    endloop
  endfacet
  facet normal 1 0 0
    outer loop
      vertex -3.1 29.1 15
      vertex -3.1 26.2743 13.9715
      vertex -3.1 26.3686 13.8686
    endloop
  endfacet
  facet normal 1 0 0
    outer loop
      vertex -3.1 29.1 15
      vertex -3.1 26.1894 14.0823
      vertex -3.1 26.2743 13.9715
    endloop
  endfacet
  facet normal 1 0 0
    outer loop
      vertex -3.1 29.1 15
      vertex -3.1 26.1144 14.2
      vertex -3.1 26.1894 14.0823
    endloop
  endfacet
  facet normal 1 0 0
    outer loop
      vertex -3.1 29.1 15
      vertex -3.1 26.0499 14.3238
      vertex -3.1 26.1144 14.2
    endloop
  endfacet
  facet normal 1 0 0
    outer loop
      vertex -3.1 29.1 15
      vertex -3.1 25.9965 14.4528
      vertex -3.1 26.0499 14.3238
    endloop
  endfacet
  facet normal 1 0 0
    outer loop
      vertex -3.1 29.1 15
      vertex -3.1 25.9545 14.5859
      vertex -3.1 25.9965 14.4528
    endloop
  endfacet
  facet normal 1 0 0
    outer loop
      vertex -3.1 29.1 15
      vertex -3.1 25.9243 14.7222
      vertex -3.1 25.9545 14.5859
    endloop
  endfacet
  facet normal 1 0 0
    outer loop
      vertex -3.1 29.1 15
      vertex -3.1 25.9061 14.8605
      vertex -3.1 25.9243 14.7222
    endloop
  endfacet
  facet normal 1 0 -0
    outer loop
      vertex -3.1 25.9061 14.8605
      vertex -3.1 29.1 15
      vertex -3.1 25.9 15
    endloop
  endfacet
  facet normal 0 0.886853 0.462052
    outer loop
      vertex 3.1 26.1144 14.2
      vertex -3.1 26.0499 14.3238
      vertex 3.1 26.0499 14.3238
    endloop
  endfacet
  facet normal 0 0.886853 0.462052
    outer loop
      vertex -3.1 26.0499 14.3238
      vertex 3.1 26.1144 14.2
      vertex -3.1 26.1144 14.2
    endloop
  endfacet
  facet normal 0 -0.886853 -0.462052
    outer loop
      vertex -3 28.9501 15.6762
      vertex 3 28.8856 15.8
      vertex -3 28.8856 15.8
    endloop
  endfacet
  facet normal 0 -0.886853 -0.462052
    outer loop
      vertex 3 28.8856 15.8
      vertex -3 28.9501 15.6762
      vertex 3 28.9501 15.6762
    endloop
  endfacet
  facet normal 0 0.843337 0.537385
    outer loop
      vertex 3.1 26.1894 14.0823
      vertex -3.1 26.1144 14.2
      vertex 3.1 26.1144 14.2
    endloop
  endfacet
  facet normal 0 0.843337 0.537385
    outer loop
      vertex -3.1 26.1144 14.2
      vertex 3.1 26.1894 14.0823
      vertex -3.1 26.1894 14.0823
    endloop
  endfacet
  facet normal -0 0.675627 0.737243
    outer loop
      vertex -3.1 26.4715 13.7743
      vertex 3.1 26.3686 13.8686
      vertex 3.1 26.4715 13.7743
    endloop
  endfacet
  facet normal 0 0.675627 0.737243
    outer loop
      vertex 3.1 26.3686 13.8686
      vertex -3.1 26.4715 13.7743
      vertex -3.1 26.3686 13.8686
    endloop
  endfacet
  facet normal 0 0.976322 0.216324
    outer loop
      vertex 3.1 25.9545 14.5859
      vertex -3.1 25.9243 14.7222
      vertex 3.1 25.9243 14.7222
    endloop
  endfacet
  facet normal 0 0.976322 0.216324
    outer loop
      vertex -3.1 25.9243 14.7222
      vertex 3.1 25.9545 14.5859
      vertex -3.1 25.9545 14.5859
    endloop
  endfacet
  facet normal -1 0 0
    outer loop
      vertex 3.1 29.0757 14.7222
      vertex 3.1 29.1 15
      vertex 3.1 29.0939 14.8605
    endloop
  endfacet
  facet normal -1 0 0
    outer loop
      vertex 3.1 29.0455 14.5859
      vertex 3.1 29.1 15
      vertex 3.1 29.0757 14.7222
    endloop
  endfacet
  facet normal -1 0 0
    outer loop
      vertex 3.1 29.0035 14.4528
      vertex 3.1 29.1 15
      vertex 3.1 29.0455 14.5859
    endloop
  endfacet
  facet normal -1 0 0
    outer loop
      vertex 3.1 28.9501 14.3238
      vertex 3.1 29.1 15
      vertex 3.1 29.0035 14.4528
    endloop
  endfacet
  facet normal -1 0 0
    outer loop
      vertex 3.1 28.8856 14.2
      vertex 3.1 29.1 15
      vertex 3.1 28.9501 14.3238
    endloop
  endfacet
  facet normal -1 0 0
    outer loop
      vertex 3.1 28.8106 14.0823
      vertex 3.1 29.1 15
      vertex 3.1 28.8856 14.2
    endloop
  endfacet
  facet normal -1 0 0
    outer loop
      vertex 3.1 28.7257 13.9715
      vertex 3.1 29.1 15
      vertex 3.1 28.8106 14.0823
    endloop
  endfacet
  facet normal -1 0 0
    outer loop
      vertex 3.1 28.6314 13.8686
      vertex 3.1 29.1 15
      vertex 3.1 28.7257 13.9715
    endloop
  endfacet
  facet normal -1 0 0
    outer loop
      vertex 3.1 28.5285 13.7743
      vertex 3.1 29.1 15
      vertex 3.1 28.6314 13.8686
    endloop
  endfacet
  facet normal -1 0 0
    outer loop
      vertex 3.1 28.4177 13.6894
      vertex 3.1 29.1 15
      vertex 3.1 28.5285 13.7743
    endloop
  endfacet
  facet normal -1 0 0
    outer loop
      vertex 3.1 28.3 13.6144
      vertex 3.1 29.1 15
      vertex 3.1 28.4177 13.6894
    endloop
  endfacet
  facet normal -1 0 0
    outer loop
      vertex 3.1 28.1762 13.5499
      vertex 3.1 29.1 15
      vertex 3.1 28.3 13.6144
    endloop
  endfacet
  facet normal -1 0 0
    outer loop
      vertex 3.1 28.0472 13.4965
      vertex 3.1 29.1 15
      vertex 3.1 28.1762 13.5499
    endloop
  endfacet
  facet normal -1 0 0
    outer loop
      vertex 3.1 27.9141 13.4545
      vertex 3.1 29.1 15
      vertex 3.1 28.0472 13.4965
    endloop
  endfacet
  facet normal -1 0 0
    outer loop
      vertex 3.1 27.7778 13.4243
      vertex 3.1 29.1 15
      vertex 3.1 27.9141 13.4545
    endloop
  endfacet
  facet normal -1 0 0
    outer loop
      vertex 3.1 27.6395 13.4061
      vertex 3.1 29.1 15
      vertex 3.1 27.7778 13.4243
    endloop
  endfacet
  facet normal -1 0 0
    outer loop
      vertex 3.1 27.5 13.4
      vertex 3.1 29.1 15
      vertex 3.1 27.6395 13.4061
    endloop
  endfacet
  facet normal -1 0 0
    outer loop
      vertex 3.1 27.3605 13.4061
      vertex 3.1 29.1 15
      vertex 3.1 27.5 13.4
    endloop
  endfacet
  facet normal -1 0 0
    outer loop
      vertex 3.1 27.2222 13.4243
      vertex 3.1 29.1 15
      vertex 3.1 27.3605 13.4061
    endloop
  endfacet
  facet normal -1 0 0
    outer loop
      vertex 3.1 27.0859 13.4545
      vertex 3.1 29.1 15
      vertex 3.1 27.2222 13.4243
    endloop
  endfacet
  facet normal -1 0 0
    outer loop
      vertex 3.1 26.9528 13.4965
      vertex 3.1 29.1 15
      vertex 3.1 27.0859 13.4545
    endloop
  endfacet
  facet normal -1 0 0
    outer loop
      vertex 3.1 26.8238 13.5499
      vertex 3.1 29.1 15
      vertex 3.1 26.9528 13.4965
    endloop
  endfacet
  facet normal -1 0 0
    outer loop
      vertex 3.1 26.7 13.6144
      vertex 3.1 29.1 15
      vertex 3.1 26.8238 13.5499
    endloop
  endfacet
  facet normal -1 0 0
    outer loop
      vertex 3.1 26.5823 13.6894
      vertex 3.1 29.1 15
      vertex 3.1 26.7 13.6144
    endloop
  endfacet
  facet normal -1 0 0
    outer loop
      vertex 3.1 26.4715 13.7743
      vertex 3.1 29.1 15
      vertex 3.1 26.5823 13.6894
    endloop
  endfacet
  facet normal -1 0 0
    outer loop
      vertex 3.1 26.3686 13.8686
      vertex 3.1 29.1 15
      vertex 3.1 26.4715 13.7743
    endloop
  endfacet
  facet normal -1 0 0
    outer loop
      vertex 3.1 26.2743 13.9715
      vertex 3.1 29.1 15
      vertex 3.1 26.3686 13.8686
    endloop
  endfacet
  facet normal -1 0 0
    outer loop
      vertex 3.1 26.1894 14.0823
      vertex 3.1 29.1 15
      vertex 3.1 26.2743 13.9715
    endloop
  endfacet
  facet normal -1 0 0
    outer loop
      vertex 3.1 26.1144 14.2
      vertex 3.1 29.1 15
      vertex 3.1 26.1894 14.0823
    endloop
  endfacet
  facet normal -1 0 0
    outer loop
      vertex 3.1 26.0499 14.3238
      vertex 3.1 29.1 15
      vertex 3.1 26.1144 14.2
    endloop
  endfacet
  facet normal -1 0 0
    outer loop
      vertex 3.1 25.9965 14.4528
      vertex 3.1 29.1 15
      vertex 3.1 26.0499 14.3238
    endloop
  endfacet
  facet normal -1 0 0
    outer loop
      vertex 3.1 25.9545 14.5859
      vertex 3.1 29.1 15
      vertex 3.1 25.9965 14.4528
    endloop
  endfacet
  facet normal -1 0 0
    outer loop
      vertex 3.1 25.9243 14.7222
      vertex 3.1 29.1 15
      vertex 3.1 25.9545 14.5859
    endloop
  endfacet
  facet normal -1 0 0
    outer loop
      vertex 3.1 25.9061 14.8605
      vertex 3.1 29.1 15
      vertex 3.1 25.9243 14.7222
    endloop
  endfacet
  facet normal -1 -0 0
    outer loop
      vertex 3.1 29.1 15
      vertex 3.1 25.9061 14.8605
      vertex 3.1 25.9 15
    endloop
  endfacet
  facet normal 0 0.991452 0.130473
    outer loop
      vertex 3.1 25.9243 14.7222
      vertex -3.1 25.9061 14.8605
      vertex 3.1 25.9061 14.8605
    endloop
  endfacet
  facet normal 0 0.991452 0.130473
    outer loop
      vertex -3.1 25.9061 14.8605
      vertex 3.1 25.9243 14.7222
      vertex -3.1 25.9243 14.7222
    endloop
  endfacet
  facet normal 0 -0.737243 -0.675627
    outer loop
      vertex -3 28.7257 16.0285
      vertex 3 28.6314 16.1314
      vertex -3 28.6314 16.1314
    endloop
  endfacet
  facet normal 0 -0.737243 -0.675627
    outer loop
      vertex 3 28.6314 16.1314
      vertex -3 28.7257 16.0285
      vertex 3 28.7257 16.0285
    endloop
  endfacet
  facet normal 0 0.999045 0.0436859
    outer loop
      vertex 3.1 25.9061 14.8605
      vertex -3.1 25.9 15
      vertex 3.1 25.9 15
    endloop
  endfacet
  facet normal 0 0.999045 0.0436859
    outer loop
      vertex -3.1 25.9 15
      vertex 3.1 25.9061 14.8605
      vertex -3.1 25.9061 14.8605
    endloop
  endfacet
  facet normal 0 -0.462052 -0.886853
    outer loop
      vertex -3 28.1762 16.4501
      vertex 3 28.3 16.3856
      vertex 3 28.1762 16.4501
    endloop
  endfacet
  facet normal -0 -0.462052 -0.886853
    outer loop
      vertex 3 28.3 16.3856
      vertex -3 28.1762 16.4501
      vertex -3 28.3 16.3856
    endloop
  endfacet
  facet normal 0 -0.537385 0.843337
    outer loop
      vertex -3.1 28.4177 13.6894
      vertex 3.1 28.3 13.6144
      vertex 3.1 28.4177 13.6894
    endloop
  endfacet
  facet normal 0 -0.537385 0.843337
    outer loop
      vertex 3.1 28.3 13.6144
      vertex -3.1 28.4177 13.6894
      vertex -3.1 28.3 13.6144
    endloop
  endfacet
  facet normal -0 0.608221 0.793768
    outer loop
      vertex -3.1 26.5823 13.6894
      vertex 3.1 26.4715 13.7743
      vertex 3.1 26.5823 13.6894
    endloop
  endfacet
  facet normal 0 0.608221 0.793768
    outer loop
      vertex 3.1 26.4715 13.7743
      vertex -3.1 26.5823 13.6894
      vertex -3.1 26.4715 13.7743
    endloop
  endfacet
  facet normal -0 0.216324 0.976322
    outer loop
      vertex -3.1 27.2222 13.4243
      vertex 3.1 27.0859 13.4545
      vertex 3.1 27.2222 13.4243
    endloop
  endfacet
  facet normal 0 0.216324 0.976322
    outer loop
      vertex 3.1 27.0859 13.4545
      vertex -3.1 27.2222 13.4243
      vertex -3.1 27.0859 13.4545
    endloop
  endfacet
  facet normal -0 0.130473 0.991452
    outer loop
      vertex -3.1 27.3605 13.4061
      vertex 3.1 27.2222 13.4243
      vertex 3.1 27.3605 13.4061
    endloop
  endfacet
  facet normal 0 0.130473 0.991452
    outer loop
      vertex 3.1 27.2222 13.4243
      vertex -3.1 27.3605 13.4061
      vertex -3.1 27.2222 13.4243
    endloop
  endfacet
  facet normal 0 -0.737243 0.675627
    outer loop
      vertex -3.1 28.6314 13.8686
      vertex 3.1 28.7257 13.9715
      vertex -3.1 28.7257 13.9715
    endloop
  endfacet
  facet normal 0 -0.737243 0.675627
    outer loop
      vertex 3.1 28.7257 13.9715
      vertex -3.1 28.6314 13.8686
      vertex 3.1 28.6314 13.8686
    endloop
  endfacet
  facet normal -0 0.462052 0.886853
    outer loop
      vertex -3.1 26.8238 13.5499
      vertex 3.1 26.7 13.6144
      vertex 3.1 26.8238 13.5499
    endloop
  endfacet
  facet normal 0 0.462052 0.886853
    outer loop
      vertex 3.1 26.7 13.6144
      vertex -3.1 26.8238 13.5499
      vertex -3.1 26.7 13.6144
    endloop
  endfacet
  facet normal 0 -0.608221 0.793768
    outer loop
      vertex -3.1 28.5285 13.7743
      vertex 3.1 28.4177 13.6894
      vertex 3.1 28.5285 13.7743
    endloop
  endfacet
  facet normal 0 -0.608221 0.793768
    outer loop
      vertex 3.1 28.4177 13.6894
      vertex -3.1 28.5285 13.7743
      vertex -3.1 28.4177 13.6894
    endloop
  endfacet
  facet normal -0 0.300926 0.953648
    outer loop
      vertex -3.1 27.0859 13.4545
      vertex 3.1 26.9528 13.4965
      vertex 3.1 27.0859 13.4545
    endloop
  endfacet
  facet normal 0 0.300926 0.953648
    outer loop
      vertex 3.1 26.9528 13.4965
      vertex -3.1 27.0859 13.4545
      vertex -3.1 26.9528 13.4965
    endloop
  endfacet
  facet normal 0.706435 -0.706435 -0.0435821
    outer loop
      vertex -18.4512 22.6938 15.1394
      vertex -22.6981 18.4555 15
      vertex -18.4555 22.6981 15
    endloop
  endfacet
  facet normal 0.706435 -0.706435 -0.0435821
    outer loop
      vertex -22.6981 18.4555 15
      vertex -18.4512 22.6938 15.1394
      vertex -22.6938 18.4512 15.1394
    endloop
  endfacet
  facet normal -0.0309035 0.0309035 -0.999045
    outer loop
      vertex -21.4682 17.2255 16.5939
      vertex -17.3241 21.5668 16.6
      vertex -17.2255 21.4682 16.5939
    endloop
  endfacet
  facet normal -0.0309035 0.0309035 -0.999045
    outer loop
      vertex -17.3241 21.5668 16.6
      vertex -21.4682 17.2255 16.5939
      vertex -21.5668 17.3241 16.6
    endloop
  endfacet
  facet normal 0.707107 0.707107 0
    outer loop
      vertex -21.1593 16.7753 13.5499
      vertex -21.2505 16.8665 13.4965
      vertex -21.3446 16.9606 13.4545
    endloop
  endfacet
  facet normal 0.270495 -0.270495 -0.92394
    outer loop
      vertex -21.9537 17.7111 16.5035
      vertex -17.8023 22.0449 16.4501
      vertex -17.7111 21.9537 16.5035
    endloop
  endfacet
  facet normal 0.270495 -0.270495 -0.92394
    outer loop
      vertex -17.8023 22.0449 16.4501
      vertex -21.9537 17.7111 16.5035
      vertex -22.0449 17.8023 16.4501
    endloop
  endfacet
  facet normal 0.709871 0.704247 0.0109245
    outer loop
      vertex -21.9303 17.5462 13.4545
      vertex -22.0244 17.6404 13.4965
      vertex -22.1156 17.7315 13.5499
    endloop
  endfacet
  facet normal 0.674328 -0.674328 0.30094
    outer loop
      vertex -22.7303 18.3462 14.5859
      vertex -18.3165 22.7006 14.4528
      vertex -18.3462 22.7303 14.5859
    endloop
  endfacet
  facet normal 0.674328 -0.674328 0.30094
    outer loop
      vertex -18.3165 22.7006 14.4528
      vertex -22.7303 18.3462 14.5859
      vertex -22.7006 18.3165 14.4528
    endloop
  endfacet
  facet normal -0.707107 -0.707107 0
    outer loop
      vertex -17.9806 22.3647 13.7743
      vertex -17.9023 22.2864 13.6894
      vertex -18.0534 22.4375 13.8686
    endloop
  endfacet
  facet normal -0.708859 -0.705344 -0.00296415
    outer loop
      vertex -18.0534 22.4375 13.8686
      vertex -17.9023 22.2864 13.6894
      vertex -18.1201 22.5041 13.9715
    endloop
  endfacet
  facet normal -0.708414 -0.705797 -0.000583857
    outer loop
      vertex -18.3462 22.7303 14.5859
      vertex -18.3165 22.7006 14.4528
      vertex -18.3805 22.7645 14.8605
    endloop
  endfacet
  facet normal 0.707403 0.706808 0.00189606
    outer loop
      vertex -21.6375 17.2534 13.4
      vertex -21.8339 17.4499 13.4243
      vertex -22.1156 17.7315 13.5499
    endloop
  endfacet
  facet normal 0.705797 0.708414 -0.000583857
    outer loop
      vertex -22.7006 18.3165 14.4528
      vertex -22.7303 18.3462 14.5859
      vertex -22.7645 18.3805 14.8605
    endloop
  endfacet
  facet normal -0.707107 -0.707107 0
    outer loop
      vertex -16.122 20.5061 15
      vertex -16.1263 20.5104 15
      vertex -16.1263 20.5104 14.8605
    endloop
  endfacet
  facet normal -0.702937 -0.71118 -0.0100922
    outer loop
      vertex -16.6877 21.0718 13.6144
      vertex -16.6045 20.9885 13.6894
      vertex -16.7753 21.1593 13.5499
    endloop
  endfacet
  facet normal -0.706436 0.706436 0.0435509
    outer loop
      vertex -20.5104 16.1263 14.8605
      vertex -16.122 20.5061 15
      vertex -16.1263 20.5104 14.8605
    endloop
  endfacet
  facet normal -0.706436 0.706436 0.0435509
    outer loop
      vertex -16.122 20.5061 15
      vertex -20.5104 16.1263 14.8605
      vertex -20.5061 16.122 15
    endloop
  endfacet
  facet normal 0.714491 0.699627 0.00489797
    outer loop
      vertex -22.6173 18.2332 14.2
      vertex -22.6628 18.2788 14.3238
      vertex -22.7006 18.3165 14.4528
    endloop
  endfacet
  facet normal 0.707653 0.70656 0.000593224
    outer loop
      vertex -22.2864 17.9023 13.6894
      vertex -22.5642 18.1802 14.0823
      vertex -22.7006 18.3165 14.4528
    endloop
  endfacet
  facet normal 0.706163 0.708039 -0.00364393
    outer loop
      vertex -21.8339 17.4499 13.4243
      vertex -21.9303 17.5462 13.4545
      vertex -22.1156 17.7315 13.5499
    endloop
  endfacet
  facet normal -0.709581 -0.704609 0.00458622
    outer loop
      vertex -16.5262 20.9102 13.7743
      vertex -16.4534 20.8375 13.8686
      vertex -16.6045 20.9885 13.6894
    endloop
  endfacet
  facet normal -0.430241 0.430241 0.79359
    outer loop
      vertex -16.6045 20.9885 13.6894
      vertex -20.9102 16.5262 13.7743
      vertex -16.5262 20.9102 13.7743
    endloop
  endfacet
  facet normal -0.430241 0.430241 0.79359
    outer loop
      vertex -20.9102 16.5262 13.7743
      vertex -16.6045 20.9885 13.6894
      vertex -20.9885 16.6045 13.6894
    endloop
  endfacet
  facet normal -0.70656 -0.707653 0.000593224
    outer loop
      vertex -18.1802 22.5642 14.0823
      vertex -17.9023 22.2864 13.6894
      vertex -18.3165 22.7006 14.4528
    endloop
  endfacet
  facet normal -0.477781 0.477781 0.737191
    outer loop
      vertex -16.5262 20.9102 13.7743
      vertex -20.8375 16.4534 13.8686
      vertex -16.4534 20.8375 13.8686
    endloop
  endfacet
  facet normal -0.477781 0.477781 0.737191
    outer loop
      vertex -20.8375 16.4534 13.8686
      vertex -16.5262 20.9102 13.7743
      vertex -20.9102 16.5262 13.7743
    endloop
  endfacet
  facet normal 0.430241 -0.430241 -0.79359
    outer loop
      vertex -22.2157 17.973 16.3106
      vertex -18.0513 22.294 16.2257
      vertex -17.973 22.2157 16.3106
    endloop
  endfacet
  facet normal 0.430241 -0.430241 -0.79359
    outer loop
      vertex -18.0513 22.294 16.2257
      vertex -22.2157 17.973 16.3106
      vertex -22.294 18.0513 16.2257
    endloop
  endfacet
  facet normal 0.707107 0.707107 0
    outer loop
      vertex -22.7645 18.3805 15
      vertex -22.7645 18.3805 14.8605
      vertex -22.7688 18.3848 15
    endloop
  endfacet
  facet normal -0.708039 -0.706163 0.00364393
    outer loop
      vertex -16.9606 21.3446 13.4545
      vertex -16.7753 21.1593 13.5499
      vertex -17.0569 21.441 13.4243
    endloop
  endfacet
  facet normal -0.699627 -0.714491 0.00489797
    outer loop
      vertex -18.2788 22.6628 14.3238
      vertex -18.2332 22.6173 14.2
      vertex -18.3165 22.7006 14.4528
    endloop
  endfacet
  facet normal 0.212716 -0.212716 0.953679
    outer loop
      vertex -17.6404 22.0244 13.4965
      vertex -21.9303 17.5462 13.4545
      vertex -17.5462 21.9303 13.4545
    endloop
  endfacet
  facet normal 0.212716 -0.212716 0.953679
    outer loop
      vertex -21.9303 17.5462 13.4545
      vertex -17.6404 22.0244 13.4965
      vertex -22.0244 17.6404 13.4965
    endloop
  endfacet
  facet normal 0.153007 -0.153007 0.976308
    outer loop
      vertex -17.5462 21.9303 13.4545
      vertex -21.8339 17.4499 13.4243
      vertex -17.4499 21.8339 13.4243
    endloop
  endfacet
  facet normal 0.153007 -0.153007 0.976308
    outer loop
      vertex -21.8339 17.4499 13.4243
      vertex -17.5462 21.9303 13.4545
      vertex -21.9303 17.5462 13.4545
    endloop
  endfacet
  facet normal -0.706808 -0.707403 0.00189606
    outer loop
      vertex -17.4499 21.8339 13.4243
      vertex -17.2534 21.6375 13.4
      vertex -17.7315 22.1156 13.5499
    endloop
  endfacet
  facet normal 0.0922054 -0.0922054 0.991462
    outer loop
      vertex -17.4499 21.8339 13.4243
      vertex -21.7361 17.352 13.4061
      vertex -17.352 21.7361 13.4061
    endloop
  endfacet
  facet normal 0.0922054 -0.0922054 0.991462
    outer loop
      vertex -21.7361 17.352 13.4061
      vertex -17.4499 21.8339 13.4243
      vertex -21.8339 17.4499 13.4243
    endloop
  endfacet
  facet normal 0.704623 0.70958 -0.00163315
    outer loop
      vertex -22.5642 18.1802 14.0823
      vertex -22.6173 18.2332 14.2
      vertex -22.7006 18.3165 14.4528
    endloop
  endfacet
  facet normal 0.326543 -0.326543 0.886983
    outer loop
      vertex -17.8191 22.2032 13.6144
      vertex -22.1156 17.7315 13.5499
      vertex -17.7315 22.1156 13.5499
    endloop
  endfacet
  facet normal 0.326543 -0.326543 0.886983
    outer loop
      vertex -22.1156 17.7315 13.5499
      vertex -17.8191 22.2032 13.6144
      vertex -22.2032 17.8191 13.6144
    endloop
  endfacet
  facet normal 0.379912 -0.379912 -0.843406
    outer loop
      vertex -22.1324 17.8898 16.3856
      vertex -17.973 22.2157 16.3106
      vertex -17.8898 22.1324 16.3856
    endloop
  endfacet
  facet normal 0.379912 -0.379912 -0.843406
    outer loop
      vertex -17.973 22.2157 16.3106
      vertex -22.1324 17.8898 16.3856
      vertex -22.2157 17.973 16.3106
    endloop
  endfacet
  facet normal 0.707653 0.70656 0.000592501
    outer loop
      vertex -22.2864 17.9023 13.6894
      vertex -22.5041 18.1201 13.9715
      vertex -22.5642 18.1802 14.0823
    endloop
  endfacet
  facet normal 0.711188 0.703001 0.000763668
    outer loop
      vertex -22.7303 18.3462 14.5859
      vertex -22.7516 18.3676 14.7222
      vertex -22.7645 18.3805 14.8605
    endloop
  endfacet
  facet normal -0.703001 -0.711188 0.000763668
    outer loop
      vertex -18.3676 22.7516 14.7222
      vertex -18.3462 22.7303 14.5859
      vertex -18.3805 22.7645 14.8605
    endloop
  endfacet
  facet normal 0.701034 -0.701034 0.130779
    outer loop
      vertex -22.7645 18.3805 14.8605
      vertex -18.3676 22.7516 14.7222
      vertex -18.3805 22.7645 14.8605
    endloop
  endfacet
  facet normal 0.701034 -0.701034 0.130779
    outer loop
      vertex -18.3676 22.7516 14.7222
      vertex -22.7645 18.3805 14.8605
      vertex -22.7516 18.3676 14.7222
    endloop
  endfacet
  facet normal -0.707058 -0.707155 -0.000779009
    outer loop
      vertex -17.0569 21.441 13.4243
      vertex -16.7753 21.1593 13.5499
      vertex -17.2534 21.6375 13.4
    endloop
  endfacet
  facet normal 0.521417 -0.521417 -0.675461
    outer loop
      vertex -22.3668 18.1241 16.1314
      vertex -18.1908 22.4334 16.0285
      vertex -18.1241 22.3668 16.1314
    endloop
  endfacet
  facet normal 0.521417 -0.521417 -0.675461
    outer loop
      vertex -18.1908 22.4334 16.0285
      vertex -22.3668 18.1241 16.1314
      vertex -22.4334 18.1908 16.0285
    endloop
  endfacet
  facet normal 0.71118 0.702937 -0.0100922
    outer loop
      vertex -20.9885 16.6045 13.6894
      vertex -21.0718 16.6877 13.6144
      vertex -21.1593 16.7753 13.5499
    endloop
  endfacet
  facet normal 0.704609 0.709581 0.00458622
    outer loop
      vertex -20.8375 16.4534 13.8686
      vertex -20.9102 16.5262 13.7743
      vertex -20.9885 16.6045 13.6894
    endloop
  endfacet
  facet normal 0.707107 0.707107 0
    outer loop
      vertex -22.2864 17.9023 13.6894
      vertex -22.3647 17.9806 13.7743
      vertex -22.4375 18.0534 13.8686
    endloop
  endfacet
  facet normal 0.706915 0.707275 -0.00582144
    outer loop
      vertex -21.6375 17.2534 13.4
      vertex -21.7361 17.352 13.4061
      vertex -21.8339 17.4499 13.4243
    endloop
  endfacet
  facet normal 0.711188 0.703001 -0.000763668
    outer loop
      vertex -20.5104 16.1263 14.8605
      vertex -20.5233 16.1392 14.7222
      vertex -20.5446 16.1606 14.5859
    endloop
  endfacet
  facet normal -0.674328 0.674328 0.30094
    outer loop
      vertex -20.5743 16.1903 14.4528
      vertex -16.1606 20.5446 14.5859
      vertex -16.1903 20.5743 14.4528
    endloop
  endfacet
  facet normal -0.674328 0.674328 0.30094
    outer loop
      vertex -16.1606 20.5446 14.5859
      vertex -20.5743 16.1903 14.4528
      vertex -20.5446 16.1606 14.5859
    endloop
  endfacet
  facet normal -0.707275 -0.706915 -0.00582144
    outer loop
      vertex -17.352 21.7361 13.4061
      vertex -17.2534 21.6375 13.4
      vertex -17.4499 21.8339 13.4243
    endloop
  endfacet
  facet normal -0.707107 -0.707107 0
    outer loop
      vertex -17.8191 22.2032 13.6144
      vertex -17.7315 22.1156 13.5499
      vertex -17.9023 22.2864 13.6894
    endloop
  endfacet
  facet normal 0.707107 0.707107 0
    outer loop
      vertex -22.1156 17.7315 13.5499
      vertex -22.2032 17.8191 13.6144
      vertex -22.2864 17.9023 13.6894
    endloop
  endfacet
  facet normal -0.70656 -0.707653 0.000592501
    outer loop
      vertex -18.1201 22.5041 13.9715
      vertex -17.9023 22.2864 13.6894
      vertex -18.1802 22.5642 14.0823
    endloop
  endfacet
  facet normal 0.596274 -0.596274 0.537508
    outer loop
      vertex -22.6173 18.2332 14.2
      vertex -18.1802 22.5642 14.0823
      vertex -18.2332 22.6173 14.2
    endloop
  endfacet
  facet normal 0.596274 -0.596274 0.537508
    outer loop
      vertex -18.1802 22.5642 14.0823
      vertex -22.6173 18.2332 14.2
      vertex -22.5642 18.1802 14.0823
    endloop
  endfacet
  facet normal 0.706436 -0.706436 0.0435509
    outer loop
      vertex -18.4555 22.6981 15
      vertex -18.3805 22.7645 14.8605
      vertex -18.3848 22.7688 15
    endloop
  endfacet
  facet normal 0.706436 -0.706436 0.0435509
    outer loop
      vertex -22.6981 18.4555 15
      vertex -18.3805 22.7645 14.8605
      vertex -18.4555 22.6981 15
    endloop
  endfacet
  facet normal 0.706436 -0.706436 0.0435509
    outer loop
      vertex -22.7645 18.3805 14.8605
      vertex -22.6981 18.4555 15
      vertex -22.7688 18.3848 15
    endloop
  endfacet
  facet normal 0.706436 -0.706436 0.0435509
    outer loop
      vertex -22.6981 18.4555 15
      vertex -22.7645 18.3805 14.8605
      vertex -18.3805 22.7645 14.8605
    endloop
  endfacet
  facet normal -0.707107 -0.707107 0
    outer loop
      vertex -18.3805 22.7645 14.8605
      vertex -18.3805 22.7645 15
      vertex -18.3848 22.7688 15
    endloop
  endfacet
  facet normal 0.690371 -0.690371 0.216279
    outer loop
      vertex -22.7516 18.3676 14.7222
      vertex -18.3462 22.7303 14.5859
      vertex -18.3676 22.7516 14.7222
    endloop
  endfacet
  facet normal 0.690371 -0.690371 0.216279
    outer loop
      vertex -18.3462 22.7303 14.5859
      vertex -22.7516 18.3676 14.7222
      vertex -22.7303 18.3462 14.5859
    endloop
  endfacet
  facet normal 0.0309322 -0.0309322 -0.999043
    outer loop
      vertex -21.5668 17.3241 16.6
      vertex -17.4 21.6427 16.5953
      vertex -17.3241 21.5668 16.6
    endloop
  endfacet
  facet normal 0.0309322 -0.0309322 -0.999043
    outer loop
      vertex -21.6427 17.4 16.5953
      vertex -17.4 21.6427 16.5953
      vertex -21.5668 17.3241 16.6
    endloop
  endfacet
  facet normal 0.0308077 -0.0308077 -0.99905
    outer loop
      vertex -17.4 21.6427 16.5953
      vertex -21.6427 17.4 16.5953
      vertex -17.4227 21.6654 16.5939
    endloop
  endfacet
  facet normal 0.0308077 -0.0308077 -0.99905
    outer loop
      vertex -17.4227 21.6654 16.5939
      vertex -21.6427 17.4 16.5953
      vertex -21.6654 17.4227 16.5939
    endloop
  endfacet
  facet normal -0.0943858 0.0943858 -0.991051
    outer loop
      vertex -21.3798 17.1371 16.5775
      vertex -17.1371 21.3798 16.5775
      vertex -17.1277 21.3703 16.5757
    endloop
  endfacet
  facet normal -0.0943858 0.0943858 -0.991051
    outer loop
      vertex -21.3798 17.1371 16.5775
      vertex -17.1277 21.3703 16.5757
      vertex -21.3703 17.1277 16.5757
    endloop
  endfacet
  facet normal -0.0919722 0.0919722 -0.991505
    outer loop
      vertex -17.1371 21.3798 16.5775
      vertex -21.3798 17.1371 16.5775
      vertex -17.2255 21.4682 16.5939
    endloop
  endfacet
  facet normal -0.0919722 0.0919722 -0.991505
    outer loop
      vertex -17.2255 21.4682 16.5939
      vertex -21.3798 17.1371 16.5775
      vertex -21.4682 17.2255 16.5939
    endloop
  endfacet
  facet normal -0.152192 0.152192 -0.976563
    outer loop
      vertex -21.3086 17.0659 16.5563
      vertex -17.0659 21.3086 16.5563
      vertex -17.0313 21.2739 16.5455
    endloop
  endfacet
  facet normal -0.153704 0.153704 -0.976089
    outer loop
      vertex -17.0659 21.3086 16.5563
      vertex -21.3086 17.0659 16.5563
      vertex -17.1031 21.3457 16.568
    endloop
  endfacet
  facet normal -0.152192 0.152192 -0.976563
    outer loop
      vertex -21.3086 17.0659 16.5563
      vertex -17.0313 21.2739 16.5455
      vertex -21.2739 17.0313 16.5455
    endloop
  endfacet
  facet normal -0.153704 0.153704 -0.976089
    outer loop
      vertex -21.3457 17.1031 16.568
      vertex -17.1031 21.3457 16.568
      vertex -21.3086 17.0659 16.5563
    endloop
  endfacet
  facet normal -0.152806 0.152806 -0.976371
    outer loop
      vertex -17.1031 21.3457 16.568
      vertex -21.3457 17.1031 16.568
      vertex -17.1277 21.3703 16.5757
    endloop
  endfacet
  facet normal -0.152806 0.152806 -0.976371
    outer loop
      vertex -17.1277 21.3703 16.5757
      vertex -21.3457 17.1031 16.568
      vertex -21.3703 17.1277 16.5757
    endloop
  endfacet
  facet normal -0.32669 0.32669 0.886875
    outer loop
      vertex -16.7753 21.1593 13.5499
      vertex -21.0718 16.6877 13.6144
      vertex -16.6877 21.0718 13.6144
    endloop
  endfacet
  facet normal -0.32669 0.32669 0.886875
    outer loop
      vertex -21.0718 16.6877 13.6144
      vertex -16.7753 21.1593 13.5499
      vertex -21.1593 16.7753 13.5499
    endloop
  endfacet
  facet normal 0.153007 -0.153007 -0.976308
    outer loop
      vertex -21.7632 17.5206 16.5757
      vertex -17.6169 21.8596 16.5455
      vertex -17.5206 21.7632 16.5757
    endloop
  endfacet
  facet normal 0.153007 -0.153007 -0.976308
    outer loop
      vertex -17.6169 21.8596 16.5455
      vertex -21.7632 17.5206 16.5757
      vertex -21.8596 17.6169 16.5455
    endloop
  endfacet
  facet normal 0.0309035 -0.0309035 0.999045
    outer loop
      vertex -17.352 21.7361 13.4061
      vertex -21.6375 17.2534 13.4
      vertex -17.2534 21.6375 13.4
    endloop
  endfacet
  facet normal 0.0309035 -0.0309035 0.999045
    outer loop
      vertex -21.6375 17.2534 13.4
      vertex -17.352 21.7361 13.4061
      vertex -21.7361 17.352 13.4061
    endloop
  endfacet
  facet normal 0.477603 -0.477603 -0.737422
    outer loop
      vertex -22.294 18.0513 16.2257
      vertex -18.1241 22.3668 16.1314
      vertex -18.0513 22.294 16.2257
    endloop
  endfacet
  facet normal 0.477603 -0.477603 -0.737422
    outer loop
      vertex -18.1241 22.3668 16.1314
      vertex -22.294 18.0513 16.2257
      vertex -22.3668 18.1241 16.1314
    endloop
  endfacet
  facet normal 0.67443 -0.67443 -0.300479
    outer loop
      vertex -18.3873 22.6299 15.5472
      vertex -22.6596 18.4169 15.4141
      vertex -18.4169 22.6596 15.4141
    endloop
  endfacet
  facet normal 0.67443 -0.67443 -0.300479
    outer loop
      vertex -22.6596 18.4169 15.4141
      vertex -18.3873 22.6299 15.5472
      vertex -22.6299 18.3873 15.5472
    endloop
  endfacet
  facet normal 0.627271 -0.627271 -0.461586
    outer loop
      vertex -18.3039 22.5466 15.8
      vertex -22.5921 18.3495 15.6762
      vertex -18.3495 22.5921 15.6762
    endloop
  endfacet
  facet normal 0.627271 -0.627271 -0.461586
    outer loop
      vertex -22.5921 18.3495 15.6762
      vertex -18.3039 22.5466 15.8
      vertex -22.5466 18.3039 15.8
    endloop
  endfacet
  facet normal -0.706092 -0.708119 -0.00131361
    outer loop
      vertex -16.4534 20.8375 13.8686
      vertex -16.3867 20.7708 13.9715
      vertex -16.6045 20.9885 13.6894
    endloop
  endfacet
  facet normal -0.70656 -0.707653 -0.000592501
    outer loop
      vertex -16.3867 20.7708 13.9715
      vertex -16.3266 20.7107 14.0823
      vertex -16.6045 20.9885 13.6894
    endloop
  endfacet
  facet normal 0.561048 -0.561048 0.608646
    outer loop
      vertex -18.1802 22.5642 14.0823
      vertex -22.5041 18.1201 13.9715
      vertex -18.1201 22.5041 13.9715
    endloop
  endfacet
  facet normal 0.561048 -0.561048 0.608646
    outer loop
      vertex -22.5041 18.1201 13.9715
      vertex -18.1802 22.5642 14.0823
      vertex -22.5642 18.1802 14.0823
    endloop
  endfacet
  facet normal 0.705344 0.708859 -0.00296415
    outer loop
      vertex -22.2864 17.9023 13.6894
      vertex -22.4375 18.0534 13.8686
      vertex -22.5041 18.1201 13.9715
    endloop
  endfacet
  facet normal 0.705797 0.708414 0.000583857
    outer loop
      vertex -20.5104 16.1263 14.8605
      vertex -20.5446 16.1606 14.5859
      vertex -20.5743 16.1903 14.4528
    endloop
  endfacet
  facet normal 0.707107 0.707107 0
    outer loop
      vertex -20.5104 16.1263 15
      vertex -20.5061 16.122 15
      vertex -20.5104 16.1263 14.8605
    endloop
  endfacet
  facet normal -0.270549 0.270549 -0.923908
    outer loop
      vertex -21.1242 16.8816 16.471
      vertex -16.9227 21.1654 16.4951
      vertex -16.8816 21.1242 16.471
    endloop
  endfacet
  facet normal -0.270549 0.270549 -0.923908
    outer loop
      vertex -21.1654 16.9227 16.4951
      vertex -16.9227 21.1654 16.4951
      vertex -21.1242 16.8816 16.471
    endloop
  endfacet
  facet normal -0.268832 0.268832 -0.92491
    outer loop
      vertex -16.9227 21.1654 16.4951
      vertex -21.1654 16.9227 16.4951
      vertex -16.9372 21.1798 16.5035
    endloop
  endfacet
  facet normal -0.268832 0.268832 -0.92491
    outer loop
      vertex -16.9372 21.1798 16.5035
      vertex -21.1654 16.9227 16.4951
      vertex -21.1798 16.9372 16.5035
    endloop
  endfacet
  facet normal -0.708414 -0.705797 0.000583857
    outer loop
      vertex -16.1606 20.5446 14.5859
      vertex -16.1263 20.5104 14.8605
      vertex -16.1903 20.5743 14.4528
    endloop
  endfacet
  facet normal -0.690371 0.690371 0.216279
    outer loop
      vertex -16.1606 20.5446 14.5859
      vertex -20.5233 16.1392 14.7222
      vertex -16.1392 20.5233 14.7222
    endloop
  endfacet
  facet normal -0.690371 0.690371 0.216279
    outer loop
      vertex -20.5233 16.1392 14.7222
      vertex -16.1606 20.5446 14.5859
      vertex -20.5446 16.1606 14.5859
    endloop
  endfacet
  facet normal -0.705946 -0.708265 -0.00104447
    outer loop
      vertex -16.2736 20.6577 14.2
      vertex -16.1903 20.5743 14.4528
      vertex -16.3266 20.7107 14.0823
    endloop
  endfacet
  facet normal -0.708039 -0.706163 -0.00364393
    outer loop
      vertex -17.5462 21.9303 13.4545
      vertex -17.4499 21.8339 13.4243
      vertex -17.7315 22.1156 13.5499
    endloop
  endfacet
  facet normal 0.380075 -0.380075 0.843259
    outer loop
      vertex -17.9023 22.2864 13.6894
      vertex -22.2032 17.8191 13.6144
      vertex -17.8191 22.2032 13.6144
    endloop
  endfacet
  facet normal 0.380075 -0.380075 0.843259
    outer loop
      vertex -22.2032 17.8191 13.6144
      vertex -17.9023 22.2864 13.6894
      vertex -22.2864 17.9023 13.6894
    endloop
  endfacet
  facet normal -0.70958 -0.704623 -0.00163315
    outer loop
      vertex -18.2332 22.6173 14.2
      vertex -18.1802 22.5642 14.0823
      vertex -18.3165 22.7006 14.4528
    endloop
  endfacet
  facet normal -0.212909 0.212909 -0.953593
    outer loop
      vertex -21.2202 16.9776 16.5215
      vertex -17.0253 21.2679 16.5428
      vertex -16.9776 21.2202 16.5215
    endloop
  endfacet
  facet normal -0.212477 0.212477 -0.953786
    outer loop
      vertex -21.2202 16.9776 16.5215
      vertex -16.9776 21.2202 16.5215
      vertex -16.9372 21.1798 16.5035
    endloop
  endfacet
  facet normal -0.212477 0.212477 -0.953786
    outer loop
      vertex -21.2202 16.9776 16.5215
      vertex -16.9372 21.1798 16.5035
      vertex -21.1798 16.9372 16.5035
    endloop
  endfacet
  facet normal -0.212909 0.212909 -0.953593
    outer loop
      vertex -21.2679 17.0253 16.5428
      vertex -17.0253 21.2679 16.5428
      vertex -21.2202 16.9776 16.5215
    endloop
  endfacet
  facet normal -0.214407 0.214407 -0.952921
    outer loop
      vertex -17.0253 21.2679 16.5428
      vertex -21.2679 17.0253 16.5428
      vertex -17.0313 21.2739 16.5455
    endloop
  endfacet
  facet normal -0.214407 0.214407 -0.952921
    outer loop
      vertex -17.0313 21.2739 16.5455
      vertex -21.2679 17.0253 16.5428
      vertex -21.2739 17.0313 16.5455
    endloop
  endfacet
  facet normal 0.0922054 -0.0922054 -0.991462
    outer loop
      vertex -21.6654 17.4227 16.5939
      vertex -17.5206 21.7632 16.5757
      vertex -17.4227 21.6654 16.5939
    endloop
  endfacet
  facet normal 0.0922054 -0.0922054 -0.991462
    outer loop
      vertex -17.5206 21.7632 16.5757
      vertex -21.6654 17.4227 16.5939
      vertex -21.7632 17.5206 16.5757
    endloop
  endfacet
  facet normal 0.212716 -0.212716 -0.953679
    outer loop
      vertex -21.8596 17.6169 16.5455
      vertex -17.7111 21.9537 16.5035
      vertex -17.6169 21.8596 16.5455
    endloop
  endfacet
  facet normal 0.212716 -0.212716 -0.953679
    outer loop
      vertex -17.7111 21.9537 16.5035
      vertex -21.8596 17.6169 16.5455
      vertex -21.9537 17.7111 16.5035
    endloop
  endfacet
  facet normal 0.653239 -0.653239 -0.382828
    outer loop
      vertex -18.3495 22.5921 15.6762
      vertex -22.6299 18.3873 15.5472
      vertex -18.3873 22.6299 15.5472
    endloop
  endfacet
  facet normal 0.653239 -0.653239 -0.382828
    outer loop
      vertex -22.6299 18.3873 15.5472
      vertex -18.3495 22.5921 15.6762
      vertex -22.5921 18.3495 15.6762
    endloop
  endfacet
  facet normal 0.561048 -0.561048 -0.608646
    outer loop
      vertex -22.4334 18.1908 16.0285
      vertex -18.2509 22.4935 15.9177
      vertex -18.1908 22.4334 16.0285
    endloop
  endfacet
  facet normal 0.561048 -0.561048 -0.608646
    outer loop
      vertex -18.2509 22.4935 15.9177
      vertex -22.4334 18.1908 16.0285
      vertex -22.4935 18.2509 15.9177
    endloop
  endfacet
  facet normal 0.596274 -0.596274 -0.537508
    outer loop
      vertex -18.2509 22.4935 15.9177
      vertex -22.5466 18.3039 15.8
      vertex -18.3039 22.5466 15.8
    endloop
  endfacet
  facet normal 0.596274 -0.596274 -0.537508
    outer loop
      vertex -22.5466 18.3039 15.8
      vertex -18.2509 22.4935 15.9177
      vertex -22.4935 18.2509 15.9177
    endloop
  endfacet
  facet normal 0.326837 -0.326837 -0.886767
    outer loop
      vertex -22.0449 17.8023 16.4501
      vertex -17.8898 22.1324 16.3856
      vertex -17.8023 22.0449 16.4501
    endloop
  endfacet
  facet normal 0.326837 -0.326837 -0.886767
    outer loop
      vertex -17.8898 22.1324 16.3856
      vertex -22.0449 17.8023 16.4501
      vertex -22.1324 17.8898 16.3856
    endloop
  endfacet
  facet normal 0.430241 -0.430241 0.79359
    outer loop
      vertex -17.9806 22.3647 13.7743
      vertex -22.2864 17.9023 13.6894
      vertex -17.9023 22.2864 13.6894
    endloop
  endfacet
  facet normal 0.430241 -0.430241 0.79359
    outer loop
      vertex -22.2864 17.9023 13.6894
      vertex -17.9806 22.3647 13.7743
      vertex -22.3647 17.9806 13.7743
    endloop
  endfacet
  facet normal 0.521417 -0.521417 0.675461
    outer loop
      vertex -18.1201 22.5041 13.9715
      vertex -22.4375 18.0534 13.8686
      vertex -18.0534 22.4375 13.8686
    endloop
  endfacet
  facet normal 0.521417 -0.521417 0.675461
    outer loop
      vertex -22.4375 18.0534 13.8686
      vertex -18.1201 22.5041 13.9715
      vertex -22.5041 18.1201 13.9715
    endloop
  endfacet
  facet normal 0.477603 -0.477603 0.737422
    outer loop
      vertex -18.0534 22.4375 13.8686
      vertex -22.3647 17.9806 13.7743
      vertex -17.9806 22.3647 13.7743
    endloop
  endfacet
  facet normal 0.477603 -0.477603 0.737422
    outer loop
      vertex -22.3647 17.9806 13.7743
      vertex -18.0534 22.4375 13.8686
      vertex -22.4375 18.0534 13.8686
    endloop
  endfacet
  facet normal 0.707122 0.707091 -0
    outer loop
      vertex -20.5104 16.1263 14.8605
      vertex -22.7645 18.3805 15
      vertex -20.5104 16.1263 15
    endloop
  endfacet
  facet normal 0.707122 0.707091 0
    outer loop
      vertex -20.5104 16.1263 14.8605
      vertex -22.7645 18.3805 14.8605
      vertex -22.7645 18.3805 15
    endloop
  endfacet
  facet normal 0.707122 0.707091 0.000168518
    outer loop
      vertex -20.5743 16.1903 14.4528
      vertex -22.7645 18.3805 14.8605
      vertex -20.5104 16.1263 14.8605
    endloop
  endfacet
  facet normal 0.70709 0.707123 -0.000178654
    outer loop
      vertex -20.5743 16.1903 14.4528
      vertex -22.7006 18.3165 14.4528
      vertex -22.7645 18.3805 14.8605
    endloop
  endfacet
  facet normal 0.70709 0.707123 1.80438e-05
    outer loop
      vertex -20.9885 16.6045 13.6894
      vertex -22.7006 18.3165 14.4528
      vertex -20.5743 16.1903 14.4528
    endloop
  endfacet
  facet normal 0.70708 0.707134 -2.9561e-05
    outer loop
      vertex -20.9885 16.6045 13.6894
      vertex -22.2864 17.9023 13.6894
      vertex -22.7006 18.3165 14.4528
    endloop
  endfacet
  facet normal 0.70708 0.707134 6.67074e-05
    outer loop
      vertex -21.1593 16.7753 13.5499
      vertex -22.2864 17.9023 13.6894
      vertex -20.9885 16.6045 13.6894
    endloop
  endfacet
  facet normal 0.70707 0.707144 -9.05372e-05
    outer loop
      vertex -21.1593 16.7753 13.5499
      vertex -22.1156 17.7315 13.5499
      vertex -22.2864 17.9023 13.6894
    endloop
  endfacet
  facet normal 0.70707 0.707144 -0.000235847
    outer loop
      vertex -22.1156 17.7315 13.5499
      vertex -21.1593 16.7753 13.5499
      vertex -21.6375 17.2534 13.4
    endloop
  endfacet
  facet normal -0.212819 0.212819 0.953633
    outer loop
      vertex -16.9606 21.3446 13.4545
      vertex -21.2505 16.8665 13.4965
      vertex -16.8665 21.2505 13.4965
    endloop
  endfacet
  facet normal -0.212819 0.212819 0.953633
    outer loop
      vertex -21.2505 16.8665 13.4965
      vertex -16.9606 21.3446 13.4545
      vertex -21.3446 16.9606 13.4545
    endloop
  endfacet
  facet normal 0.707653 0.70656 -0.000593224
    outer loop
      vertex -20.5743 16.1903 14.4528
      vertex -20.7107 16.3266 14.0823
      vertex -20.9885 16.6045 13.6894
    endloop
  endfacet
  facet normal -0.703001 -0.711188 -0.000763668
    outer loop
      vertex -16.1392 20.5233 14.7222
      vertex -16.1263 20.5104 14.8605
      vertex -16.1606 20.5446 14.5859
    endloop
  endfacet
  facet normal 0.270622 -0.270622 0.923865
    outer loop
      vertex -17.7315 22.1156 13.5499
      vertex -22.0244 17.6404 13.4965
      vertex -17.6404 22.0244 13.4965
    endloop
  endfacet
  facet normal 0.270622 -0.270622 0.923865
    outer loop
      vertex -22.0244 17.6404 13.4965
      vertex -17.7315 22.1156 13.5499
      vertex -22.1156 17.7315 13.5499
    endloop
  endfacet
  facet normal -0.704247 -0.709871 0.0109245
    outer loop
      vertex -17.6404 22.0244 13.4965
      vertex -17.5462 21.9303 13.4545
      vertex -17.7315 22.1156 13.5499
    endloop
  endfacet
  facet normal 0.627271 -0.627271 0.461586
    outer loop
      vertex -22.6628 18.2788 14.3238
      vertex -18.2332 22.6173 14.2
      vertex -18.2788 22.6628 14.3238
    endloop
  endfacet
  facet normal 0.627271 -0.627271 0.461586
    outer loop
      vertex -18.2332 22.6173 14.2
      vertex -22.6628 18.2788 14.3238
      vertex -22.6173 18.2332 14.2
    endloop
  endfacet
  facet normal 0.653366 -0.653366 0.382396
    outer loop
      vertex -22.7006 18.3165 14.4528
      vertex -18.2788 22.6628 14.3238
      vertex -18.3165 22.7006 14.4528
    endloop
  endfacet
  facet normal 0.653366 -0.653366 0.382396
    outer loop
      vertex -18.2788 22.6628 14.3238
      vertex -22.7006 18.3165 14.4528
      vertex -22.6628 18.2788 14.3238
    endloop
  endfacet
  facet normal 0.690371 -0.690371 -0.216279
    outer loop
      vertex -18.4383 22.6809 15.2778
      vertex -22.6596 18.4169 15.4141
      vertex -22.6809 18.4383 15.2778
    endloop
  endfacet
  facet normal 0.690371 -0.690371 -0.216279
    outer loop
      vertex -22.6596 18.4169 15.4141
      vertex -18.4383 22.6809 15.2778
      vertex -18.4169 22.6596 15.4141
    endloop
  endfacet
  facet normal 0.706163 0.708039 0.00364393
    outer loop
      vertex -21.1593 16.7753 13.5499
      vertex -21.3446 16.9606 13.4545
      vertex -21.441 17.0569 13.4243
    endloop
  endfacet
  facet normal 0.707155 0.707058 -0.000779009
    outer loop
      vertex -21.1593 16.7753 13.5499
      vertex -21.441 17.0569 13.4243
      vertex -21.6375 17.2534 13.4
    endloop
  endfacet
  facet normal -0.596436 0.596436 0.537147
    outer loop
      vertex -20.7107 16.3266 14.0823
      vertex -16.2736 20.6577 14.2
      vertex -16.3266 20.7107 14.0823
    endloop
  endfacet
  facet normal -0.596436 0.596436 0.537147
    outer loop
      vertex -16.2736 20.6577 14.2
      vertex -20.7107 16.3266 14.0823
      vertex -20.6577 16.2736 14.2
    endloop
  endfacet
  facet normal 0.707653 0.70656 -0.000592501
    outer loop
      vertex -20.7107 16.3266 14.0823
      vertex -20.7708 16.3867 13.9715
      vertex -20.9885 16.6045 13.6894
    endloop
  endfacet
  facet normal 0.708265 0.705946 -0.00104447
    outer loop
      vertex -20.5743 16.1903 14.4528
      vertex -20.6577 16.2736 14.2
      vertex -20.7107 16.3266 14.0823
    endloop
  endfacet
  facet normal -0.70656 -0.707653 -0.000593224
    outer loop
      vertex -16.3266 20.7107 14.0823
      vertex -16.1903 20.5743 14.4528
      vertex -16.6045 20.9885 13.6894
    endloop
  endfacet
  facet normal -0.701034 0.701034 0.130779
    outer loop
      vertex -20.5233 16.1392 14.7222
      vertex -16.1263 20.5104 14.8605
      vertex -16.1392 20.5233 14.7222
    endloop
  endfacet
  facet normal -0.701034 0.701034 0.130779
    outer loop
      vertex -16.1263 20.5104 14.8605
      vertex -20.5233 16.1392 14.7222
      vertex -20.5104 16.1263 14.8605
    endloop
  endfacet
  facet normal 0.701043 -0.701043 -0.130686
    outer loop
      vertex -18.4383 22.6809 15.2778
      vertex -22.6938 18.4512 15.1394
      vertex -18.4512 22.6938 15.1394
    endloop
  endfacet
  facet normal 0.701043 -0.701043 -0.130686
    outer loop
      vertex -22.6938 18.4512 15.1394
      vertex -18.4383 22.6809 15.2778
      vertex -22.6809 18.4383 15.2778
    endloop
  endfacet
  facet normal -0.379912 0.379912 0.843406
    outer loop
      vertex -16.6877 21.0718 13.6144
      vertex -20.9885 16.6045 13.6894
      vertex -16.6045 20.9885 13.6894
    endloop
  endfacet
  facet normal -0.379912 0.379912 0.843406
    outer loop
      vertex -20.9885 16.6045 13.6894
      vertex -16.6877 21.0718 13.6144
      vertex -21.0718 16.6877 13.6144
    endloop
  endfacet
  facet normal 0.707107 0.707107 0
    outer loop
      vertex -21.441 17.0569 13.4243
      vertex -21.5389 17.1548 13.4061
      vertex -21.6375 17.2534 13.4
    endloop
  endfacet
  facet normal -0.521239 0.521239 0.675736
    outer loop
      vertex -16.4534 20.8375 13.8686
      vertex -20.7708 16.3867 13.9715
      vertex -16.3867 20.7708 13.9715
    endloop
  endfacet
  facet normal -0.521239 0.521239 0.675736
    outer loop
      vertex -20.7708 16.3867 13.9715
      vertex -16.4534 20.8375 13.8686
      vertex -20.8375 16.4534 13.8686
    endloop
  endfacet
  facet normal 0.708119 0.706092 -0.00131361
    outer loop
      vertex -20.7708 16.3867 13.9715
      vertex -20.8375 16.4534 13.8686
      vertex -20.9885 16.6045 13.6894
    endloop
  endfacet
  facet normal -0.561048 0.561048 0.608646
    outer loop
      vertex -16.3867 20.7708 13.9715
      vertex -20.7107 16.3266 14.0823
      vertex -16.3266 20.7107 14.0823
    endloop
  endfacet
  facet normal -0.561048 0.561048 0.608646
    outer loop
      vertex -20.7107 16.3266 14.0823
      vertex -16.3867 20.7708 13.9715
      vertex -20.7708 16.3867 13.9715
    endloop
  endfacet
  facet normal -0.703475 -0.710715 -0.00266707
    outer loop
      vertex -16.228 20.6121 14.3238
      vertex -16.1903 20.5743 14.4528
      vertex -16.2736 20.6577 14.2
    endloop
  endfacet
  facet normal -0.627124 0.627124 0.461985
    outer loop
      vertex -20.6577 16.2736 14.2
      vertex -16.228 20.6121 14.3238
      vertex -16.2736 20.6577 14.2
    endloop
  endfacet
  facet normal -0.627124 0.627124 0.461985
    outer loop
      vertex -16.228 20.6121 14.3238
      vertex -20.6577 16.2736 14.2
      vertex -20.6121 16.228 14.3238
    endloop
  endfacet
  facet normal 0.710715 0.703475 -0.00266707
    outer loop
      vertex -20.5743 16.1903 14.4528
      vertex -20.6121 16.228 14.3238
      vertex -20.6577 16.2736 14.2
    endloop
  endfacet
  facet normal -0.153007 0.153007 0.976308
    outer loop
      vertex -17.0569 21.441 13.4243
      vertex -21.3446 16.9606 13.4545
      vertex -16.9606 21.3446 13.4545
    endloop
  endfacet
  facet normal -0.153007 0.153007 0.976308
    outer loop
      vertex -21.3446 16.9606 13.4545
      vertex -17.0569 21.441 13.4243
      vertex -21.441 17.0569 13.4243
    endloop
  endfacet
  facet normal -0.0309035 0.0309035 0.999045
    outer loop
      vertex -17.2534 21.6375 13.4
      vertex -21.5389 17.1548 13.4061
      vertex -17.1548 21.5389 13.4061
    endloop
  endfacet
  facet normal -0.0309035 0.0309035 0.999045
    outer loop
      vertex -21.5389 17.1548 13.4061
      vertex -17.2534 21.6375 13.4
      vertex -21.6375 17.2534 13.4
    endloop
  endfacet
  facet normal -0.707091 -0.707122 0
    outer loop
      vertex -18.3805 22.7645 14.8605
      vertex -16.1263 20.5104 15
      vertex -18.3805 22.7645 15
    endloop
  endfacet
  facet normal -0.707091 -0.707122 0
    outer loop
      vertex -18.3805 22.7645 14.8605
      vertex -16.1263 20.5104 14.8605
      vertex -16.1263 20.5104 15
    endloop
  endfacet
  facet normal -0.707091 -0.707122 -0.000168518
    outer loop
      vertex -18.3165 22.7006 14.4528
      vertex -16.1263 20.5104 14.8605
      vertex -18.3805 22.7645 14.8605
    endloop
  endfacet
  facet normal -0.707123 -0.70709 0.000178654
    outer loop
      vertex -18.3165 22.7006 14.4528
      vertex -16.1903 20.5743 14.4528
      vertex -16.1263 20.5104 14.8605
    endloop
  endfacet
  facet normal -0.707123 -0.70709 -1.80438e-05
    outer loop
      vertex -17.9023 22.2864 13.6894
      vertex -16.1903 20.5743 14.4528
      vertex -18.3165 22.7006 14.4528
    endloop
  endfacet
  facet normal -0.707134 -0.70708 2.9561e-05
    outer loop
      vertex -17.9023 22.2864 13.6894
      vertex -16.6045 20.9885 13.6894
      vertex -16.1903 20.5743 14.4528
    endloop
  endfacet
  facet normal -0.707134 -0.70708 -6.67074e-05
    outer loop
      vertex -17.7315 22.1156 13.5499
      vertex -16.6045 20.9885 13.6894
      vertex -17.9023 22.2864 13.6894
    endloop
  endfacet
  facet normal -0.707144 -0.70707 9.05372e-05
    outer loop
      vertex -17.7315 22.1156 13.5499
      vertex -16.7753 21.1593 13.5499
      vertex -16.6045 20.9885 13.6894
    endloop
  endfacet
  facet normal -0.707144 -0.70707 -0.000235847
    outer loop
      vertex -16.7753 21.1593 13.5499
      vertex -17.7315 22.1156 13.5499
      vertex -17.2534 21.6375 13.4
    endloop
  endfacet
  facet normal -0.0921591 0.0921591 0.99147
    outer loop
      vertex -17.1548 21.5389 13.4061
      vertex -21.441 17.0569 13.4243
      vertex -17.0569 21.441 13.4243
    endloop
  endfacet
  facet normal -0.0921591 0.0921591 0.99147
    outer loop
      vertex -21.441 17.0569 13.4243
      vertex -17.1548 21.5389 13.4061
      vertex -21.5389 17.1548 13.4061
    endloop
  endfacet
  facet normal -0.707107 -0.707107 0
    outer loop
      vertex -16.8665 21.2505 13.4965
      vertex -16.7753 21.1593 13.5499
      vertex -16.9606 21.3446 13.4545
    endloop
  endfacet
  facet normal -0.653366 0.653366 0.382396
    outer loop
      vertex -16.228 20.6121 14.3238
      vertex -20.5743 16.1903 14.4528
      vertex -16.1903 20.5743 14.4528
    endloop
  endfacet
  facet normal -0.653366 0.653366 0.382396
    outer loop
      vertex -20.5743 16.1903 14.4528
      vertex -16.228 20.6121 14.3238
      vertex -20.6121 16.228 14.3238
    endloop
  endfacet
  facet normal -0.707107 -0.707107 0
    outer loop
      vertex -17.1548 21.5389 13.4061
      vertex -17.0569 21.441 13.4243
      vertex -17.2534 21.6375 13.4
    endloop
  endfacet
  facet normal -0.270495 0.270495 0.92394
    outer loop
      vertex -16.8665 21.2505 13.4965
      vertex -21.1593 16.7753 13.5499
      vertex -16.7753 21.1593 13.5499
    endloop
  endfacet
  facet normal -0.270495 0.270495 0.92394
    outer loop
      vertex -21.1593 16.7753 13.5499
      vertex -16.8665 21.2505 13.4965
      vertex -21.2505 16.8665 13.4965
    endloop
  endfacet
  facet normal 0.976322 0 -0.216324
    outer loop
      vertex -29.0455 -3 15.4141
      vertex -29.0757 3 15.2778
      vertex -29.0455 3 15.4141
    endloop
  endfacet
  facet normal 0.976322 0 -0.216324
    outer loop
      vertex -29.0757 3 15.2778
      vertex -29.0455 -3 15.4141
      vertex -29.0757 -3 15.2778
    endloop
  endfacet
  facet normal 0.793768 0 -0.608221
    outer loop
      vertex -28.7257 -3 16.0285
      vertex -28.8106 3 15.9177
      vertex -28.7257 3 16.0285
    endloop
  endfacet
  facet normal 0.793768 0 -0.608221
    outer loop
      vertex -28.8106 3 15.9177
      vertex -28.7257 -3 16.0285
      vertex -28.8106 -3 15.9177
    endloop
  endfacet
  facet normal -0.793768 0 0.608221
    outer loop
      vertex -26.2743 -3.1 13.9715
      vertex -26.1894 3.1 14.0823
      vertex -26.2743 3.1 13.9715
    endloop
  endfacet
  facet normal -0.793768 0 0.608221
    outer loop
      vertex -26.1894 3.1 14.0823
      vertex -26.2743 -3.1 13.9715
      vertex -26.1894 -3.1 14.0823
    endloop
  endfacet
  facet normal 0.537385 0 -0.843337
    outer loop
      vertex -28.4177 -3 16.3106
      vertex -28.3 3 16.3856
      vertex -28.3 -3 16.3856
    endloop
  endfacet
  facet normal 0.537385 0 -0.843337
    outer loop
      vertex -28.3 3 16.3856
      vertex -28.4177 -3 16.3106
      vertex -28.4177 3 16.3106
    endloop
  endfacet
  facet normal 0.999044 0 -0.0437171
    outer loop
      vertex -29.0939 -3 15.1394
      vertex -29.1 3 15
      vertex -29.0939 3 15.1394
    endloop
  endfacet
  facet normal 0.999044 0 -0.0437171
    outer loop
      vertex -29.1 3 15
      vertex -29.0939 -3 15.1394
      vertex -29.1 -3 15
    endloop
  endfacet
  facet normal 0.300926 0 -0.953648
    outer loop
      vertex -28.0472 -3 16.5035
      vertex -27.9141 3 16.5455
      vertex -27.9141 -3 16.5455
    endloop
  endfacet
  facet normal 0.300926 0 -0.953648
    outer loop
      vertex -27.9141 3 16.5455
      vertex -28.0472 -3 16.5035
      vertex -28.0472 3 16.5035
    endloop
  endfacet
  facet normal 0.300926 0 0.953648
    outer loop
      vertex -28.0472 3.1 13.4965
      vertex -27.9141 -3.1 13.4545
      vertex -27.9141 3.1 13.4545
    endloop
  endfacet
  facet normal 0.300926 0 0.953648
    outer loop
      vertex -27.9141 -3.1 13.4545
      vertex -28.0472 3.1 13.4965
      vertex -28.0472 -3.1 13.4965
    endloop
  endfacet
  facet normal 0.976322 -0 0.216324
    outer loop
      vertex -29.0757 -3.1 14.7222
      vertex -29.0455 3.1 14.5859
      vertex -29.0757 3.1 14.7222
    endloop
  endfacet
  facet normal 0.976322 0 0.216324
    outer loop
      vertex -29.0455 3.1 14.5859
      vertex -29.0757 -3.1 14.7222
      vertex -29.0455 -3.1 14.5859
    endloop
  endfacet
  facet normal 0.793768 -0 0.608221
    outer loop
      vertex -28.8106 -3.1 14.0823
      vertex -28.7257 3.1 13.9715
      vertex -28.8106 3.1 14.0823
    endloop
  endfacet
  facet normal 0.793768 0 0.608221
    outer loop
      vertex -28.7257 3.1 13.9715
      vertex -28.8106 -3.1 14.0823
      vertex -28.7257 -3.1 13.9715
    endloop
  endfacet
  facet normal 0.130473 0 -0.991452
    outer loop
      vertex -27.7778 -3 16.5757
      vertex -27.6395 3 16.5939
      vertex -27.6395 -3 16.5939
    endloop
  endfacet
  facet normal 0.130473 0 -0.991452
    outer loop
      vertex -27.6395 3 16.5939
      vertex -27.7778 -3 16.5757
      vertex -27.7778 3 16.5757
    endloop
  endfacet
  facet normal -0.216324 0 0.976322
    outer loop
      vertex -27.2222 3.1 13.4243
      vertex -27.0859 -3.1 13.4545
      vertex -27.0859 3.1 13.4545
    endloop
  endfacet
  facet normal -0.216324 0 0.976322
    outer loop
      vertex -27.0859 -3.1 13.4545
      vertex -27.2222 3.1 13.4243
      vertex -27.2222 -3.1 13.4243
    endloop
  endfacet
  facet normal 0.991452 -0 0.130473
    outer loop
      vertex -29.0939 -3.1 14.8605
      vertex -29.0757 3.1 14.7222
      vertex -29.0939 3.1 14.8605
    endloop
  endfacet
  facet normal 0.991452 0 0.130473
    outer loop
      vertex -29.0757 3.1 14.7222
      vertex -29.0939 -3.1 14.8605
      vertex -29.0757 -3.1 14.7222
    endloop
  endfacet
  facet normal -0.300926 0 -0.953648
    outer loop
      vertex -27.0859 -3 16.5455
      vertex -26.9528 3 16.5035
      vertex -26.9528 -3 16.5035
    endloop
  endfacet
  facet normal -0.300926 0 -0.953648
    outer loop
      vertex -26.9528 3 16.5035
      vertex -27.0859 -3 16.5455
      vertex -27.0859 3 16.5455
    endloop
  endfacet
  facet normal 0.675627 0 -0.737243
    outer loop
      vertex -28.6314 -3 16.1314
      vertex -28.5285 3 16.2257
      vertex -28.5285 -3 16.2257
    endloop
  endfacet
  facet normal 0.675627 0 -0.737243
    outer loop
      vertex -28.5285 3 16.2257
      vertex -28.6314 -3 16.1314
      vertex -28.6314 3 16.1314
    endloop
  endfacet
  facet normal 0.382478 0 0.923964
    outer loop
      vertex -28.1762 3.1 13.5499
      vertex -28.0472 -3.1 13.4965
      vertex -28.0472 3.1 13.4965
    endloop
  endfacet
  facet normal 0.382478 0 0.923964
    outer loop
      vertex -28.0472 -3.1 13.4965
      vertex -28.1762 3.1 13.5499
      vertex -28.1762 -3.1 13.5499
    endloop
  endfacet
  facet normal 0.216324 0 0.976322
    outer loop
      vertex -27.9141 3.1 13.4545
      vertex -27.7778 -3.1 13.4243
      vertex -27.7778 3.1 13.4243
    endloop
  endfacet
  facet normal 0.216324 0 0.976322
    outer loop
      vertex -27.7778 -3.1 13.4243
      vertex -27.9141 3.1 13.4545
      vertex -27.9141 -3.1 13.4545
    endloop
  endfacet
  facet normal -0.675627 0 0.737243
    outer loop
      vertex -26.4715 3.1 13.7743
      vertex -26.3686 -3.1 13.8686
      vertex -26.3686 3.1 13.8686
    endloop
  endfacet
  facet normal -0.675627 0 0.737243
    outer loop
      vertex -26.3686 -3.1 13.8686
      vertex -26.4715 3.1 13.7743
      vertex -26.4715 -3.1 13.7743
    endloop
  endfacet
  facet normal -0.923964 0 0.382478
    outer loop
      vertex -26.0499 -3.1 14.3238
      vertex -25.9965 3.1 14.4528
      vertex -26.0499 3.1 14.3238
    endloop
  endfacet
  facet normal -0.923964 0 0.382478
    outer loop
      vertex -25.9965 3.1 14.4528
      vertex -26.0499 -3.1 14.3238
      vertex -25.9965 -3.1 14.4528
    endloop
  endfacet
  facet normal 0.608221 0 -0.793768
    outer loop
      vertex -28.5285 -3 16.2257
      vertex -28.4177 3 16.3106
      vertex -28.4177 -3 16.3106
    endloop
  endfacet
  facet normal 0.608221 0 -0.793768
    outer loop
      vertex -28.4177 3 16.3106
      vertex -28.5285 -3 16.2257
      vertex -28.5285 3 16.2257
    endloop
  endfacet
  facet normal -0.999045 0 0.0436859
    outer loop
      vertex -25.9061 -3.1 14.8605
      vertex -25.9 3.1 15
      vertex -25.9061 3.1 14.8605
    endloop
  endfacet
  facet normal -0.999045 0 0.0436859
    outer loop
      vertex -25.9 3.1 15
      vertex -25.9061 -3.1 14.8605
      vertex -25.9 -3.1 15
    endloop
  endfacet
  facet normal 0.923964 0 -0.382478
    outer loop
      vertex -28.9501 -3 15.6762
      vertex -29.0035 3 15.5472
      vertex -28.9501 3 15.6762
    endloop
  endfacet
  facet normal 0.923964 0 -0.382478
    outer loop
      vertex -29.0035 3 15.5472
      vertex -28.9501 -3 15.6762
      vertex -29.0035 -3 15.5472
    endloop
  endfacet
  facet normal -0.130473 0 -0.991452
    outer loop
      vertex -27.3605 -3 16.5939
      vertex -27.2222 3 16.5757
      vertex -27.2222 -3 16.5757
    endloop
  endfacet
  facet normal -0.130473 0 -0.991452
    outer loop
      vertex -27.2222 3 16.5757
      vertex -27.3605 -3 16.5939
      vertex -27.3605 3 16.5939
    endloop
  endfacet
  facet normal 0.216324 0 -0.976322
    outer loop
      vertex -27.9141 -3 16.5455
      vertex -27.7778 3 16.5757
      vertex -27.7778 -3 16.5757
    endloop
  endfacet
  facet normal 0.216324 0 -0.976322
    outer loop
      vertex -27.7778 3 16.5757
      vertex -27.9141 -3 16.5455
      vertex -27.9141 3 16.5455
    endloop
  endfacet
  facet normal 0.843337 0 -0.537385
    outer loop
      vertex -28.8106 -3 15.9177
      vertex -28.8856 3 15.8
      vertex -28.8106 3 15.9177
    endloop
  endfacet
  facet normal 0.843337 0 -0.537385
    outer loop
      vertex -28.8856 3 15.8
      vertex -28.8106 -3 15.9177
      vertex -28.8856 -3 15.8
    endloop
  endfacet
  facet normal -0.953648 0 0.300926
    outer loop
      vertex -25.9965 -3.1 14.4528
      vertex -25.9545 3.1 14.5859
      vertex -25.9965 3.1 14.4528
    endloop
  endfacet
  facet normal -0.953648 0 0.300926
    outer loop
      vertex -25.9545 3.1 14.5859
      vertex -25.9965 -3.1 14.4528
      vertex -25.9545 -3.1 14.5859
    endloop
  endfacet
  facet normal -0.382109 0 -0.924117
    outer loop
      vertex -26.9528 -3 16.5035
      vertex -26.8742 3 16.471
      vertex -26.8742 -3 16.471
    endloop
  endfacet
  facet normal -0.382109 0 -0.924117
    outer loop
      vertex -26.8742 3 16.471
      vertex -26.9528 -3 16.5035
      vertex -26.9528 3 16.5035
    endloop
  endfacet
  facet normal -0.991452 0 0.130473
    outer loop
      vertex -25.9243 -3.1 14.7222
      vertex -25.9061 3.1 14.8605
      vertex -25.9243 3.1 14.7222
    endloop
  endfacet
  facet normal -0.991452 0 0.130473
    outer loop
      vertex -25.9061 3.1 14.8605
      vertex -25.9243 -3.1 14.7222
      vertex -25.9061 -3.1 14.8605
    endloop
  endfacet
  facet normal -0.0436859 0 -0.999045
    outer loop
      vertex -27.5 -3 16.6
      vertex -27.3605 3 16.5939
      vertex -27.3605 -3 16.5939
    endloop
  endfacet
  facet normal -0.0436859 0 -0.999045
    outer loop
      vertex -27.3605 3 16.5939
      vertex -27.5 -3 16.6
      vertex -27.5 3 16.6
    endloop
  endfacet
  facet normal -0.216324 0 -0.976322
    outer loop
      vertex -27.2222 -3 16.5757
      vertex -27.0859 3 16.5455
      vertex -27.0859 -3 16.5455
    endloop
  endfacet
  facet normal -0.216324 0 -0.976322
    outer loop
      vertex -27.0859 3 16.5455
      vertex -27.2222 -3 16.5757
      vertex -27.2222 3 16.5757
    endloop
  endfacet
  facet normal 0.991464 0 -0.13038
    outer loop
      vertex -29.0757 -3 15.2778
      vertex -29.0939 3 15.1394
      vertex -29.0757 3 15.2778
    endloop
  endfacet
  facet normal 0.991464 0 -0.13038
    outer loop
      vertex -29.0939 3 15.1394
      vertex -29.0757 -3 15.2778
      vertex -29.0939 -3 15.1394
    endloop
  endfacet
  facet normal -0.537385 0 0.843337
    outer loop
      vertex -26.7 3.1 13.6144
      vertex -26.5823 -3.1 13.6894
      vertex -26.5823 3.1 13.6894
    endloop
  endfacet
  facet normal -0.537385 0 0.843337
    outer loop
      vertex -26.5823 -3.1 13.6894
      vertex -26.7 3.1 13.6144
      vertex -26.7 -3.1 13.6144
    endloop
  endfacet
  facet normal -0.462052 0 0.886853
    outer loop
      vertex -26.8238 3.1 13.5499
      vertex -26.7 -3.1 13.6144
      vertex -26.7 3.1 13.6144
    endloop
  endfacet
  facet normal -0.462052 0 0.886853
    outer loop
      vertex -26.7 -3.1 13.6144
      vertex -26.8238 3.1 13.5499
      vertex -26.8238 -3.1 13.5499
    endloop
  endfacet
  facet normal -0.0436859 0 0.999045
    outer loop
      vertex -27.5 3.1 13.4
      vertex -27.3605 -3.1 13.4061
      vertex -27.3605 3.1 13.4061
    endloop
  endfacet
  facet normal -0.0436859 0 0.999045
    outer loop
      vertex -27.3605 -3.1 13.4061
      vertex -27.5 3.1 13.4
      vertex -27.5 -3.1 13.4
    endloop
  endfacet
  facet normal 0.462052 0 0.886853
    outer loop
      vertex -28.3 3.1 13.6144
      vertex -28.1762 -3.1 13.5499
      vertex -28.1762 3.1 13.5499
    endloop
  endfacet
  facet normal 0.462052 0 0.886853
    outer loop
      vertex -28.1762 -3.1 13.5499
      vertex -28.3 3.1 13.6144
      vertex -28.3 -3.1 13.6144
    endloop
  endfacet
  facet normal 0.843337 -0 0.537385
    outer loop
      vertex -28.8856 -3.1 14.2
      vertex -28.8106 3.1 14.0823
      vertex -28.8856 3.1 14.2
    endloop
  endfacet
  facet normal 0.843337 0 0.537385
    outer loop
      vertex -28.8106 3.1 14.0823
      vertex -28.8856 -3.1 14.2
      vertex -28.8106 -3.1 14.0823
    endloop
  endfacet
  facet normal 0.953648 0 -0.300926
    outer loop
      vertex -29.0035 -3 15.5472
      vertex -29.0455 3 15.4141
      vertex -29.0035 3 15.5472
    endloop
  endfacet
  facet normal 0.953648 0 -0.300926
    outer loop
      vertex -29.0455 3 15.4141
      vertex -29.0035 -3 15.5472
      vertex -29.0455 -3 15.4141
    endloop
  endfacet
  facet normal 0.999045 -0 0.0436859
    outer loop
      vertex -29.1 3 15
      vertex -29.0939 3.1 14.8605
      vertex -29.1 3.1 15
    endloop
  endfacet
  facet normal 0.999045 -0 0.0436859
    outer loop
      vertex -29.1 -3 15
      vertex -29.0939 3.1 14.8605
      vertex -29.1 3 15
    endloop
  endfacet
  facet normal 0.999045 0 0.0436859
    outer loop
      vertex -29.0939 -3.1 14.8605
      vertex -29.1 -3 15
      vertex -29.1 -3.1 15
    endloop
  endfacet
  facet normal 0.999045 0 0.0436859
    outer loop
      vertex -29.1 -3 15
      vertex -29.0939 -3.1 14.8605
      vertex -29.0939 3.1 14.8605
    endloop
  endfacet
  facet normal 0.923964 -0 0.382478
    outer loop
      vertex -29.0035 -3.1 14.4528
      vertex -28.9501 3.1 14.3238
      vertex -29.0035 3.1 14.4528
    endloop
  endfacet
  facet normal 0.923964 0 0.382478
    outer loop
      vertex -28.9501 3.1 14.3238
      vertex -29.0035 -3.1 14.4528
      vertex -28.9501 -3.1 14.3238
    endloop
  endfacet
  facet normal 0.0436859 0 -0.999045
    outer loop
      vertex -27.6395 -3 16.5939
      vertex -27.5 3 16.6
      vertex -27.5 -3 16.6
    endloop
  endfacet
  facet normal 0.0436859 0 -0.999045
    outer loop
      vertex -27.5 3 16.6
      vertex -27.6395 -3 16.5939
      vertex -27.6395 3 16.5939
    endloop
  endfacet
  facet normal 0.130473 0 0.991452
    outer loop
      vertex -27.7778 3.1 13.4243
      vertex -27.6395 -3.1 13.4061
      vertex -27.6395 3.1 13.4061
    endloop
  endfacet
  facet normal 0.130473 0 0.991452
    outer loop
      vertex -27.6395 -3.1 13.4061
      vertex -27.7778 3.1 13.4243
      vertex -27.7778 -3.1 13.4243
    endloop
  endfacet
  facet normal 0.953648 -0 0.300926
    outer loop
      vertex -29.0455 -3.1 14.5859
      vertex -29.0035 3.1 14.4528
      vertex -29.0455 3.1 14.5859
    endloop
  endfacet
  facet normal 0.953648 0 0.300926
    outer loop
      vertex -29.0035 3.1 14.4528
      vertex -29.0455 -3.1 14.5859
      vertex -29.0035 -3.1 14.4528
    endloop
  endfacet
  facet normal 0.382478 0 -0.923964
    outer loop
      vertex -28.1762 -3 16.4501
      vertex -28.0472 3 16.5035
      vertex -28.0472 -3 16.5035
    endloop
  endfacet
  facet normal 0.382478 0 -0.923964
    outer loop
      vertex -28.0472 3 16.5035
      vertex -28.1762 -3 16.4501
      vertex -28.1762 3 16.4501
    endloop
  endfacet
  facet normal -0.886853 0 0.462052
    outer loop
      vertex -26.1144 -3.1 14.2
      vertex -26.0499 3.1 14.3238
      vertex -26.1144 3.1 14.2
    endloop
  endfacet
  facet normal -0.886853 0 0.462052
    outer loop
      vertex -26.0499 3.1 14.3238
      vertex -26.1144 -3.1 14.2
      vertex -26.0499 -3.1 14.3238
    endloop
  endfacet
  facet normal 0.0436859 0 0.999045
    outer loop
      vertex -27.6395 3.1 13.4061
      vertex -27.5 -3.1 13.4
      vertex -27.5 3.1 13.4
    endloop
  endfacet
  facet normal 0.0436859 0 0.999045
    outer loop
      vertex -27.5 -3.1 13.4
      vertex -27.6395 3.1 13.4061
      vertex -27.6395 -3.1 13.4061
    endloop
  endfacet
  facet normal 0.886853 0 -0.462052
    outer loop
      vertex -28.8856 -3 15.8
      vertex -28.9501 3 15.6762
      vertex -28.8856 3 15.8
    endloop
  endfacet
  facet normal 0.886853 0 -0.462052
    outer loop
      vertex -28.9501 3 15.6762
      vertex -28.8856 -3 15.8
      vertex -28.9501 -3 15.6762
    endloop
  endfacet
  facet normal -0.843337 0 0.537385
    outer loop
      vertex -26.1894 -3.1 14.0823
      vertex -26.1144 3.1 14.2
      vertex -26.1894 3.1 14.0823
    endloop
  endfacet
  facet normal -0.843337 0 0.537385
    outer loop
      vertex -26.1144 3.1 14.2
      vertex -26.1894 -3.1 14.0823
      vertex -26.1144 -3.1 14.2
    endloop
  endfacet
  facet normal -0.976322 0 0.216324
    outer loop
      vertex -25.9545 -3.1 14.5859
      vertex -25.9243 3.1 14.7222
      vertex -25.9545 3.1 14.5859
    endloop
  endfacet
  facet normal -0.976322 0 0.216324
    outer loop
      vertex -25.9243 3.1 14.7222
      vertex -25.9545 -3.1 14.5859
      vertex -25.9243 -3.1 14.7222
    endloop
  endfacet
  facet normal 0.737243 0 -0.675627
    outer loop
      vertex -28.6314 -3 16.1314
      vertex -28.7257 3 16.0285
      vertex -28.6314 3 16.1314
    endloop
  endfacet
  facet normal 0.737243 0 -0.675627
    outer loop
      vertex -28.7257 3 16.0285
      vertex -28.6314 -3 16.1314
      vertex -28.7257 -3 16.0285
    endloop
  endfacet
  facet normal 0.462052 0 -0.886853
    outer loop
      vertex -28.3 -3 16.3856
      vertex -28.1762 3 16.4501
      vertex -28.1762 -3 16.4501
    endloop
  endfacet
  facet normal 0.462052 0 -0.886853
    outer loop
      vertex -28.1762 3 16.4501
      vertex -28.3 -3 16.3856
      vertex -28.3 3 16.3856
    endloop
  endfacet
  facet normal 0.537385 0 0.843337
    outer loop
      vertex -28.4177 3.1 13.6894
      vertex -28.3 -3.1 13.6144
      vertex -28.3 3.1 13.6144
    endloop
  endfacet
  facet normal 0.537385 0 0.843337
    outer loop
      vertex -28.3 -3.1 13.6144
      vertex -28.4177 3.1 13.6894
      vertex -28.4177 -3.1 13.6894
    endloop
  endfacet
  facet normal -0.608221 0 0.793768
    outer loop
      vertex -26.5823 3.1 13.6894
      vertex -26.4715 -3.1 13.7743
      vertex -26.4715 3.1 13.7743
    endloop
  endfacet
  facet normal -0.608221 0 0.793768
    outer loop
      vertex -26.4715 -3.1 13.7743
      vertex -26.5823 3.1 13.6894
      vertex -26.5823 -3.1 13.6894
    endloop
  endfacet
  facet normal 0.886853 -0 0.462052
    outer loop
      vertex -28.9501 -3.1 14.3238
      vertex -28.8856 3.1 14.2
      vertex -28.9501 3.1 14.3238
    endloop
  endfacet
  facet normal 0.886853 0 0.462052
    outer loop
      vertex -28.8856 3.1 14.2
      vertex -28.9501 -3.1 14.3238
      vertex -28.8856 -3.1 14.2
    endloop
  endfacet
  facet normal -0.130473 0 0.991452
    outer loop
      vertex -27.3605 3.1 13.4061
      vertex -27.2222 -3.1 13.4243
      vertex -27.2222 3.1 13.4243
    endloop
  endfacet
  facet normal -0.130473 0 0.991452
    outer loop
      vertex -27.2222 -3.1 13.4243
      vertex -27.3605 3.1 13.4061
      vertex -27.3605 -3.1 13.4061
    endloop
  endfacet
  facet normal -0.737243 0 0.675627
    outer loop
      vertex -26.3686 -3.1 13.8686
      vertex -26.2743 3.1 13.9715
      vertex -26.3686 3.1 13.8686
    endloop
  endfacet
  facet normal -0.737243 0 0.675627
    outer loop
      vertex -26.2743 3.1 13.9715
      vertex -26.3686 -3.1 13.8686
      vertex -26.2743 -3.1 13.9715
    endloop
  endfacet
  facet normal 0.737243 -0 0.675627
    outer loop
      vertex -28.7257 -3.1 13.9715
      vertex -28.6314 3.1 13.8686
      vertex -28.7257 3.1 13.9715
    endloop
  endfacet
  facet normal 0.737243 0 0.675627
    outer loop
      vertex -28.6314 3.1 13.8686
      vertex -28.7257 -3.1 13.9715
      vertex -28.6314 -3.1 13.8686
    endloop
  endfacet
  facet normal 0 1 -0
    outer loop
      vertex -25.9061 -3.1 14.8605
      vertex -29.1 -3.1 15
      vertex -25.9 -3.1 15
    endloop
  endfacet
  facet normal 0 1 0
    outer loop
      vertex -25.9061 -3.1 14.8605
      vertex -29.0939 -3.1 14.8605
      vertex -29.1 -3.1 15
    endloop
  endfacet
  facet normal 0 1 -0
    outer loop
      vertex -25.9243 -3.1 14.7222
      vertex -29.0939 -3.1 14.8605
      vertex -25.9061 -3.1 14.8605
    endloop
  endfacet
  facet normal 0 1 0
    outer loop
      vertex -25.9243 -3.1 14.7222
      vertex -29.0757 -3.1 14.7222
      vertex -29.0939 -3.1 14.8605
    endloop
  endfacet
  facet normal 0 1 -0
    outer loop
      vertex -25.9545 -3.1 14.5859
      vertex -29.0757 -3.1 14.7222
      vertex -25.9243 -3.1 14.7222
    endloop
  endfacet
  facet normal 0 1 0
    outer loop
      vertex -25.9545 -3.1 14.5859
      vertex -29.0455 -3.1 14.5859
      vertex -29.0757 -3.1 14.7222
    endloop
  endfacet
  facet normal 0 1 -0
    outer loop
      vertex -25.9965 -3.1 14.4528
      vertex -29.0455 -3.1 14.5859
      vertex -25.9545 -3.1 14.5859
    endloop
  endfacet
  facet normal 0 1 0
    outer loop
      vertex -25.9965 -3.1 14.4528
      vertex -29.0035 -3.1 14.4528
      vertex -29.0455 -3.1 14.5859
    endloop
  endfacet
  facet normal 0 1 -0
    outer loop
      vertex -26.0499 -3.1 14.3238
      vertex -29.0035 -3.1 14.4528
      vertex -25.9965 -3.1 14.4528
    endloop
  endfacet
  facet normal 0 1 0
    outer loop
      vertex -26.0499 -3.1 14.3238
      vertex -28.9501 -3.1 14.3238
      vertex -29.0035 -3.1 14.4528
    endloop
  endfacet
  facet normal 0 1 -0
    outer loop
      vertex -26.1144 -3.1 14.2
      vertex -28.9501 -3.1 14.3238
      vertex -26.0499 -3.1 14.3238
    endloop
  endfacet
  facet normal 0 1 0
    outer loop
      vertex -26.1144 -3.1 14.2
      vertex -28.8856 -3.1 14.2
      vertex -28.9501 -3.1 14.3238
    endloop
  endfacet
  facet normal 0 1 -0
    outer loop
      vertex -26.1894 -3.1 14.0823
      vertex -28.8856 -3.1 14.2
      vertex -26.1144 -3.1 14.2
    endloop
  endfacet
  facet normal 0 1 0
    outer loop
      vertex -26.1894 -3.1 14.0823
      vertex -28.8106 -3.1 14.0823
      vertex -28.8856 -3.1 14.2
    endloop
  endfacet
  facet normal 0 1 -0
    outer loop
      vertex -26.2743 -3.1 13.9715
      vertex -28.8106 -3.1 14.0823
      vertex -26.1894 -3.1 14.0823
    endloop
  endfacet
  facet normal 0 1 0
    outer loop
      vertex -26.2743 -3.1 13.9715
      vertex -28.7257 -3.1 13.9715
      vertex -28.8106 -3.1 14.0823
    endloop
  endfacet
  facet normal 0 1 -0
    outer loop
      vertex -26.3686 -3.1 13.8686
      vertex -28.7257 -3.1 13.9715
      vertex -26.2743 -3.1 13.9715
    endloop
  endfacet
  facet normal 0 1 0
    outer loop
      vertex -26.3686 -3.1 13.8686
      vertex -28.6314 -3.1 13.8686
      vertex -28.7257 -3.1 13.9715
    endloop
  endfacet
  facet normal 0 1 -0
    outer loop
      vertex -26.4715 -3.1 13.7743
      vertex -28.6314 -3.1 13.8686
      vertex -26.3686 -3.1 13.8686
    endloop
  endfacet
  facet normal 0 1 0
    outer loop
      vertex -26.4715 -3.1 13.7743
      vertex -28.5285 -3.1 13.7743
      vertex -28.6314 -3.1 13.8686
    endloop
  endfacet
  facet normal 0 1 -0
    outer loop
      vertex -26.5823 -3.1 13.6894
      vertex -28.5285 -3.1 13.7743
      vertex -26.4715 -3.1 13.7743
    endloop
  endfacet
  facet normal 0 1 0
    outer loop
      vertex -26.5823 -3.1 13.6894
      vertex -28.4177 -3.1 13.6894
      vertex -28.5285 -3.1 13.7743
    endloop
  endfacet
  facet normal 0 1 -0
    outer loop
      vertex -26.7 -3.1 13.6144
      vertex -28.4177 -3.1 13.6894
      vertex -26.5823 -3.1 13.6894
    endloop
  endfacet
  facet normal 0 1 0
    outer loop
      vertex -26.7 -3.1 13.6144
      vertex -28.3 -3.1 13.6144
      vertex -28.4177 -3.1 13.6894
    endloop
  endfacet
  facet normal 0 1 -0
    outer loop
      vertex -26.8238 -3.1 13.5499
      vertex -28.3 -3.1 13.6144
      vertex -26.7 -3.1 13.6144
    endloop
  endfacet
  facet normal 0 1 0
    outer loop
      vertex -26.8238 -3.1 13.5499
      vertex -28.1762 -3.1 13.5499
      vertex -28.3 -3.1 13.6144
    endloop
  endfacet
  facet normal 0 1 -0
    outer loop
      vertex -26.9528 -3.1 13.4965
      vertex -28.1762 -3.1 13.5499
      vertex -26.8238 -3.1 13.5499
    endloop
  endfacet
  facet normal 0 1 0
    outer loop
      vertex -26.9528 -3.1 13.4965
      vertex -28.0472 -3.1 13.4965
      vertex -28.1762 -3.1 13.5499
    endloop
  endfacet
  facet normal 0 1 -0
    outer loop
      vertex -27.0859 -3.1 13.4545
      vertex -28.0472 -3.1 13.4965
      vertex -26.9528 -3.1 13.4965
    endloop
  endfacet
  facet normal 0 1 0
    outer loop
      vertex -27.0859 -3.1 13.4545
      vertex -27.9141 -3.1 13.4545
      vertex -28.0472 -3.1 13.4965
    endloop
  endfacet
  facet normal 0 1 -0
    outer loop
      vertex -27.2222 -3.1 13.4243
      vertex -27.9141 -3.1 13.4545
      vertex -27.0859 -3.1 13.4545
    endloop
  endfacet
  facet normal 0 1 0
    outer loop
      vertex -27.2222 -3.1 13.4243
      vertex -27.7778 -3.1 13.4243
      vertex -27.9141 -3.1 13.4545
    endloop
  endfacet
  facet normal 0 1 -0
    outer loop
      vertex -27.3605 -3.1 13.4061
      vertex -27.7778 -3.1 13.4243
      vertex -27.2222 -3.1 13.4243
    endloop
  endfacet
  facet normal 0 1 0
    outer loop
      vertex -27.3605 -3.1 13.4061
      vertex -27.6395 -3.1 13.4061
      vertex -27.7778 -3.1 13.4243
    endloop
  endfacet
  facet normal -0 1 0
    outer loop
      vertex -27.6395 -3.1 13.4061
      vertex -27.3605 -3.1 13.4061
      vertex -27.5 -3.1 13.4
    endloop
  endfacet
  facet normal 0.675627 0 0.737243
    outer loop
      vertex -28.6314 3.1 13.8686
      vertex -28.5285 -3.1 13.7743
      vertex -28.5285 3.1 13.7743
    endloop
  endfacet
  facet normal 0.675627 0 0.737243
    outer loop
      vertex -28.5285 -3.1 13.7743
      vertex -28.6314 3.1 13.8686
      vertex -28.6314 -3.1 13.8686
    endloop
  endfacet
  facet normal 0.608221 0 0.793768
    outer loop
      vertex -28.5285 3.1 13.7743
      vertex -28.4177 -3.1 13.6894
      vertex -28.4177 3.1 13.6894
    endloop
  endfacet
  facet normal 0.608221 0 0.793768
    outer loop
      vertex -28.4177 -3.1 13.6894
      vertex -28.5285 3.1 13.7743
      vertex -28.5285 -3.1 13.7743
    endloop
  endfacet
  facet normal -0.300926 0 0.953648
    outer loop
      vertex -27.0859 3.1 13.4545
      vertex -26.9528 -3.1 13.4965
      vertex -26.9528 3.1 13.4965
    endloop
  endfacet
  facet normal -0.300926 0 0.953648
    outer loop
      vertex -26.9528 -3.1 13.4965
      vertex -27.0859 3.1 13.4545
      vertex -27.0859 -3.1 13.4545
    endloop
  endfacet
  facet normal -0.382478 0 0.923964
    outer loop
      vertex -26.9528 3.1 13.4965
      vertex -26.8238 -3.1 13.5499
      vertex -26.8238 3.1 13.5499
    endloop
  endfacet
  facet normal -0.382478 0 0.923964
    outer loop
      vertex -26.8238 -3.1 13.5499
      vertex -26.9528 3.1 13.4965
      vertex -26.9528 -3.1 13.4965
    endloop
  endfacet
  facet normal 0 -1 0
    outer loop
      vertex -29.0939 3.1 14.8605
      vertex -25.9 3.1 15
      vertex -29.1 3.1 15
    endloop
  endfacet
  facet normal 0 -1 0
    outer loop
      vertex -29.0939 3.1 14.8605
      vertex -25.9061 3.1 14.8605
      vertex -25.9 3.1 15
    endloop
  endfacet
  facet normal 0 -1 0
    outer loop
      vertex -29.0757 3.1 14.7222
      vertex -25.9061 3.1 14.8605
      vertex -29.0939 3.1 14.8605
    endloop
  endfacet
  facet normal 0 -1 0
    outer loop
      vertex -29.0757 3.1 14.7222
      vertex -25.9243 3.1 14.7222
      vertex -25.9061 3.1 14.8605
    endloop
  endfacet
  facet normal 0 -1 0
    outer loop
      vertex -29.0455 3.1 14.5859
      vertex -25.9243 3.1 14.7222
      vertex -29.0757 3.1 14.7222
    endloop
  endfacet
  facet normal 0 -1 0
    outer loop
      vertex -29.0455 3.1 14.5859
      vertex -25.9545 3.1 14.5859
      vertex -25.9243 3.1 14.7222
    endloop
  endfacet
  facet normal 0 -1 0
    outer loop
      vertex -29.0035 3.1 14.4528
      vertex -25.9545 3.1 14.5859
      vertex -29.0455 3.1 14.5859
    endloop
  endfacet
  facet normal 0 -1 0
    outer loop
      vertex -29.0035 3.1 14.4528
      vertex -25.9965 3.1 14.4528
      vertex -25.9545 3.1 14.5859
    endloop
  endfacet
  facet normal 0 -1 0
    outer loop
      vertex -28.9501 3.1 14.3238
      vertex -25.9965 3.1 14.4528
      vertex -29.0035 3.1 14.4528
    endloop
  endfacet
  facet normal 0 -1 0
    outer loop
      vertex -28.9501 3.1 14.3238
      vertex -26.0499 3.1 14.3238
      vertex -25.9965 3.1 14.4528
    endloop
  endfacet
  facet normal 0 -1 0
    outer loop
      vertex -28.8856 3.1 14.2
      vertex -26.0499 3.1 14.3238
      vertex -28.9501 3.1 14.3238
    endloop
  endfacet
  facet normal 0 -1 0
    outer loop
      vertex -28.8856 3.1 14.2
      vertex -26.1144 3.1 14.2
      vertex -26.0499 3.1 14.3238
    endloop
  endfacet
  facet normal 0 -1 0
    outer loop
      vertex -28.8106 3.1 14.0823
      vertex -26.1144 3.1 14.2
      vertex -28.8856 3.1 14.2
    endloop
  endfacet
  facet normal 0 -1 0
    outer loop
      vertex -28.8106 3.1 14.0823
      vertex -26.1894 3.1 14.0823
      vertex -26.1144 3.1 14.2
    endloop
  endfacet
  facet normal 0 -1 0
    outer loop
      vertex -28.7257 3.1 13.9715
      vertex -26.1894 3.1 14.0823
      vertex -28.8106 3.1 14.0823
    endloop
  endfacet
  facet normal 0 -1 0
    outer loop
      vertex -28.7257 3.1 13.9715
      vertex -26.2743 3.1 13.9715
      vertex -26.1894 3.1 14.0823
    endloop
  endfacet
  facet normal 0 -1 0
    outer loop
      vertex -28.6314 3.1 13.8686
      vertex -26.2743 3.1 13.9715
      vertex -28.7257 3.1 13.9715
    endloop
  endfacet
  facet normal 0 -1 0
    outer loop
      vertex -28.6314 3.1 13.8686
      vertex -26.3686 3.1 13.8686
      vertex -26.2743 3.1 13.9715
    endloop
  endfacet
  facet normal 0 -1 0
    outer loop
      vertex -28.5285 3.1 13.7743
      vertex -26.3686 3.1 13.8686
      vertex -28.6314 3.1 13.8686
    endloop
  endfacet
  facet normal 0 -1 0
    outer loop
      vertex -28.5285 3.1 13.7743
      vertex -26.4715 3.1 13.7743
      vertex -26.3686 3.1 13.8686
    endloop
  endfacet
  facet normal 0 -1 0
    outer loop
      vertex -28.4177 3.1 13.6894
      vertex -26.4715 3.1 13.7743
      vertex -28.5285 3.1 13.7743
    endloop
  endfacet
  facet normal 0 -1 0
    outer loop
      vertex -28.4177 3.1 13.6894
      vertex -26.5823 3.1 13.6894
      vertex -26.4715 3.1 13.7743
    endloop
  endfacet
  facet normal 0 -1 0
    outer loop
      vertex -28.3 3.1 13.6144
      vertex -26.5823 3.1 13.6894
      vertex -28.4177 3.1 13.6894
    endloop
  endfacet
  facet normal 0 -1 0
    outer loop
      vertex -28.3 3.1 13.6144
      vertex -26.7 3.1 13.6144
      vertex -26.5823 3.1 13.6894
    endloop
  endfacet
  facet normal 0 -1 0
    outer loop
      vertex -28.1762 3.1 13.5499
      vertex -26.7 3.1 13.6144
      vertex -28.3 3.1 13.6144
    endloop
  endfacet
  facet normal 0 -1 0
    outer loop
      vertex -28.1762 3.1 13.5499
      vertex -26.8238 3.1 13.5499
      vertex -26.7 3.1 13.6144
    endloop
  endfacet
  facet normal 0 -1 0
    outer loop
      vertex -28.0472 3.1 13.4965
      vertex -26.8238 3.1 13.5499
      vertex -28.1762 3.1 13.5499
    endloop
  endfacet
  facet normal 0 -1 0
    outer loop
      vertex -28.0472 3.1 13.4965
      vertex -26.9528 3.1 13.4965
      vertex -26.8238 3.1 13.5499
    endloop
  endfacet
  facet normal 0 -1 0
    outer loop
      vertex -27.9141 3.1 13.4545
      vertex -26.9528 3.1 13.4965
      vertex -28.0472 3.1 13.4965
    endloop
  endfacet
  facet normal 0 -1 0
    outer loop
      vertex -27.9141 3.1 13.4545
      vertex -27.0859 3.1 13.4545
      vertex -26.9528 3.1 13.4965
    endloop
  endfacet
  facet normal 0 -1 0
    outer loop
      vertex -27.7778 3.1 13.4243
      vertex -27.0859 3.1 13.4545
      vertex -27.9141 3.1 13.4545
    endloop
  endfacet
  facet normal 0 -1 0
    outer loop
      vertex -27.7778 3.1 13.4243
      vertex -27.2222 3.1 13.4243
      vertex -27.0859 3.1 13.4545
    endloop
  endfacet
  facet normal 0 -1 0
    outer loop
      vertex -27.6395 3.1 13.4061
      vertex -27.2222 3.1 13.4243
      vertex -27.7778 3.1 13.4243
    endloop
  endfacet
  facet normal 0 -1 0
    outer loop
      vertex -27.6395 3.1 13.4061
      vertex -27.3605 3.1 13.4061
      vertex -27.2222 3.1 13.4243
    endloop
  endfacet
  facet normal -0 -1 0
    outer loop
      vertex -27.3605 3.1 13.4061
      vertex -27.6395 3.1 13.4061
      vertex -27.5 3.1 13.4
    endloop
  endfacet
  facet normal 0.706435 0.706435 -0.0435821
    outer loop
      vertex -18.4512 -22.6938 15.1394
      vertex -22.6981 -18.4555 15
      vertex -22.6938 -18.4512 15.1394
    endloop
  endfacet
  facet normal 0.706435 0.706435 -0.0435821
    outer loop
      vertex -22.6981 -18.4555 15
      vertex -18.4512 -22.6938 15.1394
      vertex -18.4555 -22.6981 15
    endloop
  endfacet
  facet normal 0.521417 0.521417 -0.675461
    outer loop
      vertex -18.1908 -22.4334 16.0285
      vertex -22.3668 -18.1241 16.1314
      vertex -18.1241 -22.3668 16.1314
    endloop
  endfacet
  facet normal 0.521417 0.521417 -0.675461
    outer loop
      vertex -22.3668 -18.1241 16.1314
      vertex -18.1908 -22.4334 16.0285
      vertex -22.4334 -18.1908 16.0285
    endloop
  endfacet
  facet normal -0.707107 0.707107 0
    outer loop
      vertex -16.7753 -21.1593 13.5499
      vertex -16.8665 -21.2505 13.4965
      vertex -16.9606 -21.3446 13.4545
    endloop
  endfacet
  facet normal -0.704247 0.709871 0.0109245
    outer loop
      vertex -17.5462 -21.9303 13.4545
      vertex -17.6404 -22.0244 13.4965
      vertex -17.7315 -22.1156 13.5499
    endloop
  endfacet
  facet normal 0.674328 0.674328 0.30094
    outer loop
      vertex -22.7303 -18.3462 14.5859
      vertex -18.3165 -22.7006 14.4528
      vertex -22.7006 -18.3165 14.4528
    endloop
  endfacet
  facet normal 0.674328 0.674328 0.30094
    outer loop
      vertex -18.3165 -22.7006 14.4528
      vertex -22.7303 -18.3462 14.5859
      vertex -18.3462 -22.7303 14.5859
    endloop
  endfacet
  facet normal 0.707107 -0.707107 0
    outer loop
      vertex -22.3647 -17.9806 13.7743
      vertex -22.2864 -17.9023 13.6894
      vertex -22.4375 -18.0534 13.8686
    endloop
  endfacet
  facet normal 0.705344 -0.708859 -0.00296415
    outer loop
      vertex -22.4375 -18.0534 13.8686
      vertex -22.2864 -17.9023 13.6894
      vertex -22.5041 -18.1201 13.9715
    endloop
  endfacet
  facet normal 0.705797 -0.708414 -0.000583857
    outer loop
      vertex -22.7303 -18.3462 14.5859
      vertex -22.7006 -18.3165 14.4528
      vertex -22.7645 -18.3805 14.8605
    endloop
  endfacet
  facet normal -0.706808 0.707403 0.00189606
    outer loop
      vertex -17.2534 -21.6375 13.4
      vertex -17.4499 -21.8339 13.4243
      vertex -17.7315 -22.1156 13.5499
    endloop
  endfacet
  facet normal -0.708414 0.705797 -0.000583857
    outer loop
      vertex -18.3165 -22.7006 14.4528
      vertex -18.3462 -22.7303 14.5859
      vertex -18.3805 -22.7645 14.8605
    endloop
  endfacet
  facet normal 0.707107 -0.707107 0
    outer loop
      vertex -20.5061 -16.122 15
      vertex -20.5104 -16.1263 15
      vertex -20.5104 -16.1263 14.8605
    endloop
  endfacet
  facet normal 0.71118 -0.702937 -0.0100922
    outer loop
      vertex -21.0718 -16.6877 13.6144
      vertex -20.9885 -16.6045 13.6894
      vertex -21.1593 -16.7753 13.5499
    endloop
  endfacet
  facet normal -0.706436 -0.706436 0.0435509
    outer loop
      vertex -20.5104 -16.1263 14.8605
      vertex -16.122 -20.5061 15
      vertex -20.5061 -16.122 15
    endloop
  endfacet
  facet normal -0.706436 -0.706436 0.0435509
    outer loop
      vertex -16.122 -20.5061 15
      vertex -20.5104 -16.1263 14.8605
      vertex -16.1263 -20.5104 14.8605
    endloop
  endfacet
  facet normal -0.699627 0.714491 0.00489797
    outer loop
      vertex -18.2332 -22.6173 14.2
      vertex -18.2788 -22.6628 14.3238
      vertex -18.3165 -22.7006 14.4528
    endloop
  endfacet
  facet normal -0.70656 0.707653 0.000593224
    outer loop
      vertex -17.9023 -22.2864 13.6894
      vertex -18.1802 -22.5642 14.0823
      vertex -18.3165 -22.7006 14.4528
    endloop
  endfacet
  facet normal 0.379912 0.379912 -0.843406
    outer loop
      vertex -17.973 -22.2157 16.3106
      vertex -22.1324 -17.8898 16.3856
      vertex -17.8898 -22.1324 16.3856
    endloop
  endfacet
  facet normal 0.379912 0.379912 -0.843406
    outer loop
      vertex -22.1324 -17.8898 16.3856
      vertex -17.973 -22.2157 16.3106
      vertex -22.2157 -17.973 16.3106
    endloop
  endfacet
  facet normal -0.708039 0.706163 -0.00364393
    outer loop
      vertex -17.4499 -21.8339 13.4243
      vertex -17.5462 -21.9303 13.4545
      vertex -17.7315 -22.1156 13.5499
    endloop
  endfacet
  facet normal 0.704609 -0.709581 0.00458622
    outer loop
      vertex -20.9102 -16.5262 13.7743
      vertex -20.8375 -16.4534 13.8686
      vertex -20.9885 -16.6045 13.6894
    endloop
  endfacet
  facet normal -0.430241 -0.430241 0.79359
    outer loop
      vertex -20.9102 -16.5262 13.7743
      vertex -16.6045 -20.9885 13.6894
      vertex -16.5262 -20.9102 13.7743
    endloop
  endfacet
  facet normal -0.430241 -0.430241 0.79359
    outer loop
      vertex -16.6045 -20.9885 13.6894
      vertex -20.9102 -16.5262 13.7743
      vertex -20.9885 -16.6045 13.6894
    endloop
  endfacet
  facet normal 0.707653 -0.70656 0.000593224
    outer loop
      vertex -22.5642 -18.1802 14.0823
      vertex -22.2864 -17.9023 13.6894
      vertex -22.7006 -18.3165 14.4528
    endloop
  endfacet
  facet normal -0.0309035 -0.0309035 -0.999045
    outer loop
      vertex -17.3241 -21.5668 16.6
      vertex -21.4682 -17.2255 16.5939
      vertex -17.2255 -21.4682 16.5939
    endloop
  endfacet
  facet normal -0.0309035 -0.0309035 -0.999045
    outer loop
      vertex -21.4682 -17.2255 16.5939
      vertex -17.3241 -21.5668 16.6
      vertex -21.5668 -17.3241 16.6
    endloop
  endfacet
  facet normal 0.430241 0.430241 -0.79359
    outer loop
      vertex -18.0513 -22.294 16.2257
      vertex -22.2157 -17.973 16.3106
      vertex -17.973 -22.2157 16.3106
    endloop
  endfacet
  facet normal 0.430241 0.430241 -0.79359
    outer loop
      vertex -22.2157 -17.973 16.3106
      vertex -18.0513 -22.294 16.2257
      vertex -22.294 -18.0513 16.2257
    endloop
  endfacet
  facet normal -0.707107 0.707107 0
    outer loop
      vertex -18.3805 -22.7645 15
      vertex -18.3805 -22.7645 14.8605
      vertex -18.3848 -22.7688 15
    endloop
  endfacet
  facet normal 0.326543 0.326543 0.886983
    outer loop
      vertex -22.1156 -17.7315 13.5499
      vertex -17.8191 -22.2032 13.6144
      vertex -17.7315 -22.1156 13.5499
    endloop
  endfacet
  facet normal 0.326543 0.326543 0.886983
    outer loop
      vertex -17.8191 -22.2032 13.6144
      vertex -22.1156 -17.7315 13.5499
      vertex -22.2032 -17.8191 13.6144
    endloop
  endfacet
  facet normal 0.706163 -0.708039 0.00364393
    outer loop
      vertex -21.3446 -16.9606 13.4545
      vertex -21.1593 -16.7753 13.5499
      vertex -21.441 -17.0569 13.4243
    endloop
  endfacet
  facet normal 0.714491 -0.699627 0.00489797
    outer loop
      vertex -22.6628 -18.2788 14.3238
      vertex -22.6173 -18.2332 14.2
      vertex -22.7006 -18.3165 14.4528
    endloop
  endfacet
  facet normal 0.212716 0.212716 0.953679
    outer loop
      vertex -21.9303 -17.5462 13.4545
      vertex -17.6404 -22.0244 13.4965
      vertex -17.5462 -21.9303 13.4545
    endloop
  endfacet
  facet normal 0.212716 0.212716 0.953679
    outer loop
      vertex -17.6404 -22.0244 13.4965
      vertex -21.9303 -17.5462 13.4545
      vertex -22.0244 -17.6404 13.4965
    endloop
  endfacet
  facet normal 0.153007 0.153007 0.976308
    outer loop
      vertex -21.8339 -17.4499 13.4243
      vertex -17.5462 -21.9303 13.4545
      vertex -17.4499 -21.8339 13.4243
    endloop
  endfacet
  facet normal 0.153007 0.153007 0.976308
    outer loop
      vertex -17.5462 -21.9303 13.4545
      vertex -21.8339 -17.4499 13.4243
      vertex -21.9303 -17.5462 13.4545
    endloop
  endfacet
  facet normal 0.707403 -0.706808 0.00189606
    outer loop
      vertex -21.8339 -17.4499 13.4243
      vertex -21.6375 -17.2534 13.4
      vertex -22.1156 -17.7315 13.5499
    endloop
  endfacet
  facet normal 0.0922054 0.0922054 0.991462
    outer loop
      vertex -21.7361 -17.352 13.4061
      vertex -17.4499 -21.8339 13.4243
      vertex -17.352 -21.7361 13.4061
    endloop
  endfacet
  facet normal 0.0922054 0.0922054 0.991462
    outer loop
      vertex -17.4499 -21.8339 13.4243
      vertex -21.7361 -17.352 13.4061
      vertex -21.8339 -17.4499 13.4243
    endloop
  endfacet
  facet normal -0.70958 0.704623 -0.00163315
    outer loop
      vertex -18.1802 -22.5642 14.0823
      vertex -18.2332 -22.6173 14.2
      vertex -18.3165 -22.7006 14.4528
    endloop
  endfacet
  facet normal -0.70656 0.707653 0.000592501
    outer loop
      vertex -17.9023 -22.2864 13.6894
      vertex -18.1201 -22.5041 13.9715
      vertex -18.1802 -22.5642 14.0823
    endloop
  endfacet
  facet normal -0.477781 -0.477781 0.737191
    outer loop
      vertex -20.8375 -16.4534 13.8686
      vertex -16.5262 -20.9102 13.7743
      vertex -16.4534 -20.8375 13.8686
    endloop
  endfacet
  facet normal -0.477781 -0.477781 0.737191
    outer loop
      vertex -16.5262 -20.9102 13.7743
      vertex -20.8375 -16.4534 13.8686
      vertex -20.9102 -16.5262 13.7743
    endloop
  endfacet
  facet normal -0.703001 0.711188 0.000763668
    outer loop
      vertex -18.3462 -22.7303 14.5859
      vertex -18.3676 -22.7516 14.7222
      vertex -18.3805 -22.7645 14.8605
    endloop
  endfacet
  facet normal 0.270495 0.270495 -0.92394
    outer loop
      vertex -17.8023 -22.0449 16.4501
      vertex -21.9537 -17.7111 16.5035
      vertex -17.7111 -21.9537 16.5035
    endloop
  endfacet
  facet normal 0.270495 0.270495 -0.92394
    outer loop
      vertex -21.9537 -17.7111 16.5035
      vertex -17.8023 -22.0449 16.4501
      vertex -22.0449 -17.8023 16.4501
    endloop
  endfacet
  facet normal 0.711188 -0.703001 0.000763668
    outer loop
      vertex -22.7516 -18.3676 14.7222
      vertex -22.7303 -18.3462 14.5859
      vertex -22.7645 -18.3805 14.8605
    endloop
  endfacet
  facet normal 0.701034 0.701034 0.130779
    outer loop
      vertex -22.7645 -18.3805 14.8605
      vertex -18.3676 -22.7516 14.7222
      vertex -22.7516 -18.3676 14.7222
    endloop
  endfacet
  facet normal 0.701034 0.701034 0.130779
    outer loop
      vertex -18.3676 -22.7516 14.7222
      vertex -22.7645 -18.3805 14.8605
      vertex -18.3805 -22.7645 14.8605
    endloop
  endfacet
  facet normal 0.707155 -0.707058 -0.000779009
    outer loop
      vertex -21.441 -17.0569 13.4243
      vertex -21.1593 -16.7753 13.5499
      vertex -21.6375 -17.2534 13.4
    endloop
  endfacet
  facet normal -0.702937 0.71118 -0.0100922
    outer loop
      vertex -16.6045 -20.9885 13.6894
      vertex -16.6877 -21.0718 13.6144
      vertex -16.7753 -21.1593 13.5499
    endloop
  endfacet
  facet normal -0.709581 0.704609 0.00458622
    outer loop
      vertex -16.4534 -20.8375 13.8686
      vertex -16.5262 -20.9102 13.7743
      vertex -16.6045 -20.9885 13.6894
    endloop
  endfacet
  facet normal -0.707107 0.707107 0
    outer loop
      vertex -17.9023 -22.2864 13.6894
      vertex -17.9806 -22.3647 13.7743
      vertex -18.0534 -22.4375 13.8686
    endloop
  endfacet
  facet normal 0.521417 0.521417 0.675461
    outer loop
      vertex -22.4375 -18.0534 13.8686
      vertex -18.1201 -22.5041 13.9715
      vertex -18.0534 -22.4375 13.8686
    endloop
  endfacet
  facet normal 0.521417 0.521417 0.675461
    outer loop
      vertex -18.1201 -22.5041 13.9715
      vertex -22.4375 -18.0534 13.8686
      vertex -22.5041 -18.1201 13.9715
    endloop
  endfacet
  facet normal -0.707275 0.706915 -0.00582144
    outer loop
      vertex -17.2534 -21.6375 13.4
      vertex -17.352 -21.7361 13.4061
      vertex -17.4499 -21.8339 13.4243
    endloop
  endfacet
  facet normal -0.703001 0.711188 -0.000763668
    outer loop
      vertex -16.1263 -20.5104 14.8605
      vertex -16.1392 -20.5233 14.7222
      vertex -16.1606 -20.5446 14.5859
    endloop
  endfacet
  facet normal -0.521239 -0.521239 0.675736
    outer loop
      vertex -20.7708 -16.3867 13.9715
      vertex -16.4534 -20.8375 13.8686
      vertex -16.3867 -20.7708 13.9715
    endloop
  endfacet
  facet normal -0.521239 -0.521239 0.675736
    outer loop
      vertex -16.4534 -20.8375 13.8686
      vertex -20.7708 -16.3867 13.9715
      vertex -20.8375 -16.4534 13.8686
    endloop
  endfacet
  facet normal 0.706915 -0.707275 -0.00582144
    outer loop
      vertex -21.7361 -17.352 13.4061
      vertex -21.6375 -17.2534 13.4
      vertex -21.8339 -17.4499 13.4243
    endloop
  endfacet
  facet normal 0.707107 -0.707107 0
    outer loop
      vertex -22.2032 -17.8191 13.6144
      vertex -22.1156 -17.7315 13.5499
      vertex -22.2864 -17.9023 13.6894
    endloop
  endfacet
  facet normal -0.707107 0.707107 0
    outer loop
      vertex -17.7315 -22.1156 13.5499
      vertex -17.8191 -22.2032 13.6144
      vertex -17.9023 -22.2864 13.6894
    endloop
  endfacet
  facet normal 0.707653 -0.70656 0.000592501
    outer loop
      vertex -22.5041 -18.1201 13.9715
      vertex -22.2864 -17.9023 13.6894
      vertex -22.5642 -18.1802 14.0823
    endloop
  endfacet
  facet normal 0.596274 0.596274 0.537508
    outer loop
      vertex -22.6173 -18.2332 14.2
      vertex -18.1802 -22.5642 14.0823
      vertex -22.5642 -18.1802 14.0823
    endloop
  endfacet
  facet normal 0.596274 0.596274 0.537508
    outer loop
      vertex -18.1802 -22.5642 14.0823
      vertex -22.6173 -18.2332 14.2
      vertex -18.2332 -22.6173 14.2
    endloop
  endfacet
  facet normal 0.706436 0.706436 0.0435509
    outer loop
      vertex -22.6981 -18.4555 15
      vertex -22.7645 -18.3805 14.8605
      vertex -22.7688 -18.3848 15
    endloop
  endfacet
  facet normal 0.706436 0.706436 0.0435509
    outer loop
      vertex -18.3805 -22.7645 14.8605
      vertex -22.6981 -18.4555 15
      vertex -18.4555 -22.6981 15
    endloop
  endfacet
  facet normal 0.706436 0.706436 0.0435509
    outer loop
      vertex -22.6981 -18.4555 15
      vertex -18.3805 -22.7645 14.8605
      vertex -22.7645 -18.3805 14.8605
    endloop
  endfacet
  facet normal 0.706436 0.706436 0.0435509
    outer loop
      vertex -18.3805 -22.7645 14.8605
      vertex -18.4555 -22.6981 15
      vertex -18.3848 -22.7688 15
    endloop
  endfacet
  facet normal 0.707107 -0.707107 0
    outer loop
      vertex -22.7645 -18.3805 14.8605
      vertex -22.7645 -18.3805 15
      vertex -22.7688 -18.3848 15
    endloop
  endfacet
  facet normal 0.690371 0.690371 0.216279
    outer loop
      vertex -22.7516 -18.3676 14.7222
      vertex -18.3462 -22.7303 14.5859
      vertex -22.7303 -18.3462 14.5859
    endloop
  endfacet
  facet normal 0.690371 0.690371 0.216279
    outer loop
      vertex -18.3462 -22.7303 14.5859
      vertex -22.7516 -18.3676 14.7222
      vertex -18.3676 -22.7516 14.7222
    endloop
  endfacet
  facet normal 0.0308077 0.0308077 -0.99905
    outer loop
      vertex -21.6427 -17.4 16.5953
      vertex -17.4 -21.6427 16.5953
      vertex -17.4227 -21.6654 16.5939
    endloop
  endfacet
  facet normal 0.0309322 0.0309322 -0.999043
    outer loop
      vertex -17.4 -21.6427 16.5953
      vertex -21.5668 -17.3241 16.6
      vertex -17.3241 -21.5668 16.6
    endloop
  endfacet
  facet normal 0.0309322 0.0309322 -0.999043
    outer loop
      vertex -17.4 -21.6427 16.5953
      vertex -21.6427 -17.4 16.5953
      vertex -21.5668 -17.3241 16.6
    endloop
  endfacet
  facet normal 0.0308077 0.0308077 -0.99905
    outer loop
      vertex -21.6427 -17.4 16.5953
      vertex -17.4227 -21.6654 16.5939
      vertex -21.6654 -17.4227 16.5939
    endloop
  endfacet
  facet normal -0.0919722 -0.0919722 -0.991505
    outer loop
      vertex -21.3798 -17.1371 16.5775
      vertex -17.1371 -21.3798 16.5775
      vertex -17.2255 -21.4682 16.5939
    endloop
  endfacet
  facet normal -0.0943858 -0.0943858 -0.991051
    outer loop
      vertex -17.1371 -21.3798 16.5775
      vertex -21.3798 -17.1371 16.5775
      vertex -17.1277 -21.3703 16.5757
    endloop
  endfacet
  facet normal -0.0943858 -0.0943858 -0.991051
    outer loop
      vertex -17.1277 -21.3703 16.5757
      vertex -21.3798 -17.1371 16.5775
      vertex -21.3703 -17.1277 16.5757
    endloop
  endfacet
  facet normal -0.0919722 -0.0919722 -0.991505
    outer loop
      vertex -21.3798 -17.1371 16.5775
      vertex -17.2255 -21.4682 16.5939
      vertex -21.4682 -17.2255 16.5939
    endloop
  endfacet
  facet normal -0.153704 -0.153704 -0.976089
    outer loop
      vertex -21.3086 -17.0659 16.5563
      vertex -17.0659 -21.3086 16.5563
      vertex -17.1031 -21.3457 16.568
    endloop
  endfacet
  facet normal -0.152806 -0.152806 -0.976371
    outer loop
      vertex -21.3457 -17.1031 16.568
      vertex -17.1031 -21.3457 16.568
      vertex -17.1277 -21.3703 16.5757
    endloop
  endfacet
  facet normal -0.152192 -0.152192 -0.976563
    outer loop
      vertex -17.0659 -21.3086 16.5563
      vertex -21.3086 -17.0659 16.5563
      vertex -17.0313 -21.2739 16.5455
    endloop
  endfacet
  facet normal -0.152192 -0.152192 -0.976563
    outer loop
      vertex -17.0313 -21.2739 16.5455
      vertex -21.3086 -17.0659 16.5563
      vertex -21.2739 -17.0313 16.5455
    endloop
  endfacet
  facet normal -0.153704 -0.153704 -0.976089
    outer loop
      vertex -17.1031 -21.3457 16.568
      vertex -21.3457 -17.1031 16.568
      vertex -21.3086 -17.0659 16.5563
    endloop
  endfacet
  facet normal -0.152806 -0.152806 -0.976371
    outer loop
      vertex -21.3457 -17.1031 16.568
      vertex -17.1277 -21.3703 16.5757
      vertex -21.3703 -17.1277 16.5757
    endloop
  endfacet
  facet normal -0.32669 -0.32669 0.886875
    outer loop
      vertex -21.0718 -16.6877 13.6144
      vertex -16.7753 -21.1593 13.5499
      vertex -16.6877 -21.0718 13.6144
    endloop
  endfacet
  facet normal -0.32669 -0.32669 0.886875
    outer loop
      vertex -16.7753 -21.1593 13.5499
      vertex -21.0718 -16.6877 13.6144
      vertex -21.1593 -16.7753 13.5499
    endloop
  endfacet
  facet normal 0.153007 0.153007 -0.976308
    outer loop
      vertex -17.6169 -21.8596 16.5455
      vertex -21.7632 -17.5206 16.5757
      vertex -17.5206 -21.7632 16.5757
    endloop
  endfacet
  facet normal 0.153007 0.153007 -0.976308
    outer loop
      vertex -21.7632 -17.5206 16.5757
      vertex -17.6169 -21.8596 16.5455
      vertex -21.8596 -17.6169 16.5455
    endloop
  endfacet
  facet normal 0.0309035 0.0309035 0.999045
    outer loop
      vertex -21.6375 -17.2534 13.4
      vertex -17.352 -21.7361 13.4061
      vertex -17.2534 -21.6375 13.4
    endloop
  endfacet
  facet normal 0.0309035 0.0309035 0.999045
    outer loop
      vertex -17.352 -21.7361 13.4061
      vertex -21.6375 -17.2534 13.4
      vertex -21.7361 -17.352 13.4061
    endloop
  endfacet
  facet normal 0.477603 0.477603 -0.737422
    outer loop
      vertex -18.1241 -22.3668 16.1314
      vertex -22.294 -18.0513 16.2257
      vertex -18.0513 -22.294 16.2257
    endloop
  endfacet
  facet normal 0.477603 0.477603 -0.737422
    outer loop
      vertex -22.294 -18.0513 16.2257
      vertex -18.1241 -22.3668 16.1314
      vertex -22.3668 -18.1241 16.1314
    endloop
  endfacet
  facet normal 0.67443 0.67443 -0.300479
    outer loop
      vertex -18.3873 -22.6299 15.5472
      vertex -22.6596 -18.4169 15.4141
      vertex -22.6299 -18.3873 15.5472
    endloop
  endfacet
  facet normal 0.67443 0.67443 -0.300479
    outer loop
      vertex -22.6596 -18.4169 15.4141
      vertex -18.3873 -22.6299 15.5472
      vertex -18.4169 -22.6596 15.4141
    endloop
  endfacet
  facet normal 0.627271 0.627271 -0.461586
    outer loop
      vertex -18.3039 -22.5466 15.8
      vertex -22.5921 -18.3495 15.6762
      vertex -22.5466 -18.3039 15.8
    endloop
  endfacet
  facet normal 0.627271 0.627271 -0.461586
    outer loop
      vertex -22.5921 -18.3495 15.6762
      vertex -18.3039 -22.5466 15.8
      vertex -18.3495 -22.5921 15.6762
    endloop
  endfacet
  facet normal 0.596274 0.596274 -0.537508
    outer loop
      vertex -18.2509 -22.4935 15.9177
      vertex -22.5466 -18.3039 15.8
      vertex -22.4935 -18.2509 15.9177
    endloop
  endfacet
  facet normal 0.596274 0.596274 -0.537508
    outer loop
      vertex -22.5466 -18.3039 15.8
      vertex -18.2509 -22.4935 15.9177
      vertex -18.3039 -22.5466 15.8
    endloop
  endfacet
  facet normal 0.708119 -0.706092 -0.00131361
    outer loop
      vertex -20.8375 -16.4534 13.8686
      vertex -20.7708 -16.3867 13.9715
      vertex -20.9885 -16.6045 13.6894
    endloop
  endfacet
  facet normal -0.674328 -0.674328 0.30094
    outer loop
      vertex -20.5743 -16.1903 14.4528
      vertex -16.1606 -20.5446 14.5859
      vertex -20.5446 -16.1606 14.5859
    endloop
  endfacet
  facet normal -0.674328 -0.674328 0.30094
    outer loop
      vertex -16.1606 -20.5446 14.5859
      vertex -20.5743 -16.1903 14.4528
      vertex -16.1903 -20.5743 14.4528
    endloop
  endfacet
  facet normal 0.707653 -0.70656 -0.000592501
    outer loop
      vertex -20.7708 -16.3867 13.9715
      vertex -20.7107 -16.3266 14.0823
      vertex -20.9885 -16.6045 13.6894
    endloop
  endfacet
  facet normal 0.561048 0.561048 0.608646
    outer loop
      vertex -22.5041 -18.1201 13.9715
      vertex -18.1802 -22.5642 14.0823
      vertex -18.1201 -22.5041 13.9715
    endloop
  endfacet
  facet normal 0.561048 0.561048 0.608646
    outer loop
      vertex -18.1802 -22.5642 14.0823
      vertex -22.5041 -18.1201 13.9715
      vertex -22.5642 -18.1802 14.0823
    endloop
  endfacet
  facet normal 0.430241 0.430241 0.79359
    outer loop
      vertex -22.2864 -17.9023 13.6894
      vertex -17.9806 -22.3647 13.7743
      vertex -17.9023 -22.2864 13.6894
    endloop
  endfacet
  facet normal 0.430241 0.430241 0.79359
    outer loop
      vertex -17.9806 -22.3647 13.7743
      vertex -22.2864 -17.9023 13.6894
      vertex -22.3647 -17.9806 13.7743
    endloop
  endfacet
  facet normal -0.708859 0.705344 -0.00296415
    outer loop
      vertex -17.9023 -22.2864 13.6894
      vertex -18.0534 -22.4375 13.8686
      vertex -18.1201 -22.5041 13.9715
    endloop
  endfacet
  facet normal -0.708414 0.705797 0.000583857
    outer loop
      vertex -16.1263 -20.5104 14.8605
      vertex -16.1606 -20.5446 14.5859
      vertex -16.1903 -20.5743 14.4528
    endloop
  endfacet
  facet normal -0.707107 0.707107 0
    outer loop
      vertex -16.1263 -20.5104 15
      vertex -16.122 -20.5061 15
      vertex -16.1263 -20.5104 14.8605
    endloop
  endfacet
  facet normal -0.270549 -0.270549 -0.923908
    outer loop
      vertex -16.9227 -21.1654 16.4951
      vertex -21.1242 -16.8816 16.471
      vertex -16.8816 -21.1242 16.471
    endloop
  endfacet
  facet normal -0.268832 -0.268832 -0.92491
    outer loop
      vertex -21.1654 -16.9227 16.4951
      vertex -16.9227 -21.1654 16.4951
      vertex -16.9372 -21.1798 16.5035
    endloop
  endfacet
  facet normal -0.270549 -0.270549 -0.923908
    outer loop
      vertex -16.9227 -21.1654 16.4951
      vertex -21.1654 -16.9227 16.4951
      vertex -21.1242 -16.8816 16.471
    endloop
  endfacet
  facet normal -0.268832 -0.268832 -0.92491
    outer loop
      vertex -21.1654 -16.9227 16.4951
      vertex -16.9372 -21.1798 16.5035
      vertex -21.1798 -16.9372 16.5035
    endloop
  endfacet
  facet normal 0.705797 -0.708414 0.000583857
    outer loop
      vertex -20.5446 -16.1606 14.5859
      vertex -20.5104 -16.1263 14.8605
      vertex -20.5743 -16.1903 14.4528
    endloop
  endfacet
  facet normal -0.690371 -0.690371 0.216279
    outer loop
      vertex -16.1606 -20.5446 14.5859
      vertex -20.5233 -16.1392 14.7222
      vertex -20.5446 -16.1606 14.5859
    endloop
  endfacet
  facet normal -0.690371 -0.690371 0.216279
    outer loop
      vertex -20.5233 -16.1392 14.7222
      vertex -16.1606 -20.5446 14.5859
      vertex -16.1392 -20.5233 14.7222
    endloop
  endfacet
  facet normal 0.708265 -0.705946 -0.00104447
    outer loop
      vertex -20.6577 -16.2736 14.2
      vertex -20.5743 -16.1903 14.4528
      vertex -20.7107 -16.3266 14.0823
    endloop
  endfacet
  facet normal 0.706163 -0.708039 -0.00364393
    outer loop
      vertex -21.9303 -17.5462 13.4545
      vertex -21.8339 -17.4499 13.4243
      vertex -22.1156 -17.7315 13.5499
    endloop
  endfacet
  facet normal 0.380075 0.380075 0.843259
    outer loop
      vertex -22.2032 -17.8191 13.6144
      vertex -17.9023 -22.2864 13.6894
      vertex -17.8191 -22.2032 13.6144
    endloop
  endfacet
  facet normal 0.380075 0.380075 0.843259
    outer loop
      vertex -17.9023 -22.2864 13.6894
      vertex -22.2032 -17.8191 13.6144
      vertex -22.2864 -17.9023 13.6894
    endloop
  endfacet
  facet normal 0.653366 0.653366 0.382396
    outer loop
      vertex -22.7006 -18.3165 14.4528
      vertex -18.2788 -22.6628 14.3238
      vertex -22.6628 -18.2788 14.3238
    endloop
  endfacet
  facet normal 0.653366 0.653366 0.382396
    outer loop
      vertex -18.2788 -22.6628 14.3238
      vertex -22.7006 -18.3165 14.4528
      vertex -18.3165 -22.7006 14.4528
    endloop
  endfacet
  facet normal 0.704623 -0.70958 -0.00163315
    outer loop
      vertex -22.6173 -18.2332 14.2
      vertex -22.5642 -18.1802 14.0823
      vertex -22.7006 -18.3165 14.4528
    endloop
  endfacet
  facet normal -0.214407 -0.214407 -0.952921
    outer loop
      vertex -21.2679 -17.0253 16.5428
      vertex -17.0253 -21.2679 16.5428
      vertex -17.0313 -21.2739 16.5455
    endloop
  endfacet
  facet normal -0.212909 -0.212909 -0.953593
    outer loop
      vertex -17.0253 -21.2679 16.5428
      vertex -21.2202 -16.9776 16.5215
      vertex -16.9776 -21.2202 16.5215
    endloop
  endfacet
  facet normal -0.212477 -0.212477 -0.953786
    outer loop
      vertex -16.9776 -21.2202 16.5215
      vertex -21.2202 -16.9776 16.5215
      vertex -16.9372 -21.1798 16.5035
    endloop
  endfacet
  facet normal -0.212477 -0.212477 -0.953786
    outer loop
      vertex -16.9372 -21.1798 16.5035
      vertex -21.2202 -16.9776 16.5215
      vertex -21.1798 -16.9372 16.5035
    endloop
  endfacet
  facet normal -0.212909 -0.212909 -0.953593
    outer loop
      vertex -17.0253 -21.2679 16.5428
      vertex -21.2679 -17.0253 16.5428
      vertex -21.2202 -16.9776 16.5215
    endloop
  endfacet
  facet normal -0.214407 -0.214407 -0.952921
    outer loop
      vertex -21.2679 -17.0253 16.5428
      vertex -17.0313 -21.2739 16.5455
      vertex -21.2739 -17.0313 16.5455
    endloop
  endfacet
  facet normal 0.0922054 0.0922054 -0.991462
    outer loop
      vertex -17.5206 -21.7632 16.5757
      vertex -21.6654 -17.4227 16.5939
      vertex -17.4227 -21.6654 16.5939
    endloop
  endfacet
  facet normal 0.0922054 0.0922054 -0.991462
    outer loop
      vertex -21.6654 -17.4227 16.5939
      vertex -17.5206 -21.7632 16.5757
      vertex -21.7632 -17.5206 16.5757
    endloop
  endfacet
  facet normal 0.212716 0.212716 -0.953679
    outer loop
      vertex -17.7111 -21.9537 16.5035
      vertex -21.8596 -17.6169 16.5455
      vertex -17.6169 -21.8596 16.5455
    endloop
  endfacet
  facet normal 0.212716 0.212716 -0.953679
    outer loop
      vertex -21.8596 -17.6169 16.5455
      vertex -17.7111 -21.9537 16.5035
      vertex -21.9537 -17.7111 16.5035
    endloop
  endfacet
  facet normal 0.690371 0.690371 -0.216279
    outer loop
      vertex -18.4383 -22.6809 15.2778
      vertex -22.6596 -18.4169 15.4141
      vertex -18.4169 -22.6596 15.4141
    endloop
  endfacet
  facet normal 0.690371 0.690371 -0.216279
    outer loop
      vertex -22.6596 -18.4169 15.4141
      vertex -18.4383 -22.6809 15.2778
      vertex -22.6809 -18.4383 15.2778
    endloop
  endfacet
  facet normal 0.653239 0.653239 -0.382828
    outer loop
      vertex -18.3873 -22.6299 15.5472
      vertex -22.5921 -18.3495 15.6762
      vertex -18.3495 -22.5921 15.6762
    endloop
  endfacet
  facet normal 0.653239 0.653239 -0.382828
    outer loop
      vertex -22.5921 -18.3495 15.6762
      vertex -18.3873 -22.6299 15.5472
      vertex -22.6299 -18.3873 15.5472
    endloop
  endfacet
  facet normal 0.561048 0.561048 -0.608646
    outer loop
      vertex -18.2509 -22.4935 15.9177
      vertex -22.4334 -18.1908 16.0285
      vertex -18.1908 -22.4334 16.0285
    endloop
  endfacet
  facet normal 0.561048 0.561048 -0.608646
    outer loop
      vertex -22.4334 -18.1908 16.0285
      vertex -18.2509 -22.4935 15.9177
      vertex -22.4935 -18.2509 15.9177
    endloop
  endfacet
  facet normal 0.326837 0.326837 -0.886767
    outer loop
      vertex -17.8898 -22.1324 16.3856
      vertex -22.0449 -17.8023 16.4501
      vertex -17.8023 -22.0449 16.4501
    endloop
  endfacet
  facet normal 0.326837 0.326837 -0.886767
    outer loop
      vertex -22.0449 -17.8023 16.4501
      vertex -17.8898 -22.1324 16.3856
      vertex -22.1324 -17.8898 16.3856
    endloop
  endfacet
  facet normal 0.477603 0.477603 0.737422
    outer loop
      vertex -22.3647 -17.9806 13.7743
      vertex -18.0534 -22.4375 13.8686
      vertex -17.9806 -22.3647 13.7743
    endloop
  endfacet
  facet normal 0.477603 0.477603 0.737422
    outer loop
      vertex -18.0534 -22.4375 13.8686
      vertex -22.3647 -17.9806 13.7743
      vertex -22.4375 -18.0534 13.8686
    endloop
  endfacet
  facet normal -0.707091 0.707122 0.000168518
    outer loop
      vertex -18.3805 -22.7645 14.8605
      vertex -16.1263 -20.5104 14.8605
      vertex -16.1903 -20.5743 14.4528
    endloop
  endfacet
  facet normal -0.707123 0.70709 1.80438e-05
    outer loop
      vertex -18.3165 -22.7006 14.4528
      vertex -16.1903 -20.5743 14.4528
      vertex -16.6045 -20.9885 13.6894
    endloop
  endfacet
  facet normal -0.707134 0.70708 6.67074e-05
    outer loop
      vertex -17.9023 -22.2864 13.6894
      vertex -16.6045 -20.9885 13.6894
      vertex -16.7753 -21.1593 13.5499
    endloop
  endfacet
  facet normal -0.707144 0.70707 -0.000235847
    outer loop
      vertex -17.7315 -22.1156 13.5499
      vertex -16.7753 -21.1593 13.5499
      vertex -17.2534 -21.6375 13.4
    endloop
  endfacet
  facet normal -0.707144 0.70707 -9.05372e-05
    outer loop
      vertex -16.7753 -21.1593 13.5499
      vertex -17.7315 -22.1156 13.5499
      vertex -17.9023 -22.2864 13.6894
    endloop
  endfacet
  facet normal -0.707134 0.70708 -2.9561e-05
    outer loop
      vertex -16.6045 -20.9885 13.6894
      vertex -17.9023 -22.2864 13.6894
      vertex -18.3165 -22.7006 14.4528
    endloop
  endfacet
  facet normal -0.707123 0.70709 -0.000178654
    outer loop
      vertex -18.3805 -22.7645 14.8605
      vertex -16.1903 -20.5743 14.4528
      vertex -18.3165 -22.7006 14.4528
    endloop
  endfacet
  facet normal -0.707091 0.707122 0
    outer loop
      vertex -16.1263 -20.5104 14.8605
      vertex -18.3805 -22.7645 14.8605
      vertex -16.1263 -20.5104 15
    endloop
  endfacet
  facet normal -0.707091 0.707122 0
    outer loop
      vertex -16.1263 -20.5104 15
      vertex -18.3805 -22.7645 14.8605
      vertex -18.3805 -22.7645 15
    endloop
  endfacet
  facet normal -0.70656 0.707653 -0.000593224
    outer loop
      vertex -16.1903 -20.5743 14.4528
      vertex -16.3266 -20.7107 14.0823
      vertex -16.6045 -20.9885 13.6894
    endloop
  endfacet
  facet normal 0.711188 -0.703001 -0.000763668
    outer loop
      vertex -20.5233 -16.1392 14.7222
      vertex -20.5104 -16.1263 14.8605
      vertex -20.5446 -16.1606 14.5859
    endloop
  endfacet
  facet normal 0.270622 0.270622 0.923865
    outer loop
      vertex -22.0244 -17.6404 13.4965
      vertex -17.7315 -22.1156 13.5499
      vertex -17.6404 -22.0244 13.4965
    endloop
  endfacet
  facet normal 0.270622 0.270622 0.923865
    outer loop
      vertex -17.7315 -22.1156 13.5499
      vertex -22.0244 -17.6404 13.4965
      vertex -22.1156 -17.7315 13.5499
    endloop
  endfacet
  facet normal 0.709871 -0.704247 0.0109245
    outer loop
      vertex -22.0244 -17.6404 13.4965
      vertex -21.9303 -17.5462 13.4545
      vertex -22.1156 -17.7315 13.5499
    endloop
  endfacet
  facet normal 0.627271 0.627271 0.461586
    outer loop
      vertex -22.6628 -18.2788 14.3238
      vertex -18.2332 -22.6173 14.2
      vertex -22.6173 -18.2332 14.2
    endloop
  endfacet
  facet normal 0.627271 0.627271 0.461586
    outer loop
      vertex -18.2332 -22.6173 14.2
      vertex -22.6628 -18.2788 14.3238
      vertex -18.2788 -22.6628 14.3238
    endloop
  endfacet
  facet normal -0.708039 0.706163 0.00364393
    outer loop
      vertex -16.7753 -21.1593 13.5499
      vertex -16.9606 -21.3446 13.4545
      vertex -17.0569 -21.441 13.4243
    endloop
  endfacet
  facet normal -0.707058 0.707155 -0.000779009
    outer loop
      vertex -16.7753 -21.1593 13.5499
      vertex -17.0569 -21.441 13.4243
      vertex -17.2534 -21.6375 13.4
    endloop
  endfacet
  facet normal -0.596436 -0.596436 0.537147
    outer loop
      vertex -20.7107 -16.3266 14.0823
      vertex -16.2736 -20.6577 14.2
      vertex -20.6577 -16.2736 14.2
    endloop
  endfacet
  facet normal -0.596436 -0.596436 0.537147
    outer loop
      vertex -16.2736 -20.6577 14.2
      vertex -20.7107 -16.3266 14.0823
      vertex -16.3266 -20.7107 14.0823
    endloop
  endfacet
  facet normal -0.70656 0.707653 -0.000592501
    outer loop
      vertex -16.3266 -20.7107 14.0823
      vertex -16.3867 -20.7708 13.9715
      vertex -16.6045 -20.9885 13.6894
    endloop
  endfacet
  facet normal -0.705946 0.708265 -0.00104447
    outer loop
      vertex -16.1903 -20.5743 14.4528
      vertex -16.2736 -20.6577 14.2
      vertex -16.3266 -20.7107 14.0823
    endloop
  endfacet
  facet normal 0.707653 -0.70656 -0.000593224
    outer loop
      vertex -20.7107 -16.3266 14.0823
      vertex -20.5743 -16.1903 14.4528
      vertex -20.9885 -16.6045 13.6894
    endloop
  endfacet
  facet normal -0.701034 -0.701034 0.130779
    outer loop
      vertex -20.5233 -16.1392 14.7222
      vertex -16.1263 -20.5104 14.8605
      vertex -20.5104 -16.1263 14.8605
    endloop
  endfacet
  facet normal -0.701034 -0.701034 0.130779
    outer loop
      vertex -16.1263 -20.5104 14.8605
      vertex -20.5233 -16.1392 14.7222
      vertex -16.1392 -20.5233 14.7222
    endloop
  endfacet
  facet normal 0.701043 0.701043 -0.130686
    outer loop
      vertex -18.4383 -22.6809 15.2778
      vertex -22.6938 -18.4512 15.1394
      vertex -22.6809 -18.4383 15.2778
    endloop
  endfacet
  facet normal 0.701043 0.701043 -0.130686
    outer loop
      vertex -22.6938 -18.4512 15.1394
      vertex -18.4383 -22.6809 15.2778
      vertex -18.4512 -22.6938 15.1394
    endloop
  endfacet
  facet normal -0.212819 -0.212819 0.953633
    outer loop
      vertex -21.2505 -16.8665 13.4965
      vertex -16.9606 -21.3446 13.4545
      vertex -16.8665 -21.2505 13.4965
    endloop
  endfacet
  facet normal -0.212819 -0.212819 0.953633
    outer loop
      vertex -16.9606 -21.3446 13.4545
      vertex -21.2505 -16.8665 13.4965
      vertex -21.3446 -16.9606 13.4545
    endloop
  endfacet
  facet normal -0.379912 -0.379912 0.843406
    outer loop
      vertex -20.9885 -16.6045 13.6894
      vertex -16.6877 -21.0718 13.6144
      vertex -16.6045 -20.9885 13.6894
    endloop
  endfacet
  facet normal -0.379912 -0.379912 0.843406
    outer loop
      vertex -16.6877 -21.0718 13.6144
      vertex -20.9885 -16.6045 13.6894
      vertex -21.0718 -16.6877 13.6144
    endloop
  endfacet
  facet normal -0.0309035 -0.0309035 0.999045
    outer loop
      vertex -21.5389 -17.1548 13.4061
      vertex -17.2534 -21.6375 13.4
      vertex -17.1548 -21.5389 13.4061
    endloop
  endfacet
  facet normal -0.0309035 -0.0309035 0.999045
    outer loop
      vertex -17.2534 -21.6375 13.4
      vertex -21.5389 -17.1548 13.4061
      vertex -21.6375 -17.2534 13.4
    endloop
  endfacet
  facet normal -0.707107 0.707107 0
    outer loop
      vertex -17.0569 -21.441 13.4243
      vertex -17.1548 -21.5389 13.4061
      vertex -17.2534 -21.6375 13.4
    endloop
  endfacet
  facet normal -0.706092 0.708119 -0.00131361
    outer loop
      vertex -16.3867 -20.7708 13.9715
      vertex -16.4534 -20.8375 13.8686
      vertex -16.6045 -20.9885 13.6894
    endloop
  endfacet
  facet normal -0.561048 -0.561048 0.608646
    outer loop
      vertex -20.7107 -16.3266 14.0823
      vertex -16.3867 -20.7708 13.9715
      vertex -16.3266 -20.7107 14.0823
    endloop
  endfacet
  facet normal -0.561048 -0.561048 0.608646
    outer loop
      vertex -16.3867 -20.7708 13.9715
      vertex -20.7107 -16.3266 14.0823
      vertex -20.7708 -16.3867 13.9715
    endloop
  endfacet
  facet normal 0.710715 -0.703475 -0.00266707
    outer loop
      vertex -20.6121 -16.228 14.3238
      vertex -20.5743 -16.1903 14.4528
      vertex -20.6577 -16.2736 14.2
    endloop
  endfacet
  facet normal -0.627124 -0.627124 0.461985
    outer loop
      vertex -20.6577 -16.2736 14.2
      vertex -16.228 -20.6121 14.3238
      vertex -20.6121 -16.228 14.3238
    endloop
  endfacet
  facet normal -0.627124 -0.627124 0.461985
    outer loop
      vertex -16.228 -20.6121 14.3238
      vertex -20.6577 -16.2736 14.2
      vertex -16.2736 -20.6577 14.2
    endloop
  endfacet
  facet normal -0.703475 0.710715 -0.00266707
    outer loop
      vertex -16.1903 -20.5743 14.4528
      vertex -16.228 -20.6121 14.3238
      vertex -16.2736 -20.6577 14.2
    endloop
  endfacet
  facet normal -0.153007 -0.153007 0.976308
    outer loop
      vertex -21.3446 -16.9606 13.4545
      vertex -17.0569 -21.441 13.4243
      vertex -16.9606 -21.3446 13.4545
    endloop
  endfacet
  facet normal -0.153007 -0.153007 0.976308
    outer loop
      vertex -17.0569 -21.441 13.4243
      vertex -21.3446 -16.9606 13.4545
      vertex -21.441 -17.0569 13.4243
    endloop
  endfacet
  facet normal 0.707122 -0.707091 0
    outer loop
      vertex -22.7645 -18.3805 14.8605
      vertex -20.5104 -16.1263 14.8605
      vertex -20.5104 -16.1263 15
    endloop
  endfacet
  facet normal 0.707122 -0.707091 0.000168518
    outer loop
      vertex -20.5104 -16.1263 14.8605
      vertex -22.7645 -18.3805 14.8605
      vertex -20.5743 -16.1903 14.4528
    endloop
  endfacet
  facet normal 0.70709 -0.707123 1.80438e-05
    outer loop
      vertex -20.5743 -16.1903 14.4528
      vertex -22.7006 -18.3165 14.4528
      vertex -20.9885 -16.6045 13.6894
    endloop
  endfacet
  facet normal 0.70708 -0.707134 -2.9561e-05
    outer loop
      vertex -22.2864 -17.9023 13.6894
      vertex -20.9885 -16.6045 13.6894
      vertex -22.7006 -18.3165 14.4528
    endloop
  endfacet
  facet normal 0.70707 -0.707144 -9.05372e-05
    outer loop
      vertex -22.1156 -17.7315 13.5499
      vertex -21.1593 -16.7753 13.5499
      vertex -22.2864 -17.9023 13.6894
    endloop
  endfacet
  facet normal 0.70707 -0.707144 -0.000235847
    outer loop
      vertex -21.1593 -16.7753 13.5499
      vertex -22.1156 -17.7315 13.5499
      vertex -21.6375 -17.2534 13.4
    endloop
  endfacet
  facet normal 0.70708 -0.707134 6.67074e-05
    outer loop
      vertex -20.9885 -16.6045 13.6894
      vertex -22.2864 -17.9023 13.6894
      vertex -21.1593 -16.7753 13.5499
    endloop
  endfacet
  facet normal 0.707122 -0.707091 0
    outer loop
      vertex -22.7645 -18.3805 14.8605
      vertex -20.5104 -16.1263 15
      vertex -22.7645 -18.3805 15
    endloop
  endfacet
  facet normal 0.70709 -0.707123 -0.000178654
    outer loop
      vertex -20.5743 -16.1903 14.4528
      vertex -22.7645 -18.3805 14.8605
      vertex -22.7006 -18.3165 14.4528
    endloop
  endfacet
  facet normal 0.707107 -0.707107 0
    outer loop
      vertex -21.2505 -16.8665 13.4965
      vertex -21.1593 -16.7753 13.5499
      vertex -21.3446 -16.9606 13.4545
    endloop
  endfacet
  facet normal -0.653366 -0.653366 0.382396
    outer loop
      vertex -16.228 -20.6121 14.3238
      vertex -20.5743 -16.1903 14.4528
      vertex -20.6121 -16.228 14.3238
    endloop
  endfacet
  facet normal -0.653366 -0.653366 0.382396
    outer loop
      vertex -20.5743 -16.1903 14.4528
      vertex -16.228 -20.6121 14.3238
      vertex -16.1903 -20.5743 14.4528
    endloop
  endfacet
  facet normal -0.0921591 -0.0921591 0.99147
    outer loop
      vertex -21.441 -17.0569 13.4243
      vertex -17.1548 -21.5389 13.4061
      vertex -17.0569 -21.441 13.4243
    endloop
  endfacet
  facet normal -0.0921591 -0.0921591 0.99147
    outer loop
      vertex -17.1548 -21.5389 13.4061
      vertex -21.441 -17.0569 13.4243
      vertex -21.5389 -17.1548 13.4061
    endloop
  endfacet
  facet normal 0.707107 -0.707107 0
    outer loop
      vertex -21.5389 -17.1548 13.4061
      vertex -21.441 -17.0569 13.4243
      vertex -21.6375 -17.2534 13.4
    endloop
  endfacet
  facet normal -0.270495 -0.270495 0.92394
    outer loop
      vertex -21.1593 -16.7753 13.5499
      vertex -16.8665 -21.2505 13.4965
      vertex -16.7753 -21.1593 13.5499
    endloop
  endfacet
  facet normal -0.270495 -0.270495 0.92394
    outer loop
      vertex -16.8665 -21.2505 13.4965
      vertex -21.1593 -16.7753 13.5499
      vertex -21.2505 -16.8665 13.4965
    endloop
  endfacet
  facet normal 0 -0.793768 0.608221
    outer loop
      vertex -3.1 -26.2743 13.9715
      vertex 3.1 -26.1894 14.0823
      vertex -3.1 -26.1894 14.0823
    endloop
  endfacet
  facet normal 0 -0.793768 0.608221
    outer loop
      vertex 3.1 -26.1894 14.0823
      vertex -3.1 -26.2743 13.9715
      vertex 3.1 -26.2743 13.9715
    endloop
  endfacet
  facet normal 0 0.999044 -0.0437171
    outer loop
      vertex 3 -29.1 15
      vertex -3 -29.0939 15.1394
      vertex 3 -29.0939 15.1394
    endloop
  endfacet
  facet normal 0 0.999044 -0.0437171
    outer loop
      vertex -3 -29.0939 15.1394
      vertex 3 -29.1 15
      vertex -3 -29.1 15
    endloop
  endfacet
  facet normal 0 0.300926 -0.953648
    outer loop
      vertex -3 -28.0472 16.5035
      vertex 3 -27.9141 16.5455
      vertex 3 -28.0472 16.5035
    endloop
  endfacet
  facet normal 0 0.300926 -0.953648
    outer loop
      vertex 3 -27.9141 16.5455
      vertex -3 -28.0472 16.5035
      vertex -3 -27.9141 16.5455
    endloop
  endfacet
  facet normal -0 0.300926 0.953648
    outer loop
      vertex -3.1 -27.9141 13.4545
      vertex 3.1 -28.0472 13.4965
      vertex 3.1 -27.9141 13.4545
    endloop
  endfacet
  facet normal 0 0.300926 0.953648
    outer loop
      vertex 3.1 -28.0472 13.4965
      vertex -3.1 -27.9141 13.4545
      vertex -3.1 -28.0472 13.4965
    endloop
  endfacet
  facet normal 0 0.793768 0.608221
    outer loop
      vertex 3.1 -28.7257 13.9715
      vertex -3.1 -28.8106 14.0823
      vertex 3.1 -28.8106 14.0823
    endloop
  endfacet
  facet normal 0 0.793768 0.608221
    outer loop
      vertex -3.1 -28.8106 14.0823
      vertex 3.1 -28.7257 13.9715
      vertex -3.1 -28.7257 13.9715
    endloop
  endfacet
  facet normal 0 -0.216324 0.976322
    outer loop
      vertex -3.1 -27.0859 13.4545
      vertex 3.1 -27.2222 13.4243
      vertex 3.1 -27.0859 13.4545
    endloop
  endfacet
  facet normal 0 -0.216324 0.976322
    outer loop
      vertex 3.1 -27.2222 13.4243
      vertex -3.1 -27.0859 13.4545
      vertex -3.1 -27.2222 13.4243
    endloop
  endfacet
  facet normal 0 0.976322 -0.216324
    outer loop
      vertex 3 -29.0757 15.2778
      vertex -3 -29.0455 15.4141
      vertex 3 -29.0455 15.4141
    endloop
  endfacet
  facet normal 0 0.976322 -0.216324
    outer loop
      vertex -3 -29.0455 15.4141
      vertex 3 -29.0757 15.2778
      vertex -3 -29.0757 15.2778
    endloop
  endfacet
  facet normal 0 0.991452 0.130473
    outer loop
      vertex 3.1 -29.0757 14.7222
      vertex -3.1 -29.0939 14.8605
      vertex 3.1 -29.0939 14.8605
    endloop
  endfacet
  facet normal 0 0.991452 0.130473
    outer loop
      vertex -3.1 -29.0939 14.8605
      vertex 3.1 -29.0757 14.7222
      vertex -3.1 -29.0757 14.7222
    endloop
  endfacet
  facet normal 0 -0.953648 0.300926
    outer loop
      vertex -3.1 -25.9965 14.4528
      vertex 3.1 -25.9545 14.5859
      vertex -3.1 -25.9545 14.5859
    endloop
  endfacet
  facet normal 0 -0.953648 0.300926
    outer loop
      vertex 3.1 -25.9545 14.5859
      vertex -3.1 -25.9965 14.4528
      vertex 3.1 -25.9965 14.4528
    endloop
  endfacet
  facet normal -0 0.216324 0.976322
    outer loop
      vertex -3.1 -27.7778 13.4243
      vertex 3.1 -27.9141 13.4545
      vertex 3.1 -27.7778 13.4243
    endloop
  endfacet
  facet normal 0 0.216324 0.976322
    outer loop
      vertex 3.1 -27.9141 13.4545
      vertex -3.1 -27.7778 13.4243
      vertex -3.1 -27.9141 13.4545
    endloop
  endfacet
  facet normal 0 -0.675627 0.737243
    outer loop
      vertex -3.1 -26.3686 13.8686
      vertex 3.1 -26.4715 13.7743
      vertex 3.1 -26.3686 13.8686
    endloop
  endfacet
  facet normal 0 -0.675627 0.737243
    outer loop
      vertex 3.1 -26.4715 13.7743
      vertex -3.1 -26.3686 13.8686
      vertex -3.1 -26.4715 13.7743
    endloop
  endfacet
  facet normal 0 -0.923964 0.382478
    outer loop
      vertex -3.1 -26.0499 14.3238
      vertex 3.1 -25.9965 14.4528
      vertex -3.1 -25.9965 14.4528
    endloop
  endfacet
  facet normal 0 -0.923964 0.382478
    outer loop
      vertex 3.1 -25.9965 14.4528
      vertex -3.1 -26.0499 14.3238
      vertex 3.1 -26.0499 14.3238
    endloop
  endfacet
  facet normal 0 0.608221 -0.793768
    outer loop
      vertex -3 -28.5285 16.2257
      vertex 3 -28.4177 16.3106
      vertex 3 -28.5285 16.2257
    endloop
  endfacet
  facet normal 0 0.608221 -0.793768
    outer loop
      vertex 3 -28.4177 16.3106
      vertex -3 -28.5285 16.2257
      vertex -3 -28.4177 16.3106
    endloop
  endfacet
  facet normal 0 -0.999045 0.0436859
    outer loop
      vertex -3.1 -25.9061 14.8605
      vertex 3.1 -25.9 15
      vertex -3.1 -25.9 15
    endloop
  endfacet
  facet normal 0 -0.999045 0.0436859
    outer loop
      vertex 3.1 -25.9 15
      vertex -3.1 -25.9061 14.8605
      vertex 3.1 -25.9061 14.8605
    endloop
  endfacet
  facet normal 0 0.923964 -0.382478
    outer loop
      vertex 3 -29.0035 15.5472
      vertex -3 -28.9501 15.6762
      vertex 3 -28.9501 15.6762
    endloop
  endfacet
  facet normal 0 0.923964 -0.382478
    outer loop
      vertex -3 -28.9501 15.6762
      vertex 3 -29.0035 15.5472
      vertex -3 -29.0035 15.5472
    endloop
  endfacet
  facet normal 0 0.843337 -0.537385
    outer loop
      vertex 3 -28.8856 15.8
      vertex -3 -28.8106 15.9177
      vertex 3 -28.8106 15.9177
    endloop
  endfacet
  facet normal 0 0.843337 -0.537385
    outer loop
      vertex -3 -28.8106 15.9177
      vertex 3 -28.8856 15.8
      vertex -3 -28.8856 15.8
    endloop
  endfacet
  facet normal 0 0.675627 -0.737243
    outer loop
      vertex -3 -28.6314 16.1314
      vertex 3 -28.5285 16.2257
      vertex 3 -28.6314 16.1314
    endloop
  endfacet
  facet normal 0 0.675627 -0.737243
    outer loop
      vertex 3 -28.5285 16.2257
      vertex -3 -28.6314 16.1314
      vertex -3 -28.5285 16.2257
    endloop
  endfacet
  facet normal 0 0.843337 0.537385
    outer loop
      vertex 3.1 -28.8106 14.0823
      vertex -3.1 -28.8856 14.2
      vertex 3.1 -28.8856 14.2
    endloop
  endfacet
  facet normal 0 0.843337 0.537385
    outer loop
      vertex -3.1 -28.8856 14.2
      vertex 3.1 -28.8106 14.0823
      vertex -3.1 -28.8106 14.0823
    endloop
  endfacet
  facet normal 0 -0.991452 0.130473
    outer loop
      vertex -3.1 -25.9243 14.7222
      vertex 3.1 -25.9061 14.8605
      vertex -3.1 -25.9061 14.8605
    endloop
  endfacet
  facet normal 0 -0.991452 0.130473
    outer loop
      vertex 3.1 -25.9061 14.8605
      vertex -3.1 -25.9243 14.7222
      vertex 3.1 -25.9243 14.7222
    endloop
  endfacet
  facet normal 0 -0.216324 -0.976322
    outer loop
      vertex -3 -27.2222 16.5757
      vertex 3 -27.0859 16.5455
      vertex 3 -27.2222 16.5757
    endloop
  endfacet
  facet normal -0 -0.216324 -0.976322
    outer loop
      vertex 3 -27.0859 16.5455
      vertex -3 -27.2222 16.5757
      vertex -3 -27.0859 16.5455
    endloop
  endfacet
  facet normal 0 0.991464 -0.13038
    outer loop
      vertex 3 -29.0939 15.1394
      vertex -3 -29.0757 15.2778
      vertex 3 -29.0757 15.2778
    endloop
  endfacet
  facet normal 0 0.991464 -0.13038
    outer loop
      vertex -3 -29.0757 15.2778
      vertex 3 -29.0939 15.1394
      vertex -3 -29.0939 15.1394
    endloop
  endfacet
  facet normal 0 -0.462052 0.886853
    outer loop
      vertex -3.1 -26.7 13.6144
      vertex 3.1 -26.8238 13.5499
      vertex 3.1 -26.7 13.6144
    endloop
  endfacet
  facet normal 0 -0.462052 0.886853
    outer loop
      vertex 3.1 -26.8238 13.5499
      vertex -3.1 -26.7 13.6144
      vertex -3.1 -26.8238 13.5499
    endloop
  endfacet
  facet normal 0 -0.0436859 0.999045
    outer loop
      vertex -3.1 -27.3605 13.4061
      vertex 3.1 -27.5 13.4
      vertex 3.1 -27.3605 13.4061
    endloop
  endfacet
  facet normal 0 -0.0436859 0.999045
    outer loop
      vertex 3.1 -27.5 13.4
      vertex -3.1 -27.3605 13.4061
      vertex -3.1 -27.5 13.4
    endloop
  endfacet
  facet normal 0 0.537385 -0.843337
    outer loop
      vertex -3 -28.4177 16.3106
      vertex 3 -28.3 16.3856
      vertex 3 -28.4177 16.3106
    endloop
  endfacet
  facet normal 0 0.537385 -0.843337
    outer loop
      vertex 3 -28.3 16.3856
      vertex -3 -28.4177 16.3106
      vertex -3 -28.3 16.3856
    endloop
  endfacet
  facet normal 0 0.886853 -0.462052
    outer loop
      vertex 3 -28.9501 15.6762
      vertex -3 -28.8856 15.8
      vertex 3 -28.8856 15.8
    endloop
  endfacet
  facet normal 0 0.886853 -0.462052
    outer loop
      vertex -3 -28.8856 15.8
      vertex 3 -28.9501 15.6762
      vertex -3 -28.9501 15.6762
    endloop
  endfacet
  facet normal 0 0.953648 -0.300926
    outer loop
      vertex 3 -29.0455 15.4141
      vertex -3 -29.0035 15.5472
      vertex 3 -29.0035 15.5472
    endloop
  endfacet
  facet normal 0 0.953648 -0.300926
    outer loop
      vertex -3 -29.0035 15.5472
      vertex 3 -29.0455 15.4141
      vertex -3 -29.0455 15.4141
    endloop
  endfacet
  facet normal -0 0.462052 0.886853
    outer loop
      vertex -3.1 -28.1762 13.5499
      vertex 3.1 -28.3 13.6144
      vertex 3.1 -28.1762 13.5499
    endloop
  endfacet
  facet normal 0 0.462052 0.886853
    outer loop
      vertex 3.1 -28.3 13.6144
      vertex -3.1 -28.1762 13.5499
      vertex -3.1 -28.3 13.6144
    endloop
  endfacet
  facet normal 0 0.0436859 -0.999045
    outer loop
      vertex -3 -27.6395 16.5939
      vertex 3 -27.5 16.6
      vertex 3 -27.6395 16.5939
    endloop
  endfacet
  facet normal 0 0.0436859 -0.999045
    outer loop
      vertex 3 -27.5 16.6
      vertex -3 -27.6395 16.5939
      vertex -3 -27.5 16.6
    endloop
  endfacet
  facet normal 0 0.999045 0.0436859
    outer loop
      vertex 3.1 -29.0939 14.8605
      vertex 3 -29.1 15
      vertex 3.1 -29.1 15
    endloop
  endfacet
  facet normal 0 0.999045 0.0436859
    outer loop
      vertex 3 -29.1 15
      vertex 3.1 -29.0939 14.8605
      vertex -3 -29.1 15
    endloop
  endfacet
  facet normal -0 0.999045 0.0436859
    outer loop
      vertex -3.1 -29.0939 14.8605
      vertex -3 -29.1 15
      vertex 3.1 -29.0939 14.8605
    endloop
  endfacet
  facet normal 0 0.999045 0.0436859
    outer loop
      vertex -3 -29.1 15
      vertex -3.1 -29.0939 14.8605
      vertex -3.1 -29.1 15
    endloop
  endfacet
  facet normal -0 0.130473 0.991452
    outer loop
      vertex -3.1 -27.6395 13.4061
      vertex 3.1 -27.7778 13.4243
      vertex 3.1 -27.6395 13.4061
    endloop
  endfacet
  facet normal 0 0.130473 0.991452
    outer loop
      vertex 3.1 -27.7778 13.4243
      vertex -3.1 -27.6395 13.4061
      vertex -3.1 -27.7778 13.4243
    endloop
  endfacet
  facet normal 0 0.953648 0.300926
    outer loop
      vertex 3.1 -29.0035 14.4528
      vertex -3.1 -29.0455 14.5859
      vertex 3.1 -29.0455 14.5859
    endloop
  endfacet
  facet normal 0 0.953648 0.300926
    outer loop
      vertex -3.1 -29.0455 14.5859
      vertex 3.1 -29.0035 14.4528
      vertex -3.1 -29.0035 14.4528
    endloop
  endfacet
  facet normal 0 0.216324 -0.976322
    outer loop
      vertex -3 -27.9141 16.5455
      vertex 3 -27.7778 16.5757
      vertex 3 -27.9141 16.5455
    endloop
  endfacet
  facet normal 0 0.216324 -0.976322
    outer loop
      vertex 3 -27.7778 16.5757
      vertex -3 -27.9141 16.5455
      vertex -3 -27.7778 16.5757
    endloop
  endfacet
  facet normal 0 0.382478 -0.923964
    outer loop
      vertex -3 -28.1762 16.4501
      vertex 3 -28.0472 16.5035
      vertex 3 -28.1762 16.4501
    endloop
  endfacet
  facet normal 0 0.382478 -0.923964
    outer loop
      vertex 3 -28.0472 16.5035
      vertex -3 -28.1762 16.4501
      vertex -3 -28.0472 16.5035
    endloop
  endfacet
  facet normal 0 -0.886853 0.462052
    outer loop
      vertex -3.1 -26.1144 14.2
      vertex 3.1 -26.0499 14.3238
      vertex -3.1 -26.0499 14.3238
    endloop
  endfacet
  facet normal 0 -0.886853 0.462052
    outer loop
      vertex 3.1 -26.0499 14.3238
      vertex -3.1 -26.1144 14.2
      vertex 3.1 -26.1144 14.2
    endloop
  endfacet
  facet normal 0 -0.130473 0.991452
    outer loop
      vertex -3.1 -27.2222 13.4243
      vertex 3.1 -27.3605 13.4061
      vertex 3.1 -27.2222 13.4243
    endloop
  endfacet
  facet normal 0 -0.130473 0.991452
    outer loop
      vertex 3.1 -27.3605 13.4061
      vertex -3.1 -27.2222 13.4243
      vertex -3.1 -27.3605 13.4061
    endloop
  endfacet
  facet normal 0 0.462052 -0.886853
    outer loop
      vertex -3 -28.3 16.3856
      vertex 3 -28.1762 16.4501
      vertex 3 -28.3 16.3856
    endloop
  endfacet
  facet normal 0 0.462052 -0.886853
    outer loop
      vertex 3 -28.1762 16.4501
      vertex -3 -28.3 16.3856
      vertex -3 -28.1762 16.4501
    endloop
  endfacet
  facet normal 0 -0.130473 -0.991452
    outer loop
      vertex -3 -27.3605 16.5939
      vertex 3 -27.2222 16.5757
      vertex 3 -27.3605 16.5939
    endloop
  endfacet
  facet normal -0 -0.130473 -0.991452
    outer loop
      vertex 3 -27.2222 16.5757
      vertex -3 -27.3605 16.5939
      vertex -3 -27.2222 16.5757
    endloop
  endfacet
  facet normal 0 0.793768 -0.608221
    outer loop
      vertex 3 -28.8106 15.9177
      vertex -3 -28.7257 16.0285
      vertex 3 -28.7257 16.0285
    endloop
  endfacet
  facet normal 0 0.793768 -0.608221
    outer loop
      vertex -3 -28.7257 16.0285
      vertex 3 -28.8106 15.9177
      vertex -3 -28.8106 15.9177
    endloop
  endfacet
  facet normal 0 -0.300926 -0.953648
    outer loop
      vertex -3 -27.0859 16.5455
      vertex 3 -26.9528 16.5035
      vertex 3 -27.0859 16.5455
    endloop
  endfacet
  facet normal -0 -0.300926 -0.953648
    outer loop
      vertex 3 -26.9528 16.5035
      vertex -3 -27.0859 16.5455
      vertex -3 -26.9528 16.5035
    endloop
  endfacet
  facet normal 0 -0.382109 -0.924117
    outer loop
      vertex -3 -26.9528 16.5035
      vertex 3 -26.8742 16.471
      vertex 3 -26.9528 16.5035
    endloop
  endfacet
  facet normal -0 -0.382109 -0.924117
    outer loop
      vertex 3 -26.8742 16.471
      vertex -3 -26.9528 16.5035
      vertex -3 -26.8742 16.471
    endloop
  endfacet
  facet normal 0 -0.976322 0.216324
    outer loop
      vertex -3.1 -25.9545 14.5859
      vertex 3.1 -25.9243 14.7222
      vertex -3.1 -25.9243 14.7222
    endloop
  endfacet
  facet normal 0 -0.976322 0.216324
    outer loop
      vertex 3.1 -25.9243 14.7222
      vertex -3.1 -25.9545 14.5859
      vertex 3.1 -25.9545 14.5859
    endloop
  endfacet
  facet normal 0 -0.0436859 -0.999045
    outer loop
      vertex -3 -27.5 16.6
      vertex 3 -27.3605 16.5939
      vertex 3 -27.5 16.6
    endloop
  endfacet
  facet normal -0 -0.0436859 -0.999045
    outer loop
      vertex 3 -27.3605 16.5939
      vertex -3 -27.5 16.6
      vertex -3 -27.3605 16.5939
    endloop
  endfacet
  facet normal 0 0.923964 0.382478
    outer loop
      vertex 3.1 -28.9501 14.3238
      vertex -3.1 -29.0035 14.4528
      vertex 3.1 -29.0035 14.4528
    endloop
  endfacet
  facet normal 0 0.923964 0.382478
    outer loop
      vertex -3.1 -29.0035 14.4528
      vertex 3.1 -28.9501 14.3238
      vertex -3.1 -28.9501 14.3238
    endloop
  endfacet
  facet normal 0 -0.300926 0.953648
    outer loop
      vertex -3.1 -26.9528 13.4965
      vertex 3.1 -27.0859 13.4545
      vertex 3.1 -26.9528 13.4965
    endloop
  endfacet
  facet normal 0 -0.300926 0.953648
    outer loop
      vertex 3.1 -27.0859 13.4545
      vertex -3.1 -26.9528 13.4965
      vertex -3.1 -27.0859 13.4545
    endloop
  endfacet
  facet normal -0 0.382478 0.923964
    outer loop
      vertex -3.1 -28.0472 13.4965
      vertex 3.1 -28.1762 13.5499
      vertex 3.1 -28.0472 13.4965
    endloop
  endfacet
  facet normal 0 0.382478 0.923964
    outer loop
      vertex 3.1 -28.1762 13.5499
      vertex -3.1 -28.0472 13.4965
      vertex -3.1 -28.1762 13.5499
    endloop
  endfacet
  facet normal -0 0.537385 0.843337
    outer loop
      vertex -3.1 -28.3 13.6144
      vertex 3.1 -28.4177 13.6894
      vertex 3.1 -28.3 13.6144
    endloop
  endfacet
  facet normal 0 0.537385 0.843337
    outer loop
      vertex 3.1 -28.4177 13.6894
      vertex -3.1 -28.3 13.6144
      vertex -3.1 -28.4177 13.6894
    endloop
  endfacet
  facet normal 0 0.130473 -0.991452
    outer loop
      vertex -3 -27.7778 16.5757
      vertex 3 -27.6395 16.5939
      vertex 3 -27.7778 16.5757
    endloop
  endfacet
  facet normal 0 0.130473 -0.991452
    outer loop
      vertex 3 -27.6395 16.5939
      vertex -3 -27.7778 16.5757
      vertex -3 -27.6395 16.5939
    endloop
  endfacet
  facet normal 0 -0.537385 0.843337
    outer loop
      vertex -3.1 -26.5823 13.6894
      vertex 3.1 -26.7 13.6144
      vertex 3.1 -26.5823 13.6894
    endloop
  endfacet
  facet normal 0 -0.537385 0.843337
    outer loop
      vertex 3.1 -26.7 13.6144
      vertex -3.1 -26.5823 13.6894
      vertex -3.1 -26.7 13.6144
    endloop
  endfacet
  facet normal 0 0.976322 0.216324
    outer loop
      vertex 3.1 -29.0455 14.5859
      vertex -3.1 -29.0757 14.7222
      vertex 3.1 -29.0757 14.7222
    endloop
  endfacet
  facet normal 0 0.976322 0.216324
    outer loop
      vertex -3.1 -29.0757 14.7222
      vertex 3.1 -29.0455 14.5859
      vertex -3.1 -29.0455 14.5859
    endloop
  endfacet
  facet normal -0 0.0436859 0.999045
    outer loop
      vertex -3.1 -27.5 13.4
      vertex 3.1 -27.6395 13.4061
      vertex 3.1 -27.5 13.4
    endloop
  endfacet
  facet normal 0 0.0436859 0.999045
    outer loop
      vertex 3.1 -27.6395 13.4061
      vertex -3.1 -27.5 13.4
      vertex -3.1 -27.6395 13.4061
    endloop
  endfacet
  facet normal 0 0.886853 0.462052
    outer loop
      vertex 3.1 -28.8856 14.2
      vertex -3.1 -28.9501 14.3238
      vertex 3.1 -28.9501 14.3238
    endloop
  endfacet
  facet normal 0 0.886853 0.462052
    outer loop
      vertex -3.1 -28.9501 14.3238
      vertex 3.1 -28.8856 14.2
      vertex -3.1 -28.8856 14.2
    endloop
  endfacet
  facet normal 0 -0.843337 0.537385
    outer loop
      vertex -3.1 -26.1894 14.0823
      vertex 3.1 -26.1144 14.2
      vertex -3.1 -26.1144 14.2
    endloop
  endfacet
  facet normal 0 -0.843337 0.537385
    outer loop
      vertex 3.1 -26.1144 14.2
      vertex -3.1 -26.1894 14.0823
      vertex 3.1 -26.1894 14.0823
    endloop
  endfacet
  facet normal -0 0.608221 0.793768
    outer loop
      vertex -3.1 -28.4177 13.6894
      vertex 3.1 -28.5285 13.7743
      vertex 3.1 -28.4177 13.6894
    endloop
  endfacet
  facet normal 0 0.608221 0.793768
    outer loop
      vertex 3.1 -28.5285 13.7743
      vertex -3.1 -28.4177 13.6894
      vertex -3.1 -28.5285 13.7743
    endloop
  endfacet
  facet normal 0 -0.737243 0.675627
    outer loop
      vertex -3.1 -26.3686 13.8686
      vertex 3.1 -26.2743 13.9715
      vertex -3.1 -26.2743 13.9715
    endloop
  endfacet
  facet normal 0 -0.737243 0.675627
    outer loop
      vertex 3.1 -26.2743 13.9715
      vertex -3.1 -26.3686 13.8686
      vertex 3.1 -26.3686 13.8686
    endloop
  endfacet
  facet normal 0 -0.608221 0.793768
    outer loop
      vertex -3.1 -26.4715 13.7743
      vertex 3.1 -26.5823 13.6894
      vertex 3.1 -26.4715 13.7743
    endloop
  endfacet
  facet normal 0 -0.608221 0.793768
    outer loop
      vertex 3.1 -26.5823 13.6894
      vertex -3.1 -26.4715 13.7743
      vertex -3.1 -26.5823 13.6894
    endloop
  endfacet
  facet normal 0 0.737243 -0.675627
    outer loop
      vertex 3 -28.7257 16.0285
      vertex -3 -28.6314 16.1314
      vertex 3 -28.6314 16.1314
    endloop
  endfacet
  facet normal 0 0.737243 -0.675627
    outer loop
      vertex -3 -28.6314 16.1314
      vertex 3 -28.7257 16.0285
      vertex -3 -28.7257 16.0285
    endloop
  endfacet
  facet normal 0 0.737243 0.675627
    outer loop
      vertex 3.1 -28.6314 13.8686
      vertex -3.1 -28.7257 13.9715
      vertex 3.1 -28.7257 13.9715
    endloop
  endfacet
  facet normal 0 0.737243 0.675627
    outer loop
      vertex -3.1 -28.7257 13.9715
      vertex 3.1 -28.6314 13.8686
      vertex -3.1 -28.6314 13.8686
    endloop
  endfacet
  facet normal -1 0 0
    outer loop
      vertex 3.1 -25.9243 14.7222
      vertex 3.1 -25.9 15
      vertex 3.1 -25.9061 14.8605
    endloop
  endfacet
  facet normal -1 0 0
    outer loop
      vertex 3.1 -25.9545 14.5859
      vertex 3.1 -25.9 15
      vertex 3.1 -25.9243 14.7222
    endloop
  endfacet
  facet normal -1 0 0
    outer loop
      vertex 3.1 -25.9965 14.4528
      vertex 3.1 -25.9 15
      vertex 3.1 -25.9545 14.5859
    endloop
  endfacet
  facet normal -1 0 0
    outer loop
      vertex 3.1 -26.0499 14.3238
      vertex 3.1 -25.9 15
      vertex 3.1 -25.9965 14.4528
    endloop
  endfacet
  facet normal -1 0 0
    outer loop
      vertex 3.1 -26.1144 14.2
      vertex 3.1 -25.9 15
      vertex 3.1 -26.0499 14.3238
    endloop
  endfacet
  facet normal -1 0 0
    outer loop
      vertex 3.1 -26.1894 14.0823
      vertex 3.1 -25.9 15
      vertex 3.1 -26.1144 14.2
    endloop
  endfacet
  facet normal -1 0 0
    outer loop
      vertex 3.1 -26.2743 13.9715
      vertex 3.1 -25.9 15
      vertex 3.1 -26.1894 14.0823
    endloop
  endfacet
  facet normal -1 0 0
    outer loop
      vertex 3.1 -26.3686 13.8686
      vertex 3.1 -25.9 15
      vertex 3.1 -26.2743 13.9715
    endloop
  endfacet
  facet normal -1 0 0
    outer loop
      vertex 3.1 -26.4715 13.7743
      vertex 3.1 -25.9 15
      vertex 3.1 -26.3686 13.8686
    endloop
  endfacet
  facet normal -1 0 0
    outer loop
      vertex 3.1 -26.5823 13.6894
      vertex 3.1 -25.9 15
      vertex 3.1 -26.4715 13.7743
    endloop
  endfacet
  facet normal -1 0 0
    outer loop
      vertex 3.1 -26.7 13.6144
      vertex 3.1 -25.9 15
      vertex 3.1 -26.5823 13.6894
    endloop
  endfacet
  facet normal -1 0 0
    outer loop
      vertex 3.1 -26.8238 13.5499
      vertex 3.1 -25.9 15
      vertex 3.1 -26.7 13.6144
    endloop
  endfacet
  facet normal -1 0 0
    outer loop
      vertex 3.1 -26.9528 13.4965
      vertex 3.1 -25.9 15
      vertex 3.1 -26.8238 13.5499
    endloop
  endfacet
  facet normal -1 0 0
    outer loop
      vertex 3.1 -27.0859 13.4545
      vertex 3.1 -25.9 15
      vertex 3.1 -26.9528 13.4965
    endloop
  endfacet
  facet normal -1 0 0
    outer loop
      vertex 3.1 -27.2222 13.4243
      vertex 3.1 -25.9 15
      vertex 3.1 -27.0859 13.4545
    endloop
  endfacet
  facet normal -1 0 0
    outer loop
      vertex 3.1 -27.3605 13.4061
      vertex 3.1 -25.9 15
      vertex 3.1 -27.2222 13.4243
    endloop
  endfacet
  facet normal -1 0 0
    outer loop
      vertex 3.1 -27.5 13.4
      vertex 3.1 -25.9 15
      vertex 3.1 -27.3605 13.4061
    endloop
  endfacet
  facet normal -1 0 0
    outer loop
      vertex 3.1 -27.6395 13.4061
      vertex 3.1 -25.9 15
      vertex 3.1 -27.5 13.4
    endloop
  endfacet
  facet normal -1 0 0
    outer loop
      vertex 3.1 -27.7778 13.4243
      vertex 3.1 -25.9 15
      vertex 3.1 -27.6395 13.4061
    endloop
  endfacet
  facet normal -1 0 0
    outer loop
      vertex 3.1 -27.9141 13.4545
      vertex 3.1 -25.9 15
      vertex 3.1 -27.7778 13.4243
    endloop
  endfacet
  facet normal -1 0 0
    outer loop
      vertex 3.1 -28.0472 13.4965
      vertex 3.1 -25.9 15
      vertex 3.1 -27.9141 13.4545
    endloop
  endfacet
  facet normal -1 0 0
    outer loop
      vertex 3.1 -28.1762 13.5499
      vertex 3.1 -25.9 15
      vertex 3.1 -28.0472 13.4965
    endloop
  endfacet
  facet normal -1 0 0
    outer loop
      vertex 3.1 -28.3 13.6144
      vertex 3.1 -25.9 15
      vertex 3.1 -28.1762 13.5499
    endloop
  endfacet
  facet normal -1 0 0
    outer loop
      vertex 3.1 -28.4177 13.6894
      vertex 3.1 -25.9 15
      vertex 3.1 -28.3 13.6144
    endloop
  endfacet
  facet normal -1 0 0
    outer loop
      vertex 3.1 -28.5285 13.7743
      vertex 3.1 -25.9 15
      vertex 3.1 -28.4177 13.6894
    endloop
  endfacet
  facet normal -1 0 0
    outer loop
      vertex 3.1 -28.6314 13.8686
      vertex 3.1 -25.9 15
      vertex 3.1 -28.5285 13.7743
    endloop
  endfacet
  facet normal -1 0 0
    outer loop
      vertex 3.1 -28.7257 13.9715
      vertex 3.1 -25.9 15
      vertex 3.1 -28.6314 13.8686
    endloop
  endfacet
  facet normal -1 0 0
    outer loop
      vertex 3.1 -28.8106 14.0823
      vertex 3.1 -25.9 15
      vertex 3.1 -28.7257 13.9715
    endloop
  endfacet
  facet normal -1 0 0
    outer loop
      vertex 3.1 -28.8856 14.2
      vertex 3.1 -25.9 15
      vertex 3.1 -28.8106 14.0823
    endloop
  endfacet
  facet normal -1 0 0
    outer loop
      vertex 3.1 -28.9501 14.3238
      vertex 3.1 -25.9 15
      vertex 3.1 -28.8856 14.2
    endloop
  endfacet
  facet normal -1 0 0
    outer loop
      vertex 3.1 -29.0035 14.4528
      vertex 3.1 -25.9 15
      vertex 3.1 -28.9501 14.3238
    endloop
  endfacet
  facet normal -1 0 0
    outer loop
      vertex 3.1 -29.0455 14.5859
      vertex 3.1 -25.9 15
      vertex 3.1 -29.0035 14.4528
    endloop
  endfacet
  facet normal -1 0 0
    outer loop
      vertex 3.1 -29.0757 14.7222
      vertex 3.1 -25.9 15
      vertex 3.1 -29.0455 14.5859
    endloop
  endfacet
  facet normal -1 0 0
    outer loop
      vertex 3.1 -29.0939 14.8605
      vertex 3.1 -25.9 15
      vertex 3.1 -29.0757 14.7222
    endloop
  endfacet
  facet normal -1 -0 0
    outer loop
      vertex 3.1 -25.9 15
      vertex 3.1 -29.0939 14.8605
      vertex 3.1 -29.1 15
    endloop
  endfacet
  facet normal -0 0.675627 0.737243
    outer loop
      vertex -3.1 -28.5285 13.7743
      vertex 3.1 -28.6314 13.8686
      vertex 3.1 -28.5285 13.7743
    endloop
  endfacet
  facet normal 0 0.675627 0.737243
    outer loop
      vertex 3.1 -28.6314 13.8686
      vertex -3.1 -28.5285 13.7743
      vertex -3.1 -28.6314 13.8686
    endloop
  endfacet
  facet normal 0 -0.382478 0.923964
    outer loop
      vertex -3.1 -26.8238 13.5499
      vertex 3.1 -26.9528 13.4965
      vertex 3.1 -26.8238 13.5499
    endloop
  endfacet
  facet normal 0 -0.382478 0.923964
    outer loop
      vertex 3.1 -26.9528 13.4965
      vertex -3.1 -26.8238 13.5499
      vertex -3.1 -26.9528 13.4965
    endloop
  endfacet
  facet normal 1 0 0
    outer loop
      vertex -3.1 -25.9 15
      vertex -3.1 -25.9243 14.7222
      vertex -3.1 -25.9061 14.8605
    endloop
  endfacet
  facet normal 1 0 0
    outer loop
      vertex -3.1 -25.9 15
      vertex -3.1 -25.9545 14.5859
      vertex -3.1 -25.9243 14.7222
    endloop
  endfacet
  facet normal 1 0 0
    outer loop
      vertex -3.1 -25.9 15
      vertex -3.1 -25.9965 14.4528
      vertex -3.1 -25.9545 14.5859
    endloop
  endfacet
  facet normal 1 0 0
    outer loop
      vertex -3.1 -25.9 15
      vertex -3.1 -26.0499 14.3238
      vertex -3.1 -25.9965 14.4528
    endloop
  endfacet
  facet normal 1 0 0
    outer loop
      vertex -3.1 -25.9 15
      vertex -3.1 -26.1144 14.2
      vertex -3.1 -26.0499 14.3238
    endloop
  endfacet
  facet normal 1 0 0
    outer loop
      vertex -3.1 -25.9 15
      vertex -3.1 -26.1894 14.0823
      vertex -3.1 -26.1144 14.2
    endloop
  endfacet
  facet normal 1 0 0
    outer loop
      vertex -3.1 -25.9 15
      vertex -3.1 -26.2743 13.9715
      vertex -3.1 -26.1894 14.0823
    endloop
  endfacet
  facet normal 1 0 0
    outer loop
      vertex -3.1 -25.9 15
      vertex -3.1 -26.3686 13.8686
      vertex -3.1 -26.2743 13.9715
    endloop
  endfacet
  facet normal 1 0 0
    outer loop
      vertex -3.1 -25.9 15
      vertex -3.1 -26.4715 13.7743
      vertex -3.1 -26.3686 13.8686
    endloop
  endfacet
  facet normal 1 0 0
    outer loop
      vertex -3.1 -25.9 15
      vertex -3.1 -26.5823 13.6894
      vertex -3.1 -26.4715 13.7743
    endloop
  endfacet
  facet normal 1 0 0
    outer loop
      vertex -3.1 -25.9 15
      vertex -3.1 -26.7 13.6144
      vertex -3.1 -26.5823 13.6894
    endloop
  endfacet
  facet normal 1 0 0
    outer loop
      vertex -3.1 -25.9 15
      vertex -3.1 -26.8238 13.5499
      vertex -3.1 -26.7 13.6144
    endloop
  endfacet
  facet normal 1 0 0
    outer loop
      vertex -3.1 -25.9 15
      vertex -3.1 -26.9528 13.4965
      vertex -3.1 -26.8238 13.5499
    endloop
  endfacet
  facet normal 1 0 0
    outer loop
      vertex -3.1 -25.9 15
      vertex -3.1 -27.0859 13.4545
      vertex -3.1 -26.9528 13.4965
    endloop
  endfacet
  facet normal 1 0 0
    outer loop
      vertex -3.1 -25.9 15
      vertex -3.1 -27.2222 13.4243
      vertex -3.1 -27.0859 13.4545
    endloop
  endfacet
  facet normal 1 0 0
    outer loop
      vertex -3.1 -25.9 15
      vertex -3.1 -27.3605 13.4061
      vertex -3.1 -27.2222 13.4243
    endloop
  endfacet
  facet normal 1 0 0
    outer loop
      vertex -3.1 -25.9 15
      vertex -3.1 -27.5 13.4
      vertex -3.1 -27.3605 13.4061
    endloop
  endfacet
  facet normal 1 0 0
    outer loop
      vertex -3.1 -25.9 15
      vertex -3.1 -27.6395 13.4061
      vertex -3.1 -27.5 13.4
    endloop
  endfacet
  facet normal 1 0 0
    outer loop
      vertex -3.1 -25.9 15
      vertex -3.1 -27.7778 13.4243
      vertex -3.1 -27.6395 13.4061
    endloop
  endfacet
  facet normal 1 0 0
    outer loop
      vertex -3.1 -25.9 15
      vertex -3.1 -27.9141 13.4545
      vertex -3.1 -27.7778 13.4243
    endloop
  endfacet
  facet normal 1 0 0
    outer loop
      vertex -3.1 -25.9 15
      vertex -3.1 -28.0472 13.4965
      vertex -3.1 -27.9141 13.4545
    endloop
  endfacet
  facet normal 1 0 0
    outer loop
      vertex -3.1 -25.9 15
      vertex -3.1 -28.1762 13.5499
      vertex -3.1 -28.0472 13.4965
    endloop
  endfacet
  facet normal 1 0 0
    outer loop
      vertex -3.1 -25.9 15
      vertex -3.1 -28.3 13.6144
      vertex -3.1 -28.1762 13.5499
    endloop
  endfacet
  facet normal 1 0 0
    outer loop
      vertex -3.1 -25.9 15
      vertex -3.1 -28.4177 13.6894
      vertex -3.1 -28.3 13.6144
    endloop
  endfacet
  facet normal 1 0 0
    outer loop
      vertex -3.1 -25.9 15
      vertex -3.1 -28.5285 13.7743
      vertex -3.1 -28.4177 13.6894
    endloop
  endfacet
  facet normal 1 0 0
    outer loop
      vertex -3.1 -25.9 15
      vertex -3.1 -28.6314 13.8686
      vertex -3.1 -28.5285 13.7743
    endloop
  endfacet
  facet normal 1 0 0
    outer loop
      vertex -3.1 -25.9 15
      vertex -3.1 -28.7257 13.9715
      vertex -3.1 -28.6314 13.8686
    endloop
  endfacet
  facet normal 1 0 0
    outer loop
      vertex -3.1 -25.9 15
      vertex -3.1 -28.8106 14.0823
      vertex -3.1 -28.7257 13.9715
    endloop
  endfacet
  facet normal 1 0 0
    outer loop
      vertex -3.1 -25.9 15
      vertex -3.1 -28.8856 14.2
      vertex -3.1 -28.8106 14.0823
    endloop
  endfacet
  facet normal 1 0 0
    outer loop
      vertex -3.1 -25.9 15
      vertex -3.1 -28.9501 14.3238
      vertex -3.1 -28.8856 14.2
    endloop
  endfacet
  facet normal 1 0 0
    outer loop
      vertex -3.1 -25.9 15
      vertex -3.1 -29.0035 14.4528
      vertex -3.1 -28.9501 14.3238
    endloop
  endfacet
  facet normal 1 0 0
    outer loop
      vertex -3.1 -25.9 15
      vertex -3.1 -29.0455 14.5859
      vertex -3.1 -29.0035 14.4528
    endloop
  endfacet
  facet normal 1 0 0
    outer loop
      vertex -3.1 -25.9 15
      vertex -3.1 -29.0757 14.7222
      vertex -3.1 -29.0455 14.5859
    endloop
  endfacet
  facet normal 1 0 0
    outer loop
      vertex -3.1 -25.9 15
      vertex -3.1 -29.0939 14.8605
      vertex -3.1 -29.0757 14.7222
    endloop
  endfacet
  facet normal 1 0 -0
    outer loop
      vertex -3.1 -29.0939 14.8605
      vertex -3.1 -25.9 15
      vertex -3.1 -29.1 15
    endloop
  endfacet
  facet normal -0.706435 0.706435 -0.0435821
    outer loop
      vertex 22.6981 -18.4555 15
      vertex 18.4512 -22.6938 15.1394
      vertex 22.6938 -18.4512 15.1394
    endloop
  endfacet
  facet normal -0.706435 0.706435 -0.0435821
    outer loop
      vertex 18.4512 -22.6938 15.1394
      vertex 22.6981 -18.4555 15
      vertex 18.4555 -22.6981 15
    endloop
  endfacet
  facet normal -0.596274 0.596274 0.537508
    outer loop
      vertex 22.5642 -18.1802 14.0823
      vertex 18.2332 -22.6173 14.2
      vertex 22.6173 -18.2332 14.2
    endloop
  endfacet
  facet normal -0.596274 0.596274 0.537508
    outer loop
      vertex 18.2332 -22.6173 14.2
      vertex 22.5642 -18.1802 14.0823
      vertex 18.1802 -22.5642 14.0823
    endloop
  endfacet
  facet normal 0.0919722 -0.0919722 -0.991505
    outer loop
      vertex 17.2255 -21.4682 16.5939
      vertex 21.3798 -17.1371 16.5775
      vertex 21.4682 -17.2255 16.5939
    endloop
  endfacet
  facet normal 0.0919722 -0.0919722 -0.991505
    outer loop
      vertex 17.1371 -21.3798 16.5775
      vertex 21.3798 -17.1371 16.5775
      vertex 17.2255 -21.4682 16.5939
    endloop
  endfacet
  facet normal 0.0943858 -0.0943858 -0.991051
    outer loop
      vertex 21.3798 -17.1371 16.5775
      vertex 17.1371 -21.3798 16.5775
      vertex 21.3703 -17.1277 16.5757
    endloop
  endfacet
  facet normal 0.0943858 -0.0943858 -0.991051
    outer loop
      vertex 21.3703 -17.1277 16.5757
      vertex 17.1371 -21.3798 16.5775
      vertex 17.1277 -21.3703 16.5757
    endloop
  endfacet
  facet normal -0.709871 -0.704247 0.0109245
    outer loop
      vertex 22.0244 -17.6404 13.4965
      vertex 22.1156 -17.7315 13.5499
      vertex 21.9303 -17.5462 13.4545
    endloop
  endfacet
  facet normal -0.707122 -0.707091 0
    outer loop
      vertex 20.5104 -16.1263 14.8605
      vertex 22.7645 -18.3805 15
      vertex 20.5104 -16.1263 15
    endloop
  endfacet
  facet normal -0.707122 -0.707091 0
    outer loop
      vertex 20.5104 -16.1263 14.8605
      vertex 22.7645 -18.3805 14.8605
      vertex 22.7645 -18.3805 15
    endloop
  endfacet
  facet normal -0.707122 -0.707091 0.000168518
    outer loop
      vertex 20.5743 -16.1903 14.4528
      vertex 22.7645 -18.3805 14.8605
      vertex 20.5104 -16.1263 14.8605
    endloop
  endfacet
  facet normal -0.70709 -0.707123 -0.000178654
    outer loop
      vertex 20.5743 -16.1903 14.4528
      vertex 22.7006 -18.3165 14.4528
      vertex 22.7645 -18.3805 14.8605
    endloop
  endfacet
  facet normal -0.70709 -0.707123 1.80438e-05
    outer loop
      vertex 20.9885 -16.6045 13.6894
      vertex 22.7006 -18.3165 14.4528
      vertex 20.5743 -16.1903 14.4528
    endloop
  endfacet
  facet normal -0.70708 -0.707134 -2.9561e-05
    outer loop
      vertex 20.9885 -16.6045 13.6894
      vertex 22.2864 -17.9023 13.6894
      vertex 22.7006 -18.3165 14.4528
    endloop
  endfacet
  facet normal -0.70708 -0.707134 6.67074e-05
    outer loop
      vertex 21.1593 -16.7753 13.5499
      vertex 22.2864 -17.9023 13.6894
      vertex 20.9885 -16.6045 13.6894
    endloop
  endfacet
  facet normal -0.70707 -0.707144 -9.05372e-05
    outer loop
      vertex 21.1593 -16.7753 13.5499
      vertex 22.1156 -17.7315 13.5499
      vertex 22.2864 -17.9023 13.6894
    endloop
  endfacet
  facet normal -0.70707 -0.707144 -0.000235847
    outer loop
      vertex 22.1156 -17.7315 13.5499
      vertex 21.1593 -16.7753 13.5499
      vertex 21.6375 -17.2534 13.4
    endloop
  endfacet
  facet normal -0.430241 0.430241 -0.79359
    outer loop
      vertex 18.0513 -22.294 16.2257
      vertex 22.2157 -17.973 16.3106
      vertex 22.294 -18.0513 16.2257
    endloop
  endfacet
  facet normal -0.430241 0.430241 -0.79359
    outer loop
      vertex 22.2157 -17.973 16.3106
      vertex 18.0513 -22.294 16.2257
      vertex 17.973 -22.2157 16.3106
    endloop
  endfacet
  facet normal 0.707107 0.707107 0
    outer loop
      vertex 18.0534 -22.4375 13.8686
      vertex 17.9806 -22.3647 13.7743
      vertex 17.9023 -22.2864 13.6894
    endloop
  endfacet
  facet normal 0.430241 -0.430241 0.79359
    outer loop
      vertex 20.9102 -16.5262 13.7743
      vertex 16.6045 -20.9885 13.6894
      vertex 20.9885 -16.6045 13.6894
    endloop
  endfacet
  facet normal 0.430241 -0.430241 0.79359
    outer loop
      vertex 16.6045 -20.9885 13.6894
      vertex 20.9102 -16.5262 13.7743
      vertex 16.5262 -20.9102 13.7743
    endloop
  endfacet
  facet normal 0.708859 0.705344 -0.00296415
    outer loop
      vertex 18.1201 -22.5041 13.9715
      vertex 18.0534 -22.4375 13.8686
      vertex 17.9023 -22.2864 13.6894
    endloop
  endfacet
  facet normal 0.708414 0.705797 -0.000583857
    outer loop
      vertex 18.3805 -22.7645 14.8605
      vertex 18.3462 -22.7303 14.5859
      vertex 18.3165 -22.7006 14.4528
    endloop
  endfacet
  facet normal -0.707403 -0.706808 0.00189606
    outer loop
      vertex 21.8339 -17.4499 13.4243
      vertex 22.1156 -17.7315 13.5499
      vertex 21.6375 -17.2534 13.4
    endloop
  endfacet
  facet normal -0.705797 -0.708414 -0.000583857
    outer loop
      vertex 22.7303 -18.3462 14.5859
      vertex 22.7645 -18.3805 14.8605
      vertex 22.7006 -18.3165 14.4528
    endloop
  endfacet
  facet normal -0.477603 0.477603 -0.737422
    outer loop
      vertex 18.1241 -22.3668 16.1314
      vertex 22.294 -18.0513 16.2257
      vertex 22.3668 -18.1241 16.1314
    endloop
  endfacet
  facet normal -0.477603 0.477603 -0.737422
    outer loop
      vertex 22.294 -18.0513 16.2257
      vertex 18.1241 -22.3668 16.1314
      vertex 18.0513 -22.294 16.2257
    endloop
  endfacet
  facet normal 0.707107 0.707107 0
    outer loop
      vertex 16.1263 -20.5104 15
      vertex 16.1263 -20.5104 14.8605
      vertex 16.122 -20.5061 15
    endloop
  endfacet
  facet normal 0.702937 0.71118 -0.0100922
    outer loop
      vertex 16.7753 -21.1593 13.5499
      vertex 16.6877 -21.0718 13.6144
      vertex 16.6045 -20.9885 13.6894
    endloop
  endfacet
  facet normal -0.153007 0.153007 -0.976308
    outer loop
      vertex 17.6169 -21.8596 16.5455
      vertex 21.7632 -17.5206 16.5757
      vertex 21.8596 -17.6169 16.5455
    endloop
  endfacet
  facet normal -0.153007 0.153007 -0.976308
    outer loop
      vertex 21.7632 -17.5206 16.5757
      vertex 17.6169 -21.8596 16.5455
      vertex 17.5206 -21.7632 16.5757
    endloop
  endfacet
  facet normal 0.707107 0.707107 0
    outer loop
      vertex 17.2534 -21.6375 13.4
      vertex 17.1548 -21.5389 13.4061
      vertex 17.0569 -21.441 13.4243
    endloop
  endfacet
  facet normal -0.714491 -0.699627 0.00489797
    outer loop
      vertex 22.6628 -18.2788 14.3238
      vertex 22.7006 -18.3165 14.4528
      vertex 22.6173 -18.2332 14.2
    endloop
  endfacet
  facet normal -0.153007 0.153007 0.976308
    outer loop
      vertex 21.8339 -17.4499 13.4243
      vertex 17.5462 -21.9303 13.4545
      vertex 21.9303 -17.5462 13.4545
    endloop
  endfacet
  facet normal -0.153007 0.153007 0.976308
    outer loop
      vertex 17.5462 -21.9303 13.4545
      vertex 21.8339 -17.4499 13.4243
      vertex 17.4499 -21.8339 13.4243
    endloop
  endfacet
  facet normal -0.707653 -0.70656 0.000593224
    outer loop
      vertex 22.5642 -18.1802 14.0823
      vertex 22.7006 -18.3165 14.4528
      vertex 22.2864 -17.9023 13.6894
    endloop
  endfacet
  facet normal -0.706163 -0.708039 -0.00364393
    outer loop
      vertex 21.9303 -17.5462 13.4545
      vertex 22.1156 -17.7315 13.5499
      vertex 21.8339 -17.4499 13.4243
    endloop
  endfacet
  facet normal 0.709581 0.704609 0.00458622
    outer loop
      vertex 16.6045 -20.9885 13.6894
      vertex 16.5262 -20.9102 13.7743
      vertex 16.4534 -20.8375 13.8686
    endloop
  endfacet
  facet normal 0.70656 0.707653 0.000593224
    outer loop
      vertex 18.3165 -22.7006 14.4528
      vertex 18.1802 -22.5642 14.0823
      vertex 17.9023 -22.2864 13.6894
    endloop
  endfacet
  facet normal 0.0309035 -0.0309035 -0.999045
    outer loop
      vertex 17.3241 -21.5668 16.6
      vertex 21.4682 -17.2255 16.5939
      vertex 21.5668 -17.3241 16.6
    endloop
  endfacet
  facet normal 0.0309035 -0.0309035 -0.999045
    outer loop
      vertex 21.4682 -17.2255 16.5939
      vertex 17.3241 -21.5668 16.6
      vertex 17.2255 -21.4682 16.5939
    endloop
  endfacet
  facet normal -0.701034 0.701034 0.130779
    outer loop
      vertex 18.3676 -22.7516 14.7222
      vertex 22.7645 -18.3805 14.8605
      vertex 22.7516 -18.3676 14.7222
    endloop
  endfacet
  facet normal -0.701034 0.701034 0.130779
    outer loop
      vertex 22.7645 -18.3805 14.8605
      vertex 18.3676 -22.7516 14.7222
      vertex 18.3805 -22.7645 14.8605
    endloop
  endfacet
  facet normal -0.707107 -0.707107 0
    outer loop
      vertex 21.5389 -17.1548 13.4061
      vertex 21.6375 -17.2534 13.4
      vertex 21.441 -17.0569 13.4243
    endloop
  endfacet
  facet normal 0.152806 -0.152806 -0.976371
    outer loop
      vertex 17.1031 -21.3457 16.568
      vertex 21.3457 -17.1031 16.568
      vertex 21.3703 -17.1277 16.5757
    endloop
  endfacet
  facet normal 0.153704 -0.153704 -0.976089
    outer loop
      vertex 21.3457 -17.1031 16.568
      vertex 17.1031 -21.3457 16.568
      vertex 21.3086 -17.0659 16.5563
    endloop
  endfacet
  facet normal 0.152806 -0.152806 -0.976371
    outer loop
      vertex 17.1031 -21.3457 16.568
      vertex 21.3703 -17.1277 16.5757
      vertex 17.1277 -21.3703 16.5757
    endloop
  endfacet
  facet normal 0.153704 -0.153704 -0.976089
    outer loop
      vertex 17.0659 -21.3086 16.5563
      vertex 21.3086 -17.0659 16.5563
      vertex 17.1031 -21.3457 16.568
    endloop
  endfacet
  facet normal 0.152192 -0.152192 -0.976563
    outer loop
      vertex 21.3086 -17.0659 16.5563
      vertex 17.0659 -21.3086 16.5563
      vertex 21.2739 -17.0313 16.5455
    endloop
  endfacet
  facet normal 0.152192 -0.152192 -0.976563
    outer loop
      vertex 21.2739 -17.0313 16.5455
      vertex 17.0659 -21.3086 16.5563
      vertex 17.0313 -21.2739 16.5455
    endloop
  endfacet
  facet normal -0.521417 0.521417 -0.675461
    outer loop
      vertex 18.1908 -22.4334 16.0285
      vertex 22.3668 -18.1241 16.1314
      vertex 22.4334 -18.1908 16.0285
    endloop
  endfacet
  facet normal -0.521417 0.521417 -0.675461
    outer loop
      vertex 22.3668 -18.1241 16.1314
      vertex 18.1908 -22.4334 16.0285
      vertex 18.1241 -22.3668 16.1314
    endloop
  endfacet
  facet normal -0.708119 -0.706092 -0.00131361
    outer loop
      vertex 20.8375 -16.4534 13.8686
      vertex 20.9885 -16.6045 13.6894
      vertex 20.7708 -16.3867 13.9715
    endloop
  endfacet
  facet normal -0.707107 -0.707107 0
    outer loop
      vertex 22.7688 -18.3848 15
      vertex 22.7645 -18.3805 15
      vertex 22.7645 -18.3805 14.8605
    endloop
  endfacet
  facet normal -0.326543 0.326543 0.886983
    outer loop
      vertex 22.1156 -17.7315 13.5499
      vertex 17.8191 -22.2032 13.6144
      vertex 22.2032 -17.8191 13.6144
    endloop
  endfacet
  facet normal -0.326543 0.326543 0.886983
    outer loop
      vertex 17.8191 -22.2032 13.6144
      vertex 22.1156 -17.7315 13.5499
      vertex 17.7315 -22.1156 13.5499
    endloop
  endfacet
  facet normal 0.706808 0.707403 0.00189606
    outer loop
      vertex 17.7315 -22.1156 13.5499
      vertex 17.4499 -21.8339 13.4243
      vertex 17.2534 -21.6375 13.4
    endloop
  endfacet
  facet normal -0.704623 -0.70958 -0.00163315
    outer loop
      vertex 22.6173 -18.2332 14.2
      vertex 22.7006 -18.3165 14.4528
      vertex 22.5642 -18.1802 14.0823
    endloop
  endfacet
  facet normal -0.379912 0.379912 -0.843406
    outer loop
      vertex 17.973 -22.2157 16.3106
      vertex 22.1324 -17.8898 16.3856
      vertex 22.2157 -17.973 16.3106
    endloop
  endfacet
  facet normal -0.379912 0.379912 -0.843406
    outer loop
      vertex 22.1324 -17.8898 16.3856
      vertex 17.973 -22.2157 16.3106
      vertex 17.8898 -22.1324 16.3856
    endloop
  endfacet
  facet normal -0.674328 0.674328 0.30094
    outer loop
      vertex 18.3165 -22.7006 14.4528
      vertex 22.7303 -18.3462 14.5859
      vertex 22.7006 -18.3165 14.4528
    endloop
  endfacet
  facet normal -0.674328 0.674328 0.30094
    outer loop
      vertex 22.7303 -18.3462 14.5859
      vertex 18.3165 -22.7006 14.4528
      vertex 18.3462 -22.7303 14.5859
    endloop
  endfacet
  facet normal -0.707653 -0.70656 0.000592501
    outer loop
      vertex 22.5041 -18.1201 13.9715
      vertex 22.5642 -18.1802 14.0823
      vertex 22.2864 -17.9023 13.6894
    endloop
  endfacet
  facet normal -0.704609 -0.709581 0.00458622
    outer loop
      vertex 20.9102 -16.5262 13.7743
      vertex 20.9885 -16.6045 13.6894
      vertex 20.8375 -16.4534 13.8686
    endloop
  endfacet
  facet normal -0.711188 -0.703001 0.000763668
    outer loop
      vertex 22.7516 -18.3676 14.7222
      vertex 22.7645 -18.3805 14.8605
      vertex 22.7303 -18.3462 14.5859
    endloop
  endfacet
  facet normal 0.706436 -0.706436 0.0435509
    outer loop
      vertex 16.122 -20.5061 15
      vertex 20.5104 -16.1263 14.8605
      vertex 20.5061 -16.122 15
    endloop
  endfacet
  facet normal 0.706436 -0.706436 0.0435509
    outer loop
      vertex 20.5104 -16.1263 14.8605
      vertex 16.122 -20.5061 15
      vertex 16.1263 -20.5104 14.8605
    endloop
  endfacet
  facet normal -0.270495 0.270495 -0.92394
    outer loop
      vertex 17.8023 -22.0449 16.4501
      vertex 21.9537 -17.7111 16.5035
      vertex 22.0449 -17.8023 16.4501
    endloop
  endfacet
  facet normal -0.270495 0.270495 -0.92394
    outer loop
      vertex 21.9537 -17.7111 16.5035
      vertex 17.8023 -22.0449 16.4501
      vertex 17.7111 -21.9537 16.5035
    endloop
  endfacet
  facet normal 0.703001 0.711188 0.000763668
    outer loop
      vertex 18.3805 -22.7645 14.8605
      vertex 18.3676 -22.7516 14.7222
      vertex 18.3462 -22.7303 14.5859
    endloop
  endfacet
  facet normal -0.707107 -0.707107 0
    outer loop
      vertex 21.2505 -16.8665 13.4965
      vertex 21.3446 -16.9606 13.4545
      vertex 21.1593 -16.7753 13.5499
    endloop
  endfacet
  facet normal -0.0308077 0.0308077 -0.99905
    outer loop
      vertex 17.4 -21.6427 16.5953
      vertex 21.6427 -17.4 16.5953
      vertex 21.6654 -17.4227 16.5939
    endloop
  endfacet
  facet normal -0.0308077 0.0308077 -0.99905
    outer loop
      vertex 17.4 -21.6427 16.5953
      vertex 21.6654 -17.4227 16.5939
      vertex 17.4227 -21.6654 16.5939
    endloop
  endfacet
  facet normal -0.0309322 0.0309322 -0.999043
    outer loop
      vertex 21.6427 -17.4 16.5953
      vertex 17.4 -21.6427 16.5953
      vertex 21.5668 -17.3241 16.6
    endloop
  endfacet
  facet normal -0.0309322 0.0309322 -0.999043
    outer loop
      vertex 21.5668 -17.3241 16.6
      vertex 17.4 -21.6427 16.5953
      vertex 17.3241 -21.5668 16.6
    endloop
  endfacet
  facet normal -0.67443 0.67443 -0.300479
    outer loop
      vertex 22.6596 -18.4169 15.4141
      vertex 18.3873 -22.6299 15.5472
      vertex 22.6299 -18.3873 15.5472
    endloop
  endfacet
  facet normal -0.67443 0.67443 -0.300479
    outer loop
      vertex 18.3873 -22.6299 15.5472
      vertex 22.6596 -18.4169 15.4141
      vertex 18.4169 -22.6596 15.4141
    endloop
  endfacet
  facet normal -0.707653 -0.70656 -0.000592501
    outer loop
      vertex 20.7708 -16.3867 13.9715
      vertex 20.9885 -16.6045 13.6894
      vertex 20.7107 -16.3266 14.0823
    endloop
  endfacet
  facet normal -0.0309035 0.0309035 0.999045
    outer loop
      vertex 21.6375 -17.2534 13.4
      vertex 17.352 -21.7361 13.4061
      vertex 21.7361 -17.352 13.4061
    endloop
  endfacet
  facet normal -0.0309035 0.0309035 0.999045
    outer loop
      vertex 17.352 -21.7361 13.4061
      vertex 21.6375 -17.2534 13.4
      vertex 17.2534 -21.6375 13.4
    endloop
  endfacet
  facet normal -0.521417 0.521417 0.675461
    outer loop
      vertex 22.4375 -18.0534 13.8686
      vertex 18.1201 -22.5041 13.9715
      vertex 22.5041 -18.1201 13.9715
    endloop
  endfacet
  facet normal -0.521417 0.521417 0.675461
    outer loop
      vertex 18.1201 -22.5041 13.9715
      vertex 22.4375 -18.0534 13.8686
      vertex 18.0534 -22.4375 13.8686
    endloop
  endfacet
  facet normal -0.706915 -0.707275 -0.00582144
    outer loop
      vertex 21.7361 -17.352 13.4061
      vertex 21.8339 -17.4499 13.4243
      vertex 21.6375 -17.2534 13.4
    endloop
  endfacet
  facet normal -0.711188 -0.703001 -0.000763668
    outer loop
      vertex 20.5233 -16.1392 14.7222
      vertex 20.5446 -16.1606 14.5859
      vertex 20.5104 -16.1263 14.8605
    endloop
  endfacet
  facet normal 0.477781 -0.477781 0.737191
    outer loop
      vertex 20.8375 -16.4534 13.8686
      vertex 16.5262 -20.9102 13.7743
      vertex 20.9102 -16.5262 13.7743
    endloop
  endfacet
  facet normal 0.477781 -0.477781 0.737191
    outer loop
      vertex 16.5262 -20.9102 13.7743
      vertex 20.8375 -16.4534 13.8686
      vertex 16.4534 -20.8375 13.8686
    endloop
  endfacet
  facet normal 0.707275 0.706915 -0.00582144
    outer loop
      vertex 17.4499 -21.8339 13.4243
      vertex 17.352 -21.7361 13.4061
      vertex 17.2534 -21.6375 13.4
    endloop
  endfacet
  facet normal -0.0922054 0.0922054 0.991462
    outer loop
      vertex 21.7361 -17.352 13.4061
      vertex 17.4499 -21.8339 13.4243
      vertex 21.8339 -17.4499 13.4243
    endloop
  endfacet
  facet normal -0.0922054 0.0922054 0.991462
    outer loop
      vertex 17.4499 -21.8339 13.4243
      vertex 21.7361 -17.352 13.4061
      vertex 17.352 -21.7361 13.4061
    endloop
  endfacet
  facet normal 0.707107 0.707107 0
    outer loop
      vertex 17.9023 -22.2864 13.6894
      vertex 17.8191 -22.2032 13.6144
      vertex 17.7315 -22.1156 13.5499
    endloop
  endfacet
  facet normal -0.707107 -0.707107 0
    outer loop
      vertex 22.2032 -17.8191 13.6144
      vertex 22.2864 -17.9023 13.6894
      vertex 22.1156 -17.7315 13.5499
    endloop
  endfacet
  facet normal 0.70656 0.707653 0.000592501
    outer loop
      vertex 18.1802 -22.5642 14.0823
      vertex 18.1201 -22.5041 13.9715
      vertex 17.9023 -22.2864 13.6894
    endloop
  endfacet
  facet normal -0.706436 0.706436 0.0435509
    outer loop
      vertex 22.7645 -18.3805 14.8605
      vertex 22.6981 -18.4555 15
      vertex 22.7688 -18.3848 15
    endloop
  endfacet
  facet normal -0.706436 0.706436 0.0435509
    outer loop
      vertex 22.6981 -18.4555 15
      vertex 22.7645 -18.3805 14.8605
      vertex 18.4555 -22.6981 15
    endloop
  endfacet
  facet normal -0.706436 0.706436 0.0435509
    outer loop
      vertex 18.3805 -22.7645 14.8605
      vertex 18.4555 -22.6981 15
      vertex 22.7645 -18.3805 14.8605
    endloop
  endfacet
  facet normal -0.706436 0.706436 0.0435509
    outer loop
      vertex 18.4555 -22.6981 15
      vertex 18.3805 -22.7645 14.8605
      vertex 18.3848 -22.7688 15
    endloop
  endfacet
  facet normal 0.707107 0.707107 0
    outer loop
      vertex 18.3805 -22.7645 15
      vertex 18.3848 -22.7688 15
      vertex 18.3805 -22.7645 14.8605
    endloop
  endfacet
  facet normal -0.690371 0.690371 0.216279
    outer loop
      vertex 18.3462 -22.7303 14.5859
      vertex 22.7516 -18.3676 14.7222
      vertex 22.7303 -18.3462 14.5859
    endloop
  endfacet
  facet normal -0.690371 0.690371 0.216279
    outer loop
      vertex 22.7516 -18.3676 14.7222
      vertex 18.3462 -22.7303 14.5859
      vertex 18.3676 -22.7516 14.7222
    endloop
  endfacet
  facet normal 0.707091 0.707122 -0
    outer loop
      vertex 18.3805 -22.7645 14.8605
      vertex 16.1263 -20.5104 15
      vertex 18.3805 -22.7645 15
    endloop
  endfacet
  facet normal 0.707091 0.707122 0
    outer loop
      vertex 18.3805 -22.7645 14.8605
      vertex 16.1263 -20.5104 14.8605
      vertex 16.1263 -20.5104 15
    endloop
  endfacet
  facet normal 0.707091 0.707122 -0.000168518
    outer loop
      vertex 18.3165 -22.7006 14.4528
      vertex 16.1263 -20.5104 14.8605
      vertex 18.3805 -22.7645 14.8605
    endloop
  endfacet
  facet normal 0.707123 0.70709 0.000178654
    outer loop
      vertex 18.3165 -22.7006 14.4528
      vertex 16.1903 -20.5743 14.4528
      vertex 16.1263 -20.5104 14.8605
    endloop
  endfacet
  facet normal 0.707123 0.70709 -1.80438e-05
    outer loop
      vertex 17.9023 -22.2864 13.6894
      vertex 16.1903 -20.5743 14.4528
      vertex 18.3165 -22.7006 14.4528
    endloop
  endfacet
  facet normal 0.707134 0.70708 2.9561e-05
    outer loop
      vertex 17.9023 -22.2864 13.6894
      vertex 16.6045 -20.9885 13.6894
      vertex 16.1903 -20.5743 14.4528
    endloop
  endfacet
  facet normal 0.707134 0.70708 -6.67074e-05
    outer loop
      vertex 17.7315 -22.1156 13.5499
      vertex 16.6045 -20.9885 13.6894
      vertex 17.9023 -22.2864 13.6894
    endloop
  endfacet
  facet normal 0.707144 0.70707 9.05372e-05
    outer loop
      vertex 17.7315 -22.1156 13.5499
      vertex 16.7753 -21.1593 13.5499
      vertex 16.6045 -20.9885 13.6894
    endloop
  endfacet
  facet normal 0.707144 0.70707 -0.000235847
    outer loop
      vertex 16.7753 -21.1593 13.5499
      vertex 17.7315 -22.1156 13.5499
      vertex 17.2534 -21.6375 13.4
    endloop
  endfacet
  facet normal -0.0922054 0.0922054 -0.991462
    outer loop
      vertex 17.5206 -21.7632 16.5757
      vertex 21.6654 -17.4227 16.5939
      vertex 21.7632 -17.5206 16.5757
    endloop
  endfacet
  facet normal -0.0922054 0.0922054 -0.991462
    outer loop
      vertex 21.6654 -17.4227 16.5939
      vertex 17.5206 -21.7632 16.5757
      vertex 17.4227 -21.6654 16.5939
    endloop
  endfacet
  facet normal -0.627271 0.627271 -0.461586
    outer loop
      vertex 22.5921 -18.3495 15.6762
      vertex 18.3039 -22.5466 15.8
      vertex 22.5466 -18.3039 15.8
    endloop
  endfacet
  facet normal -0.627271 0.627271 -0.461586
    outer loop
      vertex 18.3039 -22.5466 15.8
      vertex 22.5921 -18.3495 15.6762
      vertex 18.3495 -22.5921 15.6762
    endloop
  endfacet
  facet normal 0.706092 0.708119 -0.00131361
    outer loop
      vertex 16.6045 -20.9885 13.6894
      vertex 16.4534 -20.8375 13.8686
      vertex 16.3867 -20.7708 13.9715
    endloop
  endfacet
  facet normal 0.674328 -0.674328 0.30094
    outer loop
      vertex 16.1606 -20.5446 14.5859
      vertex 20.5743 -16.1903 14.4528
      vertex 20.5446 -16.1606 14.5859
    endloop
  endfacet
  facet normal 0.674328 -0.674328 0.30094
    outer loop
      vertex 20.5743 -16.1903 14.4528
      vertex 16.1606 -20.5446 14.5859
      vertex 16.1903 -20.5743 14.4528
    endloop
  endfacet
  facet normal 0.70656 0.707653 -0.000593224
    outer loop
      vertex 16.6045 -20.9885 13.6894
      vertex 16.3266 -20.7107 14.0823
      vertex 16.1903 -20.5743 14.4528
    endloop
  endfacet
  facet normal -0.561048 0.561048 0.608646
    outer loop
      vertex 22.5041 -18.1201 13.9715
      vertex 18.1802 -22.5642 14.0823
      vertex 22.5642 -18.1802 14.0823
    endloop
  endfacet
  facet normal -0.561048 0.561048 0.608646
    outer loop
      vertex 18.1802 -22.5642 14.0823
      vertex 22.5041 -18.1201 13.9715
      vertex 18.1201 -22.5041 13.9715
    endloop
  endfacet
  facet normal -0.477603 0.477603 0.737422
    outer loop
      vertex 22.3647 -17.9806 13.7743
      vertex 18.0534 -22.4375 13.8686
      vertex 22.4375 -18.0534 13.8686
    endloop
  endfacet
  facet normal -0.477603 0.477603 0.737422
    outer loop
      vertex 18.0534 -22.4375 13.8686
      vertex 22.3647 -17.9806 13.7743
      vertex 17.9806 -22.3647 13.7743
    endloop
  endfacet
  facet normal -0.705344 -0.708859 -0.00296415
    outer loop
      vertex 22.4375 -18.0534 13.8686
      vertex 22.5041 -18.1201 13.9715
      vertex 22.2864 -17.9023 13.6894
    endloop
  endfacet
  facet normal -0.705797 -0.708414 0.000583857
    outer loop
      vertex 20.5446 -16.1606 14.5859
      vertex 20.5743 -16.1903 14.4528
      vertex 20.5104 -16.1263 14.8605
    endloop
  endfacet
  facet normal -0.707107 -0.707107 0
    outer loop
      vertex 20.5104 -16.1263 14.8605
      vertex 20.5104 -16.1263 15
      vertex 20.5061 -16.122 15
    endloop
  endfacet
  facet normal 0.708414 0.705797 0.000583857
    outer loop
      vertex 16.1903 -20.5743 14.4528
      vertex 16.1606 -20.5446 14.5859
      vertex 16.1263 -20.5104 14.8605
    endloop
  endfacet
  facet normal -0.212716 0.212716 0.953679
    outer loop
      vertex 21.9303 -17.5462 13.4545
      vertex 17.6404 -22.0244 13.4965
      vertex 22.0244 -17.6404 13.4965
    endloop
  endfacet
  facet normal -0.212716 0.212716 0.953679
    outer loop
      vertex 17.6404 -22.0244 13.4965
      vertex 21.9303 -17.5462 13.4545
      vertex 17.5462 -21.9303 13.4545
    endloop
  endfacet
  facet normal 0.708039 0.706163 -0.00364393
    outer loop
      vertex 17.7315 -22.1156 13.5499
      vertex 17.5462 -21.9303 13.4545
      vertex 17.4499 -21.8339 13.4243
    endloop
  endfacet
  facet normal -0.380075 0.380075 0.843259
    outer loop
      vertex 22.2032 -17.8191 13.6144
      vertex 17.9023 -22.2864 13.6894
      vertex 22.2864 -17.9023 13.6894
    endloop
  endfacet
  facet normal -0.380075 0.380075 0.843259
    outer loop
      vertex 17.9023 -22.2864 13.6894
      vertex 22.2032 -17.8191 13.6144
      vertex 17.8191 -22.2032 13.6144
    endloop
  endfacet
  facet normal -0.627271 0.627271 0.461586
    outer loop
      vertex 18.2332 -22.6173 14.2
      vertex 22.6628 -18.2788 14.3238
      vertex 22.6173 -18.2332 14.2
    endloop
  endfacet
  facet normal -0.627271 0.627271 0.461586
    outer loop
      vertex 22.6628 -18.2788 14.3238
      vertex 18.2332 -22.6173 14.2
      vertex 18.2788 -22.6628 14.3238
    endloop
  endfacet
  facet normal 0.70958 0.704623 -0.00163315
    outer loop
      vertex 18.3165 -22.7006 14.4528
      vertex 18.2332 -22.6173 14.2
      vertex 18.1802 -22.5642 14.0823
    endloop
  endfacet
  facet normal 0.268832 -0.268832 -0.92491
    outer loop
      vertex 16.9372 -21.1798 16.5035
      vertex 21.1654 -16.9227 16.4951
      vertex 21.1798 -16.9372 16.5035
    endloop
  endfacet
  facet normal 0.268832 -0.268832 -0.92491
    outer loop
      vertex 16.9227 -21.1654 16.4951
      vertex 21.1654 -16.9227 16.4951
      vertex 16.9372 -21.1798 16.5035
    endloop
  endfacet
  facet normal 0.270549 -0.270549 -0.923908
    outer loop
      vertex 21.1654 -16.9227 16.4951
      vertex 16.9227 -21.1654 16.4951
      vertex 21.1242 -16.8816 16.471
    endloop
  endfacet
  facet normal 0.270549 -0.270549 -0.923908
    outer loop
      vertex 21.1242 -16.8816 16.471
      vertex 16.9227 -21.1654 16.4951
      vertex 16.8816 -21.1242 16.471
    endloop
  endfacet
  facet normal 0.214407 -0.214407 -0.952921
    outer loop
      vertex 17.0253 -21.2679 16.5428
      vertex 21.2679 -17.0253 16.5428
      vertex 21.2739 -17.0313 16.5455
    endloop
  endfacet
  facet normal 0.212909 -0.212909 -0.953593
    outer loop
      vertex 21.2679 -17.0253 16.5428
      vertex 17.0253 -21.2679 16.5428
      vertex 21.2202 -16.9776 16.5215
    endloop
  endfacet
  facet normal 0.214407 -0.214407 -0.952921
    outer loop
      vertex 17.0253 -21.2679 16.5428
      vertex 21.2739 -17.0313 16.5455
      vertex 17.0313 -21.2739 16.5455
    endloop
  endfacet
  facet normal 0.212909 -0.212909 -0.953593
    outer loop
      vertex 16.9776 -21.2202 16.5215
      vertex 21.2202 -16.9776 16.5215
      vertex 17.0253 -21.2679 16.5428
    endloop
  endfacet
  facet normal 0.212477 -0.212477 -0.953786
    outer loop
      vertex 21.2202 -16.9776 16.5215
      vertex 16.9776 -21.2202 16.5215
      vertex 21.1798 -16.9372 16.5035
    endloop
  endfacet
  facet normal 0.212477 -0.212477 -0.953786
    outer loop
      vertex 21.1798 -16.9372 16.5035
      vertex 16.9776 -21.2202 16.5215
      vertex 16.9372 -21.1798 16.5035
    endloop
  endfacet
  facet normal -0.212716 0.212716 -0.953679
    outer loop
      vertex 17.7111 -21.9537 16.5035
      vertex 21.8596 -17.6169 16.5455
      vertex 21.9537 -17.7111 16.5035
    endloop
  endfacet
  facet normal -0.212716 0.212716 -0.953679
    outer loop
      vertex 21.8596 -17.6169 16.5455
      vertex 17.7111 -21.9537 16.5035
      vertex 17.6169 -21.8596 16.5455
    endloop
  endfacet
  facet normal -0.690371 0.690371 -0.216279
    outer loop
      vertex 18.4383 -22.6809 15.2778
      vertex 22.6596 -18.4169 15.4141
      vertex 22.6809 -18.4383 15.2778
    endloop
  endfacet
  facet normal -0.690371 0.690371 -0.216279
    outer loop
      vertex 22.6596 -18.4169 15.4141
      vertex 18.4383 -22.6809 15.2778
      vertex 18.4169 -22.6596 15.4141
    endloop
  endfacet
  facet normal -0.596274 0.596274 -0.537508
    outer loop
      vertex 22.5466 -18.3039 15.8
      vertex 18.2509 -22.4935 15.9177
      vertex 22.4935 -18.2509 15.9177
    endloop
  endfacet
  facet normal -0.596274 0.596274 -0.537508
    outer loop
      vertex 18.2509 -22.4935 15.9177
      vertex 22.5466 -18.3039 15.8
      vertex 18.3039 -22.5466 15.8
    endloop
  endfacet
  facet normal -0.561048 0.561048 -0.608646
    outer loop
      vertex 18.2509 -22.4935 15.9177
      vertex 22.4334 -18.1908 16.0285
      vertex 22.4935 -18.2509 15.9177
    endloop
  endfacet
  facet normal -0.561048 0.561048 -0.608646
    outer loop
      vertex 22.4334 -18.1908 16.0285
      vertex 18.2509 -22.4935 15.9177
      vertex 18.1908 -22.4334 16.0285
    endloop
  endfacet
  facet normal -0.71118 -0.702937 -0.0100922
    outer loop
      vertex 21.0718 -16.6877 13.6144
      vertex 21.1593 -16.7753 13.5499
      vertex 20.9885 -16.6045 13.6894
    endloop
  endfacet
  facet normal -0.326837 0.326837 -0.886767
    outer loop
      vertex 17.8898 -22.1324 16.3856
      vertex 22.0449 -17.8023 16.4501
      vertex 22.1324 -17.8898 16.3856
    endloop
  endfacet
  facet normal -0.326837 0.326837 -0.886767
    outer loop
      vertex 22.0449 -17.8023 16.4501
      vertex 17.8898 -22.1324 16.3856
      vertex 17.8023 -22.0449 16.4501
    endloop
  endfacet
  facet normal -0.430241 0.430241 0.79359
    outer loop
      vertex 22.2864 -17.9023 13.6894
      vertex 17.9806 -22.3647 13.7743
      vertex 22.3647 -17.9806 13.7743
    endloop
  endfacet
  facet normal -0.430241 0.430241 0.79359
    outer loop
      vertex 17.9806 -22.3647 13.7743
      vertex 22.2864 -17.9023 13.6894
      vertex 17.9023 -22.2864 13.6894
    endloop
  endfacet
  facet normal -0.707107 -0.707107 0
    outer loop
      vertex 22.3647 -17.9806 13.7743
      vertex 22.4375 -18.0534 13.8686
      vertex 22.2864 -17.9023 13.6894
    endloop
  endfacet
  facet normal -0.707155 -0.707058 -0.000779009
    outer loop
      vertex 21.441 -17.0569 13.4243
      vertex 21.6375 -17.2534 13.4
      vertex 21.1593 -16.7753 13.5499
    endloop
  endfacet
  facet normal 0.705946 0.708265 -0.00104447
    outer loop
      vertex 16.3266 -20.7107 14.0823
      vertex 16.2736 -20.6577 14.2
      vertex 16.1903 -20.5743 14.4528
    endloop
  endfacet
  facet normal -0.707653 -0.70656 -0.000593224
    outer loop
      vertex 20.7107 -16.3266 14.0823
      vertex 20.9885 -16.6045 13.6894
      vertex 20.5743 -16.1903 14.4528
    endloop
  endfacet
  facet normal 0.703001 0.711188 -0.000763668
    outer loop
      vertex 16.1606 -20.5446 14.5859
      vertex 16.1392 -20.5233 14.7222
      vertex 16.1263 -20.5104 14.8605
    endloop
  endfacet
  facet normal 0.690371 -0.690371 0.216279
    outer loop
      vertex 16.1606 -20.5446 14.5859
      vertex 20.5233 -16.1392 14.7222
      vertex 16.1392 -20.5233 14.7222
    endloop
  endfacet
  facet normal 0.690371 -0.690371 0.216279
    outer loop
      vertex 20.5233 -16.1392 14.7222
      vertex 16.1606 -20.5446 14.5859
      vertex 20.5446 -16.1606 14.5859
    endloop
  endfacet
  facet normal -0.270622 0.270622 0.923865
    outer loop
      vertex 22.0244 -17.6404 13.4965
      vertex 17.7315 -22.1156 13.5499
      vertex 22.1156 -17.7315 13.5499
    endloop
  endfacet
  facet normal -0.270622 0.270622 0.923865
    outer loop
      vertex 17.7315 -22.1156 13.5499
      vertex 22.0244 -17.6404 13.4965
      vertex 17.6404 -22.0244 13.4965
    endloop
  endfacet
  facet normal 0.704247 0.709871 0.0109245
    outer loop
      vertex 17.7315 -22.1156 13.5499
      vertex 17.6404 -22.0244 13.4965
      vertex 17.5462 -21.9303 13.4545
    endloop
  endfacet
  facet normal -0.653366 0.653366 0.382396
    outer loop
      vertex 22.6628 -18.2788 14.3238
      vertex 18.3165 -22.7006 14.4528
      vertex 22.7006 -18.3165 14.4528
    endloop
  endfacet
  facet normal -0.653366 0.653366 0.382396
    outer loop
      vertex 18.3165 -22.7006 14.4528
      vertex 22.6628 -18.2788 14.3238
      vertex 18.2788 -22.6628 14.3238
    endloop
  endfacet
  facet normal 0.699627 0.714491 0.00489797
    outer loop
      vertex 18.3165 -22.7006 14.4528
      vertex 18.2788 -22.6628 14.3238
      vertex 18.2332 -22.6173 14.2
    endloop
  endfacet
  facet normal -0.701043 0.701043 -0.130686
    outer loop
      vertex 22.6938 -18.4512 15.1394
      vertex 18.4383 -22.6809 15.2778
      vertex 22.6809 -18.4383 15.2778
    endloop
  endfacet
  facet normal -0.701043 0.701043 -0.130686
    outer loop
      vertex 18.4383 -22.6809 15.2778
      vertex 22.6938 -18.4512 15.1394
      vertex 18.4512 -22.6938 15.1394
    endloop
  endfacet
  facet normal -0.653239 0.653239 -0.382828
    outer loop
      vertex 22.6299 -18.3873 15.5472
      vertex 18.3495 -22.5921 15.6762
      vertex 22.5921 -18.3495 15.6762
    endloop
  endfacet
  facet normal -0.653239 0.653239 -0.382828
    outer loop
      vertex 18.3495 -22.5921 15.6762
      vertex 22.6299 -18.3873 15.5472
      vertex 18.3873 -22.6299 15.5472
    endloop
  endfacet
  facet normal 0.707107 0.707107 0
    outer loop
      vertex 16.9606 -21.3446 13.4545
      vertex 16.8665 -21.2505 13.4965
      vertex 16.7753 -21.1593 13.5499
    endloop
  endfacet
  facet normal -0.706163 -0.708039 0.00364393
    outer loop
      vertex 21.3446 -16.9606 13.4545
      vertex 21.441 -17.0569 13.4243
      vertex 21.1593 -16.7753 13.5499
    endloop
  endfacet
  facet normal 0.596436 -0.596436 0.537147
    outer loop
      vertex 16.2736 -20.6577 14.2
      vertex 20.7107 -16.3266 14.0823
      vertex 20.6577 -16.2736 14.2
    endloop
  endfacet
  facet normal 0.596436 -0.596436 0.537147
    outer loop
      vertex 20.7107 -16.3266 14.0823
      vertex 16.2736 -20.6577 14.2
      vertex 16.3266 -20.7107 14.0823
    endloop
  endfacet
  facet normal 0.703475 0.710715 -0.00266707
    outer loop
      vertex 16.2736 -20.6577 14.2
      vertex 16.228 -20.6121 14.3238
      vertex 16.1903 -20.5743 14.4528
    endloop
  endfacet
  facet normal 0.701034 -0.701034 0.130779
    outer loop
      vertex 16.1263 -20.5104 14.8605
      vertex 20.5233 -16.1392 14.7222
      vertex 20.5104 -16.1263 14.8605
    endloop
  endfacet
  facet normal 0.701034 -0.701034 0.130779
    outer loop
      vertex 20.5233 -16.1392 14.7222
      vertex 16.1263 -20.5104 14.8605
      vertex 16.1392 -20.5233 14.7222
    endloop
  endfacet
  facet normal 0.32669 -0.32669 0.886875
    outer loop
      vertex 21.0718 -16.6877 13.6144
      vertex 16.7753 -21.1593 13.5499
      vertex 21.1593 -16.7753 13.5499
    endloop
  endfacet
  facet normal 0.32669 -0.32669 0.886875
    outer loop
      vertex 16.7753 -21.1593 13.5499
      vertex 21.0718 -16.6877 13.6144
      vertex 16.6877 -21.0718 13.6144
    endloop
  endfacet
  facet normal 0.212819 -0.212819 0.953633
    outer loop
      vertex 21.2505 -16.8665 13.4965
      vertex 16.9606 -21.3446 13.4545
      vertex 21.3446 -16.9606 13.4545
    endloop
  endfacet
  facet normal 0.212819 -0.212819 0.953633
    outer loop
      vertex 16.9606 -21.3446 13.4545
      vertex 21.2505 -16.8665 13.4965
      vertex 16.8665 -21.2505 13.4965
    endloop
  endfacet
  facet normal 0.379912 -0.379912 0.843406
    outer loop
      vertex 20.9885 -16.6045 13.6894
      vertex 16.6877 -21.0718 13.6144
      vertex 21.0718 -16.6877 13.6144
    endloop
  endfacet
  facet normal 0.379912 -0.379912 0.843406
    outer loop
      vertex 16.6877 -21.0718 13.6144
      vertex 20.9885 -16.6045 13.6894
      vertex 16.6045 -20.9885 13.6894
    endloop
  endfacet
  facet normal 0.708039 0.706163 0.00364393
    outer loop
      vertex 17.0569 -21.441 13.4243
      vertex 16.9606 -21.3446 13.4545
      vertex 16.7753 -21.1593 13.5499
    endloop
  endfacet
  facet normal 0.0309035 -0.0309035 0.999045
    outer loop
      vertex 21.5389 -17.1548 13.4061
      vertex 17.2534 -21.6375 13.4
      vertex 21.6375 -17.2534 13.4
    endloop
  endfacet
  facet normal 0.0309035 -0.0309035 0.999045
    outer loop
      vertex 17.2534 -21.6375 13.4
      vertex 21.5389 -17.1548 13.4061
      vertex 17.1548 -21.5389 13.4061
    endloop
  endfacet
  facet normal 0.707058 0.707155 -0.000779009
    outer loop
      vertex 17.2534 -21.6375 13.4
      vertex 17.0569 -21.441 13.4243
      vertex 16.7753 -21.1593 13.5499
    endloop
  endfacet
  facet normal 0.521239 -0.521239 0.675736
    outer loop
      vertex 20.7708 -16.3867 13.9715
      vertex 16.4534 -20.8375 13.8686
      vertex 20.8375 -16.4534 13.8686
    endloop
  endfacet
  facet normal 0.521239 -0.521239 0.675736
    outer loop
      vertex 16.4534 -20.8375 13.8686
      vertex 20.7708 -16.3867 13.9715
      vertex 16.3867 -20.7708 13.9715
    endloop
  endfacet
  facet normal 0.561048 -0.561048 0.608646
    outer loop
      vertex 20.7107 -16.3266 14.0823
      vertex 16.3867 -20.7708 13.9715
      vertex 20.7708 -16.3867 13.9715
    endloop
  endfacet
  facet normal 0.561048 -0.561048 0.608646
    outer loop
      vertex 16.3867 -20.7708 13.9715
      vertex 20.7107 -16.3266 14.0823
      vertex 16.3266 -20.7107 14.0823
    endloop
  endfacet
  facet normal 0.70656 0.707653 -0.000592501
    outer loop
      vertex 16.6045 -20.9885 13.6894
      vertex 16.3867 -20.7708 13.9715
      vertex 16.3266 -20.7107 14.0823
    endloop
  endfacet
  facet normal 0.653366 -0.653366 0.382396
    outer loop
      vertex 16.228 -20.6121 14.3238
      vertex 20.5743 -16.1903 14.4528
      vertex 16.1903 -20.5743 14.4528
    endloop
  endfacet
  facet normal 0.653366 -0.653366 0.382396
    outer loop
      vertex 20.5743 -16.1903 14.4528
      vertex 16.228 -20.6121 14.3238
      vertex 20.6121 -16.228 14.3238
    endloop
  endfacet
  facet normal 0.627124 -0.627124 0.461985
    outer loop
      vertex 16.228 -20.6121 14.3238
      vertex 20.6577 -16.2736 14.2
      vertex 20.6121 -16.228 14.3238
    endloop
  endfacet
  facet normal 0.627124 -0.627124 0.461985
    outer loop
      vertex 20.6577 -16.2736 14.2
      vertex 16.228 -20.6121 14.3238
      vertex 16.2736 -20.6577 14.2
    endloop
  endfacet
  facet normal -0.708265 -0.705946 -0.00104447
    outer loop
      vertex 20.6577 -16.2736 14.2
      vertex 20.7107 -16.3266 14.0823
      vertex 20.5743 -16.1903 14.4528
    endloop
  endfacet
  facet normal 0.0921591 -0.0921591 0.99147
    outer loop
      vertex 21.441 -17.0569 13.4243
      vertex 17.1548 -21.5389 13.4061
      vertex 21.5389 -17.1548 13.4061
    endloop
  endfacet
  facet normal 0.0921591 -0.0921591 0.99147
    outer loop
      vertex 17.1548 -21.5389 13.4061
      vertex 21.441 -17.0569 13.4243
      vertex 17.0569 -21.441 13.4243
    endloop
  endfacet
  facet normal -0.710715 -0.703475 -0.00266707
    outer loop
      vertex 20.6121 -16.228 14.3238
      vertex 20.6577 -16.2736 14.2
      vertex 20.5743 -16.1903 14.4528
    endloop
  endfacet
  facet normal 0.153007 -0.153007 0.976308
    outer loop
      vertex 21.3446 -16.9606 13.4545
      vertex 17.0569 -21.441 13.4243
      vertex 21.441 -17.0569 13.4243
    endloop
  endfacet
  facet normal 0.153007 -0.153007 0.976308
    outer loop
      vertex 17.0569 -21.441 13.4243
      vertex 21.3446 -16.9606 13.4545
      vertex 16.9606 -21.3446 13.4545
    endloop
  endfacet
  facet normal 0.270495 -0.270495 0.92394
    outer loop
      vertex 21.1593 -16.7753 13.5499
      vertex 16.8665 -21.2505 13.4965
      vertex 21.2505 -16.8665 13.4965
    endloop
  endfacet
  facet normal 0.270495 -0.270495 0.92394
    outer loop
      vertex 16.8665 -21.2505 13.4965
      vertex 21.1593 -16.7753 13.5499
      vertex 16.7753 -21.1593 13.5499
    endloop
  endfacet
  facet normal -0.991443 -0.130538 0
    outer loop
      vertex 24.9049 2.17889 0
      vertex 24.6202 4.3412 15
      vertex 24.6202 4.3412 0
    endloop
  endfacet
  facet normal -0.991443 -0.130538 0
    outer loop
      vertex 24.6202 4.3412 15
      vertex 24.9049 2.17889 0
      vertex 24.9049 2.17889 15
    endloop
  endfacet
  facet normal -0.999049 -0.0436046 0
    outer loop
      vertex 25 0 0
      vertex 24.9049 2.17889 15
      vertex 24.9049 2.17889 0
    endloop
  endfacet
  facet normal -0.999049 -0.0436046 0
    outer loop
      vertex 24.9049 2.17889 15
      vertex 25 0 0
      vertex 25 0 15
    endloop
  endfacet
  facet normal -0.976291 -0.216461 0
    outer loop
      vertex 24.6202 4.3412 0
      vertex 24.1481 6.47048 15
      vertex 24.1481 6.47048 0
    endloop
  endfacet
  facet normal -0.976291 -0.216461 0
    outer loop
      vertex 24.1481 6.47048 15
      vertex 24.6202 4.3412 0
      vertex 24.6202 4.3412 15
    endloop
  endfacet
  facet normal 0.382668 0.923886 -0
    outer loop
      vertex -8.5505 -23.4923 0
      vertex -10.5655 -22.6577 15
      vertex -8.5505 -23.4923 15
    endloop
  endfacet
  facet normal 0.382668 0.923886 0
    outer loop
      vertex -10.5655 -22.6577 15
      vertex -8.5505 -23.4923 0
      vertex -10.5655 -22.6577 0
    endloop
  endfacet
  facet normal -0.737291 -0.675575 0
    outer loop
      vertex 19.1511 16.0697 0
      vertex 17.6777 17.6777 15
      vertex 17.6777 17.6777 0
    endloop
  endfacet
  facet normal -0.737291 -0.675575 0
    outer loop
      vertex 17.6777 17.6777 15
      vertex 19.1511 16.0697 0
      vertex 19.1511 16.0697 15
    endloop
  endfacet
  facet normal -0.461771 0.886999 0
    outer loop
      vertex 12.5 -21.6506 0
      vertex 10.5655 -22.6577 15
      vertex 12.5 -21.6506 15
    endloop
  endfacet
  facet normal -0.461771 0.886999 0
    outer loop
      vertex 10.5655 -22.6577 15
      vertex 12.5 -21.6506 0
      vertex 10.5655 -22.6577 0
    endloop
  endfacet
  facet normal 0.461771 -0.886999 0
    outer loop
      vertex -12.5 21.6506 0
      vertex -10.5655 22.6577 15
      vertex -12.5 21.6506 15
    endloop
  endfacet
  facet normal 0.461771 -0.886999 0
    outer loop
      vertex -10.5655 22.6577 15
      vertex -12.5 21.6506 0
      vertex -10.5655 22.6577 0
    endloop
  endfacet
  facet normal 0.737291 0.675575 0
    outer loop
      vertex -17.6777 -17.6777 15
      vertex -19.1511 -16.0697 0
      vertex -19.1511 -16.0697 15
    endloop
  endfacet
  facet normal 0.737291 0.675575 0
    outer loop
      vertex -19.1511 -16.0697 0
      vertex -17.6777 -17.6777 15
      vertex -17.6777 -17.6777 0
    endloop
  endfacet
  facet normal 0.843397 0.537291 0
    outer loop
      vertex -20.4788 -14.3394 15
      vertex -21.6506 -12.5 0
      vertex -21.6506 -12.5 15
    endloop
  endfacet
  facet normal 0.843397 0.537291 0
    outer loop
      vertex -21.6506 -12.5 0
      vertex -20.4788 -14.3394 15
      vertex -20.4788 -14.3394 0
    endloop
  endfacet
  facet normal 0.60876 0.793355 -0
    outer loop
      vertex -14.3394 -20.4788 0
      vertex -16.0697 -19.1511 15
      vertex -14.3394 -20.4788 15
    endloop
  endfacet
  facet normal 0.60876 0.793355 0
    outer loop
      vertex -16.0697 -19.1511 15
      vertex -14.3394 -20.4788 0
      vertex -16.0697 -19.1511 0
    endloop
  endfacet
  facet normal -0.130538 -0.991443 0
    outer loop
      vertex 2.17889 24.9049 0
      vertex 4.3412 24.6202 15
      vertex 2.17889 24.9049 15
    endloop
  endfacet
  facet normal -0.130538 -0.991443 -0
    outer loop
      vertex 4.3412 24.6202 15
      vertex 2.17889 24.9049 0
      vertex 4.3412 24.6202 0
    endloop
  endfacet
  facet normal 0.886999 -0.461771 0
    outer loop
      vertex -22.6577 10.5655 15
      vertex -21.6506 12.5 0
      vertex -21.6506 12.5 15
    endloop
  endfacet
  facet normal 0.886999 -0.461771 0
    outer loop
      vertex -21.6506 12.5 0
      vertex -22.6577 10.5655 15
      vertex -22.6577 10.5655 0
    endloop
  endfacet
  facet normal -0.0436046 0.999049 0
    outer loop
      vertex 2.17889 -24.9049 0
      vertex 0 -25 15
      vertex 2.17889 -24.9049 15
    endloop
  endfacet
  facet normal -0.0436046 0.999049 0
    outer loop
      vertex 0 -25 15
      vertex 2.17889 -24.9049 0
      vertex 0 -25 0
    endloop
  endfacet
  facet normal 0.976291 -0.216461 0
    outer loop
      vertex -24.6202 4.3412 15
      vertex -24.1481 6.47048 0
      vertex -24.1481 6.47048 15
    endloop
  endfacet
  facet normal 0.976291 -0.216461 0
    outer loop
      vertex -24.1481 6.47048 0
      vertex -24.6202 4.3412 15
      vertex -24.6202 4.3412 0
    endloop
  endfacet
  facet normal -0.999049 0.0436046 0
    outer loop
      vertex 24.9049 -2.17889 0
      vertex 25 0 15
      vertex 25 0 0
    endloop
  endfacet
  facet normal -0.999049 0.0436046 0
    outer loop
      vertex 25 0 15
      vertex 24.9049 -2.17889 0
      vertex 24.9049 -2.17889 15
    endloop
  endfacet
  facet normal 0.60876 -0.793355 0
    outer loop
      vertex -16.0697 19.1511 0
      vertex -14.3394 20.4788 15
      vertex -16.0697 19.1511 15
    endloop
  endfacet
  facet normal 0.60876 -0.793355 0
    outer loop
      vertex -14.3394 20.4788 15
      vertex -16.0697 19.1511 0
      vertex -14.3394 20.4788 0
    endloop
  endfacet
  facet normal -0.793355 0.60876 0
    outer loop
      vertex 19.1511 -16.0697 0
      vertex 20.4788 -14.3394 15
      vertex 20.4788 -14.3394 0
    endloop
  endfacet
  facet normal -0.793355 0.60876 0
    outer loop
      vertex 20.4788 -14.3394 15
      vertex 19.1511 -16.0697 0
      vertex 19.1511 -16.0697 15
    endloop
  endfacet
  facet normal -0.843397 -0.537291 0
    outer loop
      vertex 21.6506 12.5 0
      vertex 20.4788 14.3394 15
      vertex 20.4788 14.3394 0
    endloop
  endfacet
  facet normal -0.843397 -0.537291 0
    outer loop
      vertex 20.4788 14.3394 15
      vertex 21.6506 12.5 0
      vertex 21.6506 12.5 15
    endloop
  endfacet
  facet normal -0.976291 0.216461 0
    outer loop
      vertex 24.1481 -6.47048 0
      vertex 24.6202 -4.3412 15
      vertex 24.6202 -4.3412 0
    endloop
  endfacet
  facet normal -0.976291 0.216461 0
    outer loop
      vertex 24.6202 -4.3412 15
      vertex 24.1481 -6.47048 0
      vertex 24.1481 -6.47048 15
    endloop
  endfacet
  facet normal -0.953721 0.300694 0
    outer loop
      vertex 23.4923 -8.5505 0
      vertex 24.1481 -6.47048 15
      vertex 24.1481 -6.47048 0
    endloop
  endfacet
  facet normal -0.953721 0.300694 0
    outer loop
      vertex 24.1481 -6.47048 15
      vertex 23.4923 -8.5505 0
      vertex 23.4923 -8.5505 15
    endloop
  endfacet
  facet normal 0.793355 -0.60876 0
    outer loop
      vertex -20.4788 14.3394 15
      vertex -19.1511 16.0697 0
      vertex -19.1511 16.0697 15
    endloop
  endfacet
  facet normal 0.793355 -0.60876 0
    outer loop
      vertex -19.1511 16.0697 0
      vertex -20.4788 14.3394 15
      vertex -20.4788 14.3394 0
    endloop
  endfacet
  facet normal 0.843397 -0.537291 0
    outer loop
      vertex -21.6506 12.5 15
      vertex -20.4788 14.3394 0
      vertex -20.4788 14.3394 15
    endloop
  endfacet
  facet normal 0.843397 -0.537291 0
    outer loop
      vertex -20.4788 14.3394 0
      vertex -21.6506 12.5 15
      vertex -21.6506 12.5 0
    endloop
  endfacet
  facet normal 0.953721 -0.300694 0
    outer loop
      vertex -24.1481 6.47048 15
      vertex -23.4923 8.5505 0
      vertex -23.4923 8.5505 15
    endloop
  endfacet
  facet normal 0.953721 -0.300694 0
    outer loop
      vertex -23.4923 8.5505 0
      vertex -24.1481 6.47048 15
      vertex -24.1481 6.47048 0
    endloop
  endfacet
  facet normal -0.461771 -0.886999 0
    outer loop
      vertex 10.5655 22.6577 0
      vertex 12.5 21.6506 15
      vertex 10.5655 22.6577 15
    endloop
  endfacet
  facet normal -0.461771 -0.886999 -0
    outer loop
      vertex 12.5 21.6506 15
      vertex 10.5655 22.6577 0
      vertex 12.5 21.6506 0
    endloop
  endfacet
  facet normal 0.953721 0.300694 0
    outer loop
      vertex -23.4923 -8.5505 15
      vertex -24.1481 -6.47048 0
      vertex -24.1481 -6.47048 15
    endloop
  endfacet
  facet normal 0.953721 0.300694 0
    outer loop
      vertex -24.1481 -6.47048 0
      vertex -23.4923 -8.5505 15
      vertex -23.4923 -8.5505 0
    endloop
  endfacet
  facet normal 0.537291 -0.843397 0
    outer loop
      vertex -14.3394 20.4788 0
      vertex -12.5 21.6506 15
      vertex -14.3394 20.4788 15
    endloop
  endfacet
  facet normal 0.537291 -0.843397 0
    outer loop
      vertex -12.5 21.6506 15
      vertex -14.3394 20.4788 0
      vertex -12.5 21.6506 0
    endloop
  endfacet
  facet normal 0.130538 0.991443 -0
    outer loop
      vertex -2.17889 -24.9049 0
      vertex -4.3412 -24.6202 15
      vertex -2.17889 -24.9049 15
    endloop
  endfacet
  facet normal 0.130538 0.991443 0
    outer loop
      vertex -4.3412 -24.6202 15
      vertex -2.17889 -24.9049 0
      vertex -4.3412 -24.6202 0
    endloop
  endfacet
  facet normal 0.130538 -0.991443 0
    outer loop
      vertex -4.3412 24.6202 0
      vertex -2.17889 24.9049 15
      vertex -4.3412 24.6202 15
    endloop
  endfacet
  facet normal 0.130538 -0.991443 0
    outer loop
      vertex -2.17889 24.9049 15
      vertex -4.3412 24.6202 0
      vertex -2.17889 24.9049 0
    endloop
  endfacet
  facet normal -0.382668 0.923886 0
    outer loop
      vertex 10.5655 -22.6577 0
      vertex 8.5505 -23.4923 15
      vertex 10.5655 -22.6577 15
    endloop
  endfacet
  facet normal -0.382668 0.923886 0
    outer loop
      vertex 8.5505 -23.4923 15
      vertex 10.5655 -22.6577 0
      vertex 8.5505 -23.4923 0
    endloop
  endfacet
  facet normal -0.923886 -0.382668 0
    outer loop
      vertex 23.4923 8.5505 0
      vertex 22.6577 10.5655 15
      vertex 22.6577 10.5655 0
    endloop
  endfacet
  facet normal -0.923886 -0.382668 0
    outer loop
      vertex 22.6577 10.5655 15
      vertex 23.4923 8.5505 0
      vertex 23.4923 8.5505 15
    endloop
  endfacet
  facet normal -0.382668 -0.923886 0
    outer loop
      vertex 8.5505 23.4923 0
      vertex 10.5655 22.6577 15
      vertex 8.5505 23.4923 15
    endloop
  endfacet
  facet normal -0.382668 -0.923886 -0
    outer loop
      vertex 10.5655 22.6577 15
      vertex 8.5505 23.4923 0
      vertex 10.5655 22.6577 0
    endloop
  endfacet
  facet normal -0.886999 0.461771 0
    outer loop
      vertex 21.6506 -12.5 0
      vertex 22.6577 -10.5655 15
      vertex 22.6577 -10.5655 0
    endloop
  endfacet
  facet normal -0.886999 0.461771 0
    outer loop
      vertex 22.6577 -10.5655 15
      vertex 21.6506 -12.5 0
      vertex 21.6506 -12.5 15
    endloop
  endfacet
  facet normal -0.300694 0.953721 0
    outer loop
      vertex 8.5505 -23.4923 0
      vertex 6.47048 -24.1481 15
      vertex 8.5505 -23.4923 15
    endloop
  endfacet
  facet normal -0.300694 0.953721 0
    outer loop
      vertex 6.47048 -24.1481 15
      vertex 8.5505 -23.4923 0
      vertex 6.47048 -24.1481 0
    endloop
  endfacet
  facet normal -0.923886 0.382668 0
    outer loop
      vertex 22.6577 -10.5655 0
      vertex 23.4923 -8.5505 15
      vertex 23.4923 -8.5505 0
    endloop
  endfacet
  facet normal -0.923886 0.382668 0
    outer loop
      vertex 23.4923 -8.5505 15
      vertex 22.6577 -10.5655 0
      vertex 22.6577 -10.5655 15
    endloop
  endfacet
  facet normal -0.130538 0.991443 0
    outer loop
      vertex 4.3412 -24.6202 0
      vertex 2.17889 -24.9049 15
      vertex 4.3412 -24.6202 15
    endloop
  endfacet
  facet normal -0.130538 0.991443 0
    outer loop
      vertex 2.17889 -24.9049 15
      vertex 4.3412 -24.6202 0
      vertex 2.17889 -24.9049 0
    endloop
  endfacet
  facet normal 0.976291 0.216461 0
    outer loop
      vertex -24.1481 -6.47048 15
      vertex -24.6202 -4.3412 0
      vertex -24.6202 -4.3412 15
    endloop
  endfacet
  facet normal 0.976291 0.216461 0
    outer loop
      vertex -24.6202 -4.3412 0
      vertex -24.1481 -6.47048 15
      vertex -24.1481 -6.47048 0
    endloop
  endfacet
  facet normal 0.461771 0.886999 -0
    outer loop
      vertex -10.5655 -22.6577 0
      vertex -12.5 -21.6506 15
      vertex -10.5655 -22.6577 15
    endloop
  endfacet
  facet normal 0.461771 0.886999 0
    outer loop
      vertex -12.5 -21.6506 15
      vertex -10.5655 -22.6577 0
      vertex -12.5 -21.6506 0
    endloop
  endfacet
  facet normal -0.0436046 -0.999049 0
    outer loop
      vertex 0 25 0
      vertex 2.17889 24.9049 15
      vertex 0 25 15
    endloop
  endfacet
  facet normal -0.0436046 -0.999049 -0
    outer loop
      vertex 2.17889 24.9049 15
      vertex 0 25 0
      vertex 2.17889 24.9049 0
    endloop
  endfacet
  facet normal 0.216461 -0.976291 0
    outer loop
      vertex -6.47048 24.1481 0
      vertex -4.3412 24.6202 15
      vertex -6.47048 24.1481 15
    endloop
  endfacet
  facet normal 0.216461 -0.976291 0
    outer loop
      vertex -4.3412 24.6202 15
      vertex -6.47048 24.1481 0
      vertex -4.3412 24.6202 0
    endloop
  endfacet
  facet normal -0.60876 0.793355 0
    outer loop
      vertex 16.0697 -19.1511 0
      vertex 14.3394 -20.4788 15
      vertex 16.0697 -19.1511 15
    endloop
  endfacet
  facet normal -0.60876 0.793355 0
    outer loop
      vertex 14.3394 -20.4788 15
      vertex 16.0697 -19.1511 0
      vertex 14.3394 -20.4788 0
    endloop
  endfacet
  facet normal -0.537291 -0.843397 0
    outer loop
      vertex 12.5 21.6506 0
      vertex 14.3394 20.4788 15
      vertex 12.5 21.6506 15
    endloop
  endfacet
  facet normal -0.537291 -0.843397 -0
    outer loop
      vertex 14.3394 20.4788 15
      vertex 12.5 21.6506 0
      vertex 14.3394 20.4788 0
    endloop
  endfacet
  facet normal -0.843397 0.537291 0
    outer loop
      vertex 20.4788 -14.3394 0
      vertex 21.6506 -12.5 15
      vertex 21.6506 -12.5 0
    endloop
  endfacet
  facet normal -0.843397 0.537291 0
    outer loop
      vertex 21.6506 -12.5 15
      vertex 20.4788 -14.3394 0
      vertex 20.4788 -14.3394 15
    endloop
  endfacet
  facet normal 0.382668 -0.923886 0
    outer loop
      vertex -10.5655 22.6577 0
      vertex -8.5505 23.4923 15
      vertex -10.5655 22.6577 15
    endloop
  endfacet
  facet normal 0.382668 -0.923886 0
    outer loop
      vertex -8.5505 23.4923 15
      vertex -10.5655 22.6577 0
      vertex -8.5505 23.4923 0
    endloop
  endfacet
  facet normal -0.953721 -0.300694 0
    outer loop
      vertex 24.1481 6.47048 0
      vertex 23.4923 8.5505 15
      vertex 23.4923 8.5505 0
    endloop
  endfacet
  facet normal -0.953721 -0.300694 0
    outer loop
      vertex 23.4923 8.5505 15
      vertex 24.1481 6.47048 0
      vertex 24.1481 6.47048 15
    endloop
  endfacet
  facet normal 0.793355 0.60876 0
    outer loop
      vertex -19.1511 -16.0697 15
      vertex -20.4788 -14.3394 0
      vertex -20.4788 -14.3394 15
    endloop
  endfacet
  facet normal 0.793355 0.60876 0
    outer loop
      vertex -20.4788 -14.3394 0
      vertex -19.1511 -16.0697 15
      vertex -19.1511 -16.0697 0
    endloop
  endfacet
  facet normal -0.886999 -0.461771 0
    outer loop
      vertex 22.6577 10.5655 0
      vertex 21.6506 12.5 15
      vertex 21.6506 12.5 0
    endloop
  endfacet
  facet normal -0.886999 -0.461771 0
    outer loop
      vertex 21.6506 12.5 15
      vertex 22.6577 10.5655 0
      vertex 22.6577 10.5655 15
    endloop
  endfacet
  facet normal 0.675575 0.737291 -0
    outer loop
      vertex -16.0697 -19.1511 0
      vertex -17.6777 -17.6777 15
      vertex -16.0697 -19.1511 15
    endloop
  endfacet
  facet normal 0.675575 0.737291 0
    outer loop
      vertex -17.6777 -17.6777 15
      vertex -16.0697 -19.1511 0
      vertex -17.6777 -17.6777 0
    endloop
  endfacet
  facet normal -0.737291 0.675575 0
    outer loop
      vertex 17.6777 -17.6777 0
      vertex 19.1511 -16.0697 15
      vertex 19.1511 -16.0697 0
    endloop
  endfacet
  facet normal -0.737291 0.675575 0
    outer loop
      vertex 19.1511 -16.0697 15
      vertex 17.6777 -17.6777 0
      vertex 17.6777 -17.6777 15
    endloop
  endfacet
  facet normal -0.675575 0.737291 0
    outer loop
      vertex 17.6777 -17.6777 0
      vertex 16.0697 -19.1511 15
      vertex 17.6777 -17.6777 15
    endloop
  endfacet
  facet normal -0.675575 0.737291 0
    outer loop
      vertex 16.0697 -19.1511 15
      vertex 17.6777 -17.6777 0
      vertex 16.0697 -19.1511 0
    endloop
  endfacet
  facet normal -0.60876 -0.793355 0
    outer loop
      vertex 14.3394 20.4788 0
      vertex 16.0697 19.1511 15
      vertex 14.3394 20.4788 15
    endloop
  endfacet
  facet normal -0.60876 -0.793355 -0
    outer loop
      vertex 16.0697 19.1511 15
      vertex 14.3394 20.4788 0
      vertex 16.0697 19.1511 0
    endloop
  endfacet
  facet normal 0.300694 -0.953721 0
    outer loop
      vertex -8.5505 23.4923 0
      vertex -6.47048 24.1481 15
      vertex -8.5505 23.4923 15
    endloop
  endfacet
  facet normal 0.300694 -0.953721 0
    outer loop
      vertex -6.47048 24.1481 15
      vertex -8.5505 23.4923 0
      vertex -6.47048 24.1481 0
    endloop
  endfacet
  facet normal 0.999049 0.0436046 0
    outer loop
      vertex -24.9049 -2.17889 15
      vertex -25 0 0
      vertex -25 0 15
    endloop
  endfacet
  facet normal 0.999049 0.0436046 0
    outer loop
      vertex -25 0 0
      vertex -24.9049 -2.17889 15
      vertex -24.9049 -2.17889 0
    endloop
  endfacet
  facet normal 0.216461 0.976291 -0
    outer loop
      vertex -4.3412 -24.6202 0
      vertex -6.47048 -24.1481 15
      vertex -4.3412 -24.6202 15
    endloop
  endfacet
  facet normal 0.216461 0.976291 0
    outer loop
      vertex -6.47048 -24.1481 15
      vertex -4.3412 -24.6202 0
      vertex -6.47048 -24.1481 0
    endloop
  endfacet
  facet normal 0.0436046 -0.999049 0
    outer loop
      vertex -2.17889 24.9049 0
      vertex 0 25 15
      vertex -2.17889 24.9049 15
    endloop
  endfacet
  facet normal 0.0436046 -0.999049 0
    outer loop
      vertex 0 25 15
      vertex -2.17889 24.9049 0
      vertex 0 25 0
    endloop
  endfacet
  facet normal 0.923886 -0.382668 0
    outer loop
      vertex -23.4923 8.5505 15
      vertex -22.6577 10.5655 0
      vertex -22.6577 10.5655 15
    endloop
  endfacet
  facet normal 0.923886 -0.382668 0
    outer loop
      vertex -22.6577 10.5655 0
      vertex -23.4923 8.5505 15
      vertex -23.4923 8.5505 0
    endloop
  endfacet
  facet normal 0.737291 -0.675575 0
    outer loop
      vertex -19.1511 16.0697 15
      vertex -17.6777 17.6777 0
      vertex -17.6777 17.6777 15
    endloop
  endfacet
  facet normal 0.737291 -0.675575 0
    outer loop
      vertex -17.6777 17.6777 0
      vertex -19.1511 16.0697 15
      vertex -19.1511 16.0697 0
    endloop
  endfacet
  facet normal -0.216461 0.976291 0
    outer loop
      vertex 6.47048 -24.1481 0
      vertex 4.3412 -24.6202 15
      vertex 6.47048 -24.1481 15
    endloop
  endfacet
  facet normal -0.216461 0.976291 0
    outer loop
      vertex 4.3412 -24.6202 15
      vertex 6.47048 -24.1481 0
      vertex 4.3412 -24.6202 0
    endloop
  endfacet
  facet normal 0.675575 -0.737291 0
    outer loop
      vertex -17.6777 17.6777 0
      vertex -16.0697 19.1511 15
      vertex -17.6777 17.6777 15
    endloop
  endfacet
  facet normal 0.675575 -0.737291 0
    outer loop
      vertex -16.0697 19.1511 15
      vertex -17.6777 17.6777 0
      vertex -16.0697 19.1511 0
    endloop
  endfacet
  facet normal 0.537291 0.843397 -0
    outer loop
      vertex -12.5 -21.6506 0
      vertex -14.3394 -20.4788 15
      vertex -12.5 -21.6506 15
    endloop
  endfacet
  facet normal 0.537291 0.843397 0
    outer loop
      vertex -14.3394 -20.4788 15
      vertex -12.5 -21.6506 0
      vertex -14.3394 -20.4788 0
    endloop
  endfacet
  facet normal -0.991443 0.130538 0
    outer loop
      vertex 24.6202 -4.3412 0
      vertex 24.9049 -2.17889 15
      vertex 24.9049 -2.17889 0
    endloop
  endfacet
  facet normal -0.991443 0.130538 0
    outer loop
      vertex 24.9049 -2.17889 15
      vertex 24.6202 -4.3412 0
      vertex 24.6202 -4.3412 15
    endloop
  endfacet
  facet normal 0.991443 0.130538 0
    outer loop
      vertex -24.6202 -4.3412 15
      vertex -24.9049 -2.17889 0
      vertex -24.9049 -2.17889 15
    endloop
  endfacet
  facet normal 0.991443 0.130538 0
    outer loop
      vertex -24.9049 -2.17889 0
      vertex -24.6202 -4.3412 15
      vertex -24.6202 -4.3412 0
    endloop
  endfacet
  facet normal -0.216461 -0.976291 0
    outer loop
      vertex 4.3412 24.6202 0
      vertex 6.47048 24.1481 15
      vertex 4.3412 24.6202 15
    endloop
  endfacet
  facet normal -0.216461 -0.976291 -0
    outer loop
      vertex 6.47048 24.1481 15
      vertex 4.3412 24.6202 0
      vertex 6.47048 24.1481 0
    endloop
  endfacet
  facet normal -0.300694 -0.953721 0
    outer loop
      vertex 6.47048 24.1481 0
      vertex 8.5505 23.4923 15
      vertex 6.47048 24.1481 15
    endloop
  endfacet
  facet normal -0.300694 -0.953721 -0
    outer loop
      vertex 8.5505 23.4923 15
      vertex 6.47048 24.1481 0
      vertex 8.5505 23.4923 0
    endloop
  endfacet
  facet normal -0.675575 -0.737291 0
    outer loop
      vertex 16.0697 19.1511 0
      vertex 17.6777 17.6777 15
      vertex 16.0697 19.1511 15
    endloop
  endfacet
  facet normal -0.675575 -0.737291 -0
    outer loop
      vertex 17.6777 17.6777 15
      vertex 16.0697 19.1511 0
      vertex 17.6777 17.6777 0
    endloop
  endfacet
  facet normal -0.793355 -0.60876 0
    outer loop
      vertex 20.4788 14.3394 0
      vertex 19.1511 16.0697 15
      vertex 19.1511 16.0697 0
    endloop
  endfacet
  facet normal -0.793355 -0.60876 0
    outer loop
      vertex 19.1511 16.0697 15
      vertex 20.4788 14.3394 0
      vertex 20.4788 14.3394 15
    endloop
  endfacet
  facet normal 0.300694 0.953721 -0
    outer loop
      vertex -6.47048 -24.1481 0
      vertex -8.5505 -23.4923 15
      vertex -6.47048 -24.1481 15
    endloop
  endfacet
  facet normal 0.300694 0.953721 0
    outer loop
      vertex -8.5505 -23.4923 15
      vertex -6.47048 -24.1481 0
      vertex -8.5505 -23.4923 0
    endloop
  endfacet
  facet normal -0.537291 0.843397 0
    outer loop
      vertex 14.3394 -20.4788 0
      vertex 12.5 -21.6506 15
      vertex 14.3394 -20.4788 15
    endloop
  endfacet
  facet normal -0.537291 0.843397 0
    outer loop
      vertex 12.5 -21.6506 15
      vertex 14.3394 -20.4788 0
      vertex 12.5 -21.6506 0
    endloop
  endfacet
  facet normal 0.0436046 0.999049 -0
    outer loop
      vertex 0 -25 0
      vertex -2.17889 -24.9049 15
      vertex 0 -25 15
    endloop
  endfacet
  facet normal 0.0436046 0.999049 0
    outer loop
      vertex -2.17889 -24.9049 15
      vertex 0 -25 0
      vertex -2.17889 -24.9049 0
    endloop
  endfacet
  facet normal 0.886999 0.461771 0
    outer loop
      vertex -21.6506 -12.5 15
      vertex -22.6577 -10.5655 0
      vertex -22.6577 -10.5655 15
    endloop
  endfacet
  facet normal 0.886999 0.461771 0
    outer loop
      vertex -22.6577 -10.5655 0
      vertex -21.6506 -12.5 15
      vertex -21.6506 -12.5 0
    endloop
  endfacet
  facet normal 0.923886 0.382668 0
    outer loop
      vertex -22.6577 -10.5655 15
      vertex -23.4923 -8.5505 0
      vertex -23.4923 -8.5505 15
    endloop
  endfacet
  facet normal 0.923886 0.382668 0
    outer loop
      vertex -23.4923 -8.5505 0
      vertex -22.6577 -10.5655 15
      vertex -22.6577 -10.5655 0
    endloop
  endfacet
  facet normal 0.991443 -0.130538 0
    outer loop
      vertex -24.9049 2.17889 15
      vertex -24.6202 4.3412 0
      vertex -24.6202 4.3412 15
    endloop
  endfacet
  facet normal 0.991443 -0.130538 0
    outer loop
      vertex -24.6202 4.3412 0
      vertex -24.9049 2.17889 15
      vertex -24.9049 2.17889 0
    endloop
  endfacet
  facet normal 0.999049 -0.0436046 0
    outer loop
      vertex -25 0 15
      vertex -24.9049 2.17889 0
      vertex -24.9049 2.17889 15
    endloop
  endfacet
  facet normal 0.999049 -0.0436046 0
    outer loop
      vertex -24.9049 2.17889 0
      vertex -25 0 15
      vertex -25 0 0
    endloop
  endfacet
  facet normal 0 0 -1
    outer loop
      vertex -19.2722 27.5235 5.5
      vertex -18.5792 30.3341 5.5
      vertex -17.5354 28.6299 5.5
    endloop
  endfacet
  facet normal 0 0 -1
    outer loop
      vertex -19.2722 27.5235 5.5
      vertex -20.4193 29.1618 5.5
      vertex -18.5792 30.3341 5.5
    endloop
  endfacet
  facet normal 0 0 -1
    outer loop
      vertex -21.3588 25.9224 5.5
      vertex -20.4193 29.1618 5.5
      vertex -19.2722 27.5235 5.5
    endloop
  endfacet
  facet normal 0 0 -1
    outer loop
      vertex -20.4193 29.1618 5.5
      vertex -21.3588 25.9224 5.5
      vertex -22.6302 27.4654 5.5
    endloop
  endfacet
  facet normal 0 0 -1
    outer loop
      vertex -24.9235 11.622 9
      vertex -31.9927 14.9184 9
      vertex -31.7999 15.2888 9
    endloop
  endfacet
  facet normal 0 0 -1
    outer loop
      vertex -31.8845 10.5059 9
      vertex -33.0114 12.459 9
      vertex -31.9927 14.9184 9
    endloop
  endfacet
  facet normal 0 0 -1
    outer loop
      vertex -31.8845 10.5059 9
      vertex -33.1712 12.0733 9
      vertex -33.0114 12.459 9
    endloop
  endfacet
  facet normal 0 0 -1
    outer loop
      vertex -31.8845 10.5059 9
      vertex -33.2967 11.6751 9
      vertex -33.1712 12.0733 9
    endloop
  endfacet
  facet normal 0 -0 -1
    outer loop
      vertex -33.2967 11.6751 9
      vertex -31.8845 10.5059 9
      vertex -33.4978 11.0374 9
    endloop
  endfacet
  facet normal 0 0 -1
    outer loop
      vertex 27.5 0 9
      vertex 33.6 0 9
      vertex 33.4721 -2.92842 9
    endloop
  endfacet
  facet normal 0 0 -1
    outer loop
      vertex 27.3953 -2.39677 9
      vertex 33.4721 -2.92842 9
      vertex 33.0895 -5.83456 9
    endloop
  endfacet
  facet normal 0 0 -1
    outer loop
      vertex 33.6 0 9
      vertex 27.5 0 9
      vertex 33.4721 2.92842 9
    endloop
  endfacet
  facet normal 0 0 -1
    outer loop
      vertex 27.0822 -4.77531 9
      vertex 33.0895 -5.83456 9
      vertex 32.4551 -8.69632 9
    endloop
  endfacet
  facet normal 0 0 -1
    outer loop
      vertex 27.3953 2.39677 9
      vertex 33.4721 2.92842 9
      vertex 27.5 0 9
    endloop
  endfacet
  facet normal 0 0 -1
    outer loop
      vertex 26.563 -7.11752 9
      vertex 32.4551 -8.69632 9
      vertex 31.5737 -11.4919 9
    endloop
  endfacet
  facet normal -0 0 -1
    outer loop
      vertex 33.4721 2.92842 9
      vertex 27.3953 2.39677 9
      vertex 33.0895 5.83456 9
    endloop
  endfacet
  facet normal 0 0 -1
    outer loop
      vertex 25.8415 -9.40555 9
      vertex 31.5737 -11.4919 9
      vertex 30.4519 -14.2 9
    endloop
  endfacet
  facet normal 0 0 -1
    outer loop
      vertex 27.0822 4.77531 9
      vertex 33.0895 5.83456 9
      vertex 27.3953 2.39677 9
    endloop
  endfacet
  facet normal 0 0 -1
    outer loop
      vertex 24.9235 -11.622 9
      vertex 30.4519 -14.2 9
      vertex 29.0984 -16.8 9
    endloop
  endfacet
  facet normal -0 0 -1
    outer loop
      vertex 33.0895 5.83456 9
      vertex 27.0822 4.77531 9
      vertex 32.4551 8.69632 9
    endloop
  endfacet
  facet normal 0 0 -1
    outer loop
      vertex 23.8157 -13.75 9
      vertex 29.0984 -16.8 9
      vertex 27.5235 -19.2722 9
    endloop
  endfacet
  facet normal 0 0 -1
    outer loop
      vertex 26.563 7.11752 9
      vertex 32.4551 8.69632 9
      vertex 27.0822 4.77531 9
    endloop
  endfacet
  facet normal -0 0 -1
    outer loop
      vertex 32.4551 8.69632 9
      vertex 26.563 7.11752 9
      vertex 31.5737 11.4919 9
    endloop
  endfacet
  facet normal 0 0 -1
    outer loop
      vertex 33.4721 -2.92842 9
      vertex 27.3953 -2.39677 9
      vertex 27.5 0 9
    endloop
  endfacet
  facet normal 0 0 -1
    outer loop
      vertex 33.0895 -5.83456 9
      vertex 27.0822 -4.77531 9
      vertex 27.3953 -2.39677 9
    endloop
  endfacet
  facet normal 0 0 -1
    outer loop
      vertex 32.4551 -8.69632 9
      vertex 26.563 -7.11752 9
      vertex 27.0822 -4.77531 9
    endloop
  endfacet
  facet normal 0 0 -1
    outer loop
      vertex 31.5737 -11.4919 9
      vertex 25.8415 -9.40555 9
      vertex 26.563 -7.11752 9
    endloop
  endfacet
  facet normal 0 0 -1
    outer loop
      vertex 22.5267 -15.7733 9
      vertex 27.5235 -19.2722 9
      vertex 25.7391 -21.5977 9
    endloop
  endfacet
  facet normal 0 0 -1
    outer loop
      vertex 30.4519 -14.2 9
      vertex 24.9235 -11.622 9
      vertex 25.8415 -9.40555 9
    endloop
  endfacet
  facet normal 0 0 -1
    outer loop
      vertex 29.0984 -16.8 9
      vertex 23.8157 -13.75 9
      vertex 24.9235 -11.622 9
    endloop
  endfacet
  facet normal 0 0 -1
    outer loop
      vertex 21.0662 -17.6767 9
      vertex 25.7391 -21.5977 9
      vertex 23.7588 -23.7588 9
    endloop
  endfacet
  facet normal 0 0 -1
    outer loop
      vertex 27.5235 -19.2722 9
      vertex 22.5267 -15.7733 9
      vertex 23.8157 -13.75 9
    endloop
  endfacet
  facet normal 0 0 -1
    outer loop
      vertex 19.4454 -19.4454 9
      vertex 23.7588 -23.7588 9
      vertex 21.5977 -25.7391 9
    endloop
  endfacet
  facet normal 0 0 -1
    outer loop
      vertex 25.7391 -21.5977 9
      vertex 21.0662 -17.6767 9
      vertex 22.5267 -15.7733 9
    endloop
  endfacet
  facet normal 0 0 -1
    outer loop
      vertex 23.7588 -23.7588 9
      vertex 19.4454 -19.4454 9
      vertex 21.0662 -17.6767 9
    endloop
  endfacet
  facet normal 0 0 -1
    outer loop
      vertex 17.6767 -21.0662 9
      vertex 21.5977 -25.7391 9
      vertex 19.2722 -27.5235 9
    endloop
  endfacet
  facet normal 0 0 -1
    outer loop
      vertex 21.5977 -25.7391 9
      vertex 17.6767 -21.0662 9
      vertex 19.4454 -19.4454 9
    endloop
  endfacet
  facet normal 0 0 -1
    outer loop
      vertex 15.7733 -22.5267 9
      vertex 19.2722 -27.5235 9
      vertex 16.8 -29.0984 9
    endloop
  endfacet
  facet normal 0 0 -1
    outer loop
      vertex 19.2722 -27.5235 9
      vertex 15.7733 -22.5267 9
      vertex 17.6767 -21.0662 9
    endloop
  endfacet
  facet normal 0 0 -1
    outer loop
      vertex 13.75 -23.8157 9
      vertex 16.8 -29.0984 9
      vertex 14.2 -30.4519 9
    endloop
  endfacet
  facet normal 0 0 -1
    outer loop
      vertex 16.8 -29.0984 9
      vertex 13.75 -23.8157 9
      vertex 15.7733 -22.5267 9
    endloop
  endfacet
  facet normal 0 0 -1
    outer loop
      vertex 14.2 -30.4519 9
      vertex 11.622 -24.9235 9
      vertex 13.75 -23.8157 9
    endloop
  endfacet
  facet normal 0 0 -1
    outer loop
      vertex 11.4919 -31.5737 9
      vertex 11.622 -24.9235 9
      vertex 14.2 -30.4519 9
    endloop
  endfacet
  facet normal 0 0 -1
    outer loop
      vertex 11.4919 -31.5737 9
      vertex 9.40555 -25.8415 9
      vertex 11.622 -24.9235 9
    endloop
  endfacet
  facet normal 0 0 -1
    outer loop
      vertex 8.69632 -32.4551 9
      vertex 9.40555 -25.8415 9
      vertex 11.4919 -31.5737 9
    endloop
  endfacet
  facet normal 0 0 -1
    outer loop
      vertex 8.69632 -32.4551 9
      vertex 7.11752 -26.563 9
      vertex 9.40555 -25.8415 9
    endloop
  endfacet
  facet normal 0 0 -1
    outer loop
      vertex 5.83456 -33.0895 9
      vertex 7.11752 -26.563 9
      vertex 8.69632 -32.4551 9
    endloop
  endfacet
  facet normal 0 0 -1
    outer loop
      vertex 5.83456 -33.0895 9
      vertex 4.77531 -27.0822 9
      vertex 7.11752 -26.563 9
    endloop
  endfacet
  facet normal 0 0 -1
    outer loop
      vertex 2.92842 -33.4721 9
      vertex 4.77531 -27.0822 9
      vertex 5.83456 -33.0895 9
    endloop
  endfacet
  facet normal 0 0 -1
    outer loop
      vertex 2.92842 -33.4721 9
      vertex 2.39677 -27.3953 9
      vertex 4.77531 -27.0822 9
    endloop
  endfacet
  facet normal 0 0 -1
    outer loop
      vertex 0 -33.6 9
      vertex 2.39677 -27.3953 9
      vertex 2.92842 -33.4721 9
    endloop
  endfacet
  facet normal 0 0 -1
    outer loop
      vertex 0 -33.6 9
      vertex 0 -27.5 9
      vertex 2.39677 -27.3953 9
    endloop
  endfacet
  facet normal 0 0 -1
    outer loop
      vertex 0 -33.6 9
      vertex -2.39677 -27.3953 9
      vertex 0 -27.5 9
    endloop
  endfacet
  facet normal 0 0 -1
    outer loop
      vertex -2.92842 -33.4721 9
      vertex -2.39677 -27.3953 9
      vertex 0 -33.6 9
    endloop
  endfacet
  facet normal 0 0 -1
    outer loop
      vertex -2.92842 -33.4721 9
      vertex -4.77531 -27.0822 9
      vertex -2.39677 -27.3953 9
    endloop
  endfacet
  facet normal 0 0 -1
    outer loop
      vertex -5.83456 -33.0895 9
      vertex -4.77531 -27.0822 9
      vertex -2.92842 -33.4721 9
    endloop
  endfacet
  facet normal 0 0 -1
    outer loop
      vertex -5.83456 -33.0895 9
      vertex -7.11752 -26.563 9
      vertex -4.77531 -27.0822 9
    endloop
  endfacet
  facet normal 0 0 -1
    outer loop
      vertex -8.69632 -32.4551 9
      vertex -7.11752 -26.563 9
      vertex -5.83456 -33.0895 9
    endloop
  endfacet
  facet normal 0 0 -1
    outer loop
      vertex -8.69632 -32.4551 9
      vertex -9.40555 -25.8415 9
      vertex -7.11752 -26.563 9
    endloop
  endfacet
  facet normal 0 0 -1
    outer loop
      vertex -11.4919 -31.5737 9
      vertex -9.40555 -25.8415 9
      vertex -8.69632 -32.4551 9
    endloop
  endfacet
  facet normal 0 0 -1
    outer loop
      vertex -11.4919 -31.5737 9
      vertex -11.622 -24.9235 9
      vertex -9.40555 -25.8415 9
    endloop
  endfacet
  facet normal 0 0 -1
    outer loop
      vertex -14.2 -30.4519 9
      vertex -11.622 -24.9235 9
      vertex -11.4919 -31.5737 9
    endloop
  endfacet
  facet normal -0 0 -1
    outer loop
      vertex -11.622 -24.9235 9
      vertex -14.2 -30.4519 9
      vertex -13.75 -23.8157 9
    endloop
  endfacet
  facet normal 0 0 -1
    outer loop
      vertex -16.8 -29.0984 9
      vertex -13.75 -23.8157 9
      vertex -14.2 -30.4519 9
    endloop
  endfacet
  facet normal -0 0 -1
    outer loop
      vertex -13.75 -23.8157 9
      vertex -16.8 -29.0984 9
      vertex -15.7733 -22.5267 9
    endloop
  endfacet
  facet normal 0 0 -1
    outer loop
      vertex -19.2722 -27.5235 9
      vertex -15.7733 -22.5267 9
      vertex -16.8 -29.0984 9
    endloop
  endfacet
  facet normal -0 0 -1
    outer loop
      vertex -15.7733 -22.5267 9
      vertex -19.2722 -27.5235 9
      vertex -17.6767 -21.0662 9
    endloop
  endfacet
  facet normal 0 0 -1
    outer loop
      vertex -21.5977 -25.7391 9
      vertex -17.6767 -21.0662 9
      vertex -19.2722 -27.5235 9
    endloop
  endfacet
  facet normal -0 0 -1
    outer loop
      vertex -17.6767 -21.0662 9
      vertex -21.5977 -25.7391 9
      vertex -19.4454 -19.4454 9
    endloop
  endfacet
  facet normal 0 0 -1
    outer loop
      vertex -23.7588 -23.7588 9
      vertex -19.4454 -19.4454 9
      vertex -21.5977 -25.7391 9
    endloop
  endfacet
  facet normal -0 0 -1
    outer loop
      vertex -19.4454 -19.4454 9
      vertex -23.7588 -23.7588 9
      vertex -21.0662 -17.6767 9
    endloop
  endfacet
  facet normal 0 0 -1
    outer loop
      vertex -25.7391 -21.5977 9
      vertex -21.0662 -17.6767 9
      vertex -23.7588 -23.7588 9
    endloop
  endfacet
  facet normal -0 0 -1
    outer loop
      vertex -21.0662 -17.6767 9
      vertex -25.7391 -21.5977 9
      vertex -22.5267 -15.7733 9
    endloop
  endfacet
  facet normal 0 0 -1
    outer loop
      vertex -27.5235 -19.2722 9
      vertex -22.5267 -15.7733 9
      vertex -25.7391 -21.5977 9
    endloop
  endfacet
  facet normal -0 0 -1
    outer loop
      vertex -22.5267 -15.7733 9
      vertex -27.5235 -19.2722 9
      vertex -23.8157 -13.75 9
    endloop
  endfacet
  facet normal 0 0 -1
    outer loop
      vertex -29.0984 -16.8 9
      vertex -23.8157 -13.75 9
      vertex -27.5235 -19.2722 9
    endloop
  endfacet
  facet normal -0 0 -1
    outer loop
      vertex -23.8157 -13.75 9
      vertex -29.0984 -16.8 9
      vertex -24.9235 -11.622 9
    endloop
  endfacet
  facet normal 0 0 -1
    outer loop
      vertex -30.4519 -14.2 9
      vertex -24.9235 -11.622 9
      vertex -29.0984 -16.8 9
    endloop
  endfacet
  facet normal -0 0 -1
    outer loop
      vertex -24.9235 -11.622 9
      vertex -30.4519 -14.2 9
      vertex -25.8415 -9.40555 9
    endloop
  endfacet
  facet normal -0 0 -1
    outer loop
      vertex -25.8415 -9.40555 9
      vertex -31.5737 -11.4919 9
      vertex -26.563 -7.11752 9
    endloop
  endfacet
  facet normal 0 0 -1
    outer loop
      vertex -31.5737 -11.4919 9
      vertex -25.8415 -9.40555 9
      vertex -30.4519 -14.2 9
    endloop
  endfacet
  facet normal 0 0 -1
    outer loop
      vertex 25.8415 9.40555 9
      vertex 31.5737 11.4919 9
      vertex 26.563 7.11752 9
    endloop
  endfacet
  facet normal -0 0 -1
    outer loop
      vertex 31.5737 11.4919 9
      vertex 25.8415 9.40555 9
      vertex 30.4519 14.2 9
    endloop
  endfacet
  facet normal 0 0 -1
    outer loop
      vertex 24.9235 11.622 9
      vertex 30.4519 14.2 9
      vertex 25.8415 9.40555 9
    endloop
  endfacet
  facet normal -0 0 -1
    outer loop
      vertex 30.4519 14.2 9
      vertex 24.9235 11.622 9
      vertex 29.0984 16.8 9
    endloop
  endfacet
  facet normal 0 0 -1
    outer loop
      vertex 23.8157 13.75 9
      vertex 29.0984 16.8 9
      vertex 24.9235 11.622 9
    endloop
  endfacet
  facet normal -0 0 -1
    outer loop
      vertex 29.0984 16.8 9
      vertex 23.8157 13.75 9
      vertex 27.5235 19.2722 9
    endloop
  endfacet
  facet normal 0 0 -1
    outer loop
      vertex 22.5267 15.7733 9
      vertex 27.5235 19.2722 9
      vertex 23.8157 13.75 9
    endloop
  endfacet
  facet normal -0 0 -1
    outer loop
      vertex 27.5235 19.2722 9
      vertex 22.5267 15.7733 9
      vertex 25.7391 21.5977 9
    endloop
  endfacet
  facet normal 0 0 -1
    outer loop
      vertex 21.0662 17.6767 9
      vertex 25.7391 21.5977 9
      vertex 22.5267 15.7733 9
    endloop
  endfacet
  facet normal -0 0 -1
    outer loop
      vertex 25.7391 21.5977 9
      vertex 21.0662 17.6767 9
      vertex 23.7588 23.7588 9
    endloop
  endfacet
  facet normal 0 0 -1
    outer loop
      vertex 19.4454 19.4454 9
      vertex 23.7588 23.7588 9
      vertex 21.0662 17.6767 9
    endloop
  endfacet
  facet normal -0 0 -1
    outer loop
      vertex 23.7588 23.7588 9
      vertex 19.4454 19.4454 9
      vertex 21.5977 25.7391 9
    endloop
  endfacet
  facet normal 0 0 -1
    outer loop
      vertex 17.6767 21.0662 9
      vertex 21.5977 25.7391 9
      vertex 19.4454 19.4454 9
    endloop
  endfacet
  facet normal -0 0 -1
    outer loop
      vertex 21.5977 25.7391 9
      vertex 17.6767 21.0662 9
      vertex 19.2722 27.5235 9
    endloop
  endfacet
  facet normal 0 0 -1
    outer loop
      vertex 15.7733 22.5267 9
      vertex 19.2722 27.5235 9
      vertex 17.6767 21.0662 9
    endloop
  endfacet
  facet normal -0 0 -1
    outer loop
      vertex 19.2722 27.5235 9
      vertex 15.7733 22.5267 9
      vertex 16.8 29.0984 9
    endloop
  endfacet
  facet normal 0 0 -1
    outer loop
      vertex 13.75 23.8157 9
      vertex 16.8 29.0984 9
      vertex 15.7733 22.5267 9
    endloop
  endfacet
  facet normal -0 0 -1
    outer loop
      vertex 16.8 29.0984 9
      vertex 13.75 23.8157 9
      vertex 14.2 30.4519 9
    endloop
  endfacet
  facet normal 0 0 -1
    outer loop
      vertex 11.622 24.9235 9
      vertex 14.2 30.4519 9
      vertex 13.75 23.8157 9
    endloop
  endfacet
  facet normal 0 0 -1
    outer loop
      vertex 11.622 24.9235 9
      vertex 11.4919 31.5737 9
      vertex 14.2 30.4519 9
    endloop
  endfacet
  facet normal 0 0 -1
    outer loop
      vertex 9.40555 25.8415 9
      vertex 11.4919 31.5737 9
      vertex 11.622 24.9235 9
    endloop
  endfacet
  facet normal 0 0 -1
    outer loop
      vertex 9.40555 25.8415 9
      vertex 8.69632 32.4551 9
      vertex 11.4919 31.5737 9
    endloop
  endfacet
  facet normal 0 0 -1
    outer loop
      vertex 7.11752 26.563 9
      vertex 8.69632 32.4551 9
      vertex 9.40555 25.8415 9
    endloop
  endfacet
  facet normal 0 0 -1
    outer loop
      vertex 7.11752 26.563 9
      vertex 5.83456 33.0895 9
      vertex 8.69632 32.4551 9
    endloop
  endfacet
  facet normal 0 0 -1
    outer loop
      vertex 4.77531 27.0822 9
      vertex 5.83456 33.0895 9
      vertex 7.11752 26.563 9
    endloop
  endfacet
  facet normal 0 0 -1
    outer loop
      vertex 4.77531 27.0822 9
      vertex 2.92842 33.4721 9
      vertex 5.83456 33.0895 9
    endloop
  endfacet
  facet normal 0 0 -1
    outer loop
      vertex 2.39677 27.3953 9
      vertex 2.92842 33.4721 9
      vertex 4.77531 27.0822 9
    endloop
  endfacet
  facet normal 0 0 -1
    outer loop
      vertex 0 27.5 9
      vertex 2.92842 33.4721 9
      vertex 2.39677 27.3953 9
    endloop
  endfacet
  facet normal 0 0 -1
    outer loop
      vertex 0 27.5 9
      vertex 0 33.6 9
      vertex 2.92842 33.4721 9
    endloop
  endfacet
  facet normal 0 0 -1
    outer loop
      vertex -2.39677 27.3953 9
      vertex 0 33.6 9
      vertex 0 27.5 9
    endloop
  endfacet
  facet normal 0 0 -1
    outer loop
      vertex -2.39677 27.3953 9
      vertex -2.92842 33.4721 9
      vertex 0 33.6 9
    endloop
  endfacet
  facet normal 0 0 -1
    outer loop
      vertex -4.77531 27.0822 9
      vertex -2.92842 33.4721 9
      vertex -2.39677 27.3953 9
    endloop
  endfacet
  facet normal 0 0 -1
    outer loop
      vertex -4.77531 27.0822 9
      vertex -5.83456 33.0895 9
      vertex -2.92842 33.4721 9
    endloop
  endfacet
  facet normal 0 0 -1
    outer loop
      vertex -7.11752 26.563 9
      vertex -5.83456 33.0895 9
      vertex -4.77531 27.0822 9
    endloop
  endfacet
  facet normal 0 0 -1
    outer loop
      vertex -7.11752 26.563 9
      vertex -8.69632 32.4551 9
      vertex -5.83456 33.0895 9
    endloop
  endfacet
  facet normal 0 0 -1
    outer loop
      vertex -9.40555 25.8415 9
      vertex -8.69632 32.4551 9
      vertex -7.11752 26.563 9
    endloop
  endfacet
  facet normal 0 0 -1
    outer loop
      vertex -9.40555 25.8415 9
      vertex -11.4919 31.5737 9
      vertex -8.69632 32.4551 9
    endloop
  endfacet
  facet normal 0 0 -1
    outer loop
      vertex -11.622 24.9235 9
      vertex -11.4919 31.5737 9
      vertex -9.40555 25.8415 9
    endloop
  endfacet
  facet normal 0 0 -1
    outer loop
      vertex -14.2 30.4519 9
      vertex -11.622 24.9235 9
      vertex -13.75 23.8157 9
    endloop
  endfacet
  facet normal 0 0 -1
    outer loop
      vertex -11.622 24.9235 9
      vertex -14.2 30.4519 9
      vertex -11.4919 31.5737 9
    endloop
  endfacet
  facet normal 0 0 -1
    outer loop
      vertex -16.8 29.0984 9
      vertex -13.75 23.8157 9
      vertex -15.7733 22.5267 9
    endloop
  endfacet
  facet normal 0 0 -1
    outer loop
      vertex -13.75 23.8157 9
      vertex -16.8 29.0984 9
      vertex -14.2 30.4519 9
    endloop
  endfacet
  facet normal 0 0 -1
    outer loop
      vertex -21.3588 25.9224 9
      vertex -15.7733 22.5267 9
      vertex -17.6767 21.0662 9
    endloop
  endfacet
  facet normal 0 0 -1
    outer loop
      vertex -15.7733 22.5267 9
      vertex -19.2722 27.5235 9
      vertex -16.8 29.0984 9
    endloop
  endfacet
  facet normal 0 0 -1
    outer loop
      vertex -21.3588 25.9224 9
      vertex -17.6767 21.0662 9
      vertex -19.4454 19.4454 9
    endloop
  endfacet
  facet normal 0 0 -1
    outer loop
      vertex -26.7593 22.9982 9
      vertex -19.4454 19.4454 9
      vertex -21.0662 17.6767 9
    endloop
  endfacet
  facet normal 0 0 -1
    outer loop
      vertex -15.7733 22.5267 9
      vertex -21.3588 25.9224 9
      vertex -19.2722 27.5235 9
    endloop
  endfacet
  facet normal 0 0 -1
    outer loop
      vertex -19.4454 19.4454 9
      vertex -24.9609 24.9609 9
      vertex -21.3588 25.9224 9
    endloop
  endfacet
  facet normal 0 0 -1
    outer loop
      vertex -27.2955 22.3592 9
      vertex -21.0662 17.6767 9
      vertex -22.5267 15.7733 9
    endloop
  endfacet
  facet normal 0 -0 -1
    outer loop
      vertex -22.6904 27.0414 9
      vertex -21.3588 25.9224 9
      vertex -22.9982 26.7593 9
    endloop
  endfacet
  facet normal 0 0 -1
    outer loop
      vertex -21.3588 25.9224 9
      vertex -22.6904 27.0414 9
      vertex -22.4395 27.2339 9
    endloop
  endfacet
  facet normal 0 0 -1
    outer loop
      vertex -29.1404 19.8951 9
      vertex -22.5267 15.7733 9
      vertex -23.8157 13.75 9
    endloop
  endfacet
  facet normal 0 0 -1
    outer loop
      vertex -31.7999 15.2888 9
      vertex -23.8157 13.75 9
      vertex -24.9235 11.622 9
    endloop
  endfacet
  facet normal -0 0 -1
    outer loop
      vertex -21.3588 25.9224 9
      vertex -24.9609 24.9609 9
      vertex -22.9982 26.7593 9
    endloop
  endfacet
  facet normal 0 0 -1
    outer loop
      vertex -31.8845 10.5059 9
      vertex -24.9235 11.622 9
      vertex -25.8415 9.40555 9
    endloop
  endfacet
  facet normal 0 0 -1
    outer loop
      vertex -31.8845 10.5059 9
      vertex -25.8415 9.40555 9
      vertex -26.563 7.11752 9
    endloop
  endfacet
  facet normal 0 0 -1
    outer loop
      vertex -19.4454 19.4454 9
      vertex -26.7593 22.9982 9
      vertex -24.9609 24.9609 9
    endloop
  endfacet
  facet normal 0 -0 -1
    outer loop
      vertex -27.0414 22.6904 9
      vertex -21.0662 17.6767 9
      vertex -27.2955 22.3592 9
    endloop
  endfacet
  facet normal 0 0 -1
    outer loop
      vertex -32.4551 8.69632 9
      vertex -26.563 7.11752 9
      vertex -27.0822 4.77531 9
    endloop
  endfacet
  facet normal 0 0 -1
    outer loop
      vertex -21.0662 17.6767 9
      vertex -27.0414 22.6904 9
      vertex -26.7593 22.9982 9
    endloop
  endfacet
  facet normal 0 0 -1
    outer loop
      vertex -33.0895 5.83456 9
      vertex -27.0822 4.77531 9
      vertex -27.3953 2.39677 9
    endloop
  endfacet
  facet normal 0 0 -1
    outer loop
      vertex -33.4721 2.92842 9
      vertex -27.3953 2.39677 9
      vertex -27.5 0 9
    endloop
  endfacet
  facet normal 0 0 -1
    outer loop
      vertex -22.5267 15.7733 9
      vertex -28.9161 20.2472 9
      vertex -27.2955 22.3592 9
    endloop
  endfacet
  facet normal 0 0 -1
    outer loop
      vertex -32.4551 -8.69632 9
      vertex -26.563 -7.11752 9
      vertex -31.5737 -11.4919 9
    endloop
  endfacet
  facet normal -0 0 -1
    outer loop
      vertex -26.563 -7.11752 9
      vertex -32.4551 -8.69632 9
      vertex -27.0822 -4.77531 9
    endloop
  endfacet
  facet normal 0 0 -1
    outer loop
      vertex -31.9927 14.9184 9
      vertex -24.9235 11.622 9
      vertex -31.8845 10.5059 9
    endloop
  endfacet
  facet normal 0 0 -1
    outer loop
      vertex -33.0895 -5.83456 9
      vertex -27.0822 -4.77531 9
      vertex -32.4551 -8.69632 9
    endloop
  endfacet
  facet normal 0 0 -1
    outer loop
      vertex -22.5267 15.7733 9
      vertex -29.1404 19.8951 9
      vertex -28.9161 20.2472 9
    endloop
  endfacet
  facet normal -0 0 -1
    outer loop
      vertex -27.0822 -4.77531 9
      vertex -33.0895 -5.83456 9
      vertex -27.3953 -2.39677 9
    endloop
  endfacet
  facet normal 0 0 -1
    outer loop
      vertex -23.8157 13.75 9
      vertex -30.5707 17.65 9
      vertex -29.1404 19.8951 9
    endloop
  endfacet
  facet normal 0 0 -1
    outer loop
      vertex -23.8157 13.75 9
      vertex -31.7999 15.2888 9
      vertex -30.5707 17.65 9
    endloop
  endfacet
  facet normal 0 0 -1
    outer loop
      vertex -33.4721 -2.92842 9
      vertex -27.3953 -2.39677 9
      vertex -33.0895 -5.83456 9
    endloop
  endfacet
  facet normal -0 0 -1
    outer loop
      vertex -27.3953 -2.39677 9
      vertex -33.4721 -2.92842 9
      vertex -27.5 0 9
    endloop
  endfacet
  facet normal 0 0 -1
    outer loop
      vertex -27.0822 4.77531 9
      vertex -33.0895 5.83456 9
      vertex -32.4551 8.69632 9
    endloop
  endfacet
  facet normal 0 0 -1
    outer loop
      vertex -26.563 7.11752 9
      vertex -32.4551 8.69632 9
      vertex -31.8845 10.5059 9
    endloop
  endfacet
  facet normal 0 0 -1
    outer loop
      vertex -33.6 0 9
      vertex -27.5 0 9
      vertex -33.4721 -2.92842 9
    endloop
  endfacet
  facet normal 0 0 -1
    outer loop
      vertex -27.3953 2.39677 9
      vertex -33.4721 2.92842 9
      vertex -33.0895 5.83456 9
    endloop
  endfacet
  facet normal 0 0 -1
    outer loop
      vertex -27.5 0 9
      vertex -33.6 0 9
      vertex -33.4721 2.92842 9
    endloop
  endfacet
  facet normal -0.77176 -0.635914 0
    outer loop
      vertex -21.3588 25.9224 5.5
      vertex -22.6302 27.4654 8
      vertex -22.6302 27.4654 5.5
    endloop
  endfacet
  facet normal -0.77176 -0.635914 -0
    outer loop
      vertex -21.3588 25.9224 9
      vertex -22.6302 27.4654 8
      vertex -21.3588 25.9224 5.5
    endloop
  endfacet
  facet normal -0.77177 -0.635902 3.21058e-05
    outer loop
      vertex -22.6302 27.4654 8
      vertex -21.3588 25.9224 9
      vertex -22.4854 27.2897 8.75915
    endloop
  endfacet
  facet normal -0.771745 -0.635932 -0.000257049
    outer loop
      vertex -22.4854 27.2897 8.75915
      vertex -21.3588 25.9224 9
      vertex -22.4395 27.2339 9
    endloop
  endfacet
  facet normal 0.312905 0.949784 3.68775e-05
    outer loop
      vertex -31.8845 10.5059 9
      vertex -33.7824 11.1312 8
      vertex -33.4978 11.0374 9
    endloop
  endfacet
  facet normal 0.312923 0.949779 -0
    outer loop
      vertex -31.8845 10.5059 -0.0999994
      vertex -33.7824 11.1312 8
      vertex -31.8845 10.5059 9
    endloop
  endfacet
  facet normal 0.312923 0.949779 0
    outer loop
      vertex -33.7824 11.1312 8
      vertex -31.8845 10.5059 -0.0999994
      vertex -33.7824 11.1312 -0.0999994
    endloop
  endfacet
  facet normal 0 0 1
    outer loop
      vertex -18.5792 30.3341 -0.0999994
      vertex -19.2722 27.5235 -0.0999994
      vertex -17.5354 28.6299 -0.0999994
    endloop
  endfacet
  facet normal -0 0 1
    outer loop
      vertex -20.4193 29.1618 -0.0999994
      vertex -19.2722 27.5235 -0.0999994
      vertex -18.5792 30.3341 -0.0999994
    endloop
  endfacet
  facet normal 0 0 1
    outer loop
      vertex -20.4193 29.1618 -0.0999994
      vertex -21.5977 25.7391 -0.0999994
      vertex -19.2722 27.5235 -0.0999994
    endloop
  endfacet
  facet normal -0 0 1
    outer loop
      vertex -22.8832 27.2712 -0.0999994
      vertex -21.5977 25.7391 -0.0999994
      vertex -20.4193 29.1618 -0.0999994
    endloop
  endfacet
  facet normal 0 0 1
    outer loop
      vertex -22.8832 27.2712 -0.0999994
      vertex -23.7588 23.7588 -0.0999994
      vertex -21.5977 25.7391 -0.0999994
    endloop
  endfacet
  facet normal -0 0 1
    outer loop
      vertex -25.173 25.173 -0.0999994
      vertex -23.7588 23.7588 -0.0999994
      vertex -22.8832 27.2712 -0.0999994
    endloop
  endfacet
  facet normal 0 0 1
    outer loop
      vertex -25.173 25.173 -0.0999994
      vertex -25.7391 21.5977 -0.0999994
      vertex -23.7588 23.7588 -0.0999994
    endloop
  endfacet
  facet normal -0 0 1
    outer loop
      vertex -27.2712 22.8832 -0.0999994
      vertex -25.7391 21.5977 -0.0999994
      vertex -25.173 25.173 -0.0999994
    endloop
  endfacet
  facet normal 0 0 1
    outer loop
      vertex -27.2712 22.8832 -0.0999994
      vertex -27.5235 19.2722 -0.0999994
      vertex -25.7391 21.5977 -0.0999994
    endloop
  endfacet
  facet normal -0 0 1
    outer loop
      vertex -29.1618 20.4193 -0.0999994
      vertex -27.5235 19.2722 -0.0999994
      vertex -27.2712 22.8832 -0.0999994
    endloop
  endfacet
  facet normal 0 0 1
    outer loop
      vertex -27.5235 19.2722 -0.0999994
      vertex -29.1618 20.4193 -0.0999994
      vertex -29.0984 16.8 -0.0999994
    endloop
  endfacet
  facet normal -0 0 1
    outer loop
      vertex -30.8305 17.8 -0.0999994
      vertex -29.0984 16.8 -0.0999994
      vertex -29.1618 20.4193 -0.0999994
    endloop
  endfacet
  facet normal 0 0 1
    outer loop
      vertex -29.0984 16.8 -0.0999994
      vertex -30.8305 17.8 -0.0999994
      vertex -30.4519 14.2 -0.0999994
    endloop
  endfacet
  facet normal -0 0 1
    outer loop
      vertex -32.2646 15.0452 -0.0999994
      vertex -30.4519 14.2 -0.0999994
      vertex -30.8305 17.8 -0.0999994
    endloop
  endfacet
  facet normal 0 0 1
    outer loop
      vertex -30.4519 14.2 -0.0999994
      vertex -32.2646 15.0452 -0.0999994
      vertex -31.5737 11.4919 -0.0999994
    endloop
  endfacet
  facet normal -0 0 1
    outer loop
      vertex -33.4531 12.1759 -0.0999994
      vertex -31.5737 11.4919 -0.0999994
      vertex -32.2646 15.0452 -0.0999994
    endloop
  endfacet
  facet normal 0 0 1
    outer loop
      vertex -33.7824 11.1312 -0.0999994
      vertex -31.5737 11.4919 -0.0999994
      vertex -33.4531 12.1759 -0.0999994
    endloop
  endfacet
  facet normal 0 0 1
    outer loop
      vertex -31.5737 11.4919 -0.0999994
      vertex -33.7824 11.1312 -0.0999994
      vertex -31.8845 10.5059 -0.0999994
    endloop
  endfacet
  facet normal -0.852759 -0.522304 0
    outer loop
      vertex -17.5354 28.6299 -0.0999994
      vertex -18.5792 30.3341 5.5
      vertex -18.5792 30.3341 -0.0999994
    endloop
  endfacet
  facet normal -0.852759 -0.522304 0
    outer loop
      vertex -18.5792 30.3341 5.5
      vertex -17.5354 28.6299 -0.0999994
      vertex -17.5354 28.6299 5.5
    endloop
  endfacet
  facet normal -0.351458 0.753681 0.555375
    outer loop
      vertex 0.73308 35.568 1.07574
      vertex -3.92428 33.341 1.15061
      vertex 0.756124 35.567 1.09168
    endloop
  endfacet
  facet normal -0.351367 0.753501 0.555677
    outer loop
      vertex -3.92428 33.341 1.15061
      vertex 0.73308 35.568 1.07574
      vertex -4.08922 33.3193 1.07574
    endloop
  endfacet
  facet normal 0.0824571 -0.17683 0.980781
    outer loop
      vertex -0.822489 35.5641 0.945672
      vertex -5.48804 33.1352 0.9
      vertex -0.22306 35.5903 0.9
    endloop
  endfacet
  facet normal 0.0824993 -0.176911 0.980763
    outer loop
      vertex -0.822489 35.5641 0.945672
      vertex -5.83456 33.0895 0.920905
      vertex -5.48804 33.1352 0.9
    endloop
  endfacet
  facet normal 0.0824402 -0.176791 0.98079
    outer loop
      vertex -5.83456 33.0895 0.920905
      vertex -0.822489 35.5641 0.945672
      vertex -6.3962 32.965 0.945672
    endloop
  endfacet
  facet normal 0.414509 -0.888901 0.19503
    outer loop
      vertex -7.94024 32.6227 1.35879
      vertex -1.78944 35.5219 1.5
      vertex -8.06694 32.5946 1.5
    endloop
  endfacet
  facet normal 0.414454 -0.888811 0.195556
    outer loop
      vertex -1.78944 35.5219 1.5
      vertex -7.94024 32.6227 1.35879
      vertex -1.76364 35.523 1.45032
    endloop
  endfacet
  facet normal -0.234798 0.50352 -0.831467
    outer loop
      vertex -4.08922 33.3193 1.92426
      vertex 0.35517 35.5845 2.04097
      vertex 0.73308 35.568 1.92426
    endloop
  endfacet
  facet normal -0.234766 0.503461 -0.831512
    outer loop
      vertex 0.35517 35.5845 2.04097
      vertex -4.08922 33.3193 1.92426
      vertex -4.46466 33.2699 2.00035
    endloop
  endfacet
  facet normal -0.234802 0.503529 0.831461
    outer loop
      vertex 0.35517 35.5845 0.959027
      vertex -4.08922 33.3193 1.07574
      vertex 0.73308 35.568 1.07574
    endloop
  endfacet
  facet normal -0.234769 0.503466 0.831508
    outer loop
      vertex -4.08922 33.3193 1.07574
      vertex 0.35517 35.5845 0.959027
      vertex -4.46466 33.2699 0.999649
    endloop
  endfacet
  facet normal 0.414517 -0.888923 -0.194913
    outer loop
      vertex -1.76364 35.523 1.54968
      vertex -7.86093 32.6403 1.72961
      vertex -7.94024 32.6227 1.64121
    endloop
  endfacet
  facet normal 0.414509 -0.888912 -0.194982
    outer loop
      vertex -7.86093 32.6403 1.72961
      vertex -1.76364 35.523 1.54968
      vertex -1.67021 35.5271 1.72961
    endloop
  endfacet
  facet normal -0.351371 0.753531 0.555634
    outer loop
      vertex 0.756124 35.567 1.09168
      vertex -3.6604 33.3758 1.27039
      vertex 1.01449 35.5557 1.27039
    endloop
  endfacet
  facet normal -0.351472 0.753709 0.555329
    outer loop
      vertex -3.6604 33.3758 1.27039
      vertex 0.756124 35.567 1.09168
      vertex -3.92428 33.341 1.15061
    endloop
  endfacet
  facet normal 0.414517 -0.888923 0.194913
    outer loop
      vertex -7.86093 32.6403 1.27039
      vertex -1.76364 35.523 1.45032
      vertex -7.94024 32.6227 1.35879
    endloop
  endfacet
  facet normal 0.414509 -0.888912 0.194982
    outer loop
      vertex -1.76364 35.523 1.45032
      vertex -7.86093 32.6403 1.27039
      vertex -1.67021 35.5271 1.27039
    endloop
  endfacet
  facet normal -0.414484 0.888858 0.19528
    outer loop
      vertex 1.01449 35.5557 1.27039
      vertex -3.60518 33.383 1.35459
      vertex 1.02122 35.5554 1.28604
    endloop
  endfacet
  facet normal -0.414433 0.888769 0.195794
    outer loop
      vertex -3.60518 33.383 1.35459
      vertex 1.01449 35.5557 1.27039
      vertex -3.6604 33.3758 1.27039
    endloop
  endfacet
  facet normal -0.0824377 0.176828 -0.980783
    outer loop
      vertex 0.311923 35.5864 2.05433
      vertex -0.22306 35.5903 2.1
      vertex 0 35.6 2.083
    endloop
  endfacet
  facet normal -0.0824386 0.176787 -0.980791
    outer loop
      vertex -4.73101 33.2348 2.05433
      vertex -0.22306 35.5903 2.1
      vertex 0.311923 35.5864 2.05433
    endloop
  endfacet
  facet normal -0.0824253 0.176762 -0.980796
    outer loop
      vertex -0.22306 35.5903 2.1
      vertex -4.73101 33.2348 2.05433
      vertex -5.48804 33.1352 2.1
    endloop
  endfacet
  facet normal 0.35144 -0.753661 0.555414
    outer loop
      vertex -7.62422 32.6928 1.19185
      vertex -1.67021 35.5271 1.27039
      vertex -7.86093 32.6403 1.27039
    endloop
  endfacet
  facet normal 0.351385 -0.753549 0.555601
    outer loop
      vertex -1.67021 35.5271 1.27039
      vertex -7.62422 32.6928 1.19185
      vertex -1.39741 35.539 1.114
    endloop
  endfacet
  facet normal 0.35132 -0.753418 -0.55582
    outer loop
      vertex -7.27424 32.7704 1.92426
      vertex -1.39741 35.539 1.886
      vertex -1.33066 35.5419 1.92426
    endloop
  endfacet
  facet normal 0.351399 -0.753582 -0.555548
    outer loop
      vertex -1.39741 35.539 1.886
      vertex -7.27424 32.7704 1.92426
      vertex -7.62422 32.6928 1.80815
    endloop
  endfacet
  facet normal -0.351371 0.753531 -0.555634
    outer loop
      vertex -3.6604 33.3758 1.72961
      vertex 0.756124 35.567 1.90832
      vertex 1.01449 35.5557 1.72961
    endloop
  endfacet
  facet normal -0.351472 0.753709 -0.555329
    outer loop
      vertex 0.756124 35.567 1.90832
      vertex -3.6604 33.3758 1.72961
      vertex -3.92428 33.341 1.84939
    endloop
  endfacet
  facet normal -0.414504 0.888905 0.195024
    outer loop
      vertex 1.02122 35.5554 1.28604
      vertex -3.50981 33.3956 1.5
      vertex 1.11331 35.5514 1.5
    endloop
  endfacet
  facet normal -0.414526 0.888934 0.194847
    outer loop
      vertex -3.50981 33.3956 1.5
      vertex 1.02122 35.5554 1.28604
      vertex -3.60518 33.383 1.35459
    endloop
  endfacet
  facet normal 0.234928 -0.503782 -0.831272
    outer loop
      vertex -6.79309 32.877 1.99554
      vertex -1.33066 35.5419 1.92426
      vertex -1.23521 35.5461 1.94869
    endloop
  endfacet
  facet normal 0.234716 -0.503356 -0.831589
    outer loop
      vertex -1.33066 35.5419 1.92426
      vertex -6.79309 32.877 1.99554
      vertex -7.27424 32.7704 1.92426
    endloop
  endfacet
  facet normal -0.414484 0.888858 -0.19528
    outer loop
      vertex -3.60518 33.383 1.64541
      vertex 1.01449 35.5557 1.72961
      vertex 1.02122 35.5554 1.71396
    endloop
  endfacet
  facet normal -0.414433 0.888769 -0.195794
    outer loop
      vertex 1.01449 35.5557 1.72961
      vertex -3.60518 33.383 1.64541
      vertex -3.6604 33.3758 1.72961
    endloop
  endfacet
  facet normal 0.414509 -0.888901 -0.19503
    outer loop
      vertex -1.78944 35.5219 1.5
      vertex -7.94024 32.6227 1.64121
      vertex -8.06694 32.5946 1.5
    endloop
  endfacet
  facet normal 0.414454 -0.888811 -0.195556
    outer loop
      vertex -7.94024 32.6227 1.64121
      vertex -1.78944 35.5219 1.5
      vertex -1.76364 35.523 1.54968
    endloop
  endfacet
  facet normal 0.234768 -0.503454 0.831516
    outer loop
      vertex -1.23521 35.5461 1.0513
      vertex -6.3962 32.965 0.945672
      vertex -0.822489 35.5641 0.945672
    endloop
  endfacet
  facet normal 0.2348 -0.503517 0.831468
    outer loop
      vertex -6.3962 32.965 0.945672
      vertex -1.23521 35.5461 1.0513
      vertex -6.79309 32.877 1.00446
    endloop
  endfacet
  facet normal -0.234697 0.503319 0.831617
    outer loop
      vertex 0.311923 35.5864 0.945672
      vertex -4.46466 33.2699 0.999649
      vertex 0.35517 35.5845 0.959027
    endloop
  endfacet
  facet normal -0.234853 0.503635 0.831382
    outer loop
      vertex -4.46466 33.2699 0.999649
      vertex 0.311923 35.5864 0.945672
      vertex -4.73101 33.2348 0.945672
    endloop
  endfacet
  facet normal -0.351458 0.753681 -0.555375
    outer loop
      vertex -3.92428 33.341 1.84939
      vertex 0.73308 35.568 1.92426
      vertex 0.756124 35.567 1.90832
    endloop
  endfacet
  facet normal -0.351367 0.753501 -0.555677
    outer loop
      vertex 0.73308 35.568 1.92426
      vertex -3.92428 33.341 1.84939
      vertex -4.08922 33.3193 1.92426
    endloop
  endfacet
  facet normal 0.234786 -0.503493 -0.831487
    outer loop
      vertex -6.3962 32.965 2.05433
      vertex -1.23521 35.5461 1.94869
      vertex -0.822489 35.5641 2.05433
    endloop
  endfacet
  facet normal 0.234806 -0.503532 -0.831457
    outer loop
      vertex -1.23521 35.5461 1.94869
      vertex -6.3962 32.965 2.05433
      vertex -6.79309 32.877 1.99554
    endloop
  endfacet
  facet normal -0.234759 0.503445 -0.831524
    outer loop
      vertex -4.46466 33.2699 2.00035
      vertex 0.311923 35.5864 2.05433
      vertex 0.35517 35.5845 2.04097
    endloop
  endfacet
  facet normal -0.234862 0.503654 -0.831368
    outer loop
      vertex 0.311923 35.5864 2.05433
      vertex -4.46466 33.2699 2.00035
      vertex -4.73101 33.2348 2.05433
    endloop
  endfacet
  facet normal 0.351399 -0.753582 0.555548
    outer loop
      vertex -7.27424 32.7704 1.07574
      vertex -1.39741 35.539 1.114
      vertex -7.62422 32.6928 1.19185
    endloop
  endfacet
  facet normal 0.35132 -0.753418 0.55582
    outer loop
      vertex -1.39741 35.539 1.114
      vertex -7.27424 32.7704 1.07574
      vertex -1.33066 35.5419 1.07574
    endloop
  endfacet
  facet normal 0.234995 -0.503917 0.831171
    outer loop
      vertex -1.33066 35.5419 1.07574
      vertex -6.79309 32.877 1.00446
      vertex -1.23521 35.5461 1.0513
    endloop
  endfacet
  facet normal 0.234716 -0.503356 0.831589
    outer loop
      vertex -6.79309 32.877 1.00446
      vertex -1.33066 35.5419 1.07574
      vertex -7.27424 32.7704 1.07574
    endloop
  endfacet
  facet normal -0.414504 0.888905 -0.195024
    outer loop
      vertex -3.50981 33.3956 1.5
      vertex 1.02122 35.5554 1.71396
      vertex 1.11331 35.5514 1.5
    endloop
  endfacet
  facet normal -0.414526 0.888934 -0.194847
    outer loop
      vertex 1.02122 35.5554 1.71396
      vertex -3.50981 33.3956 1.5
      vertex -3.60518 33.383 1.64541
    endloop
  endfacet
  facet normal -0.0824303 0.177317 0.980696
    outer loop
      vertex -0.22306 35.5903 0.9
      vertex 0.311923 35.5864 0.945672
      vertex 0 35.6 0.916995
    endloop
  endfacet
  facet normal -0.0824421 0.176794 0.980789
    outer loop
      vertex -0.22306 35.5903 0.9
      vertex -4.73101 33.2348 0.945672
      vertex 0.311923 35.5864 0.945672
    endloop
  endfacet
  facet normal -0.0824288 0.176769 0.980795
    outer loop
      vertex -4.73101 33.2348 0.945672
      vertex -0.22306 35.5903 0.9
      vertex -5.48804 33.1352 0.9
    endloop
  endfacet
  facet normal 0.0824536 -0.176822 -0.980783
    outer loop
      vertex -5.48804 33.1352 2.1
      vertex -0.822489 35.5641 2.05433
      vertex -0.22306 35.5903 2.1
    endloop
  endfacet
  facet normal 0.0825175 -0.176945 -0.980756
    outer loop
      vertex -5.83456 33.0895 2.07909
      vertex -0.822489 35.5641 2.05433
      vertex -5.48804 33.1352 2.1
    endloop
  endfacet
  facet normal 0.0824178 -0.176743 -0.9808
    outer loop
      vertex -0.822489 35.5641 2.05433
      vertex -5.83456 33.0895 2.07909
      vertex -6.3962 32.965 2.05433
    endloop
  endfacet
  facet normal 0.35144 -0.753661 -0.555414
    outer loop
      vertex -1.67021 35.5271 1.72961
      vertex -7.62422 32.6928 1.80815
      vertex -7.86093 32.6403 1.72961
    endloop
  endfacet
  facet normal 0.351385 -0.753549 -0.555601
    outer loop
      vertex -7.62422 32.6928 1.80815
      vertex -1.67021 35.5271 1.72961
      vertex -1.39741 35.539 1.886
    endloop
  endfacet
  facet normal -0.130526 0.991445 0
    outer loop
      vertex 5.83456 -33.0895 -3
      vertex 2.92842 -33.4721 9
      vertex 5.83456 -33.0895 9
    endloop
  endfacet
  facet normal -0.130526 0.991445 0
    outer loop
      vertex 2.92842 -33.4721 9
      vertex 5.83456 -33.0895 -3
      vertex 2.92842 -33.4721 -3
    endloop
  endfacet
  facet normal -0.216428 0.976299 0
    outer loop
      vertex 8.69632 -32.4551 -3
      vertex 5.83456 -33.0895 9
      vertex 8.69632 -32.4551 9
    endloop
  endfacet
  facet normal -0.216428 0.976299 0
    outer loop
      vertex 5.83456 -33.0895 9
      vertex 8.69632 -32.4551 -3
      vertex 5.83456 -33.0895 -3
    endloop
  endfacet
  facet normal -0.300692 0.953721 0
    outer loop
      vertex 11.4919 -31.5737 -3
      vertex 8.69632 -32.4551 9
      vertex 11.4919 -31.5737 9
    endloop
  endfacet
  facet normal -0.300692 0.953721 0
    outer loop
      vertex 8.69632 -32.4551 9
      vertex 11.4919 -31.5737 -3
      vertex 8.69632 -32.4551 -3
    endloop
  endfacet
  facet normal -0.382703 0.923871 0
    outer loop
      vertex 14.2 -30.4519 -3
      vertex 11.4919 -31.5737 9
      vertex 14.2 -30.4519 9
    endloop
  endfacet
  facet normal -0.382703 0.923871 0
    outer loop
      vertex 11.4919 -31.5737 9
      vertex 14.2 -30.4519 -3
      vertex 11.4919 -31.5737 -3
    endloop
  endfacet
  facet normal -0.461756 0.887007 0
    outer loop
      vertex 16.8 -29.0984 -3
      vertex 14.2 -30.4519 9
      vertex 16.8 -29.0984 9
    endloop
  endfacet
  facet normal -0.461756 0.887007 0
    outer loop
      vertex 14.2 -30.4519 9
      vertex 16.8 -29.0984 -3
      vertex 14.2 -30.4519 -3
    endloop
  endfacet
  facet normal -0.537284 0.843402 0
    outer loop
      vertex 19.2722 -27.5235 -3
      vertex 16.8 -29.0984 9
      vertex 19.2722 -27.5235 9
    endloop
  endfacet
  facet normal -0.537284 0.843402 0
    outer loop
      vertex 16.8 -29.0984 9
      vertex 19.2722 -27.5235 -3
      vertex 16.8 -29.0984 -3
    endloop
  endfacet
  facet normal -0.608757 0.793356 0
    outer loop
      vertex 21.5977 -25.7391 -3
      vertex 19.2722 -27.5235 9
      vertex 21.5977 -25.7391 9
    endloop
  endfacet
  facet normal -0.608757 0.793356 0
    outer loop
      vertex 19.2722 -27.5235 9
      vertex 21.5977 -25.7391 -3
      vertex 19.2722 -27.5235 -3
    endloop
  endfacet
  facet normal -0.675593 0.737274 0
    outer loop
      vertex 23.7588 -23.7588 -3
      vertex 21.5977 -25.7391 9
      vertex 23.7588 -23.7588 9
    endloop
  endfacet
  facet normal -0.675593 0.737274 0
    outer loop
      vertex 21.5977 -25.7391 9
      vertex 23.7588 -23.7588 -3
      vertex 21.5977 -25.7391 -3
    endloop
  endfacet
  facet normal -0.737274 0.675593 0
    outer loop
      vertex 23.7588 -23.7588 -3
      vertex 25.7391 -21.5977 9
      vertex 25.7391 -21.5977 -3
    endloop
  endfacet
  facet normal -0.737274 0.675593 0
    outer loop
      vertex 25.7391 -21.5977 9
      vertex 23.7588 -23.7588 -3
      vertex 23.7588 -23.7588 9
    endloop
  endfacet
  facet normal -0.793356 0.608757 0
    outer loop
      vertex 25.7391 -21.5977 -3
      vertex 27.5235 -19.2722 9
      vertex 27.5235 -19.2722 -3
    endloop
  endfacet
  facet normal -0.793356 0.608757 0
    outer loop
      vertex 27.5235 -19.2722 9
      vertex 25.7391 -21.5977 -3
      vertex 25.7391 -21.5977 9
    endloop
  endfacet
  facet normal -0.843402 0.537284 0
    outer loop
      vertex 27.5235 -19.2722 -3
      vertex 29.0984 -16.8 9
      vertex 29.0984 -16.8 -3
    endloop
  endfacet
  facet normal -0.843402 0.537284 0
    outer loop
      vertex 29.0984 -16.8 9
      vertex 27.5235 -19.2722 -3
      vertex 27.5235 -19.2722 9
    endloop
  endfacet
  facet normal -0.887007 0.461756 0
    outer loop
      vertex 29.0984 -16.8 -3
      vertex 30.4519 -14.2 9
      vertex 30.4519 -14.2 -3
    endloop
  endfacet
  facet normal -0.887007 0.461756 0
    outer loop
      vertex 30.4519 -14.2 9
      vertex 29.0984 -16.8 -3
      vertex 29.0984 -16.8 9
    endloop
  endfacet
  facet normal -0.923871 0.382703 0
    outer loop
      vertex 30.4519 -14.2 -3
      vertex 31.5737 -11.4919 9
      vertex 31.5737 -11.4919 -3
    endloop
  endfacet
  facet normal -0.923871 0.382703 0
    outer loop
      vertex 31.5737 -11.4919 9
      vertex 30.4519 -14.2 -3
      vertex 30.4519 -14.2 9
    endloop
  endfacet
  facet normal -0.953721 0.300692 0
    outer loop
      vertex 31.5737 -11.4919 -3
      vertex 32.4551 -8.69632 9
      vertex 32.4551 -8.69632 -3
    endloop
  endfacet
  facet normal -0.953721 0.300692 0
    outer loop
      vertex 32.4551 -8.69632 9
      vertex 31.5737 -11.4919 -3
      vertex 31.5737 -11.4919 9
    endloop
  endfacet
  facet normal -0.976299 0.216428 0
    outer loop
      vertex 32.4551 -8.69632 -3
      vertex 33.0895 -5.83456 9
      vertex 33.0895 -5.83456 -3
    endloop
  endfacet
  facet normal -0.976299 0.216428 0
    outer loop
      vertex 33.0895 -5.83456 9
      vertex 32.4551 -8.69632 -3
      vertex 32.4551 -8.69632 9
    endloop
  endfacet
  facet normal -0.991445 0.130526 0
    outer loop
      vertex 33.0895 -5.83456 -3
      vertex 33.4721 -2.92842 9
      vertex 33.4721 -2.92842 -3
    endloop
  endfacet
  facet normal -0.991445 0.130526 0
    outer loop
      vertex 33.4721 -2.92842 9
      vertex 33.0895 -5.83456 -3
      vertex 33.0895 -5.83456 9
    endloop
  endfacet
  facet normal -0.999048 0.0436338 0
    outer loop
      vertex 33.4721 -2.92842 -3
      vertex 33.6 0 9
      vertex 33.6 0 -3
    endloop
  endfacet
  facet normal -0.999048 0.0436338 0
    outer loop
      vertex 33.6 0 9
      vertex 33.4721 -2.92842 -3
      vertex 33.4721 -2.92842 9
    endloop
  endfacet
  facet normal -0.999048 -0.0436338 0
    outer loop
      vertex 33.6 0 -3
      vertex 33.4721 2.92842 9
      vertex 33.4721 2.92842 -3
    endloop
  endfacet
  facet normal -0.999048 -0.0436338 0
    outer loop
      vertex 33.4721 2.92842 9
      vertex 33.6 0 -3
      vertex 33.6 0 9
    endloop
  endfacet
  facet normal -0.991445 -0.130526 0
    outer loop
      vertex 33.4721 2.92842 -3
      vertex 33.0895 5.83456 9
      vertex 33.0895 5.83456 -3
    endloop
  endfacet
  facet normal -0.991445 -0.130526 0
    outer loop
      vertex 33.0895 5.83456 9
      vertex 33.4721 2.92842 -3
      vertex 33.4721 2.92842 9
    endloop
  endfacet
  facet normal -0.976299 -0.216428 0
    outer loop
      vertex 33.0895 5.83456 -3
      vertex 32.4551 8.69632 9
      vertex 32.4551 8.69632 -3
    endloop
  endfacet
  facet normal -0.976299 -0.216428 0
    outer loop
      vertex 32.4551 8.69632 9
      vertex 33.0895 5.83456 -3
      vertex 33.0895 5.83456 9
    endloop
  endfacet
  facet normal -0.953721 -0.300692 0
    outer loop
      vertex 32.4551 8.69632 -3
      vertex 31.5737 11.4919 9
      vertex 31.5737 11.4919 -3
    endloop
  endfacet
  facet normal -0.953721 -0.300692 0
    outer loop
      vertex 31.5737 11.4919 9
      vertex 32.4551 8.69632 -3
      vertex 32.4551 8.69632 9
    endloop
  endfacet
  facet normal -0.923871 -0.382703 0
    outer loop
      vertex 31.5737 11.4919 -3
      vertex 30.4519 14.2 9
      vertex 30.4519 14.2 -3
    endloop
  endfacet
  facet normal -0.923871 -0.382703 0
    outer loop
      vertex 30.4519 14.2 9
      vertex 31.5737 11.4919 -3
      vertex 31.5737 11.4919 9
    endloop
  endfacet
  facet normal -0.887007 -0.461756 0
    outer loop
      vertex 30.4519 14.2 -3
      vertex 29.0984 16.8 9
      vertex 29.0984 16.8 -3
    endloop
  endfacet
  facet normal -0.887007 -0.461756 0
    outer loop
      vertex 29.0984 16.8 9
      vertex 30.4519 14.2 -3
      vertex 30.4519 14.2 9
    endloop
  endfacet
  facet normal -0.843402 -0.537284 0
    outer loop
      vertex 29.0984 16.8 -3
      vertex 27.5235 19.2722 9
      vertex 27.5235 19.2722 -3
    endloop
  endfacet
  facet normal -0.843402 -0.537284 0
    outer loop
      vertex 27.5235 19.2722 9
      vertex 29.0984 16.8 -3
      vertex 29.0984 16.8 9
    endloop
  endfacet
  facet normal -0.793356 -0.608757 0
    outer loop
      vertex 27.5235 19.2722 -3
      vertex 25.7391 21.5977 9
      vertex 25.7391 21.5977 -3
    endloop
  endfacet
  facet normal -0.793356 -0.608757 0
    outer loop
      vertex 25.7391 21.5977 9
      vertex 27.5235 19.2722 -3
      vertex 27.5235 19.2722 9
    endloop
  endfacet
  facet normal -0.737274 -0.675593 0
    outer loop
      vertex 25.7391 21.5977 -3
      vertex 23.7588 23.7588 9
      vertex 23.7588 23.7588 -3
    endloop
  endfacet
  facet normal -0.737274 -0.675593 0
    outer loop
      vertex 23.7588 23.7588 9
      vertex 25.7391 21.5977 -3
      vertex 25.7391 21.5977 9
    endloop
  endfacet
  facet normal -0.675593 -0.737274 0
    outer loop
      vertex 21.5977 25.7391 -3
      vertex 23.7588 23.7588 9
      vertex 21.5977 25.7391 9
    endloop
  endfacet
  facet normal -0.675593 -0.737274 -0
    outer loop
      vertex 23.7588 23.7588 9
      vertex 21.5977 25.7391 -3
      vertex 23.7588 23.7588 -3
    endloop
  endfacet
  facet normal -0.608757 -0.793356 0
    outer loop
      vertex 19.2722 27.5235 -3
      vertex 21.5977 25.7391 9
      vertex 19.2722 27.5235 9
    endloop
  endfacet
  facet normal -0.608757 -0.793356 -0
    outer loop
      vertex 21.5977 25.7391 9
      vertex 19.2722 27.5235 -3
      vertex 21.5977 25.7391 -3
    endloop
  endfacet
  facet normal -0.537284 -0.843402 0
    outer loop
      vertex 16.8 29.0984 -3
      vertex 19.2722 27.5235 9
      vertex 16.8 29.0984 9
    endloop
  endfacet
  facet normal -0.537284 -0.843402 -0
    outer loop
      vertex 19.2722 27.5235 9
      vertex 16.8 29.0984 -3
      vertex 19.2722 27.5235 -3
    endloop
  endfacet
  facet normal -0.461756 -0.887007 0
    outer loop
      vertex 14.2 30.4519 -3
      vertex 16.8 29.0984 9
      vertex 14.2 30.4519 9
    endloop
  endfacet
  facet normal -0.461756 -0.887007 -0
    outer loop
      vertex 16.8 29.0984 9
      vertex 14.2 30.4519 -3
      vertex 16.8 29.0984 -3
    endloop
  endfacet
  facet normal -0.382703 -0.923871 0
    outer loop
      vertex 11.4919 31.5737 -3
      vertex 14.2 30.4519 9
      vertex 11.4919 31.5737 9
    endloop
  endfacet
  facet normal -0.382703 -0.923871 -0
    outer loop
      vertex 14.2 30.4519 9
      vertex 11.4919 31.5737 -3
      vertex 14.2 30.4519 -3
    endloop
  endfacet
  facet normal -0.300692 -0.953721 0
    outer loop
      vertex 8.69632 32.4551 -3
      vertex 11.4919 31.5737 9
      vertex 8.69632 32.4551 9
    endloop
  endfacet
  facet normal -0.300692 -0.953721 -0
    outer loop
      vertex 11.4919 31.5737 9
      vertex 8.69632 32.4551 -3
      vertex 11.4919 31.5737 -3
    endloop
  endfacet
  facet normal -0.216428 -0.976299 0
    outer loop
      vertex 5.83456 33.0895 -3
      vertex 8.69632 32.4551 9
      vertex 5.83456 33.0895 9
    endloop
  endfacet
  facet normal -0.216428 -0.976299 -0
    outer loop
      vertex 8.69632 32.4551 9
      vertex 5.83456 33.0895 -3
      vertex 8.69632 32.4551 -3
    endloop
  endfacet
  facet normal -0.130526 -0.991445 0
    outer loop
      vertex 2.92842 33.4721 -3
      vertex 5.83456 33.0895 9
      vertex 2.92842 33.4721 9
    endloop
  endfacet
  facet normal -0.130526 -0.991445 -0
    outer loop
      vertex 5.83456 33.0895 9
      vertex 2.92842 33.4721 -3
      vertex 5.83456 33.0895 -3
    endloop
  endfacet
  facet normal -0.0436338 -0.999048 0
    outer loop
      vertex 0 33.6 -3
      vertex 2.92842 33.4721 9
      vertex 0 33.6 9
    endloop
  endfacet
  facet normal -0.0436338 -0.999048 -0
    outer loop
      vertex 2.92842 33.4721 9
      vertex 0 33.6 -3
      vertex 2.92842 33.4721 -3
    endloop
  endfacet
  facet normal 0.0436338 -0.999048 0
    outer loop
      vertex -2.92842 33.4721 -3
      vertex 0 33.6 9
      vertex -2.92842 33.4721 9
    endloop
  endfacet
  facet normal 0.0436338 -0.999048 0
    outer loop
      vertex 0 33.6 9
      vertex -2.92842 33.4721 -3
      vertex 0 33.6 -3
    endloop
  endfacet
  facet normal 0.130751 -0.991415 0
    outer loop
      vertex -5.83456 33.0895 0.920905
      vertex -5.83456 33.0895 -3
      vertex -5.48804 33.1352 0.9
    endloop
  endfacet
  facet normal 0.130442 -0.991456 -1.57788e-05
    outer loop
      vertex -4.73101 33.2348 2.05433
      vertex -5.83456 33.0895 9
      vertex -5.48804 33.1352 2.1
    endloop
  endfacet
  facet normal 0.130751 -0.991415 0
    outer loop
      vertex -5.48804 33.1352 2.1
      vertex -5.83456 33.0895 9
      vertex -5.83456 33.0895 2.07909
    endloop
  endfacet
  facet normal 0.130526 -0.991445 -2.15686e-06
    outer loop
      vertex -5.83456 33.0895 9
      vertex -4.73101 33.2348 2.05433
      vertex -2.92842 33.4721 9
    endloop
  endfacet
  facet normal 0.130645 -0.991429 -3.36304e-05
    outer loop
      vertex -4.46466 33.2699 2.00035
      vertex -2.92842 33.4721 9
      vertex -4.73101 33.2348 2.05433
    endloop
  endfacet
  facet normal 0.130456 -0.991454 8.56493e-06
    outer loop
      vertex -4.08922 33.3193 1.92426
      vertex -2.92842 33.4721 9
      vertex -4.46466 33.2699 2.00035
    endloop
  endfacet
  facet normal 0.130444 -0.991456 1.06516e-05
    outer loop
      vertex -3.92428 33.341 1.84939
      vertex -2.92842 33.4721 9
      vertex -4.08922 33.3193 1.92426
    endloop
  endfacet
  facet normal 0.130733 -0.991418 -3.02735e-05
    outer loop
      vertex -3.6604 33.3758 1.72961
      vertex -2.92842 33.4721 9
      vertex -3.92428 33.341 1.84939
    endloop
  endfacet
  facet normal 0.129445 -0.991587 0.000101556
    outer loop
      vertex -3.60518 33.383 1.64541
      vertex -2.92842 33.4721 9
      vertex -3.6604 33.3758 1.72961
    endloop
  endfacet
  facet normal 0.130924 -0.991392 -3.68251e-05
    outer loop
      vertex -3.50981 33.3956 1.5
      vertex -2.92842 33.4721 9
      vertex -3.60518 33.383 1.64541
    endloop
  endfacet
  facet normal 0.130441 -0.991456 2.79817e-05
    outer loop
      vertex -5.83456 33.0895 -3
      vertex -4.73101 33.2348 0.945672
      vertex -5.48804 33.1352 0.9
    endloop
  endfacet
  facet normal 0.130526 -0.991445 3.79677e-06
    outer loop
      vertex -2.92842 33.4721 -3
      vertex -4.73101 33.2348 0.945672
      vertex -5.83456 33.0895 -3
    endloop
  endfacet
  facet normal 0.130641 -0.99143 5.70339e-05
    outer loop
      vertex -4.73101 33.2348 0.945672
      vertex -2.92842 33.4721 -3
      vertex -4.46466 33.2699 0.999649
    endloop
  endfacet
  facet normal 0.130457 -0.991454 -1.45252e-05
    outer loop
      vertex -4.46466 33.2699 0.999649
      vertex -2.92842 33.4721 -3
      vertex -4.08922 33.3193 1.07574
    endloop
  endfacet
  facet normal 0.130447 -0.991455 -1.75943e-05
    outer loop
      vertex -4.08922 33.3193 1.07574
      vertex -2.92842 33.4721 -3
      vertex -3.92428 33.341 1.15061
    endloop
  endfacet
  facet normal 0.130724 -0.991419 5.00057e-05
    outer loop
      vertex -3.92428 33.341 1.15061
      vertex -2.92842 33.4721 -3
      vertex -3.6604 33.3758 1.27039
    endloop
  endfacet
  facet normal 0.12953 -0.991575 -0.000158115
    outer loop
      vertex -3.6604 33.3758 1.27039
      vertex -2.92842 33.4721 -3
      vertex -3.60518 33.383 1.35459
    endloop
  endfacet
  facet normal 0.130457 -0.991454 0
    outer loop
      vertex -3.50981 33.3956 1.5
      vertex -2.92842 33.4721 -3
      vertex -2.92842 33.4721 9
    endloop
  endfacet
  facet normal 0.130893 -0.991397 5.73352e-05
    outer loop
      vertex -3.60518 33.383 1.35459
      vertex -2.92842 33.4721 -3
      vertex -3.50981 33.3956 1.5
    endloop
  endfacet
  facet normal 0.216428 -0.976299 1.58623e-06
    outer loop
      vertex -6.79309 32.877 1.99554
      vertex -5.83456 33.0895 9
      vertex -8.69632 32.4551 9
    endloop
  endfacet
  facet normal 0.216419 -0.976301 0
    outer loop
      vertex -5.83456 33.0895 9
      vertex -6.3962 32.965 2.05433
      vertex -5.83456 33.0895 2.07909
    endloop
  endfacet
  facet normal 0.216467 -0.97629 -4.12754e-06
    outer loop
      vertex -5.83456 33.0895 9
      vertex -6.79309 32.877 1.99554
      vertex -6.3962 32.965 2.05433
    endloop
  endfacet
  facet normal 0.216312 -0.976324 -3.14316e-05
    outer loop
      vertex -8.69632 32.4551 9
      vertex -7.27424 32.7704 1.92426
      vertex -6.79309 32.877 1.99554
    endloop
  endfacet
  facet normal 0.216469 -0.976289 1.74229e-06
    outer loop
      vertex -8.69632 32.4551 9
      vertex -7.62422 32.6928 1.80815
      vertex -7.27424 32.7704 1.92426
    endloop
  endfacet
  facet normal 0.216525 -0.976277 1.05372e-05
    outer loop
      vertex -8.69632 32.4551 9
      vertex -7.86093 32.6403 1.72961
      vertex -7.62422 32.6928 1.80815
    endloop
  endfacet
  facet normal 0.21662 -0.976256 2.19906e-05
    outer loop
      vertex -8.69632 32.4551 9
      vertex -7.94024 32.6227 1.64121
      vertex -7.86093 32.6403 1.72961
    endloop
  endfacet
  facet normal 0.216512 -0.97628 1.02671e-05
    outer loop
      vertex -8.69632 32.4551 9
      vertex -8.06694 32.5946 1.5
      vertex -7.94024 32.6227 1.64121
    endloop
  endfacet
  facet normal 0.216395 -0.976306 0
    outer loop
      vertex -8.69632 32.4551 -3
      vertex -8.06694 32.5946 1.5
      vertex -8.69632 32.4551 9
    endloop
  endfacet
  facet normal 0.216505 -0.976281 -1.61888e-05
    outer loop
      vertex -8.69632 32.4551 -3
      vertex -7.94024 32.6227 1.35879
      vertex -8.06694 32.5946 1.5
    endloop
  endfacet
  facet normal 0.216607 -0.976259 -3.46739e-05
    outer loop
      vertex -8.69632 32.4551 -3
      vertex -7.86093 32.6403 1.27039
      vertex -7.94024 32.6227 1.35879
    endloop
  endfacet
  facet normal 0.216523 -0.976277 -1.74885e-05
    outer loop
      vertex -8.69632 32.4551 -3
      vertex -7.62422 32.6928 1.19185
      vertex -7.86093 32.6403 1.27039
    endloop
  endfacet
  facet normal 0.216469 -0.97629 -2.89167e-06
    outer loop
      vertex -8.69632 32.4551 -3
      vertex -7.27424 32.7704 1.07574
      vertex -7.62422 32.6928 1.19185
    endloop
  endfacet
  facet normal 0.216315 -0.976324 5.34301e-05
    outer loop
      vertex -8.69632 32.4551 -3
      vertex -6.79309 32.877 1.00446
      vertex -7.27424 32.7704 1.07574
    endloop
  endfacet
  facet normal 0.216428 -0.976299 -2.77458e-06
    outer loop
      vertex -5.83456 33.0895 -3
      vertex -6.79309 32.877 1.00446
      vertex -8.69632 32.4551 -3
    endloop
  endfacet
  facet normal 0.216468 -0.97629 7.33341e-06
    outer loop
      vertex -6.79309 32.877 1.00446
      vertex -5.83456 33.0895 -3
      vertex -6.3962 32.965 0.945672
    endloop
  endfacet
  facet normal 0.216419 -0.976301 0
    outer loop
      vertex -6.3962 32.965 0.945672
      vertex -5.83456 33.0895 -3
      vertex -5.83456 33.0895 0.920905
    endloop
  endfacet
  facet normal 0.300692 -0.953721 0
    outer loop
      vertex -11.4919 31.5737 -3
      vertex -8.69632 32.4551 9
      vertex -11.4919 31.5737 9
    endloop
  endfacet
  facet normal 0.300692 -0.953721 0
    outer loop
      vertex -8.69632 32.4551 9
      vertex -11.4919 31.5737 -3
      vertex -8.69632 32.4551 -3
    endloop
  endfacet
  facet normal 0.382703 -0.923871 0
    outer loop
      vertex -14.2 30.4519 -3
      vertex -11.4919 31.5737 9
      vertex -14.2 30.4519 9
    endloop
  endfacet
  facet normal 0.382703 -0.923871 0
    outer loop
      vertex -11.4919 31.5737 9
      vertex -14.2 30.4519 -3
      vertex -11.4919 31.5737 -3
    endloop
  endfacet
  facet normal 0.461756 -0.887007 0
    outer loop
      vertex -16.8 29.0984 -3
      vertex -14.2 30.4519 9
      vertex -16.8 29.0984 9
    endloop
  endfacet
  facet normal 0.461756 -0.887007 0
    outer loop
      vertex -14.2 30.4519 9
      vertex -16.8 29.0984 -3
      vertex -14.2 30.4519 -3
    endloop
  endfacet
  facet normal 0.537278 -0.843405 0
    outer loop
      vertex -19.2722 27.5235 -0.0999994
      vertex -19.2722 27.5235 -3
      vertex -17.5354 28.6299 -0.0999994
    endloop
  endfacet
  facet normal 0.537278 -0.843405 0
    outer loop
      vertex -17.5354 28.6299 5.5
      vertex -19.2722 27.5235 9
      vertex -19.2722 27.5235 5.5
    endloop
  endfacet
  facet normal 0.537284 -0.843402 4.31219e-06
    outer loop
      vertex -19.2722 27.5235 9
      vertex -17.5354 28.6299 5.5
      vertex -16.8 29.0984 9
    endloop
  endfacet
  facet normal 0.537298 -0.843392 0
    outer loop
      vertex -16.8 29.0984 -3
      vertex -17.5354 28.6299 5.5
      vertex -17.5354 28.6299 -0.0999994
    endloop
  endfacet
  facet normal 0.537298 -0.843392 0
    outer loop
      vertex -17.5354 28.6299 5.5
      vertex -16.8 29.0984 -3
      vertex -16.8 29.0984 9
    endloop
  endfacet
  facet normal 0.537284 -0.843402 -5.20437e-06
    outer loop
      vertex -16.8 29.0984 -3
      vertex -17.5354 28.6299 -0.0999994
      vertex -19.2722 27.5235 -3
    endloop
  endfacet
  facet normal 0.60876 -0.793354 0
    outer loop
      vertex -21.3588 25.9224 5.5
      vertex -19.2722 27.5235 9
      vertex -21.3588 25.9224 9
    endloop
  endfacet
  facet normal 0.60876 -0.793354 0
    outer loop
      vertex -19.2722 27.5235 9
      vertex -21.3588 25.9224 5.5
      vertex -19.2722 27.5235 5.5
    endloop
  endfacet
  facet normal 0.608757 -0.793356 0
    outer loop
      vertex -21.5977 25.7391 -3
      vertex -19.2722 27.5235 -0.0999994
      vertex -21.5977 25.7391 -0.0999994
    endloop
  endfacet
  facet normal 0.608757 -0.793356 0
    outer loop
      vertex -19.2722 27.5235 -0.0999994
      vertex -21.5977 25.7391 -3
      vertex -19.2722 27.5235 -3
    endloop
  endfacet
  facet normal 0.675593 -0.737274 0
    outer loop
      vertex -23.7588 23.7588 -3
      vertex -21.5977 25.7391 -0.0999994
      vertex -23.7588 23.7588 -0.0999994
    endloop
  endfacet
  facet normal 0.675593 -0.737274 0
    outer loop
      vertex -21.5977 25.7391 -0.0999994
      vertex -23.7588 23.7588 -3
      vertex -21.5977 25.7391 -3
    endloop
  endfacet
  facet normal 0.737274 -0.675593 0
    outer loop
      vertex -25.7391 21.5977 -0.0999994
      vertex -23.7588 23.7588 -3
      vertex -23.7588 23.7588 -0.0999994
    endloop
  endfacet
  facet normal 0.737274 -0.675593 0
    outer loop
      vertex -23.7588 23.7588 -3
      vertex -25.7391 21.5977 -0.0999994
      vertex -25.7391 21.5977 -3
    endloop
  endfacet
  facet normal 0.793356 -0.608757 0
    outer loop
      vertex -27.5235 19.2722 -0.0999994
      vertex -25.7391 21.5977 -3
      vertex -25.7391 21.5977 -0.0999994
    endloop
  endfacet
  facet normal 0.793356 -0.608757 0
    outer loop
      vertex -25.7391 21.5977 -3
      vertex -27.5235 19.2722 -0.0999994
      vertex -27.5235 19.2722 -3
    endloop
  endfacet
  facet normal 0.843402 -0.537284 0
    outer loop
      vertex -29.0984 16.8 -0.0999994
      vertex -27.5235 19.2722 -3
      vertex -27.5235 19.2722 -0.0999994
    endloop
  endfacet
  facet normal 0.843402 -0.537284 0
    outer loop
      vertex -27.5235 19.2722 -3
      vertex -29.0984 16.8 -0.0999994
      vertex -29.0984 16.8 -3
    endloop
  endfacet
  facet normal 0.887007 -0.461756 0
    outer loop
      vertex -30.4519 14.2 -0.0999994
      vertex -29.0984 16.8 -3
      vertex -29.0984 16.8 -0.0999994
    endloop
  endfacet
  facet normal 0.887007 -0.461756 0
    outer loop
      vertex -29.0984 16.8 -3
      vertex -30.4519 14.2 -0.0999994
      vertex -30.4519 14.2 -3
    endloop
  endfacet
  facet normal 0.923871 -0.382703 0
    outer loop
      vertex -31.5737 11.4919 -0.0999994
      vertex -30.4519 14.2 -3
      vertex -30.4519 14.2 -0.0999994
    endloop
  endfacet
  facet normal 0.923871 -0.382703 0
    outer loop
      vertex -30.4519 14.2 -3
      vertex -31.5737 11.4919 -0.0999994
      vertex -31.5737 11.4919 -3
    endloop
  endfacet
  facet normal 0.953711 -0.300726 0
    outer loop
      vertex -31.8845 10.5059 9
      vertex -32.4551 8.69632 9
      vertex -31.8845 10.5059 -0.0999994
    endloop
  endfacet
  facet normal 0.95374 -0.300631 0
    outer loop
      vertex -31.8845 10.5059 -0.0999994
      vertex -31.5737 11.4919 -3
      vertex -31.5737 11.4919 -0.0999994
    endloop
  endfacet
  facet normal 0.953721 -0.300692 -2.2838e-05
    outer loop
      vertex -31.8845 10.5059 -0.0999994
      vertex -32.4551 8.69632 -3
      vertex -31.5737 11.4919 -3
    endloop
  endfacet
  facet normal 0.953711 -0.300726 0
    outer loop
      vertex -32.4551 8.69632 -3
      vertex -31.8845 10.5059 -0.0999994
      vertex -32.4551 8.69632 9
    endloop
  endfacet
  facet normal 0.976299 -0.216428 0
    outer loop
      vertex -33.0895 5.83456 9
      vertex -32.4551 8.69632 -3
      vertex -32.4551 8.69632 9
    endloop
  endfacet
  facet normal 0.976299 -0.216428 0
    outer loop
      vertex -32.4551 8.69632 -3
      vertex -33.0895 5.83456 9
      vertex -33.0895 5.83456 -3
    endloop
  endfacet
  facet normal 0.991445 -0.130526 0
    outer loop
      vertex -33.4721 2.92842 9
      vertex -33.0895 5.83456 -3
      vertex -33.0895 5.83456 9
    endloop
  endfacet
  facet normal 0.991445 -0.130526 0
    outer loop
      vertex -33.0895 5.83456 -3
      vertex -33.4721 2.92842 9
      vertex -33.4721 2.92842 -3
    endloop
  endfacet
  facet normal 0.999048 -0.0436338 0
    outer loop
      vertex -33.6 0 9
      vertex -33.4721 2.92842 -3
      vertex -33.4721 2.92842 9
    endloop
  endfacet
  facet normal 0.999048 -0.0436338 0
    outer loop
      vertex -33.4721 2.92842 -3
      vertex -33.6 0 9
      vertex -33.6 0 -3
    endloop
  endfacet
  facet normal 0.999048 0.0436338 0
    outer loop
      vertex -33.4721 -2.92842 9
      vertex -33.6 0 -3
      vertex -33.6 0 9
    endloop
  endfacet
  facet normal 0.999048 0.0436338 0
    outer loop
      vertex -33.6 0 -3
      vertex -33.4721 -2.92842 9
      vertex -33.4721 -2.92842 -3
    endloop
  endfacet
  facet normal 0.991445 0.130526 0
    outer loop
      vertex -33.0895 -5.83456 9
      vertex -33.4721 -2.92842 -3
      vertex -33.4721 -2.92842 9
    endloop
  endfacet
  facet normal 0.991445 0.130526 0
    outer loop
      vertex -33.4721 -2.92842 -3
      vertex -33.0895 -5.83456 9
      vertex -33.0895 -5.83456 -3
    endloop
  endfacet
  facet normal 0.976299 0.216428 0
    outer loop
      vertex -32.4551 -8.69632 9
      vertex -33.0895 -5.83456 -3
      vertex -33.0895 -5.83456 9
    endloop
  endfacet
  facet normal 0.976299 0.216428 0
    outer loop
      vertex -33.0895 -5.83456 -3
      vertex -32.4551 -8.69632 9
      vertex -32.4551 -8.69632 -3
    endloop
  endfacet
  facet normal 0.953721 0.300692 0
    outer loop
      vertex -31.5737 -11.4919 9
      vertex -32.4551 -8.69632 -3
      vertex -32.4551 -8.69632 9
    endloop
  endfacet
  facet normal 0.953721 0.300692 0
    outer loop
      vertex -32.4551 -8.69632 -3
      vertex -31.5737 -11.4919 9
      vertex -31.5737 -11.4919 -3
    endloop
  endfacet
  facet normal 0.923871 0.382703 0
    outer loop
      vertex -30.4519 -14.2 9
      vertex -31.5737 -11.4919 -3
      vertex -31.5737 -11.4919 9
    endloop
  endfacet
  facet normal 0.923871 0.382703 0
    outer loop
      vertex -31.5737 -11.4919 -3
      vertex -30.4519 -14.2 9
      vertex -30.4519 -14.2 -3
    endloop
  endfacet
  facet normal 0.887007 0.461756 0
    outer loop
      vertex -29.0984 -16.8 9
      vertex -30.4519 -14.2 -3
      vertex -30.4519 -14.2 9
    endloop
  endfacet
  facet normal 0.887007 0.461756 0
    outer loop
      vertex -30.4519 -14.2 -3
      vertex -29.0984 -16.8 9
      vertex -29.0984 -16.8 -3
    endloop
  endfacet
  facet normal 0.843402 0.537284 0
    outer loop
      vertex -27.5235 -19.2722 9
      vertex -29.0984 -16.8 -3
      vertex -29.0984 -16.8 9
    endloop
  endfacet
  facet normal 0.843402 0.537284 0
    outer loop
      vertex -29.0984 -16.8 -3
      vertex -27.5235 -19.2722 9
      vertex -27.5235 -19.2722 -3
    endloop
  endfacet
  facet normal 0.793356 0.608757 0
    outer loop
      vertex -25.7391 -21.5977 9
      vertex -27.5235 -19.2722 -3
      vertex -27.5235 -19.2722 9
    endloop
  endfacet
  facet normal 0.793356 0.608757 0
    outer loop
      vertex -27.5235 -19.2722 -3
      vertex -25.7391 -21.5977 9
      vertex -25.7391 -21.5977 -3
    endloop
  endfacet
  facet normal 0.737274 0.675593 0
    outer loop
      vertex -23.7588 -23.7588 9
      vertex -25.7391 -21.5977 -3
      vertex -25.7391 -21.5977 9
    endloop
  endfacet
  facet normal 0.737274 0.675593 0
    outer loop
      vertex -25.7391 -21.5977 -3
      vertex -23.7588 -23.7588 9
      vertex -23.7588 -23.7588 -3
    endloop
  endfacet
  facet normal 0.675593 0.737274 -0
    outer loop
      vertex -21.5977 -25.7391 -3
      vertex -23.7588 -23.7588 9
      vertex -21.5977 -25.7391 9
    endloop
  endfacet
  facet normal 0.675593 0.737274 0
    outer loop
      vertex -23.7588 -23.7588 9
      vertex -21.5977 -25.7391 -3
      vertex -23.7588 -23.7588 -3
    endloop
  endfacet
  facet normal 0.608757 0.793356 -0
    outer loop
      vertex -19.2722 -27.5235 -3
      vertex -21.5977 -25.7391 9
      vertex -19.2722 -27.5235 9
    endloop
  endfacet
  facet normal 0.608757 0.793356 0
    outer loop
      vertex -21.5977 -25.7391 9
      vertex -19.2722 -27.5235 -3
      vertex -21.5977 -25.7391 -3
    endloop
  endfacet
  facet normal 0.537284 0.843402 -0
    outer loop
      vertex -16.8 -29.0984 -3
      vertex -19.2722 -27.5235 9
      vertex -16.8 -29.0984 9
    endloop
  endfacet
  facet normal 0.537284 0.843402 0
    outer loop
      vertex -19.2722 -27.5235 9
      vertex -16.8 -29.0984 -3
      vertex -19.2722 -27.5235 -3
    endloop
  endfacet
  facet normal 0.461756 0.887007 -0
    outer loop
      vertex -14.2 -30.4519 -3
      vertex -16.8 -29.0984 9
      vertex -14.2 -30.4519 9
    endloop
  endfacet
  facet normal 0.461756 0.887007 0
    outer loop
      vertex -16.8 -29.0984 9
      vertex -14.2 -30.4519 -3
      vertex -16.8 -29.0984 -3
    endloop
  endfacet
  facet normal 0.382703 0.923871 -0
    outer loop
      vertex -11.4919 -31.5737 -3
      vertex -14.2 -30.4519 9
      vertex -11.4919 -31.5737 9
    endloop
  endfacet
  facet normal 0.382703 0.923871 0
    outer loop
      vertex -14.2 -30.4519 9
      vertex -11.4919 -31.5737 -3
      vertex -14.2 -30.4519 -3
    endloop
  endfacet
  facet normal 0.300692 0.953721 -0
    outer loop
      vertex -8.69632 -32.4551 -3
      vertex -11.4919 -31.5737 9
      vertex -8.69632 -32.4551 9
    endloop
  endfacet
  facet normal 0.300692 0.953721 0
    outer loop
      vertex -11.4919 -31.5737 9
      vertex -8.69632 -32.4551 -3
      vertex -11.4919 -31.5737 -3
    endloop
  endfacet
  facet normal 0.216428 0.976299 -0
    outer loop
      vertex -5.83456 -33.0895 -3
      vertex -8.69632 -32.4551 9
      vertex -5.83456 -33.0895 9
    endloop
  endfacet
  facet normal 0.216428 0.976299 0
    outer loop
      vertex -8.69632 -32.4551 9
      vertex -5.83456 -33.0895 -3
      vertex -8.69632 -32.4551 -3
    endloop
  endfacet
  facet normal 0.130526 0.991445 -0
    outer loop
      vertex -2.92842 -33.4721 -3
      vertex -5.83456 -33.0895 9
      vertex -2.92842 -33.4721 9
    endloop
  endfacet
  facet normal 0.130526 0.991445 0
    outer loop
      vertex -5.83456 -33.0895 9
      vertex -2.92842 -33.4721 -3
      vertex -5.83456 -33.0895 -3
    endloop
  endfacet
  facet normal 0.0436338 0.999048 -0
    outer loop
      vertex 0 -33.6 -3
      vertex -2.92842 -33.4721 9
      vertex 0 -33.6 9
    endloop
  endfacet
  facet normal 0.0436338 0.999048 0
    outer loop
      vertex -2.92842 -33.4721 9
      vertex 0 -33.6 -3
      vertex -2.92842 -33.4721 -3
    endloop
  endfacet
  facet normal -0.0436338 0.999048 0
    outer loop
      vertex 2.92842 -33.4721 -3
      vertex 0 -33.6 9
      vertex 2.92842 -33.4721 9
    endloop
  endfacet
  facet normal -0.0436338 0.999048 0
    outer loop
      vertex 0 -33.6 9
      vertex 2.92842 -33.4721 -3
      vertex 0 -33.6 -3
    endloop
  endfacet
  facet normal -0.13051 -0.991447 0
    outer loop
      vertex -4.77531 -27.0822 0
      vertex -2.39677 -27.3953 9
      vertex -4.77531 -27.0822 9
    endloop
  endfacet
  facet normal -0.13051 -0.991447 -0
    outer loop
      vertex -2.39677 -27.3953 9
      vertex -4.77531 -27.0822 0
      vertex -2.39677 -27.3953 0
    endloop
  endfacet
  facet normal -0.216418 -0.976301 0
    outer loop
      vertex -7.11752 -26.563 0
      vertex -4.77531 -27.0822 9
      vertex -7.11752 -26.563 9
    endloop
  endfacet
  facet normal -0.216418 -0.976301 -0
    outer loop
      vertex -4.77531 -27.0822 9
      vertex -7.11752 -26.563 0
      vertex -4.77531 -27.0822 0
    endloop
  endfacet
  facet normal -0.300739 -0.953707 0
    outer loop
      vertex -9.40555 -25.8415 0
      vertex -7.11752 -26.563 9
      vertex -9.40555 -25.8415 9
    endloop
  endfacet
  facet normal -0.300739 -0.953707 -0
    outer loop
      vertex -7.11752 -26.563 9
      vertex -9.40555 -25.8415 0
      vertex -7.11752 -26.563 0
    endloop
  endfacet
  facet normal -0.382654 -0.923892 0
    outer loop
      vertex -11.622 -24.9235 0
      vertex -9.40555 -25.8415 9
      vertex -11.622 -24.9235 9
    endloop
  endfacet
  facet normal -0.382654 -0.923892 -0
    outer loop
      vertex -9.40555 -25.8415 9
      vertex -11.622 -24.9235 0
      vertex -9.40555 -25.8415 0
    endloop
  endfacet
  facet normal -0.46176 -0.887005 0
    outer loop
      vertex -13.75 -23.8157 0
      vertex -11.622 -24.9235 9
      vertex -13.75 -23.8157 9
    endloop
  endfacet
  facet normal -0.46176 -0.887005 -0
    outer loop
      vertex -11.622 -24.9235 9
      vertex -13.75 -23.8157 0
      vertex -11.622 -24.9235 0
    endloop
  endfacet
  facet normal -0.537304 -0.843388 0
    outer loop
      vertex -15.7733 -22.5267 0
      vertex -13.75 -23.8157 9
      vertex -15.7733 -22.5267 9
    endloop
  endfacet
  facet normal -0.537304 -0.843388 -0
    outer loop
      vertex -13.75 -23.8157 9
      vertex -15.7733 -22.5267 0
      vertex -13.75 -23.8157 0
    endloop
  endfacet
  facet normal -0.608754 -0.793359 0
    outer loop
      vertex -17.6767 -21.0662 0
      vertex -15.7733 -22.5267 9
      vertex -17.6767 -21.0662 9
    endloop
  endfacet
  facet normal -0.608754 -0.793359 -0
    outer loop
      vertex -15.7733 -22.5267 9
      vertex -17.6767 -21.0662 0
      vertex -15.7733 -22.5267 0
    endloop
  endfacet
  facet normal -0.675609 -0.73726 0
    outer loop
      vertex -19.4454 -19.4454 0
      vertex -17.6767 -21.0662 9
      vertex -19.4454 -19.4454 9
    endloop
  endfacet
  facet normal -0.675609 -0.73726 -0
    outer loop
      vertex -17.6767 -21.0662 9
      vertex -19.4454 -19.4454 0
      vertex -17.6767 -21.0662 0
    endloop
  endfacet
  facet normal -0.73726 -0.675609 0
    outer loop
      vertex -19.4454 -19.4454 0
      vertex -21.0662 -17.6767 9
      vertex -21.0662 -17.6767 0
    endloop
  endfacet
  facet normal -0.73726 -0.675609 0
    outer loop
      vertex -21.0662 -17.6767 9
      vertex -19.4454 -19.4454 0
      vertex -19.4454 -19.4454 9
    endloop
  endfacet
  facet normal -0.793359 -0.608754 0
    outer loop
      vertex -21.0662 -17.6767 0
      vertex -22.5267 -15.7733 9
      vertex -22.5267 -15.7733 0
    endloop
  endfacet
  facet normal -0.793359 -0.608754 0
    outer loop
      vertex -22.5267 -15.7733 9
      vertex -21.0662 -17.6767 0
      vertex -21.0662 -17.6767 9
    endloop
  endfacet
  facet normal -0.843388 -0.537304 0
    outer loop
      vertex -22.5267 -15.7733 0
      vertex -23.8157 -13.75 9
      vertex -23.8157 -13.75 0
    endloop
  endfacet
  facet normal -0.843388 -0.537304 0
    outer loop
      vertex -23.8157 -13.75 9
      vertex -22.5267 -15.7733 0
      vertex -22.5267 -15.7733 9
    endloop
  endfacet
  facet normal -0.887005 -0.46176 0
    outer loop
      vertex -23.8157 -13.75 0
      vertex -24.9235 -11.622 9
      vertex -24.9235 -11.622 0
    endloop
  endfacet
  facet normal -0.887005 -0.46176 0
    outer loop
      vertex -24.9235 -11.622 9
      vertex -23.8157 -13.75 0
      vertex -23.8157 -13.75 9
    endloop
  endfacet
  facet normal -0.923892 -0.382654 0
    outer loop
      vertex -24.9235 -11.622 0
      vertex -25.8415 -9.40555 9
      vertex -25.8415 -9.40555 0
    endloop
  endfacet
  facet normal -0.923892 -0.382654 0
    outer loop
      vertex -25.8415 -9.40555 9
      vertex -24.9235 -11.622 0
      vertex -24.9235 -11.622 9
    endloop
  endfacet
  facet normal -0.953707 -0.300739 0
    outer loop
      vertex -25.8415 -9.40555 0
      vertex -26.563 -7.11752 9
      vertex -26.563 -7.11752 0
    endloop
  endfacet
  facet normal -0.953707 -0.300739 0
    outer loop
      vertex -26.563 -7.11752 9
      vertex -25.8415 -9.40555 0
      vertex -25.8415 -9.40555 9
    endloop
  endfacet
  facet normal -0.976301 -0.216418 0
    outer loop
      vertex -26.563 -7.11752 0
      vertex -27.0822 -4.77531 9
      vertex -27.0822 -4.77531 0
    endloop
  endfacet
  facet normal -0.976301 -0.216418 0
    outer loop
      vertex -27.0822 -4.77531 9
      vertex -26.563 -7.11752 0
      vertex -26.563 -7.11752 9
    endloop
  endfacet
  facet normal -0.991447 -0.13051 0
    outer loop
      vertex -27.0822 -4.77531 0
      vertex -27.3953 -2.39677 9
      vertex -27.3953 -2.39677 0
    endloop
  endfacet
  facet normal -0.991447 -0.13051 0
    outer loop
      vertex -27.3953 -2.39677 9
      vertex -27.0822 -4.77531 0
      vertex -27.0822 -4.77531 9
    endloop
  endfacet
  facet normal -0.999047 -0.0436422 0
    outer loop
      vertex -27.3953 -2.39677 0
      vertex -27.5 0 9
      vertex -27.5 0 0
    endloop
  endfacet
  facet normal -0.999047 -0.0436422 0
    outer loop
      vertex -27.5 0 9
      vertex -27.3953 -2.39677 0
      vertex -27.3953 -2.39677 9
    endloop
  endfacet
  facet normal -0.999047 0.0436422 0
    outer loop
      vertex -27.5 0 0
      vertex -27.3953 2.39677 9
      vertex -27.3953 2.39677 0
    endloop
  endfacet
  facet normal -0.999047 0.0436422 0
    outer loop
      vertex -27.3953 2.39677 9
      vertex -27.5 0 0
      vertex -27.5 0 9
    endloop
  endfacet
  facet normal -0.991447 0.13051 0
    outer loop
      vertex -27.3953 2.39677 0
      vertex -27.0822 4.77531 9
      vertex -27.0822 4.77531 0
    endloop
  endfacet
  facet normal -0.991447 0.13051 0
    outer loop
      vertex -27.0822 4.77531 9
      vertex -27.3953 2.39677 0
      vertex -27.3953 2.39677 9
    endloop
  endfacet
  facet normal -0.976301 0.216418 0
    outer loop
      vertex -27.0822 4.77531 0
      vertex -26.563 7.11752 9
      vertex -26.563 7.11752 0
    endloop
  endfacet
  facet normal -0.976301 0.216418 0
    outer loop
      vertex -26.563 7.11752 9
      vertex -27.0822 4.77531 0
      vertex -27.0822 4.77531 9
    endloop
  endfacet
  facet normal -0.953707 0.300739 0
    outer loop
      vertex -26.563 7.11752 0
      vertex -25.8415 9.40555 9
      vertex -25.8415 9.40555 0
    endloop
  endfacet
  facet normal -0.953707 0.300739 0
    outer loop
      vertex -25.8415 9.40555 9
      vertex -26.563 7.11752 0
      vertex -26.563 7.11752 9
    endloop
  endfacet
  facet normal -0.923892 0.382654 0
    outer loop
      vertex -25.8415 9.40555 0
      vertex -24.9235 11.622 9
      vertex -24.9235 11.622 0
    endloop
  endfacet
  facet normal -0.923892 0.382654 0
    outer loop
      vertex -24.9235 11.622 9
      vertex -25.8415 9.40555 0
      vertex -25.8415 9.40555 9
    endloop
  endfacet
  facet normal -0.887005 0.46176 0
    outer loop
      vertex -24.9235 11.622 0
      vertex -23.8157 13.75 9
      vertex -23.8157 13.75 0
    endloop
  endfacet
  facet normal -0.887005 0.46176 0
    outer loop
      vertex -23.8157 13.75 9
      vertex -24.9235 11.622 0
      vertex -24.9235 11.622 9
    endloop
  endfacet
  facet normal -0.843388 0.537304 0
    outer loop
      vertex -23.8157 13.75 0
      vertex -22.5267 15.7733 9
      vertex -22.5267 15.7733 0
    endloop
  endfacet
  facet normal -0.843388 0.537304 0
    outer loop
      vertex -22.5267 15.7733 9
      vertex -23.8157 13.75 0
      vertex -23.8157 13.75 9
    endloop
  endfacet
  facet normal -0.793359 0.608754 0
    outer loop
      vertex -22.5267 15.7733 0
      vertex -21.0662 17.6767 9
      vertex -21.0662 17.6767 0
    endloop
  endfacet
  facet normal -0.793359 0.608754 0
    outer loop
      vertex -21.0662 17.6767 9
      vertex -22.5267 15.7733 0
      vertex -22.5267 15.7733 9
    endloop
  endfacet
  facet normal -0.73726 0.675609 0
    outer loop
      vertex -21.0662 17.6767 0
      vertex -19.4454 19.4454 9
      vertex -19.4454 19.4454 0
    endloop
  endfacet
  facet normal -0.73726 0.675609 0
    outer loop
      vertex -19.4454 19.4454 9
      vertex -21.0662 17.6767 0
      vertex -21.0662 17.6767 9
    endloop
  endfacet
  facet normal -0.675609 0.73726 0
    outer loop
      vertex -17.6767 21.0662 0
      vertex -19.4454 19.4454 9
      vertex -17.6767 21.0662 9
    endloop
  endfacet
  facet normal -0.675609 0.73726 0
    outer loop
      vertex -19.4454 19.4454 9
      vertex -17.6767 21.0662 0
      vertex -19.4454 19.4454 0
    endloop
  endfacet
  facet normal -0.608754 0.793359 0
    outer loop
      vertex -15.7733 22.5267 0
      vertex -17.6767 21.0662 9
      vertex -15.7733 22.5267 9
    endloop
  endfacet
  facet normal -0.608754 0.793359 0
    outer loop
      vertex -17.6767 21.0662 9
      vertex -15.7733 22.5267 0
      vertex -17.6767 21.0662 0
    endloop
  endfacet
  facet normal -0.537304 0.843388 0
    outer loop
      vertex -13.75 23.8157 0
      vertex -15.7733 22.5267 9
      vertex -13.75 23.8157 9
    endloop
  endfacet
  facet normal -0.537304 0.843388 0
    outer loop
      vertex -15.7733 22.5267 9
      vertex -13.75 23.8157 0
      vertex -15.7733 22.5267 0
    endloop
  endfacet
  facet normal -0.46176 0.887005 0
    outer loop
      vertex -11.622 24.9235 0
      vertex -13.75 23.8157 9
      vertex -11.622 24.9235 9
    endloop
  endfacet
  facet normal -0.46176 0.887005 0
    outer loop
      vertex -13.75 23.8157 9
      vertex -11.622 24.9235 0
      vertex -13.75 23.8157 0
    endloop
  endfacet
  facet normal -0.382654 0.923892 0
    outer loop
      vertex -9.40555 25.8415 0
      vertex -11.622 24.9235 9
      vertex -9.40555 25.8415 9
    endloop
  endfacet
  facet normal -0.382654 0.923892 0
    outer loop
      vertex -11.622 24.9235 9
      vertex -9.40555 25.8415 0
      vertex -11.622 24.9235 0
    endloop
  endfacet
  facet normal -0.300739 0.953707 0
    outer loop
      vertex -7.11752 26.563 0
      vertex -9.40555 25.8415 9
      vertex -7.11752 26.563 9
    endloop
  endfacet
  facet normal -0.300739 0.953707 0
    outer loop
      vertex -9.40555 25.8415 9
      vertex -7.11752 26.563 0
      vertex -9.40555 25.8415 0
    endloop
  endfacet
  facet normal -0.216418 0.976301 0
    outer loop
      vertex -4.77531 27.0822 0
      vertex -7.11752 26.563 9
      vertex -4.77531 27.0822 9
    endloop
  endfacet
  facet normal -0.216418 0.976301 0
    outer loop
      vertex -7.11752 26.563 9
      vertex -4.77531 27.0822 0
      vertex -7.11752 26.563 0
    endloop
  endfacet
  facet normal -0.13051 0.991447 0
    outer loop
      vertex -2.39677 27.3953 0
      vertex -4.77531 27.0822 9
      vertex -2.39677 27.3953 9
    endloop
  endfacet
  facet normal -0.13051 0.991447 0
    outer loop
      vertex -4.77531 27.0822 9
      vertex -2.39677 27.3953 0
      vertex -4.77531 27.0822 0
    endloop
  endfacet
  facet normal -0.0436422 0.999047 0
    outer loop
      vertex 0 27.5 0
      vertex -2.39677 27.3953 9
      vertex 0 27.5 9
    endloop
  endfacet
  facet normal -0.0436422 0.999047 0
    outer loop
      vertex -2.39677 27.3953 9
      vertex 0 27.5 0
      vertex -2.39677 27.3953 0
    endloop
  endfacet
  facet normal 0.0436422 0.999047 -0
    outer loop
      vertex 2.39677 27.3953 0
      vertex 0 27.5 9
      vertex 2.39677 27.3953 9
    endloop
  endfacet
  facet normal 0.0436422 0.999047 0
    outer loop
      vertex 0 27.5 9
      vertex 2.39677 27.3953 0
      vertex 0 27.5 0
    endloop
  endfacet
  facet normal 0.13051 0.991447 -0
    outer loop
      vertex 4.77531 27.0822 0
      vertex 2.39677 27.3953 9
      vertex 4.77531 27.0822 9
    endloop
  endfacet
  facet normal 0.13051 0.991447 0
    outer loop
      vertex 2.39677 27.3953 9
      vertex 4.77531 27.0822 0
      vertex 2.39677 27.3953 0
    endloop
  endfacet
  facet normal 0.216418 0.976301 -0
    outer loop
      vertex 7.11752 26.563 0
      vertex 4.77531 27.0822 9
      vertex 7.11752 26.563 9
    endloop
  endfacet
  facet normal 0.216418 0.976301 0
    outer loop
      vertex 4.77531 27.0822 9
      vertex 7.11752 26.563 0
      vertex 4.77531 27.0822 0
    endloop
  endfacet
  facet normal 0.300739 0.953707 -0
    outer loop
      vertex 9.40555 25.8415 0
      vertex 7.11752 26.563 9
      vertex 9.40555 25.8415 9
    endloop
  endfacet
  facet normal 0.300739 0.953707 0
    outer loop
      vertex 7.11752 26.563 9
      vertex 9.40555 25.8415 0
      vertex 7.11752 26.563 0
    endloop
  endfacet
  facet normal 0.382654 0.923892 -0
    outer loop
      vertex 11.622 24.9235 0
      vertex 9.40555 25.8415 9
      vertex 11.622 24.9235 9
    endloop
  endfacet
  facet normal 0.382654 0.923892 0
    outer loop
      vertex 9.40555 25.8415 9
      vertex 11.622 24.9235 0
      vertex 9.40555 25.8415 0
    endloop
  endfacet
  facet normal 0.46176 0.887005 -0
    outer loop
      vertex 13.75 23.8157 0
      vertex 11.622 24.9235 9
      vertex 13.75 23.8157 9
    endloop
  endfacet
  facet normal 0.46176 0.887005 0
    outer loop
      vertex 11.622 24.9235 9
      vertex 13.75 23.8157 0
      vertex 11.622 24.9235 0
    endloop
  endfacet
  facet normal 0.537304 0.843388 -0
    outer loop
      vertex 15.7733 22.5267 0
      vertex 13.75 23.8157 9
      vertex 15.7733 22.5267 9
    endloop
  endfacet
  facet normal 0.537304 0.843388 0
    outer loop
      vertex 13.75 23.8157 9
      vertex 15.7733 22.5267 0
      vertex 13.75 23.8157 0
    endloop
  endfacet
  facet normal 0.608754 0.793359 -0
    outer loop
      vertex 17.6767 21.0662 0
      vertex 15.7733 22.5267 9
      vertex 17.6767 21.0662 9
    endloop
  endfacet
  facet normal 0.608754 0.793359 0
    outer loop
      vertex 15.7733 22.5267 9
      vertex 17.6767 21.0662 0
      vertex 15.7733 22.5267 0
    endloop
  endfacet
  facet normal 0.675609 0.73726 -0
    outer loop
      vertex 19.4454 19.4454 0
      vertex 17.6767 21.0662 9
      vertex 19.4454 19.4454 9
    endloop
  endfacet
  facet normal 0.675609 0.73726 0
    outer loop
      vertex 17.6767 21.0662 9
      vertex 19.4454 19.4454 0
      vertex 17.6767 21.0662 0
    endloop
  endfacet
  facet normal 0.73726 0.675609 0
    outer loop
      vertex 21.0662 17.6767 9
      vertex 19.4454 19.4454 0
      vertex 19.4454 19.4454 9
    endloop
  endfacet
  facet normal 0.73726 0.675609 0
    outer loop
      vertex 19.4454 19.4454 0
      vertex 21.0662 17.6767 9
      vertex 21.0662 17.6767 0
    endloop
  endfacet
  facet normal 0.793359 0.608754 0
    outer loop
      vertex 22.5267 15.7733 9
      vertex 21.0662 17.6767 0
      vertex 21.0662 17.6767 9
    endloop
  endfacet
  facet normal 0.793359 0.608754 0
    outer loop
      vertex 21.0662 17.6767 0
      vertex 22.5267 15.7733 9
      vertex 22.5267 15.7733 0
    endloop
  endfacet
  facet normal 0.843388 0.537304 0
    outer loop
      vertex 23.8157 13.75 9
      vertex 22.5267 15.7733 0
      vertex 22.5267 15.7733 9
    endloop
  endfacet
  facet normal 0.843388 0.537304 0
    outer loop
      vertex 22.5267 15.7733 0
      vertex 23.8157 13.75 9
      vertex 23.8157 13.75 0
    endloop
  endfacet
  facet normal 0.887005 0.46176 0
    outer loop
      vertex 24.9235 11.622 9
      vertex 23.8157 13.75 0
      vertex 23.8157 13.75 9
    endloop
  endfacet
  facet normal 0.887005 0.46176 0
    outer loop
      vertex 23.8157 13.75 0
      vertex 24.9235 11.622 9
      vertex 24.9235 11.622 0
    endloop
  endfacet
  facet normal 0.923892 0.382654 0
    outer loop
      vertex 25.8415 9.40555 9
      vertex 24.9235 11.622 0
      vertex 24.9235 11.622 9
    endloop
  endfacet
  facet normal 0.923892 0.382654 0
    outer loop
      vertex 24.9235 11.622 0
      vertex 25.8415 9.40555 9
      vertex 25.8415 9.40555 0
    endloop
  endfacet
  facet normal 0.953707 0.300739 0
    outer loop
      vertex 26.563 7.11752 9
      vertex 25.8415 9.40555 0
      vertex 25.8415 9.40555 9
    endloop
  endfacet
  facet normal 0.953707 0.300739 0
    outer loop
      vertex 25.8415 9.40555 0
      vertex 26.563 7.11752 9
      vertex 26.563 7.11752 0
    endloop
  endfacet
  facet normal 0.976301 0.216418 0
    outer loop
      vertex 27.0822 4.77531 9
      vertex 26.563 7.11752 0
      vertex 26.563 7.11752 9
    endloop
  endfacet
  facet normal 0.976301 0.216418 0
    outer loop
      vertex 26.563 7.11752 0
      vertex 27.0822 4.77531 9
      vertex 27.0822 4.77531 0
    endloop
  endfacet
  facet normal 0.991447 0.13051 0
    outer loop
      vertex 27.3953 2.39677 9
      vertex 27.0822 4.77531 0
      vertex 27.0822 4.77531 9
    endloop
  endfacet
  facet normal 0.991447 0.13051 0
    outer loop
      vertex 27.0822 4.77531 0
      vertex 27.3953 2.39677 9
      vertex 27.3953 2.39677 0
    endloop
  endfacet
  facet normal 0.999047 0.0436422 0
    outer loop
      vertex 27.5 0 9
      vertex 27.3953 2.39677 0
      vertex 27.3953 2.39677 9
    endloop
  endfacet
  facet normal 0.999047 0.0436422 0
    outer loop
      vertex 27.3953 2.39677 0
      vertex 27.5 0 9
      vertex 27.5 0 0
    endloop
  endfacet
  facet normal 0.999047 -0.0436422 0
    outer loop
      vertex 27.3953 -2.39677 9
      vertex 27.5 0 0
      vertex 27.5 0 9
    endloop
  endfacet
  facet normal 0.999047 -0.0436422 0
    outer loop
      vertex 27.5 0 0
      vertex 27.3953 -2.39677 9
      vertex 27.3953 -2.39677 0
    endloop
  endfacet
  facet normal 0.991447 -0.13051 0
    outer loop
      vertex 27.0822 -4.77531 9
      vertex 27.3953 -2.39677 0
      vertex 27.3953 -2.39677 9
    endloop
  endfacet
  facet normal 0.991447 -0.13051 0
    outer loop
      vertex 27.3953 -2.39677 0
      vertex 27.0822 -4.77531 9
      vertex 27.0822 -4.77531 0
    endloop
  endfacet
  facet normal 0.976301 -0.216418 0
    outer loop
      vertex 26.563 -7.11752 9
      vertex 27.0822 -4.77531 0
      vertex 27.0822 -4.77531 9
    endloop
  endfacet
  facet normal 0.976301 -0.216418 0
    outer loop
      vertex 27.0822 -4.77531 0
      vertex 26.563 -7.11752 9
      vertex 26.563 -7.11752 0
    endloop
  endfacet
  facet normal 0.953707 -0.300739 0
    outer loop
      vertex 25.8415 -9.40555 9
      vertex 26.563 -7.11752 0
      vertex 26.563 -7.11752 9
    endloop
  endfacet
  facet normal 0.953707 -0.300739 0
    outer loop
      vertex 26.563 -7.11752 0
      vertex 25.8415 -9.40555 9
      vertex 25.8415 -9.40555 0
    endloop
  endfacet
  facet normal 0.923892 -0.382654 0
    outer loop
      vertex 24.9235 -11.622 9
      vertex 25.8415 -9.40555 0
      vertex 25.8415 -9.40555 9
    endloop
  endfacet
  facet normal 0.923892 -0.382654 0
    outer loop
      vertex 25.8415 -9.40555 0
      vertex 24.9235 -11.622 9
      vertex 24.9235 -11.622 0
    endloop
  endfacet
  facet normal 0.887005 -0.46176 0
    outer loop
      vertex 23.8157 -13.75 9
      vertex 24.9235 -11.622 0
      vertex 24.9235 -11.622 9
    endloop
  endfacet
  facet normal 0.887005 -0.46176 0
    outer loop
      vertex 24.9235 -11.622 0
      vertex 23.8157 -13.75 9
      vertex 23.8157 -13.75 0
    endloop
  endfacet
  facet normal 0.843388 -0.537304 0
    outer loop
      vertex 22.5267 -15.7733 9
      vertex 23.8157 -13.75 0
      vertex 23.8157 -13.75 9
    endloop
  endfacet
  facet normal 0.843388 -0.537304 0
    outer loop
      vertex 23.8157 -13.75 0
      vertex 22.5267 -15.7733 9
      vertex 22.5267 -15.7733 0
    endloop
  endfacet
  facet normal 0.793359 -0.608754 0
    outer loop
      vertex 21.0662 -17.6767 9
      vertex 22.5267 -15.7733 0
      vertex 22.5267 -15.7733 9
    endloop
  endfacet
  facet normal 0.793359 -0.608754 0
    outer loop
      vertex 22.5267 -15.7733 0
      vertex 21.0662 -17.6767 9
      vertex 21.0662 -17.6767 0
    endloop
  endfacet
  facet normal 0.73726 -0.675609 0
    outer loop
      vertex 19.4454 -19.4454 9
      vertex 21.0662 -17.6767 0
      vertex 21.0662 -17.6767 9
    endloop
  endfacet
  facet normal 0.73726 -0.675609 0
    outer loop
      vertex 21.0662 -17.6767 0
      vertex 19.4454 -19.4454 9
      vertex 19.4454 -19.4454 0
    endloop
  endfacet
  facet normal 0.675609 -0.73726 0
    outer loop
      vertex 17.6767 -21.0662 0
      vertex 19.4454 -19.4454 9
      vertex 17.6767 -21.0662 9
    endloop
  endfacet
  facet normal 0.675609 -0.73726 0
    outer loop
      vertex 19.4454 -19.4454 9
      vertex 17.6767 -21.0662 0
      vertex 19.4454 -19.4454 0
    endloop
  endfacet
  facet normal 0.608754 -0.793359 0
    outer loop
      vertex 15.7733 -22.5267 0
      vertex 17.6767 -21.0662 9
      vertex 15.7733 -22.5267 9
    endloop
  endfacet
  facet normal 0.608754 -0.793359 0
    outer loop
      vertex 17.6767 -21.0662 9
      vertex 15.7733 -22.5267 0
      vertex 17.6767 -21.0662 0
    endloop
  endfacet
  facet normal 0.537304 -0.843388 0
    outer loop
      vertex 13.75 -23.8157 0
      vertex 15.7733 -22.5267 9
      vertex 13.75 -23.8157 9
    endloop
  endfacet
  facet normal 0.537304 -0.843388 0
    outer loop
      vertex 15.7733 -22.5267 9
      vertex 13.75 -23.8157 0
      vertex 15.7733 -22.5267 0
    endloop
  endfacet
  facet normal 0.46176 -0.887005 0
    outer loop
      vertex 11.622 -24.9235 0
      vertex 13.75 -23.8157 9
      vertex 11.622 -24.9235 9
    endloop
  endfacet
  facet normal 0.46176 -0.887005 0
    outer loop
      vertex 13.75 -23.8157 9
      vertex 11.622 -24.9235 0
      vertex 13.75 -23.8157 0
    endloop
  endfacet
  facet normal 0.382654 -0.923892 0
    outer loop
      vertex 9.40555 -25.8415 0
      vertex 11.622 -24.9235 9
      vertex 9.40555 -25.8415 9
    endloop
  endfacet
  facet normal 0.382654 -0.923892 0
    outer loop
      vertex 11.622 -24.9235 9
      vertex 9.40555 -25.8415 0
      vertex 11.622 -24.9235 0
    endloop
  endfacet
  facet normal 0.300739 -0.953707 0
    outer loop
      vertex 7.11752 -26.563 0
      vertex 9.40555 -25.8415 9
      vertex 7.11752 -26.563 9
    endloop
  endfacet
  facet normal 0.300739 -0.953707 0
    outer loop
      vertex 9.40555 -25.8415 9
      vertex 7.11752 -26.563 0
      vertex 9.40555 -25.8415 0
    endloop
  endfacet
  facet normal 0.216418 -0.976301 0
    outer loop
      vertex 4.77531 -27.0822 0
      vertex 7.11752 -26.563 9
      vertex 4.77531 -27.0822 9
    endloop
  endfacet
  facet normal 0.216418 -0.976301 0
    outer loop
      vertex 7.11752 -26.563 9
      vertex 4.77531 -27.0822 0
      vertex 7.11752 -26.563 0
    endloop
  endfacet
  facet normal 0.13051 -0.991447 0
    outer loop
      vertex 2.39677 -27.3953 0
      vertex 4.77531 -27.0822 9
      vertex 2.39677 -27.3953 9
    endloop
  endfacet
  facet normal 0.13051 -0.991447 0
    outer loop
      vertex 4.77531 -27.0822 9
      vertex 2.39677 -27.3953 0
      vertex 4.77531 -27.0822 0
    endloop
  endfacet
  facet normal 0.0436422 -0.999047 0
    outer loop
      vertex 0 -27.5 0
      vertex 2.39677 -27.3953 9
      vertex 0 -27.5 9
    endloop
  endfacet
  facet normal 0.0436422 -0.999047 0
    outer loop
      vertex 2.39677 -27.3953 9
      vertex 0 -27.5 0
      vertex 2.39677 -27.3953 0
    endloop
  endfacet
  facet normal -0.0436422 -0.999047 0
    outer loop
      vertex -2.39677 -27.3953 0
      vertex 0 -27.5 9
      vertex -2.39677 -27.3953 9
    endloop
  endfacet
  facet normal -0.0436422 -0.999047 -0
    outer loop
      vertex 0 -27.5 9
      vertex -2.39677 -27.3953 0
      vertex 0 -27.5 0
    endloop
  endfacet
endsolid OpenSCAD_Model
