solid OpenSCAD_Model
  facet normal 0.758839 0.0331399 0.650435
    outer loop
      vertex 4.78173 0.418347 0
      vertex 3.26553 0 1.79021
      vertex 4.8 0 0
    endloop
  endfacet
  facet normal -0.35076 0.673727 0.65043
    outer loop
      vertex -2.02857 4.35028 0
      vertex -2.17716 4.27292 0
      vertex -1.83265 3.59679 0.886132
    endloop
  endfacet
  facet normal -0.0991328 0.753065 0.650435
    outer loop
      vertex -0.83351 4.72708 0
      vertex -0.545421 3.4437 1.52979
      vertex -0.737026 4.65341 0.0999994
    endloop
  endfacet
  facet normal -0.0990731 0.753101 0.650403
    outer loop
      vertex -0.83351 4.72708 0
      vertex -0.737026 4.65341 0.0999994
      vertex -0.750426 4.73801 0
    endloop
  endfacet
  facet normal -0.0991695 0.753059 0.650436
    outer loop
      vertex -0.545421 3.4437 1.52979
      vertex -0.83351 4.72708 0
      vertex -0.567053 3.21592 1.79021
    endloop
  endfacet
  facet normal 0.640618 0.408095 0.650436
    outer loop
      vertex 4.15692 2.4 0
      vertex 2.67497 1.87303 1.79021
      vertex 2.82803 1.63276 1.79021
    endloop
  endfacet
  facet normal -0.640612 -0.408107 0.650435
    outer loop
      vertex -2.67497 -1.87303 1.79021
      vertex -4.15692 -2.4 0
      vertex -3.93193 -2.75317 0
    endloop
  endfacet
  facet normal -0.350742 0.673693 0.650475
    outer loop
      vertex -1.38007 2.95958 1.79021
      vertex -1.51653 2.97638 1.69923
      vertex -1.48116 2.90695 1.79021
    endloop
  endfacet
  facet normal -0.350656 0.673835 0.650374
    outer loop
      vertex -1.38007 2.95958 1.79021
      vertex -1.52599 2.99494 1.6749
      vertex -1.51653 2.97638 1.69923
    endloop
  endfacet
  facet normal -0.35073 0.673737 0.650436
    outer loop
      vertex -1.38007 2.95958 1.79021
      vertex -1.83265 3.59679 0.886132
      vertex -1.52599 2.99494 1.6749
    endloop
  endfacet
  facet normal -0.350719 0.673743 0.650435
    outer loop
      vertex -1.83265 3.59679 0.886132
      vertex -1.38007 2.95958 1.79021
      vertex -2.02857 4.35028 0
    endloop
  endfacet
  facet normal -0.099106 0.753046 0.650461
    outer loop
      vertex -0.522593 3.29958 1.70013
      vertex -0.567053 3.21592 1.79021
      vertex -0.510521 3.22336 1.79021
    endloop
  endfacet
  facet normal -0.0991847 0.753059 0.650434
    outer loop
      vertex -0.567053 3.21592 1.79021
      vertex -0.522593 3.29958 1.70013
      vertex -0.545421 3.4437 1.52979
    endloop
  endfacet
  facet normal -0.753066 0.0991261 0.650435
    outer loop
      vertex -4.64063 0.735001 0.115106
      vertex -4.78173 0.418347 0
      vertex -3.4437 0.54542 1.52979
    endloop
  endfacet
  facet normal -0.75309 0.0991484 0.650403
    outer loop
      vertex -4.78173 0.418347 0
      vertex -4.64063 0.735001 0.115106
      vertex -4.73801 0.750426 0
    endloop
  endfacet
  facet normal -0.758839 0.0331399 0.650435
    outer loop
      vertex -4.78173 0.418347 0
      vertex -4.8 0 0
      vertex -3.26553 0 1.79021
    endloop
  endfacet
  facet normal -0.35076 -0.673727 0.65043
    outer loop
      vertex -1.83265 -3.59679 0.886132
      vertex -2.17716 -4.27292 0
      vertex -2.02857 -4.35028 0
    endloop
  endfacet
  facet normal 0.758839 -0.0331399 0.650435
    outer loop
      vertex 4.8 0 0
      vertex 3.26553 0 1.79021
      vertex 4.78173 -0.418347 0
    endloop
  endfacet
  facet normal 0.290661 0.701748 0.650435
    outer loop
      vertex 1.6417 4.51052 0
      vertex 1.11688 3.06859 1.79021
      vertex 2.02857 4.35028 0
    endloop
  endfacet
  facet normal 0.164411 0.741555 0.650434
    outer loop
      vertex 1.24233 4.63644 0
      vertex 0.83351 4.72708 0
      vertex 0.845181 3.15426 1.79021
    endloop
  endfacet
  facet normal 0.673736 -0.350734 0.650435
    outer loop
      vertex 2.90695 -1.48116 1.79021
      vertex 2.82803 -1.63276 1.79021
      vertex 3.59678 -1.83265 0.886134
    endloop
  endfacet
  facet normal -0.602595 -0.462399 0.650435
    outer loop
      vertex -2.50154 -2.09904 1.79021
      vertex -3.93193 -2.75317 0
      vertex -3.67701 -3.08538 0
    endloop
  endfacet
  facet normal -0.560008 0.513154 0.650434
    outer loop
      vertex -3.39411 3.39411 0
      vertex -3.67701 3.08538 0
      vertex -2.30908 2.30908 1.79021
    endloop
  endfacet
  facet normal -0.228413 0.724404 0.650435
    outer loop
      vertex -0.845181 3.15426 1.79021
      vertex -1.6417 4.51052 0
      vertex -1.11688 3.06859 1.79021
    endloop
  endfacet
  facet normal 0.1644 0.741557 0.650436
    outer loop
      vertex 0.83351 4.72708 0
      vertex 0.567053 3.21592 1.79021
      vertex 0.845181 3.15426 1.79021
    endloop
  endfacet
  facet normal 0.560016 0.513143 0.650435
    outer loop
      vertex 3.67701 3.08538 0
      vertex 2.30908 2.30908 1.79021
      vertex 2.50154 2.09904 1.79021
    endloop
  endfacet
  facet normal -0.602593 0.462403 0.650435
    outer loop
      vertex -2.50154 2.09904 1.79021
      vertex -3.93193 2.75317 0
      vertex -2.67497 1.87303 1.79021
    endloop
  endfacet
  facet normal -0.560008 -0.513154 0.650434
    outer loop
      vertex -2.30908 -2.30908 1.79021
      vertex -3.67701 -3.08538 0
      vertex -3.39411 -3.39411 0
    endloop
  endfacet
  facet normal -0.228403 0.724408 0.650434
    outer loop
      vertex -1.24233 4.63644 0
      vertex -1.6417 4.51052 0
      vertex -0.845181 3.15426 1.79021
    endloop
  endfacet
  facet normal -0.758839 -0.0331399 0.650435
    outer loop
      vertex -3.26553 0 1.79021
      vertex -4.8 0 0
      vertex -4.78173 -0.418347 0
    endloop
  endfacet
  facet normal -0.228402 -0.72441 0.650432
    outer loop
      vertex -1.45588 -4 0.633836
      vertex -1.6417 -4.51052 0
      vertex -1.34187 -4 0.673871
    endloop
  endfacet
  facet normal -0.560016 -0.513143 0.650435
    outer loop
      vertex -2.50154 -2.09904 1.79021
      vertex -3.67701 -3.08538 0
      vertex -2.30908 -2.30908 1.79021
    endloop
  endfacet
  facet normal 0.0991695 0.753059 0.650436
    outer loop
      vertex 0.83351 4.72708 0
      vertex 0.545421 3.4437 1.52979
      vertex 0.567053 3.21592 1.79021
    endloop
  endfacet
  facet normal 0.0991328 0.753065 0.650435
    outer loop
      vertex 0.545421 3.4437 1.52979
      vertex 0.83351 4.72708 0
      vertex 0.737026 4.65341 0.0999994
    endloop
  endfacet
  facet normal 0.0990731 0.753101 0.650403
    outer loop
      vertex 0.737026 4.65341 0.0999994
      vertex 0.83351 4.72708 0
      vertex 0.750426 4.73801 0
    endloop
  endfacet
  facet normal 0.640612 0.408107 0.650435
    outer loop
      vertex 3.93193 2.75317 0
      vertex 2.67497 1.87303 1.79021
      vertex 4.15692 2.4 0
    endloop
  endfacet
  facet normal -0.753066 -0.0991261 0.650435
    outer loop
      vertex -4.78173 -0.418347 0
      vertex -4.64063 -0.735001 0.115106
      vertex -3.4437 -0.54542 1.52979
    endloop
  endfacet
  facet normal -0.75309 -0.0991484 0.650403
    outer loop
      vertex -4.64063 -0.735001 0.115106
      vertex -4.78173 -0.418347 0
      vertex -4.73801 -0.750426 0
    endloop
  endfacet
  facet normal 0.673738 -0.350728 0.650436
    outer loop
      vertex 4.15692 -2.4 0
      vertex 3.59678 -1.83265 0.886134
      vertex 2.82803 -1.63276 1.79021
    endloop
  endfacet
  facet normal 0.673737 -0.350729 0.650436
    outer loop
      vertex 3.59678 -1.83265 0.886134
      vertex 4.15692 -2.4 0
      vertex 4.03451 -2.05568 0.31246
    endloop
  endfacet
  facet normal 0.673745 -0.350723 0.650432
    outer loop
      vertex 4.03451 -2.05568 0.31246
      vertex 4.15692 -2.4 0
      vertex 4.18387 -2.13179 0.116707
    endloop
  endfacet
  facet normal 0.673749 -0.350722 0.650428
    outer loop
      vertex 4.18387 -2.13179 0.116707
      vertex 4.15692 -2.4 0
      vertex 4.27292 -2.17716 0
    endloop
  endfacet
  facet normal 0.640612 -0.408107 0.650435
    outer loop
      vertex 4.15692 -2.4 0
      vertex 2.67497 -1.87303 1.79021
      vertex 3.93193 -2.75317 0
    endloop
  endfacet
  facet normal 0.228403 0.724408 0.650434
    outer loop
      vertex 1.24233 4.63644 0
      vertex 0.845181 3.15426 1.79021
      vertex 1.6417 4.51052 0
    endloop
  endfacet
  facet normal -0.164411 0.741555 0.650434
    outer loop
      vertex -0.83351 4.72708 0
      vertex -1.24233 4.63644 0
      vertex -0.845181 3.15426 1.79021
    endloop
  endfacet
  facet normal -0.602595 0.462399 0.650435
    outer loop
      vertex -3.67701 3.08538 0
      vertex -3.93193 2.75317 0
      vertex -2.50154 2.09904 1.79021
    endloop
  endfacet
  facet normal -0.350742 -0.673693 0.650475
    outer loop
      vertex -1.51653 -2.97638 1.69923
      vertex -1.38007 -2.95958 1.79021
      vertex -1.48116 -2.90695 1.79021
    endloop
  endfacet
  facet normal -0.350656 -0.673835 0.650374
    outer loop
      vertex -1.52599 -2.99494 1.6749
      vertex -1.38007 -2.95958 1.79021
      vertex -1.51653 -2.97638 1.69923
    endloop
  endfacet
  facet normal -0.35073 -0.673737 0.650436
    outer loop
      vertex -1.83265 -3.59679 0.886132
      vertex -1.38007 -2.95958 1.79021
      vertex -1.52599 -2.99494 1.6749
    endloop
  endfacet
  facet normal -0.350719 -0.673743 0.650435
    outer loop
      vertex -1.38007 -2.95958 1.79021
      vertex -1.83265 -3.59679 0.886132
      vertex -2.02857 -4.35028 0
    endloop
  endfacet
  facet normal -0.290656 0.70175 0.650435
    outer loop
      vertex -1.11688 3.06859 1.79021
      vertex -2.02857 4.35028 0
      vertex -1.38007 2.95958 1.79021
    endloop
  endfacet
  facet normal -0.673736 -0.350734 0.650435
    outer loop
      vertex -2.90695 -1.48116 1.79021
      vertex -3.59678 -1.83265 0.886134
      vertex -2.82803 -1.63276 1.79021
    endloop
  endfacet
  facet normal 0.290667 -0.701747 0.650433
    outer loop
      vertex 1.6417 -4.51052 0
      vertex 1.77941 -4 0.489256
      vertex 1.45588 -4 0.633836
    endloop
  endfacet
  facet normal 0.290661 -0.701748 0.650435
    outer loop
      vertex 1.77941 -4 0.489256
      vertex 1.6417 -4.51052 0
      vertex 2.02857 -4.35028 0
    endloop
  endfacet
  facet normal -0.640612 0.408107 0.650435
    outer loop
      vertex -3.93193 2.75317 0
      vertex -4.15692 2.4 0
      vertex -2.67497 1.87303 1.79021
    endloop
  endfacet
  facet normal 0.753059 0.0991331 0.650442
    outer loop
      vertex 3.2531 0.284609 1.79021
      vertex 3.4437 0.54542 1.52979
      vertex 3.30797 0.523922 1.69021
    endloop
  endfacet
  facet normal 0.753056 0.0991354 0.650446
    outer loop
      vertex 3.2531 0.284609 1.79021
      vertex 3.30797 0.523922 1.69021
      vertex 3.22336 0.510521 1.79021
    endloop
  endfacet
  facet normal 0.753066 0.0991214 0.650435
    outer loop
      vertex 3.4437 0.54542 1.52979
      vertex 3.2531 0.284609 1.79021
      vertex 4.78173 0.418347 0
    endloop
  endfacet
  facet normal 0.228413 0.724404 0.650435
    outer loop
      vertex 1.6417 4.51052 0
      vertex 0.845181 3.15426 1.79021
      vertex 1.11688 3.06859 1.79021
    endloop
  endfacet
  facet normal 0.602595 -0.462399 0.650435
    outer loop
      vertex 3.93193 -2.75317 0
      vertex 2.50154 -2.09904 1.79021
      vertex 3.67701 -3.08538 0
    endloop
  endfacet
  facet normal -0.640618 -0.408095 0.650436
    outer loop
      vertex -2.82803 -1.63276 1.79021
      vertex -4.15692 -2.4 0
      vertex -2.67497 -1.87303 1.79021
    endloop
  endfacet
  facet normal -0.753066 -0.0991214 0.650435
    outer loop
      vertex -3.4437 -0.54542 1.52979
      vertex -3.2531 -0.284609 1.79021
      vertex -4.78173 -0.418347 0
    endloop
  endfacet
  facet normal -0.753056 -0.0991354 0.650446
    outer loop
      vertex -3.2531 -0.284609 1.79021
      vertex -3.30797 -0.523922 1.69021
      vertex -3.22336 -0.510521 1.79021
    endloop
  endfacet
  facet normal -0.753059 -0.0991331 0.650442
    outer loop
      vertex -3.2531 -0.284609 1.79021
      vertex -3.4437 -0.54542 1.52979
      vertex -3.30797 -0.523922 1.69021
    endloop
  endfacet
  facet normal 0.753066 -0.0991261 0.650435
    outer loop
      vertex 4.64063 -0.735001 0.115106
      vertex 4.78173 -0.418347 0
      vertex 3.4437 -0.54542 1.52979
    endloop
  endfacet
  facet normal 0.75309 -0.0991484 0.650403
    outer loop
      vertex 4.78173 -0.418347 0
      vertex 4.64063 -0.735001 0.115106
      vertex 4.73801 -0.750426 0
    endloop
  endfacet
  facet normal 0.35076 0.673727 0.65043
    outer loop
      vertex 2.02857 4.35028 0
      vertex 1.83265 3.59679 0.886132
      vertex 2.17716 4.27292 0
    endloop
  endfacet
  facet normal -0.560016 0.513143 0.650435
    outer loop
      vertex -2.30908 2.30908 1.79021
      vertex -3.67701 3.08538 0
      vertex -2.50154 2.09904 1.79021
    endloop
  endfacet
  facet normal 0.0991412 -0.753064 0.650435
    outer loop
      vertex 0.737026 -4.65341 0.0999994
      vertex 0.705307 -4 0.861342
      vertex 0.633533 -4 0.872282
    endloop
  endfacet
  facet normal 0.0990731 -0.753101 0.650403
    outer loop
      vertex 0.83351 -4.72708 0
      vertex 0.737026 -4.65341 0.0999994
      vertex 0.750426 -4.73801 0
    endloop
  endfacet
  facet normal 0.0991346 -0.753064 0.650436
    outer loop
      vertex 0.737026 -4.65341 0.0999994
      vertex 0.83351 -4.72708 0
      vertex 0.705307 -4 0.861342
    endloop
  endfacet
  facet normal -0.673737 -0.350729 0.650436
    outer loop
      vertex -4.15692 -2.4 0
      vertex -3.59678 -1.83265 0.886134
      vertex -4.03451 -2.05568 0.31246
    endloop
  endfacet
  facet normal -0.673745 -0.350723 0.650432
    outer loop
      vertex -4.15692 -2.4 0
      vertex -4.03451 -2.05568 0.31246
      vertex -4.18387 -2.13179 0.116707
    endloop
  endfacet
  facet normal -0.673749 -0.350722 0.650428
    outer loop
      vertex -4.15692 -2.4 0
      vertex -4.18387 -2.13179 0.116707
      vertex -4.27292 -2.17716 0
    endloop
  endfacet
  facet normal -0.673738 -0.350728 0.650436
    outer loop
      vertex -3.59678 -1.83265 0.886134
      vertex -4.15692 -2.4 0
      vertex -2.82803 -1.63276 1.79021
    endloop
  endfacet
  facet normal -0.290661 0.701748 0.650435
    outer loop
      vertex -1.6417 4.51052 0
      vertex -2.02857 4.35028 0
      vertex -1.11688 3.06859 1.79021
    endloop
  endfacet
  facet normal -0.758838 0.0331415 0.650435
    outer loop
      vertex -3.2531 0.284609 1.79021
      vertex -4.78173 0.418347 0
      vertex -3.26553 0 1.79021
    endloop
  endfacet
  facet normal 0.560016 -0.513143 0.650435
    outer loop
      vertex 2.50154 -2.09904 1.79021
      vertex 2.30908 -2.30908 1.79021
      vertex 3.67701 -3.08538 0
    endloop
  endfacet
  facet normal 0.560008 -0.513154 0.650434
    outer loop
      vertex 3.67701 -3.08538 0
      vertex 2.30908 -2.30908 1.79021
      vertex 3.39411 -3.39411 0
    endloop
  endfacet
  facet normal -0.602593 -0.462403 0.650435
    outer loop
      vertex -2.67497 -1.87303 1.79021
      vertex -3.93193 -2.75317 0
      vertex -2.50154 -2.09904 1.79021
    endloop
  endfacet
  facet normal 0.673736 0.350734 0.650435
    outer loop
      vertex 3.59678 1.83265 0.886134
      vertex 2.82803 1.63276 1.79021
      vertex 2.90695 1.48116 1.79021
    endloop
  endfacet
  facet normal 0.602593 -0.462403 0.650435
    outer loop
      vertex 2.67497 -1.87303 1.79021
      vertex 2.50154 -2.09904 1.79021
      vertex 3.93193 -2.75317 0
    endloop
  endfacet
  facet normal 0.35076 -0.673727 0.65043
    outer loop
      vertex 2.17716 -4.27292 0
      vertex 1.83265 -3.59679 0.886132
      vertex 2.02857 -4.35028 0
    endloop
  endfacet
  facet normal 0.560008 0.513154 0.650434
    outer loop
      vertex 3.39411 3.39411 0
      vertex 2.30908 2.30908 1.79021
      vertex 3.67701 3.08538 0
    endloop
  endfacet
  facet normal 0.290656 0.70175 0.650435
    outer loop
      vertex 2.02857 4.35028 0
      vertex 1.11688 3.06859 1.79021
      vertex 1.38007 2.95958 1.79021
    endloop
  endfacet
  facet normal -0.0991412 -0.753064 0.650435
    outer loop
      vertex -0.705307 -4 0.861342
      vertex -0.737026 -4.65341 0.0999994
      vertex -0.633533 -4 0.872282
    endloop
  endfacet
  facet normal -0.0991346 -0.753064 0.650436
    outer loop
      vertex -0.83351 -4.72708 0
      vertex -0.737026 -4.65341 0.0999994
      vertex -0.705307 -4 0.861342
    endloop
  endfacet
  facet normal -0.0990731 -0.753101 0.650403
    outer loop
      vertex -0.737026 -4.65341 0.0999994
      vertex -0.83351 -4.72708 0
      vertex -0.750426 -4.73801 0
    endloop
  endfacet
  facet normal 0.228409 -0.724409 0.650432
    outer loop
      vertex 1.24233 -4.63644 0
      vertex 1.34187 -4 0.673871
      vertex 1.0718 -4 0.76871
    endloop
  endfacet
  facet normal 0.228404 -0.724409 0.650433
    outer loop
      vertex 1.34187 -4 0.673871
      vertex 1.24233 -4.63644 0
      vertex 1.6417 -4.51052 0
    endloop
  endfacet
  facet normal -0.753066 0.0991214 0.650435
    outer loop
      vertex -3.2531 0.284609 1.79021
      vertex -3.4437 0.54542 1.52979
      vertex -4.78173 0.418347 0
    endloop
  endfacet
  facet normal -0.753059 0.0991331 0.650442
    outer loop
      vertex -3.4437 0.54542 1.52979
      vertex -3.2531 0.284609 1.79021
      vertex -3.30797 0.523922 1.69021
    endloop
  endfacet
  facet normal -0.753056 0.0991354 0.650446
    outer loop
      vertex -3.30797 0.523922 1.69021
      vertex -3.2531 0.284609 1.79021
      vertex -3.22336 0.510521 1.79021
    endloop
  endfacet
  facet normal 0.75309 0.0991484 0.650403
    outer loop
      vertex 4.64063 0.735001 0.115106
      vertex 4.78173 0.418347 0
      vertex 4.73801 0.750426 0
    endloop
  endfacet
  facet normal 0.753066 0.0991261 0.650435
    outer loop
      vertex 4.78173 0.418347 0
      vertex 4.64063 0.735001 0.115106
      vertex 3.4437 0.54542 1.52979
    endloop
  endfacet
  facet normal -0.758838 -0.0331415 0.650435
    outer loop
      vertex -3.26553 0 1.79021
      vertex -4.78173 -0.418347 0
      vertex -3.2531 -0.284609 1.79021
    endloop
  endfacet
  facet normal 0.673749 0.350722 0.650428
    outer loop
      vertex 4.15692 2.4 0
      vertex 4.18387 2.13179 0.116707
      vertex 4.27292 2.17716 0
    endloop
  endfacet
  facet normal 0.673745 0.350723 0.650432
    outer loop
      vertex 4.15692 2.4 0
      vertex 4.03451 2.05568 0.31246
      vertex 4.18387 2.13179 0.116707
    endloop
  endfacet
  facet normal 0.673737 0.350729 0.650436
    outer loop
      vertex 4.15692 2.4 0
      vertex 3.59678 1.83265 0.886134
      vertex 4.03451 2.05568 0.31246
    endloop
  endfacet
  facet normal 0.673738 0.350728 0.650436
    outer loop
      vertex 3.59678 1.83265 0.886134
      vertex 4.15692 2.4 0
      vertex 2.82803 1.63276 1.79021
    endloop
  endfacet
  facet normal 0.099106 0.753046 0.650461
    outer loop
      vertex 0.567053 3.21592 1.79021
      vertex 0.522593 3.29958 1.70013
      vertex 0.510521 3.22336 1.79021
    endloop
  endfacet
  facet normal 0.0991847 0.753059 0.650434
    outer loop
      vertex 0.522593 3.29958 1.70013
      vertex 0.567053 3.21592 1.79021
      vertex 0.545421 3.4437 1.52979
    endloop
  endfacet
  facet normal 0.758838 0.0331415 0.650435
    outer loop
      vertex 4.78173 0.418347 0
      vertex 3.2531 0.284609 1.79021
      vertex 3.26553 0 1.79021
    endloop
  endfacet
  facet normal 0.164402 -0.741556 0.650436
    outer loop
      vertex 0.838906 -4 0.827574
      vertex 0.705307 -4 0.861342
      vertex 0.83351 -4.72708 0
    endloop
  endfacet
  facet normal -0.164402 -0.741556 0.650436
    outer loop
      vertex -0.705307 -4 0.861342
      vertex -0.838906 -4 0.827574
      vertex -0.83351 -4.72708 0
    endloop
  endfacet
  facet normal -0.1644 0.741557 0.650436
    outer loop
      vertex -0.83351 4.72708 0
      vertex -0.845181 3.15426 1.79021
      vertex -0.567053 3.21592 1.79021
    endloop
  endfacet
  facet normal 0.753056 -0.0991354 0.650446
    outer loop
      vertex 3.30797 -0.523922 1.69021
      vertex 3.2531 -0.284609 1.79021
      vertex 3.22336 -0.510521 1.79021
    endloop
  endfacet
  facet normal 0.753059 -0.0991331 0.650442
    outer loop
      vertex 3.4437 -0.54542 1.52979
      vertex 3.2531 -0.284609 1.79021
      vertex 3.30797 -0.523922 1.69021
    endloop
  endfacet
  facet normal 0.753066 -0.0991214 0.650435
    outer loop
      vertex 3.2531 -0.284609 1.79021
      vertex 3.4437 -0.54542 1.52979
      vertex 4.78173 -0.418347 0
    endloop
  endfacet
  facet normal 0.758838 -0.0331415 0.650435
    outer loop
      vertex 3.26553 0 1.79021
      vertex 3.2531 -0.284609 1.79021
      vertex 4.78173 -0.418347 0
    endloop
  endfacet
  facet normal -0.640618 0.408095 0.650436
    outer loop
      vertex -2.67497 1.87303 1.79021
      vertex -4.15692 2.4 0
      vertex -2.82803 1.63276 1.79021
    endloop
  endfacet
  facet normal 0.640618 -0.408095 0.650436
    outer loop
      vertex 2.82803 -1.63276 1.79021
      vertex 2.67497 -1.87303 1.79021
      vertex 4.15692 -2.4 0
    endloop
  endfacet
  facet normal -0.164412 -0.741557 0.650432
    outer loop
      vertex -0.83351 -4.72708 0
      vertex -1.0718 -4 0.76871
      vertex -1.24233 -4.63644 0
    endloop
  endfacet
  facet normal -0.164398 -0.741557 0.650436
    outer loop
      vertex -1.0718 -4 0.76871
      vertex -0.83351 -4.72708 0
      vertex -0.838906 -4 0.827574
    endloop
  endfacet
  facet normal 0 0 1
    outer loop
      vertex 0.881165 1.7294 1.79021
      vertex 1.38007 2.95958 1.79021
      vertex 1.11688 3.06859 1.79021
    endloop
  endfacet
  facet normal 0 0 1
    outer loop
      vertex 1.38007 2.95958 1.79021
      vertex 0.881165 1.7294 1.79021
      vertex 1.48116 2.90695 1.79021
    endloop
  endfacet
  facet normal 0 0 1
    outer loop
      vertex 0.303619 1.91705 1.79021
      vertex 1.11688 3.06859 1.79021
      vertex 0.845181 3.15426 1.79021
    endloop
  endfacet
  facet normal 0 0 1
    outer loop
      vertex 1.7294 0.881165 1.79021
      vertex 2.82803 1.63276 1.79021
      vertex 2.67497 1.87303 1.79021
    endloop
  endfacet
  facet normal 0 0 1
    outer loop
      vertex 1.37245 1.37245 1.79021
      vertex 2.67497 1.87303 1.79021
      vertex 2.50154 2.09904 1.79021
    endloop
  endfacet
  facet normal 0 0 1
    outer loop
      vertex 1.37245 1.37245 1.79021
      vertex 2.50154 2.09904 1.79021
      vertex 2.30908 2.30908 1.79021
    endloop
  endfacet
  facet normal 0 0 1
    outer loop
      vertex 2.82803 1.63276 1.79021
      vertex 1.7294 0.881165 1.79021
      vertex 2.90695 1.48116 1.79021
    endloop
  endfacet
  facet normal -0 0 1
    outer loop
      vertex 1.59391 -0.139449 1.79021
      vertex 1.91705 -0.303619 1.79021
      vertex 1.6 0 1.79021
    endloop
  endfacet
  facet normal 0 0 1
    outer loop
      vertex 1.91705 0.303619 1.79021
      vertex 1.59391 0.139449 1.79021
      vertex 1.6 0 1.79021
    endloop
  endfacet
  facet normal 0 0 1
    outer loop
      vertex 1.91705 0.303619 1.79021
      vertex 1.57569 0.277837 1.79021
      vertex 1.59391 0.139449 1.79021
    endloop
  endfacet
  facet normal 0 0 1
    outer loop
      vertex 1.91705 0.303619 1.79021
      vertex 1.54548 0.41411 1.79021
      vertex 1.57569 0.277837 1.79021
    endloop
  endfacet
  facet normal 0 0 1
    outer loop
      vertex 1.91705 0.303619 1.79021
      vertex 1.50351 0.547232 1.79021
      vertex 1.54548 0.41411 1.79021
    endloop
  endfacet
  facet normal 0 0 1
    outer loop
      vertex 2.67497 1.87303 1.79021
      vertex 1.37245 1.37245 1.79021
      vertex 1.7294 0.881165 1.79021
    endloop
  endfacet
  facet normal 0 0 1
    outer loop
      vertex 1.7294 0.881165 1.79021
      vertex 1.45009 0.676188 1.79021
      vertex 1.50351 0.547232 1.79021
    endloop
  endfacet
  facet normal -0 0 1
    outer loop
      vertex 1.31064 0.917722 1.79021
      vertex 1.7294 0.881165 1.79021
      vertex 1.37245 1.37245 1.79021
    endloop
  endfacet
  facet normal 0 0 1
    outer loop
      vertex 1.7294 0.881165 1.79021
      vertex 1.38564 0.799999 1.79021
      vertex 1.45009 0.676188 1.79021
    endloop
  endfacet
  facet normal 0 0 1
    outer loop
      vertex 1.7294 0.881165 1.79021
      vertex 1.31064 0.917722 1.79021
      vertex 1.38564 0.799999 1.79021
    endloop
  endfacet
  facet normal 0 0 1
    outer loop
      vertex 1.37245 1.37245 1.79021
      vertex 1.22567 1.02846 1.79021
      vertex 1.31064 0.917722 1.79021
    endloop
  endfacet
  facet normal 0 0 1
    outer loop
      vertex 1.37245 1.37245 1.79021
      vertex 1.13137 1.13137 1.79021
      vertex 1.22567 1.02846 1.79021
    endloop
  endfacet
  facet normal 0 0 1
    outer loop
      vertex 1.37245 1.37245 1.79021
      vertex 1.02846 1.22567 1.79021
      vertex 1.13137 1.13137 1.79021
    endloop
  endfacet
  facet normal 0 0 1
    outer loop
      vertex 1.37245 1.37245 1.79021
      vertex 0.917722 1.31064 1.79021
      vertex 1.02846 1.22567 1.79021
    endloop
  endfacet
  facet normal 0 0 1
    outer loop
      vertex 0.881165 1.7294 1.79021
      vertex 0.917722 1.31064 1.79021
      vertex 1.37245 1.37245 1.79021
    endloop
  endfacet
  facet normal 0 0 1
    outer loop
      vertex 0.881165 1.7294 1.79021
      vertex 0.799999 1.38564 1.79021
      vertex 0.917722 1.31064 1.79021
    endloop
  endfacet
  facet normal 0 0 1
    outer loop
      vertex 1.11688 3.06859 1.79021
      vertex 0.303619 1.91705 1.79021
      vertex 0.881165 1.7294 1.79021
    endloop
  endfacet
  facet normal 0 -0 1
    outer loop
      vertex 0.547232 1.50351 1.79021
      vertex 0.881165 1.7294 1.79021
      vertex 0.303619 1.91705 1.79021
    endloop
  endfacet
  facet normal 0 0 1
    outer loop
      vertex 0.303619 1.91705 1.79021
      vertex 0.845181 3.15426 1.79021
      vertex 0.567053 3.21592 1.79021
    endloop
  endfacet
  facet normal 0 0 1
    outer loop
      vertex 0.881165 1.7294 1.79021
      vertex 0.676188 1.45009 1.79021
      vertex 0.799999 1.38564 1.79021
    endloop
  endfacet
  facet normal 0 0 1
    outer loop
      vertex 0.303619 1.91705 1.79021
      vertex 0.567053 3.21592 1.79021
      vertex 0.510521 3.22336 1.79021
    endloop
  endfacet
  facet normal 0 0 1
    outer loop
      vertex 0.881165 1.7294 1.79021
      vertex 0.547232 1.50351 1.79021
      vertex 0.676188 1.45009 1.79021
    endloop
  endfacet
  facet normal 0 0 1
    outer loop
      vertex 0.547232 1.50351 1.79021
      vertex 0.303619 1.91705 1.79021
      vertex 0.41411 1.54548 1.79021
    endloop
  endfacet
  facet normal 0 0 1
    outer loop
      vertex 0.303619 1.91705 1.79021
      vertex 0.277837 1.57569 1.79021
      vertex 0.41411 1.54548 1.79021
    endloop
  endfacet
  facet normal 0 0 1
    outer loop
      vertex 0.303619 1.91705 1.79021
      vertex 0.139449 1.59391 1.79021
      vertex 0.277837 1.57569 1.79021
    endloop
  endfacet
  facet normal 0 0 1
    outer loop
      vertex 0.303619 1.91705 1.79021
      vertex 0 1.6 1.79021
      vertex 0.139449 1.59391 1.79021
    endloop
  endfacet
  facet normal -0 0 1
    outer loop
      vertex -0.303619 1.91705 1.79021
      vertex 0 1.6 1.79021
      vertex 0.303619 1.91705 1.79021
    endloop
  endfacet
  facet normal 0 0 1
    outer loop
      vertex 0 1.6 1.79021
      vertex -0.303619 1.91705 1.79021
      vertex -0.139449 1.59391 1.79021
    endloop
  endfacet
  facet normal 0 0 1
    outer loop
      vertex -0.139449 1.59391 1.79021
      vertex -0.303619 1.91705 1.79021
      vertex -0.277837 1.57569 1.79021
    endloop
  endfacet
  facet normal 0 0 1
    outer loop
      vertex -0.303619 1.91705 1.79021
      vertex -0.41411 1.54548 1.79021
      vertex -0.277837 1.57569 1.79021
    endloop
  endfacet
  facet normal -0 0 1
    outer loop
      vertex -0.567053 3.21592 1.79021
      vertex -0.303619 1.91705 1.79021
      vertex -0.510521 3.22336 1.79021
    endloop
  endfacet
  facet normal 0 -0 1
    outer loop
      vertex -0.547232 1.50351 1.79021
      vertex -0.303619 1.91705 1.79021
      vertex -0.881165 1.7294 1.79021
    endloop
  endfacet
  facet normal -0 0 1
    outer loop
      vertex -0.845181 3.15426 1.79021
      vertex -0.303619 1.91705 1.79021
      vertex -0.567053 3.21592 1.79021
    endloop
  endfacet
  facet normal 0 0 1
    outer loop
      vertex -0.303619 1.91705 1.79021
      vertex -0.547232 1.50351 1.79021
      vertex -0.41411 1.54548 1.79021
    endloop
  endfacet
  facet normal 0 0 1
    outer loop
      vertex -0.547232 1.50351 1.79021
      vertex -0.881165 1.7294 1.79021
      vertex -0.676188 1.45009 1.79021
    endloop
  endfacet
  facet normal -0 0 1
    outer loop
      vertex -1.11688 3.06859 1.79021
      vertex -0.303619 1.91705 1.79021
      vertex -0.845181 3.15426 1.79021
    endloop
  endfacet
  facet normal 0 0 1
    outer loop
      vertex -0.676188 1.45009 1.79021
      vertex -0.881165 1.7294 1.79021
      vertex -0.799999 1.38564 1.79021
    endloop
  endfacet
  facet normal 0 0 1
    outer loop
      vertex -0.881165 1.7294 1.79021
      vertex -0.917722 1.31064 1.79021
      vertex -0.799999 1.38564 1.79021
    endloop
  endfacet
  facet normal -0 0 1
    outer loop
      vertex -1.37245 1.37245 1.79021
      vertex -0.917722 1.31064 1.79021
      vertex -0.881165 1.7294 1.79021
    endloop
  endfacet
  facet normal 0 0 1
    outer loop
      vertex -0.917722 1.31064 1.79021
      vertex -1.37245 1.37245 1.79021
      vertex -1.02846 1.22567 1.79021
    endloop
  endfacet
  facet normal 0 0 1
    outer loop
      vertex -1.02846 1.22567 1.79021
      vertex -1.37245 1.37245 1.79021
      vertex -1.13137 1.13137 1.79021
    endloop
  endfacet
  facet normal 0 0 1
    outer loop
      vertex -1.13137 1.13137 1.79021
      vertex -1.37245 1.37245 1.79021
      vertex -1.22567 1.02846 1.79021
    endloop
  endfacet
  facet normal 0 0 1
    outer loop
      vertex -1.22567 1.02846 1.79021
      vertex -1.37245 1.37245 1.79021
      vertex -1.31064 0.917722 1.79021
    endloop
  endfacet
  facet normal 0 0 1
    outer loop
      vertex -1.7294 0.881165 1.79021
      vertex -1.31064 0.917722 1.79021
      vertex -1.37245 1.37245 1.79021
    endloop
  endfacet
  facet normal 0 0 1
    outer loop
      vertex -1.31064 0.917722 1.79021
      vertex -1.7294 0.881165 1.79021
      vertex -1.38564 0.799999 1.79021
    endloop
  endfacet
  facet normal 0 0 1
    outer loop
      vertex -1.38564 0.799999 1.79021
      vertex -1.7294 0.881165 1.79021
      vertex -1.45009 0.676188 1.79021
    endloop
  endfacet
  facet normal 0 0 1
    outer loop
      vertex -1.45009 0.676188 1.79021
      vertex -1.7294 0.881165 1.79021
      vertex -1.50351 0.547232 1.79021
    endloop
  endfacet
  facet normal 0 0 1
    outer loop
      vertex -1.91705 0.303619 1.79021
      vertex -1.50351 0.547232 1.79021
      vertex -1.7294 0.881165 1.79021
    endloop
  endfacet
  facet normal 0 0 1
    outer loop
      vertex -1.57569 0.277837 1.79021
      vertex -1.91705 0.303619 1.79021
      vertex -1.59391 0.139449 1.79021
    endloop
  endfacet
  facet normal 0 0 1
    outer loop
      vertex -1.54548 0.41411 1.79021
      vertex -1.91705 0.303619 1.79021
      vertex -1.57569 0.277837 1.79021
    endloop
  endfacet
  facet normal 0 0 1
    outer loop
      vertex -1.50351 0.547232 1.79021
      vertex -1.91705 0.303619 1.79021
      vertex -1.54548 0.41411 1.79021
    endloop
  endfacet
  facet normal -0 0 1
    outer loop
      vertex -2.50154 2.09904 1.79021
      vertex -1.37245 1.37245 1.79021
      vertex -2.30908 2.30908 1.79021
    endloop
  endfacet
  facet normal -0 0 1
    outer loop
      vertex -2.67497 1.87303 1.79021
      vertex -1.37245 1.37245 1.79021
      vertex -2.50154 2.09904 1.79021
    endloop
  endfacet
  facet normal 0 0 1
    outer loop
      vertex -1.37245 1.37245 1.79021
      vertex -2.67497 1.87303 1.79021
      vertex -1.7294 0.881165 1.79021
    endloop
  endfacet
  facet normal -0 0 1
    outer loop
      vertex -2.82803 1.63276 1.79021
      vertex -1.7294 0.881165 1.79021
      vertex -2.67497 1.87303 1.79021
    endloop
  endfacet
  facet normal 0 0 1
    outer loop
      vertex -1.7294 0.881165 1.79021
      vertex -2.82803 1.63276 1.79021
      vertex -2.90695 1.48116 1.79021
    endloop
  endfacet
  facet normal 0 0 1
    outer loop
      vertex 1.91705 0.303619 1.79021
      vertex 3.26553 0 1.79021
      vertex 3.2531 0.284609 1.79021
    endloop
  endfacet
  facet normal -0 0 1
    outer loop
      vertex 1.91705 0.303619 1.79021
      vertex 3.2531 0.284609 1.79021
      vertex 3.22336 0.510521 1.79021
    endloop
  endfacet
  facet normal 0 0 1
    outer loop
      vertex 1.91705 -0.303619 1.79021
      vertex 3.26553 0 1.79021
      vertex 1.91705 0.303619 1.79021
    endloop
  endfacet
  facet normal 0 0 1
    outer loop
      vertex 3.26553 0 1.79021
      vertex 1.91705 -0.303619 1.79021
      vertex 3.2531 -0.284609 1.79021
    endloop
  endfacet
  facet normal 0 0 1
    outer loop
      vertex 3.2531 -0.284609 1.79021
      vertex 1.91705 -0.303619 1.79021
      vertex 3.22336 -0.510521 1.79021
    endloop
  endfacet
  facet normal -0 0 1
    outer loop
      vertex 1.50351 0.547232 1.79021
      vertex 1.91705 0.303619 1.79021
      vertex 1.7294 0.881165 1.79021
    endloop
  endfacet
  facet normal 0 0 1
    outer loop
      vertex 1.91705 0.303619 1.79021
      vertex 1.6 0 1.79021
      vertex 1.91705 -0.303619 1.79021
    endloop
  endfacet
  facet normal 0 0 1
    outer loop
      vertex 1.7294 -0.881165 1.79021
      vertex 2.82803 -1.63276 1.79021
      vertex 2.90695 -1.48116 1.79021
    endloop
  endfacet
  facet normal 0 0 1
    outer loop
      vertex 2.82803 -1.63276 1.79021
      vertex 1.7294 -0.881165 1.79021
      vertex 2.67497 -1.87303 1.79021
    endloop
  endfacet
  facet normal -0 0 1
    outer loop
      vertex 1.37245 -1.37245 1.79021
      vertex 2.67497 -1.87303 1.79021
      vertex 1.7294 -0.881165 1.79021
    endloop
  endfacet
  facet normal 0 0 1
    outer loop
      vertex 2.67497 -1.87303 1.79021
      vertex 1.37245 -1.37245 1.79021
      vertex 2.50154 -2.09904 1.79021
    endloop
  endfacet
  facet normal -0 0 1
    outer loop
      vertex 1.57569 -0.277837 1.79021
      vertex 1.91705 -0.303619 1.79021
      vertex 1.59391 -0.139449 1.79021
    endloop
  endfacet
  facet normal 0 0 1
    outer loop
      vertex 1.54548 -0.41411 1.79021
      vertex 1.91705 -0.303619 1.79021
      vertex 1.57569 -0.277837 1.79021
    endloop
  endfacet
  facet normal 0 0 1
    outer loop
      vertex 1.50351 -0.547232 1.79021
      vertex 1.91705 -0.303619 1.79021
      vertex 1.54548 -0.41411 1.79021
    endloop
  endfacet
  facet normal 0 0 1
    outer loop
      vertex 1.91705 -0.303619 1.79021
      vertex 1.50351 -0.547232 1.79021
      vertex 1.7294 -0.881165 1.79021
    endloop
  endfacet
  facet normal -0 0 1
    outer loop
      vertex 1.45009 -0.676188 1.79021
      vertex 1.7294 -0.881165 1.79021
      vertex 1.50351 -0.547232 1.79021
    endloop
  endfacet
  facet normal -0 0 1
    outer loop
      vertex 1.38564 -0.799999 1.79021
      vertex 1.7294 -0.881165 1.79021
      vertex 1.45009 -0.676188 1.79021
    endloop
  endfacet
  facet normal 0 0 1
    outer loop
      vertex 1.31064 -0.917722 1.79021
      vertex 1.7294 -0.881165 1.79021
      vertex 1.38564 -0.799999 1.79021
    endloop
  endfacet
  facet normal 0 0 1
    outer loop
      vertex 2.50154 -2.09904 1.79021
      vertex 1.37245 -1.37245 1.79021
      vertex 2.30908 -2.30908 1.79021
    endloop
  endfacet
  facet normal 0 0 1
    outer loop
      vertex 1.7294 -0.881165 1.79021
      vertex 1.31064 -0.917722 1.79021
      vertex 1.37245 -1.37245 1.79021
    endloop
  endfacet
  facet normal -0 0 1
    outer loop
      vertex 1.22567 -1.02846 1.79021
      vertex 1.37245 -1.37245 1.79021
      vertex 1.31064 -0.917722 1.79021
    endloop
  endfacet
  facet normal -0 0 1
    outer loop
      vertex 1.13137 -1.13137 1.79021
      vertex 1.37245 -1.37245 1.79021
      vertex 1.22567 -1.02846 1.79021
    endloop
  endfacet
  facet normal -0 0 1
    outer loop
      vertex 1.02846 -1.22567 1.79021
      vertex 1.37245 -1.37245 1.79021
      vertex 1.13137 -1.13137 1.79021
    endloop
  endfacet
  facet normal -0 0 1
    outer loop
      vertex 0.917722 -1.31064 1.79021
      vertex 1.37245 -1.37245 1.79021
      vertex 1.02846 -1.22567 1.79021
    endloop
  endfacet
  facet normal 0 0 1
    outer loop
      vertex 0.917722 -1.31064 1.79021
      vertex 0.881165 -1.7294 1.79021
      vertex 1.37245 -1.37245 1.79021
    endloop
  endfacet
  facet normal 0 -0 1
    outer loop
      vertex 0.881165 -1.7294 1.79021
      vertex 0.917722 -1.31064 1.79021
      vertex 0.799999 -1.38564 1.79021
    endloop
  endfacet
  facet normal 0 0 1
    outer loop
      vertex 1.3331 -2.82128 1.79021
      vertex 1.38007 -2.95958 1.79021
      vertex 1.48116 -2.90695 1.79021
    endloop
  endfacet
  facet normal -0 0 1
    outer loop
      vertex 1.3331 -2.82128 1.79021
      vertex 1.48116 -2.90695 1.79021
      vertex 1.3331 -2.72128 1.79021
    endloop
  endfacet
  facet normal 0 0 1
    outer loop
      vertex 0.881165 -1.7294 1.79021
      vertex 1.3331 -2.72128 1.79021
      vertex 1.48116 -2.90695 1.79021
    endloop
  endfacet
  facet normal -0 0 1
    outer loop
      vertex 0.676188 -1.45009 1.79021
      vertex 0.881165 -1.7294 1.79021
      vertex 0.799999 -1.38564 1.79021
    endloop
  endfacet
  facet normal -0 0 1
    outer loop
      vertex 0.547232 -1.50351 1.79021
      vertex 0.881165 -1.7294 1.79021
      vertex 0.676188 -1.45009 1.79021
    endloop
  endfacet
  facet normal 0 0 1
    outer loop
      vertex 0.881165 -1.7294 1.79021
      vertex 0.547232 -1.50351 1.79021
      vertex 0.303619 -1.91705 1.79021
    endloop
  endfacet
  facet normal 0 -0 1
    outer loop
      vertex 0.430998 -2.72128 1.79021
      vertex 0.881165 -1.7294 1.79021
      vertex 0.303619 -1.91705 1.79021
    endloop
  endfacet
  facet normal 0 0 1
    outer loop
      vertex 0.303619 -1.91705 1.79021
      vertex 0.547232 -1.50351 1.79021
      vertex 0.41411 -1.54548 1.79021
    endloop
  endfacet
  facet normal 0 0 1
    outer loop
      vertex 0.881165 -1.7294 1.79021
      vertex 0.430998 -2.72128 1.79021
      vertex 1.3331 -2.72128 1.79021
    endloop
  endfacet
  facet normal -0 0 1
    outer loop
      vertex 0.277837 -1.57569 1.79021
      vertex 0.303619 -1.91705 1.79021
      vertex 0.41411 -1.54548 1.79021
    endloop
  endfacet
  facet normal -0 0 1
    outer loop
      vertex 0.139449 -1.59391 1.79021
      vertex 0.303619 -1.91705 1.79021
      vertex 0.277837 -1.57569 1.79021
    endloop
  endfacet
  facet normal -0 0 1
    outer loop
      vertex 0 -1.6 1.79021
      vertex 0.303619 -1.91705 1.79021
      vertex 0.139449 -1.59391 1.79021
    endloop
  endfacet
  facet normal 0 0 1
    outer loop
      vertex -0.303619 -1.91705 1.79021
      vertex 0 -1.6 1.79021
      vertex -0.139449 -1.59391 1.79021
    endloop
  endfacet
  facet normal 0 0 1
    outer loop
      vertex -0.303619 -1.91705 1.79021
      vertex -0.139449 -1.59391 1.79021
      vertex -0.277837 -1.57569 1.79021
    endloop
  endfacet
  facet normal 0 0 1
    outer loop
      vertex 0 -1.6 1.79021
      vertex -0.303619 -1.91705 1.79021
      vertex 0.303619 -1.91705 1.79021
    endloop
  endfacet
  facet normal 0 0 1
    outer loop
      vertex -0.41411 -1.54548 1.79021
      vertex -0.303619 -1.91705 1.79021
      vertex -0.277837 -1.57569 1.79021
    endloop
  endfacet
  facet normal 0 0 1
    outer loop
      vertex -0.547232 -1.50351 1.79021
      vertex -0.303619 -1.91705 1.79021
      vertex -0.41411 -1.54548 1.79021
    endloop
  endfacet
  facet normal 0 0 1
    outer loop
      vertex -0.303619 -1.91705 1.79021
      vertex -0.547232 -1.50351 1.79021
      vertex -0.881165 -1.7294 1.79021
    endloop
  endfacet
  facet normal 0 0 1
    outer loop
      vertex -0.881165 -1.7294 1.79021
      vertex -0.547232 -1.50351 1.79021
      vertex -0.676188 -1.45009 1.79021
    endloop
  endfacet
  facet normal 0 0 1
    outer loop
      vertex -0.881165 -1.7294 1.79021
      vertex -0.676188 -1.45009 1.79021
      vertex -0.799999 -1.38564 1.79021
    endloop
  endfacet
  facet normal 0 0 1
    outer loop
      vertex -0.303619 -1.91705 1.79021
      vertex -0.881165 -1.7294 1.79021
      vertex -0.430998 -2.72128 1.79021
    endloop
  endfacet
  facet normal 0 0 1
    outer loop
      vertex -0.881165 -1.7294 1.79021
      vertex -1.3331 -2.72128 1.79021
      vertex -0.430998 -2.72128 1.79021
    endloop
  endfacet
  facet normal 0 0 1
    outer loop
      vertex -1.48116 -2.90695 1.79021
      vertex -1.3331 -2.82128 1.79021
      vertex -1.3331 -2.72128 1.79021
    endloop
  endfacet
  facet normal 0 0 1
    outer loop
      vertex -1.3331 -2.82128 1.79021
      vertex -1.38007 -2.95958 1.79021
      vertex -1.3331 -2.97903 1.79021
    endloop
  endfacet
  facet normal 0 0 1
    outer loop
      vertex -1.3331 -2.82128 1.79021
      vertex -1.48116 -2.90695 1.79021
      vertex -1.38007 -2.95958 1.79021
    endloop
  endfacet
  facet normal 0 0 1
    outer loop
      vertex -1.48116 -2.90695 1.79021
      vertex -1.3331 -2.72128 1.79021
      vertex -0.881165 -1.7294 1.79021
    endloop
  endfacet
  facet normal 0 0 1
    outer loop
      vertex 1.38007 -2.95958 1.79021
      vertex 1.3331 -2.82128 1.79021
      vertex 1.3331 -2.97903 1.79021
    endloop
  endfacet
  facet normal 0 0 1
    outer loop
      vertex -1.59391 -0.139449 1.79021
      vertex -1.91705 -0.303619 1.79021
      vertex -1.57569 -0.277837 1.79021
    endloop
  endfacet
  facet normal 0 0 1
    outer loop
      vertex -1.57569 -0.277837 1.79021
      vertex -1.91705 -0.303619 1.79021
      vertex -1.7294 -0.881165 1.79021
    endloop
  endfacet
  facet normal 0 0 1
    outer loop
      vertex -3.2531 0.284609 1.79021
      vertex -1.91705 0.303619 1.79021
      vertex -3.22336 0.510521 1.79021
    endloop
  endfacet
  facet normal 0 0 1
    outer loop
      vertex -3.26553 0 1.79021
      vertex -1.91705 0.303619 1.79021
      vertex -3.2531 0.284609 1.79021
    endloop
  endfacet
  facet normal 0 0 1
    outer loop
      vertex -1.91705 0.303619 1.79021
      vertex -3.26553 0 1.79021
      vertex -1.91705 -0.303619 1.79021
    endloop
  endfacet
  facet normal 0 0 1
    outer loop
      vertex -1.91705 -0.303619 1.79021
      vertex -3.2531 -0.284609 1.79021
      vertex -3.22336 -0.510521 1.79021
    endloop
  endfacet
  facet normal 0 0 1
    outer loop
      vertex -1.91705 -0.303619 1.79021
      vertex -3.26553 0 1.79021
      vertex -3.2531 -0.284609 1.79021
    endloop
  endfacet
  facet normal 0 0 1
    outer loop
      vertex -0.917722 -1.31064 1.79021
      vertex -0.881165 -1.7294 1.79021
      vertex -0.799999 -1.38564 1.79021
    endloop
  endfacet
  facet normal 0 0 1
    outer loop
      vertex -1.37245 -1.37245 1.79021
      vertex -0.917722 -1.31064 1.79021
      vertex -1.02846 -1.22567 1.79021
    endloop
  endfacet
  facet normal 0 0 1
    outer loop
      vertex -1.37245 -1.37245 1.79021
      vertex -1.02846 -1.22567 1.79021
      vertex -1.13137 -1.13137 1.79021
    endloop
  endfacet
  facet normal 0 0 1
    outer loop
      vertex -1.37245 -1.37245 1.79021
      vertex -1.13137 -1.13137 1.79021
      vertex -1.22567 -1.02846 1.79021
    endloop
  endfacet
  facet normal 0 0 1
    outer loop
      vertex -1.37245 -1.37245 1.79021
      vertex -1.22567 -1.02846 1.79021
      vertex -1.31064 -0.917722 1.79021
    endloop
  endfacet
  facet normal 0 0 1
    outer loop
      vertex -0.917722 -1.31064 1.79021
      vertex -1.37245 -1.37245 1.79021
      vertex -0.881165 -1.7294 1.79021
    endloop
  endfacet
  facet normal -0 0 1
    outer loop
      vertex -1.7294 -0.881165 1.79021
      vertex -1.31064 -0.917722 1.79021
      vertex -1.38564 -0.799999 1.79021
    endloop
  endfacet
  facet normal 0 0 1
    outer loop
      vertex -1.7294 -0.881165 1.79021
      vertex -1.38564 -0.799999 1.79021
      vertex -1.45009 -0.676188 1.79021
    endloop
  endfacet
  facet normal 0 0 1
    outer loop
      vertex -1.7294 -0.881165 1.79021
      vertex -1.45009 -0.676188 1.79021
      vertex -1.50351 -0.547232 1.79021
    endloop
  endfacet
  facet normal 0 0 1
    outer loop
      vertex -1.7294 -0.881165 1.79021
      vertex -1.50351 -0.547232 1.79021
      vertex -1.54548 -0.41411 1.79021
    endloop
  endfacet
  facet normal 0 0 1
    outer loop
      vertex -1.7294 -0.881165 1.79021
      vertex -1.54548 -0.41411 1.79021
      vertex -1.57569 -0.277837 1.79021
    endloop
  endfacet
  facet normal 0 0 1
    outer loop
      vertex -1.59391 0.139449 1.79021
      vertex -1.91705 0.303619 1.79021
      vertex -1.6 0 1.79021
    endloop
  endfacet
  facet normal 0 0 1
    outer loop
      vertex -1.91705 -0.303619 1.79021
      vertex -1.6 0 1.79021
      vertex -1.91705 0.303619 1.79021
    endloop
  endfacet
  facet normal 0 0 1
    outer loop
      vertex -1.6 0 1.79021
      vertex -1.91705 -0.303619 1.79021
      vertex -1.59391 -0.139449 1.79021
    endloop
  endfacet
  facet normal 0 0 1
    outer loop
      vertex -1.31064 -0.917722 1.79021
      vertex -1.7294 -0.881165 1.79021
      vertex -1.37245 -1.37245 1.79021
    endloop
  endfacet
  facet normal 0 0 1
    outer loop
      vertex -2.67497 -1.87303 1.79021
      vertex -1.37245 -1.37245 1.79021
      vertex -1.7294 -0.881165 1.79021
    endloop
  endfacet
  facet normal 0 0 1
    outer loop
      vertex -1.37245 -1.37245 1.79021
      vertex -2.50154 -2.09904 1.79021
      vertex -2.30908 -2.30908 1.79021
    endloop
  endfacet
  facet normal 0 0 1
    outer loop
      vertex -1.37245 -1.37245 1.79021
      vertex -2.67497 -1.87303 1.79021
      vertex -2.50154 -2.09904 1.79021
    endloop
  endfacet
  facet normal 0 0 1
    outer loop
      vertex -1.7294 -0.881165 1.79021
      vertex -2.82803 -1.63276 1.79021
      vertex -2.67497 -1.87303 1.79021
    endloop
  endfacet
  facet normal 0 -0 1
    outer loop
      vertex -2.82803 -1.63276 1.79021
      vertex -1.7294 -0.881165 1.79021
      vertex -2.90695 -1.48116 1.79021
    endloop
  endfacet
  facet normal 0 0 1
    outer loop
      vertex -0.303619 1.91705 1.79021
      vertex -1.11688 3.06859 1.79021
      vertex -0.881165 1.7294 1.79021
    endloop
  endfacet
  facet normal -0 0 1
    outer loop
      vertex -1.38007 2.95958 1.79021
      vertex -0.881165 1.7294 1.79021
      vertex -1.11688 3.06859 1.79021
    endloop
  endfacet
  facet normal 0 0 1
    outer loop
      vertex -0.881165 1.7294 1.79021
      vertex -1.38007 2.95958 1.79021
      vertex -1.48116 2.90695 1.79021
    endloop
  endfacet
  facet normal -0.673736 0.350734 0.650435
    outer loop
      vertex -2.82803 1.63276 1.79021
      vertex -3.59678 1.83265 0.886134
      vertex -2.90695 1.48116 1.79021
    endloop
  endfacet
  facet normal -0.673749 0.350722 0.650428
    outer loop
      vertex -4.18387 2.13179 0.116707
      vertex -4.15692 2.4 0
      vertex -4.27292 2.17716 0
    endloop
  endfacet
  facet normal -0.673745 0.350723 0.650432
    outer loop
      vertex -4.03451 2.05568 0.31246
      vertex -4.15692 2.4 0
      vertex -4.18387 2.13179 0.116707
    endloop
  endfacet
  facet normal -0.673737 0.350729 0.650436
    outer loop
      vertex -3.59678 1.83265 0.886134
      vertex -4.15692 2.4 0
      vertex -4.03451 2.05568 0.31246
    endloop
  endfacet
  facet normal -0.673738 0.350728 0.650436
    outer loop
      vertex -4.15692 2.4 0
      vertex -3.59678 1.83265 0.886134
      vertex -2.82803 1.63276 1.79021
    endloop
  endfacet
  facet normal 0.290925 -0.701607 0.650469
    outer loop
      vertex 1.77941 -4 0.489256
      vertex 2.02857 -4.35028 0
      vertex 1.78997 -4 0.484533
    endloop
  endfacet
  facet normal 0.2906 -0.701772 0.650436
    outer loop
      vertex 1.48579 -3.32026 1.35383
      vertex 1.38007 -2.95958 1.79021
      vertex 1.3331 -2.97903 1.79021
    endloop
  endfacet
  facet normal 0.290615 -0.701769 0.650433
    outer loop
      vertex 2.02857 -4.35028 0
      vertex 1.48579 -3.32026 1.35383
      vertex 1.78997 -4 0.484533
    endloop
  endfacet
  facet normal 0.290637 -0.701759 0.650434
    outer loop
      vertex 1.48579 -3.32026 1.35383
      vertex 2.02857 -4.35028 0
      vertex 1.38007 -2.95958 1.79021
    endloop
  endfacet
  facet normal 0.602595 0.462399 0.650435
    outer loop
      vertex 3.67701 3.08538 0
      vertex 2.50154 2.09904 1.79021
      vertex 3.93193 2.75317 0
    endloop
  endfacet
  facet normal 0.350742 -0.673693 0.650475
    outer loop
      vertex 1.38007 -2.95958 1.79021
      vertex 1.51653 -2.97638 1.69923
      vertex 1.48116 -2.90695 1.79021
    endloop
  endfacet
  facet normal 0.350656 -0.673835 0.650374
    outer loop
      vertex 1.38007 -2.95958 1.79021
      vertex 1.52599 -2.99494 1.6749
      vertex 1.51653 -2.97638 1.69923
    endloop
  endfacet
  facet normal 0.35073 -0.673737 0.650436
    outer loop
      vertex 1.38007 -2.95958 1.79021
      vertex 1.83265 -3.59679 0.886132
      vertex 1.52599 -2.99494 1.6749
    endloop
  endfacet
  facet normal 0.350719 -0.673743 0.650435
    outer loop
      vertex 1.83265 -3.59679 0.886132
      vertex 1.38007 -2.95958 1.79021
      vertex 2.02857 -4.35028 0
    endloop
  endfacet
  facet normal 0.602593 0.462403 0.650435
    outer loop
      vertex 3.93193 2.75317 0
      vertex 2.50154 2.09904 1.79021
      vertex 2.67497 1.87303 1.79021
    endloop
  endfacet
  facet normal 0.350742 0.673693 0.650475
    outer loop
      vertex 1.51653 2.97638 1.69923
      vertex 1.38007 2.95958 1.79021
      vertex 1.48116 2.90695 1.79021
    endloop
  endfacet
  facet normal 0.350656 0.673835 0.650374
    outer loop
      vertex 1.52599 2.99494 1.6749
      vertex 1.38007 2.95958 1.79021
      vertex 1.51653 2.97638 1.69923
    endloop
  endfacet
  facet normal 0.35073 0.673737 0.650436
    outer loop
      vertex 1.83265 3.59679 0.886132
      vertex 1.38007 2.95958 1.79021
      vertex 1.52599 2.99494 1.6749
    endloop
  endfacet
  facet normal 0.350719 0.673743 0.650435
    outer loop
      vertex 1.38007 2.95958 1.79021
      vertex 1.83265 3.59679 0.886132
      vertex 2.02857 4.35028 0
    endloop
  endfacet
  facet normal 0 0 -1
    outer loop
      vertex 1.26785 2.71892 0
      vertex 2.02857 4.35028 0
      vertex 2.17716 4.27292 0
    endloop
  endfacet
  facet normal 0 0 -1
    outer loop
      vertex 1.26785 2.71892 0
      vertex 2.17716 4.27292 0
      vertex 1.36072 2.67058 0
    endloop
  endfacet
  facet normal -0 0 -1
    outer loop
      vertex 2.02857 4.35028 0
      vertex 1.26785 2.71892 0
      vertex 1.6417 4.51052 0
    endloop
  endfacet
  facet normal 0 0 -1
    outer loop
      vertex 1.02606 2.81908 0
      vertex 1.6417 4.51052 0
      vertex 1.26785 2.71892 0
    endloop
  endfacet
  facet normal -0 0 -1
    outer loop
      vertex 1.6417 4.51052 0
      vertex 1.02606 2.81908 0
      vertex 1.24233 4.63644 0
    endloop
  endfacet
  facet normal 0 0 -1
    outer loop
      vertex 0.776457 2.89778 0
      vertex 1.24233 4.63644 0
      vertex 1.02606 2.81908 0
    endloop
  endfacet
  facet normal -0 0 -1
    outer loop
      vertex 1.24233 4.63644 0
      vertex 0.776457 2.89778 0
      vertex 0.83351 4.72708 0
    endloop
  endfacet
  facet normal 0 0 -1
    outer loop
      vertex 0.520944 2.95442 0
      vertex 0.83351 4.72708 0
      vertex 0.776457 2.89778 0
    endloop
  endfacet
  facet normal -0 0 -1
    outer loop
      vertex 0.83351 4.72708 0
      vertex 0.520944 2.95442 0
      vertex 0.750426 4.73801 0
    endloop
  endfacet
  facet normal 0 0 -1
    outer loop
      vertex 0.750426 4.73801 0
      vertex 0.520944 2.95442 0
      vertex 0.469018 2.96126 0
    endloop
  endfacet
  facet normal 0 0 -1
    outer loop
      vertex 3 0 0
      vertex 4.8 0 0
      vertex 4.78173 -0.418347 0
    endloop
  endfacet
  facet normal 0 0 -1
    outer loop
      vertex 2.98858 -0.261467 0
      vertex 4.78173 -0.418347 0
      vertex 4.73801 -0.750426 0
    endloop
  endfacet
  facet normal 0 0 -1
    outer loop
      vertex 4.8 0 0
      vertex 3 0 0
      vertex 4.78173 0.418347 0
    endloop
  endfacet
  facet normal 0 0 -1
    outer loop
      vertex 2.98858 0.261467 0
      vertex 4.78173 0.418347 0
      vertex 3 0 0
    endloop
  endfacet
  facet normal 0 0 -1
    outer loop
      vertex 4.78173 -0.418347 0
      vertex 2.98858 -0.261467 0
      vertex 3 0 0
    endloop
  endfacet
  facet normal 0 -0 -1
    outer loop
      vertex 2.98858 -0.261467 0
      vertex 4.73801 -0.750426 0
      vertex 2.96126 -0.469018 0
    endloop
  endfacet
  facet normal -0 0 -1
    outer loop
      vertex 4.78173 0.418347 0
      vertex 2.98858 0.261467 0
      vertex 4.73801 0.750426 0
    endloop
  endfacet
  facet normal 0 0 -1
    outer loop
      vertex 4.73801 0.750426 0
      vertex 2.98858 0.261467 0
      vertex 2.96126 0.469018 0
    endloop
  endfacet
  facet normal 0 0 1
    outer loop
      vertex 2.0506 -2.0506 0
      vertex 1.92836 -2.29813 0
      vertex 2.12132 -2.12132 0
    endloop
  endfacet
  facet normal 0 0 1
    outer loop
      vertex 2.0506 -2.0506 0
      vertex 1.72073 -2.45746 0
      vertex 1.92836 -2.29813 0
    endloop
  endfacet
  facet normal 0 0 1
    outer loop
      vertex 1.31656 -2.58391 0
      vertex 1.72073 -2.45746 0
      vertex 2.0506 -2.0506 0
    endloop
  endfacet
  facet normal 0 0 1
    outer loop
      vertex 1.72073 -2.45746 0
      vertex 1.31656 -2.58391 0
      vertex 1.5 -2.59808 0
    endloop
  endfacet
  facet normal 0 0 1
    outer loop
      vertex 1.5 -2.59808 0
      vertex 1.31656 -2.58391 0
      vertex 1.36072 -2.67058 0
    endloop
  endfacet
  facet normal 0 0 -1
    outer loop
      vertex 2.59808 1.5 0
      vertex 4.15692 2.4 0
      vertex 4.27292 2.17716 0
    endloop
  endfacet
  facet normal -0 0 -1
    outer loop
      vertex 4.15692 2.4 0
      vertex 2.59808 1.5 0
      vertex 3.93193 2.75317 0
    endloop
  endfacet
  facet normal -0 0 -1
    outer loop
      vertex 3.93193 2.75317 0
      vertex 2.45746 1.72073 0
      vertex 3.67701 3.08538 0
    endloop
  endfacet
  facet normal 0 0 -1
    outer loop
      vertex 2.59808 1.5 0
      vertex 4.27292 2.17716 0
      vertex 2.67058 1.36072 0
    endloop
  endfacet
  facet normal 0 0 -1
    outer loop
      vertex 3.93193 2.75317 0
      vertex 2.59808 1.5 0
      vertex 2.45746 1.72073 0
    endloop
  endfacet
  facet normal 0 0 -1
    outer loop
      vertex 2.29813 1.92836 0
      vertex 3.67701 3.08538 0
      vertex 2.45746 1.72073 0
    endloop
  endfacet
  facet normal -0 0 -1
    outer loop
      vertex 3.67701 3.08538 0
      vertex 2.29813 1.92836 0
      vertex 3.39411 3.39411 0
    endloop
  endfacet
  facet normal 0 0 -1
    outer loop
      vertex 3.39411 3.39411 0
      vertex 2.29813 1.92836 0
      vertex 2.12132 2.12132 0
    endloop
  endfacet
  facet normal 0 0 1
    outer loop
      vertex -2.71892 1.26785 0
      vertex -2.58391 1.31656 0
      vertex -2.67058 1.36072 0
    endloop
  endfacet
  facet normal 0 0 1
    outer loop
      vertex -2.81908 1.02606 0
      vertex -2.58391 1.31656 0
      vertex -2.71892 1.26785 0
    endloop
  endfacet
  facet normal -0 0 1
    outer loop
      vertex -2.81908 1.02606 0
      vertex -2.86429 0.453659 0
      vertex -2.58391 1.31656 0
    endloop
  endfacet
  facet normal -0 0 1
    outer loop
      vertex -2.89778 0.776457 0
      vertex -2.86429 0.453659 0
      vertex -2.81908 1.02606 0
    endloop
  endfacet
  facet normal -0 0 1
    outer loop
      vertex -2.95442 0.520944 0
      vertex -2.86429 0.453659 0
      vertex -2.89778 0.776457 0
    endloop
  endfacet
  facet normal 0 0 1
    outer loop
      vertex -2.86429 0.453659 0
      vertex -2.95442 0.520944 0
      vertex -2.96126 0.469018 0
    endloop
  endfacet
  facet normal 0 0 -1
    outer loop
      vertex 0.469018 -2.96126 0
      vertex 0.630967 -3.60636 0
      vertex 0.630967 -3.70636 0
    endloop
  endfacet
  facet normal 0 0 -1
    outer loop
      vertex 0.469018 -2.96126 0
      vertex 0.630967 -3.70636 0
      vertex 0.630965 -3.98376 0
    endloop
  endfacet
  facet normal 0 0 -1
    outer loop
      vertex 1.50052 -3.62347 0
      vertex 1.36072 -2.67058 0
      vertex 1.8829 -3.6954 0
    endloop
  endfacet
  facet normal 0 0 -1
    outer loop
      vertex 1.26785 -2.71892 0
      vertex 1.50052 -3.62347 0
      vertex 1.37981 -3.60712 0
    endloop
  endfacet
  facet normal 0 0 -1
    outer loop
      vertex 1.50052 -3.62347 0
      vertex 1.26785 -2.71892 0
      vertex 1.36072 -2.67058 0
    endloop
  endfacet
  facet normal 0 0 -1
    outer loop
      vertex 1.37981 -3.60712 0
      vertex 1.02606 -2.81908 0
      vertex 1.26785 -2.71892 0
    endloop
  endfacet
  facet normal 0 0 -1
    outer loop
      vertex 0.987431 -3.55399 0
      vertex 1.02606 -2.81908 0
      vertex 1.37981 -3.60712 0
    endloop
  endfacet
  facet normal 0 0 -1
    outer loop
      vertex 0.776457 -2.89778 0
      vertex 0.987431 -3.55399 0
      vertex 0.84964 -3.54274 0
    endloop
  endfacet
  facet normal 0 0 -1
    outer loop
      vertex 0.987431 -3.55399 0
      vertex 0.776457 -2.89778 0
      vertex 1.02606 -2.81908 0
    endloop
  endfacet
  facet normal 0 0 -1
    outer loop
      vertex 0.630967 -3.52489 0
      vertex 0.776457 -2.89778 0
      vertex 0.84964 -3.54274 0
    endloop
  endfacet
  facet normal 0 0 -1
    outer loop
      vertex 0.630967 -3.52489 0
      vertex 0.520944 -2.95442 0
      vertex 0.776457 -2.89778 0
    endloop
  endfacet
  facet normal 0 0 -1
    outer loop
      vertex 0.630967 -3.60636 0
      vertex 0.469018 -2.96126 0
      vertex 0.630967 -3.52489 0
    endloop
  endfacet
  facet normal 0 0 -1
    outer loop
      vertex 0.630967 -3.52489 0
      vertex 0.469018 -2.96126 0
      vertex 0.520944 -2.95442 0
    endloop
  endfacet
  facet normal 0 0 1
    outer loop
      vertex 1.92836 2.29813 0
      vertex 2.0506 2.0506 0
      vertex 2.12132 2.12132 0
    endloop
  endfacet
  facet normal 0 0 1
    outer loop
      vertex 1.72073 2.45746 0
      vertex 2.0506 2.0506 0
      vertex 1.92836 2.29813 0
    endloop
  endfacet
  facet normal -0 0 1
    outer loop
      vertex 1.31656 2.58391 0
      vertex 1.72073 2.45746 0
      vertex 1.5 2.59808 0
    endloop
  endfacet
  facet normal 0 0 1
    outer loop
      vertex 1.31656 2.58391 0
      vertex 1.5 2.59808 0
      vertex 1.36072 2.67058 0
    endloop
  endfacet
  facet normal 0 0 1
    outer loop
      vertex 1.72073 2.45746 0
      vertex 1.31656 2.58391 0
      vertex 2.0506 2.0506 0
    endloop
  endfacet
  facet normal 0 0 1
    outer loop
      vertex 2.86429 -0.453659 0
      vertex 2.95442 -0.520944 0
      vertex 2.96126 -0.469018 0
    endloop
  endfacet
  facet normal 0 0 1
    outer loop
      vertex 2.95442 -0.520944 0
      vertex 2.86429 -0.453659 0
      vertex 2.89778 -0.776457 0
    endloop
  endfacet
  facet normal 0 0 1
    outer loop
      vertex 2.86429 -0.453659 0
      vertex 2.81908 -1.02606 0
      vertex 2.89778 -0.776457 0
    endloop
  endfacet
  facet normal 0 0 1
    outer loop
      vertex 2.58391 -1.31656 0
      vertex 2.81908 -1.02606 0
      vertex 2.86429 -0.453659 0
    endloop
  endfacet
  facet normal 0 0 1
    outer loop
      vertex 2.81908 -1.02606 0
      vertex 2.58391 -1.31656 0
      vertex 2.71892 -1.26785 0
    endloop
  endfacet
  facet normal 0 0 1
    outer loop
      vertex 2.71892 -1.26785 0
      vertex 2.58391 -1.31656 0
      vertex 2.67058 -1.36072 0
    endloop
  endfacet
  facet normal 0 0 1
    outer loop
      vertex 0.261467 2.98858 0
      vertex 0.453659 2.86429 0
      vertex 0.469018 2.96126 0
    endloop
  endfacet
  facet normal 0 0 1
    outer loop
      vertex 0 3 0
      vertex 0.453659 2.86429 0
      vertex 0.261467 2.98858 0
    endloop
  endfacet
  facet normal 0 0 1
    outer loop
      vertex -0.453659 2.86429 0
      vertex 0 3 0
      vertex -0.261467 2.98858 0
    endloop
  endfacet
  facet normal 0 0 1
    outer loop
      vertex 0 3 0
      vertex -0.453659 2.86429 0
      vertex 0.453659 2.86429 0
    endloop
  endfacet
  facet normal 0 -0 1
    outer loop
      vertex -0.453659 2.86429 0
      vertex -0.261467 2.98858 0
      vertex -0.469018 2.96126 0
    endloop
  endfacet
  facet normal 0 0 -1
    outer loop
      vertex -0.520944 2.95442 0
      vertex -0.750426 4.73801 0
      vertex -0.469018 2.96126 0
    endloop
  endfacet
  facet normal 0 0 -1
    outer loop
      vertex -0.83351 4.72708 0
      vertex -0.520944 2.95442 0
      vertex -0.776457 2.89778 0
    endloop
  endfacet
  facet normal 0 0 -1
    outer loop
      vertex -0.520944 2.95442 0
      vertex -0.83351 4.72708 0
      vertex -0.750426 4.73801 0
    endloop
  endfacet
  facet normal 0 0 -1
    outer loop
      vertex -1.24233 4.63644 0
      vertex -0.776457 2.89778 0
      vertex -1.02606 2.81908 0
    endloop
  endfacet
  facet normal 0 0 -1
    outer loop
      vertex -0.776457 2.89778 0
      vertex -1.24233 4.63644 0
      vertex -0.83351 4.72708 0
    endloop
  endfacet
  facet normal 0 0 -1
    outer loop
      vertex -1.6417 4.51052 0
      vertex -1.02606 2.81908 0
      vertex -1.26785 2.71892 0
    endloop
  endfacet
  facet normal 0 0 -1
    outer loop
      vertex -2.17716 4.27292 0
      vertex -1.26785 2.71892 0
      vertex -1.36072 2.67058 0
    endloop
  endfacet
  facet normal 0 0 -1
    outer loop
      vertex -1.02606 2.81908 0
      vertex -1.6417 4.51052 0
      vertex -1.24233 4.63644 0
    endloop
  endfacet
  facet normal 0 0 -1
    outer loop
      vertex -1.26785 2.71892 0
      vertex -2.02857 4.35028 0
      vertex -1.6417 4.51052 0
    endloop
  endfacet
  facet normal 0 0 -1
    outer loop
      vertex -1.26785 2.71892 0
      vertex -2.17716 4.27292 0
      vertex -2.02857 4.35028 0
    endloop
  endfacet
  facet normal 0 0 1
    outer loop
      vertex 2.86429 0.453659 0
      vertex 2.95442 0.520944 0
      vertex 2.89778 0.776457 0
    endloop
  endfacet
  facet normal 0 0 1
    outer loop
      vertex 2.95442 0.520944 0
      vertex 2.86429 0.453659 0
      vertex 2.96126 0.469018 0
    endloop
  endfacet
  facet normal 0 0 1
    outer loop
      vertex 2.81908 1.02606 0
      vertex 2.86429 0.453659 0
      vertex 2.89778 0.776457 0
    endloop
  endfacet
  facet normal 0 0 1
    outer loop
      vertex 2.58391 1.31656 0
      vertex 2.81908 1.02606 0
      vertex 2.71892 1.26785 0
    endloop
  endfacet
  facet normal -0 0 1
    outer loop
      vertex 2.58391 1.31656 0
      vertex 2.71892 1.26785 0
      vertex 2.67058 1.36072 0
    endloop
  endfacet
  facet normal 0 0 1
    outer loop
      vertex 2.81908 1.02606 0
      vertex 2.58391 1.31656 0
      vertex 2.86429 0.453659 0
    endloop
  endfacet
  facet normal 0 0 -1
    outer loop
      vertex -4.78173 -0.418347 0
      vertex -2.98858 -0.261467 0
      vertex -4.73801 -0.750426 0
    endloop
  endfacet
  facet normal 0 0 -1
    outer loop
      vertex -4.73801 -0.750426 0
      vertex -2.98858 -0.261467 0
      vertex -2.96126 -0.469018 0
    endloop
  endfacet
  facet normal -0 0 -1
    outer loop
      vertex -2.98858 -0.261467 0
      vertex -4.78173 -0.418347 0
      vertex -3 0 0
    endloop
  endfacet
  facet normal 0 0 -1
    outer loop
      vertex -4.8 0 0
      vertex -3 0 0
      vertex -4.78173 -0.418347 0
    endloop
  endfacet
  facet normal 0 0 -1
    outer loop
      vertex -3 0 0
      vertex -4.8 0 0
      vertex -2.98858 0.261467 0
    endloop
  endfacet
  facet normal 0 -0 -1
    outer loop
      vertex -4.78173 0.418347 0
      vertex -2.98858 0.261467 0
      vertex -4.8 0 0
    endloop
  endfacet
  facet normal 0 0 -1
    outer loop
      vertex -2.98858 0.261467 0
      vertex -4.73801 0.750426 0
      vertex -2.96126 0.469018 0
    endloop
  endfacet
  facet normal 0 -0 -1
    outer loop
      vertex -4.73801 0.750426 0
      vertex -2.98858 0.261467 0
      vertex -4.78173 0.418347 0
    endloop
  endfacet
  facet normal -0 0 1
    outer loop
      vertex -1.5 2.59808 0
      vertex -1.31656 2.58391 0
      vertex -1.36072 2.67058 0
    endloop
  endfacet
  facet normal 0 0 1
    outer loop
      vertex -1.72073 2.45746 0
      vertex -1.31656 2.58391 0
      vertex -1.5 2.59808 0
    endloop
  endfacet
  facet normal 0 0 1
    outer loop
      vertex -2.0506 2.0506 0
      vertex -1.72073 2.45746 0
      vertex -1.92836 2.29813 0
    endloop
  endfacet
  facet normal -0 0 1
    outer loop
      vertex -1.72073 2.45746 0
      vertex -2.0506 2.0506 0
      vertex -1.31656 2.58391 0
    endloop
  endfacet
  facet normal 0 -0 1
    outer loop
      vertex -2.0506 2.0506 0
      vertex -1.92836 2.29813 0
      vertex -2.12132 2.12132 0
    endloop
  endfacet
  facet normal 0 0 1
    outer loop
      vertex -2.58391 -1.31656 0
      vertex -2.71892 -1.26785 0
      vertex -2.67058 -1.36072 0
    endloop
  endfacet
  facet normal 0 0 1
    outer loop
      vertex -2.58391 -1.31656 0
      vertex -2.81908 -1.02606 0
      vertex -2.71892 -1.26785 0
    endloop
  endfacet
  facet normal 0 0 1
    outer loop
      vertex -2.86429 -0.453659 0
      vertex -2.81908 -1.02606 0
      vertex -2.58391 -1.31656 0
    endloop
  endfacet
  facet normal 0 0 1
    outer loop
      vertex -2.86429 -0.453659 0
      vertex -2.89778 -0.776457 0
      vertex -2.81908 -1.02606 0
    endloop
  endfacet
  facet normal 0 0 1
    outer loop
      vertex -2.86429 -0.453659 0
      vertex -2.95442 -0.520944 0
      vertex -2.89778 -0.776457 0
    endloop
  endfacet
  facet normal 0 -0 1
    outer loop
      vertex -2.95442 -0.520944 0
      vertex -2.86429 -0.453659 0
      vertex -2.96126 -0.469018 0
    endloop
  endfacet
  facet normal 0 0 -1
    outer loop
      vertex -2.29813 1.92836 0
      vertex -3.39411 3.39411 0
      vertex -2.12132 2.12132 0
    endloop
  endfacet
  facet normal 0 0 -1
    outer loop
      vertex -3.67701 3.08538 0
      vertex -2.29813 1.92836 0
      vertex -2.45746 1.72073 0
    endloop
  endfacet
  facet normal 0 0 -1
    outer loop
      vertex -3.93193 2.75317 0
      vertex -2.45746 1.72073 0
      vertex -2.59808 1.5 0
    endloop
  endfacet
  facet normal 0 0 -1
    outer loop
      vertex -4.27292 2.17716 0
      vertex -2.59808 1.5 0
      vertex -2.67058 1.36072 0
    endloop
  endfacet
  facet normal 0 0 -1
    outer loop
      vertex -2.29813 1.92836 0
      vertex -3.67701 3.08538 0
      vertex -3.39411 3.39411 0
    endloop
  endfacet
  facet normal 0 0 -1
    outer loop
      vertex -2.45746 1.72073 0
      vertex -3.93193 2.75317 0
      vertex -3.67701 3.08538 0
    endloop
  endfacet
  facet normal 0 0 -1
    outer loop
      vertex -2.59808 1.5 0
      vertex -4.15692 2.4 0
      vertex -3.93193 2.75317 0
    endloop
  endfacet
  facet normal 0 0 -1
    outer loop
      vertex -2.59808 1.5 0
      vertex -4.27292 2.17716 0
      vertex -4.15692 2.4 0
    endloop
  endfacet
  facet normal 0 0 -1
    outer loop
      vertex -0.630967 -3.60636 0
      vertex -0.469018 -2.96126 0
      vertex -0.630967 -3.70636 0
    endloop
  endfacet
  facet normal 0 0 -1
    outer loop
      vertex -0.469018 -2.96126 0
      vertex -0.630967 -3.60636 0
      vertex -0.630967 -3.52489 0
    endloop
  endfacet
  facet normal 0 0 -1
    outer loop
      vertex -0.630967 -3.70636 0
      vertex -0.469018 -2.96126 0
      vertex -0.630965 -3.98376 0
    endloop
  endfacet
  facet normal -0 0 -1
    outer loop
      vertex -0.469018 -2.96126 0
      vertex -0.630967 -3.52489 0
      vertex -0.520944 -2.95442 0
    endloop
  endfacet
  facet normal 0 0 -1
    outer loop
      vertex -0.630967 -3.52489 0
      vertex -0.776457 -2.89778 0
      vertex -0.520944 -2.95442 0
    endloop
  endfacet
  facet normal 0 0 -1
    outer loop
      vertex -0.84964 -3.54274 0
      vertex -0.776457 -2.89778 0
      vertex -0.630967 -3.52489 0
    endloop
  endfacet
  facet normal 0 0 -1
    outer loop
      vertex -0.987431 -3.55399 0
      vertex -0.776457 -2.89778 0
      vertex -0.84964 -3.54274 0
    endloop
  endfacet
  facet normal 0 0 -1
    outer loop
      vertex -0.987431 -3.55399 0
      vertex -1.02606 -2.81908 0
      vertex -0.776457 -2.89778 0
    endloop
  endfacet
  facet normal 0 0 -1
    outer loop
      vertex -1.37981 -3.60712 0
      vertex -1.02606 -2.81908 0
      vertex -0.987431 -3.55399 0
    endloop
  endfacet
  facet normal -0 0 -1
    outer loop
      vertex -1.02606 -2.81908 0
      vertex -1.37981 -3.60712 0
      vertex -1.26785 -2.71892 0
    endloop
  endfacet
  facet normal 0 0 -1
    outer loop
      vertex -1.50052 -3.62347 0
      vertex -1.26785 -2.71892 0
      vertex -1.37981 -3.60712 0
    endloop
  endfacet
  facet normal -0 0 -1
    outer loop
      vertex -1.26785 -2.71892 0
      vertex -1.50052 -3.62347 0
      vertex -1.36072 -2.67058 0
    endloop
  endfacet
  facet normal 0 0 -1
    outer loop
      vertex -1.36072 -2.67058 0
      vertex -1.50052 -3.62347 0
      vertex -1.8829 -3.6954 0
    endloop
  endfacet
  facet normal 0 0 -1
    outer loop
      vertex -3.39411 -3.39411 0
      vertex -2.29813 -1.92836 0
      vertex -2.12132 -2.12132 0
    endloop
  endfacet
  facet normal 0 0 -1
    outer loop
      vertex -3.67701 -3.08538 0
      vertex -2.29813 -1.92836 0
      vertex -3.39411 -3.39411 0
    endloop
  endfacet
  facet normal -0 0 -1
    outer loop
      vertex -2.29813 -1.92836 0
      vertex -3.67701 -3.08538 0
      vertex -2.45746 -1.72073 0
    endloop
  endfacet
  facet normal 0 0 -1
    outer loop
      vertex -3.93193 -2.75317 0
      vertex -2.45746 -1.72073 0
      vertex -3.67701 -3.08538 0
    endloop
  endfacet
  facet normal -0 0 -1
    outer loop
      vertex -2.45746 -1.72073 0
      vertex -3.93193 -2.75317 0
      vertex -2.59808 -1.5 0
    endloop
  endfacet
  facet normal 0 0 -1
    outer loop
      vertex -4.15692 -2.4 0
      vertex -2.59808 -1.5 0
      vertex -3.93193 -2.75317 0
    endloop
  endfacet
  facet normal 0 0 -1
    outer loop
      vertex -4.27292 -2.17716 0
      vertex -2.59808 -1.5 0
      vertex -4.15692 -2.4 0
    endloop
  endfacet
  facet normal -0 0 -1
    outer loop
      vertex -2.59808 -1.5 0
      vertex -4.27292 -2.17716 0
      vertex -2.67058 -1.36072 0
    endloop
  endfacet
  facet normal 0 0 1
    outer loop
      vertex -1.31656 -2.58391 0
      vertex -1.5 -2.59808 0
      vertex -1.36072 -2.67058 0
    endloop
  endfacet
  facet normal 0 0 1
    outer loop
      vertex -1.31656 -2.58391 0
      vertex -1.72073 -2.45746 0
      vertex -1.5 -2.59808 0
    endloop
  endfacet
  facet normal 0 0 1
    outer loop
      vertex -2.0506 -2.0506 0
      vertex -1.72073 -2.45746 0
      vertex -1.31656 -2.58391 0
    endloop
  endfacet
  facet normal 0 0 1
    outer loop
      vertex -1.72073 -2.45746 0
      vertex -2.0506 -2.0506 0
      vertex -1.92836 -2.29813 0
    endloop
  endfacet
  facet normal 0 0 1
    outer loop
      vertex -1.92836 -2.29813 0
      vertex -2.0506 -2.0506 0
      vertex -2.12132 -2.12132 0
    endloop
  endfacet
  facet normal 0 0 1
    outer loop
      vertex 0.453659 -2.86429 0
      vertex 0.261467 -2.98858 0
      vertex 0.469018 -2.96126 0
    endloop
  endfacet
  facet normal 0 0 1
    outer loop
      vertex 0.453659 -2.86429 0
      vertex 0 -3 0
      vertex 0.261467 -2.98858 0
    endloop
  endfacet
  facet normal -0 0 1
    outer loop
      vertex -0.453659 -2.86429 0
      vertex 0 -3 0
      vertex 0.453659 -2.86429 0
    endloop
  endfacet
  facet normal 0 0 1
    outer loop
      vertex 0 -3 0
      vertex -0.453659 -2.86429 0
      vertex -0.261467 -2.98858 0
    endloop
  endfacet
  facet normal 0 0 1
    outer loop
      vertex -0.261467 -2.98858 0
      vertex -0.453659 -2.86429 0
      vertex -0.469018 -2.96126 0
    endloop
  endfacet
  facet normal 0 0 -1
    outer loop
      vertex 2.59808 -1.5 0
      vertex 4.15692 -2.4 0
      vertex 3.93193 -2.75317 0
    endloop
  endfacet
  facet normal 0 0 -1
    outer loop
      vertex 2.45746 -1.72073 0
      vertex 3.93193 -2.75317 0
      vertex 3.67701 -3.08538 0
    endloop
  endfacet
  facet normal 0 0 -1
    outer loop
      vertex 2.29813 -1.92836 0
      vertex 3.67701 -3.08538 0
      vertex 3.39411 -3.39411 0
    endloop
  endfacet
  facet normal 0 -0 -1
    outer loop
      vertex 2.59808 -1.5 0
      vertex 3.93193 -2.75317 0
      vertex 2.45746 -1.72073 0
    endloop
  endfacet
  facet normal 0 0 -1
    outer loop
      vertex 4.27292 -2.17716 0
      vertex 2.59808 -1.5 0
      vertex 2.67058 -1.36072 0
    endloop
  endfacet
  facet normal 0 0 -1
    outer loop
      vertex 4.15692 -2.4 0
      vertex 2.59808 -1.5 0
      vertex 4.27292 -2.17716 0
    endloop
  endfacet
  facet normal 0 0 -1
    outer loop
      vertex 3.67701 -3.08538 0
      vertex 2.29813 -1.92836 0
      vertex 2.45746 -1.72073 0
    endloop
  endfacet
  facet normal 0 -0 -1
    outer loop
      vertex 2.29813 -1.92836 0
      vertex 3.39411 -3.39411 0
      vertex 2.12132 -2.12132 0
    endloop
  endfacet
  facet normal 0 0 -1
    outer loop
      vertex 1.6417 -4.51052 0
      vertex 1.95952 -4 0
      vertex 2.02857 -4.35028 0
    endloop
  endfacet
  facet normal 0 0 -1
    outer loop
      vertex 0.633537 -4 0
      vertex 1.6417 -4.51052 0
      vertex 1.24233 -4.63644 0
    endloop
  endfacet
  facet normal 0 0 -1
    outer loop
      vertex 0.633537 -4 0
      vertex 1.24233 -4.63644 0
      vertex 0.83351 -4.72708 0
    endloop
  endfacet
  facet normal 0 0 -1
    outer loop
      vertex 0.633537 -4 0
      vertex 0.83351 -4.72708 0
      vertex 0.750426 -4.73801 0
    endloop
  endfacet
  facet normal 0 0 -1
    outer loop
      vertex 1.6417 -4.51052 0
      vertex 0.633537 -4 0
      vertex 1.95952 -4 0
    endloop
  endfacet
  facet normal 0 0 -1
    outer loop
      vertex 1.95952 -4 0
      vertex 2.17716 -4.27292 0
      vertex 2.02857 -4.35028 0
    endloop
  endfacet
  facet normal 0 0 -1
    outer loop
      vertex 2.17716 -4.27292 0
      vertex 1.95952 -4 0
      vertex 1.95952 -3.84577 0
    endloop
  endfacet
  facet normal 0 0 -1
    outer loop
      vertex -0.83351 -4.72708 0
      vertex -0.633537 -4 0
      vertex -0.750426 -4.73801 0
    endloop
  endfacet
  facet normal 0 0 -1
    outer loop
      vertex -1.24233 -4.63644 0
      vertex -0.633537 -4 0
      vertex -0.83351 -4.72708 0
    endloop
  endfacet
  facet normal 0 0 -1
    outer loop
      vertex -1.6417 -4.51052 0
      vertex -0.633537 -4 0
      vertex -1.24233 -4.63644 0
    endloop
  endfacet
  facet normal 0 0 -1
    outer loop
      vertex -1.6417 -4.51052 0
      vertex -1.95952 -4 0
      vertex -0.633537 -4 0
    endloop
  endfacet
  facet normal 0 -0 -1
    outer loop
      vertex -1.95952 -4 0
      vertex -1.6417 -4.51052 0
      vertex -2.02857 -4.35028 0
    endloop
  endfacet
  facet normal 0 0 -1
    outer loop
      vertex -2.17716 -4.27292 0
      vertex -1.95952 -4 0
      vertex -2.02857 -4.35028 0
    endloop
  endfacet
  facet normal -0 0 -1
    outer loop
      vertex -1.95952 -4 0
      vertex -2.17716 -4.27292 0
      vertex -1.95952 -3.84577 0
    endloop
  endfacet
  facet normal -0.2906 -0.701772 0.650436
    outer loop
      vertex -1.38007 -2.95958 1.79021
      vertex -1.48579 -3.32026 1.35383
      vertex -1.3331 -2.97903 1.79021
    endloop
  endfacet
  facet normal -0.290637 -0.701759 0.650434
    outer loop
      vertex -2.02857 -4.35028 0
      vertex -1.48579 -3.32026 1.35383
      vertex -1.38007 -2.95958 1.79021
    endloop
  endfacet
  facet normal -0.290615 -0.701769 0.650433
    outer loop
      vertex -1.48579 -3.32026 1.35383
      vertex -2.02857 -4.35028 0
      vertex -1.78997 -4 0.484533
    endloop
  endfacet
  facet normal -0.290925 -0.701607 0.650469
    outer loop
      vertex -1.77941 -4 0.489256
      vertex -1.78997 -4 0.484533
      vertex -2.02857 -4.35028 0
    endloop
  endfacet
  facet normal 0.228402 -0.72441 0.650432
    outer loop
      vertex 1.45588 -4 0.633836
      vertex 1.34187 -4 0.673871
      vertex 1.6417 -4.51052 0
    endloop
  endfacet
  facet normal 0.164398 -0.741557 0.650436
    outer loop
      vertex 0.83351 -4.72708 0
      vertex 1.0718 -4 0.76871
      vertex 0.838906 -4 0.827574
    endloop
  endfacet
  facet normal 0.164412 -0.741557 0.650432
    outer loop
      vertex 1.0718 -4 0.76871
      vertex 0.83351 -4.72708 0
      vertex 1.24233 -4.63644 0
    endloop
  endfacet
  facet normal -0.228404 -0.724409 0.650433
    outer loop
      vertex -1.24233 -4.63644 0
      vertex -1.34187 -4 0.673871
      vertex -1.6417 -4.51052 0
    endloop
  endfacet
  facet normal -0.228409 -0.724409 0.650432
    outer loop
      vertex -1.34187 -4 0.673871
      vertex -1.24233 -4.63644 0
      vertex -1.0718 -4 0.76871
    endloop
  endfacet
  facet normal -0.290661 -0.701748 0.650435
    outer loop
      vertex -1.6417 -4.51052 0
      vertex -1.77941 -4 0.489256
      vertex -2.02857 -4.35028 0
    endloop
  endfacet
  facet normal -0.290667 -0.701747 0.650433
    outer loop
      vertex -1.77941 -4 0.489256
      vertex -1.6417 -4.51052 0
      vertex -1.45588 -4 0.633836
    endloop
  endfacet
  facet normal 0.793335 0.608785 0
    outer loop
      vertex 2.45746 1.72073 0
      vertex 2.29813 1.92836 -4.20979
      vertex 2.29813 1.92836 0
    endloop
  endfacet
  facet normal 0.793335 0.608785 0
    outer loop
      vertex 2.29813 1.92836 -4.20979
      vertex 2.45746 1.72073 0
      vertex 2.45746 1.72073 -4.20979
    endloop
  endfacet
  facet normal 0.999048 0.043635 0
    outer loop
      vertex 3 0 0
      vertex 2.98858 0.261467 -4.20979
      vertex 2.98858 0.261467 0
    endloop
  endfacet
  facet normal 0.999048 0.043635 0
    outer loop
      vertex 2.98858 0.261467 -4.20979
      vertex 3 0 0
      vertex 3 0 -4.20979
    endloop
  endfacet
  facet normal 0.737287 0.675579 0
    outer loop
      vertex 2.29813 1.92836 0
      vertex 2.12132 2.12132 -4.20979
      vertex 2.12132 2.12132 0
    endloop
  endfacet
  facet normal 0.737287 0.675579 0
    outer loop
      vertex 2.12132 2.12132 -4.20979
      vertex 2.29813 1.92836 0
      vertex 2.29813 1.92836 -4.20979
    endloop
  endfacet
  facet normal 0.843392 0.537298 0
    outer loop
      vertex 2.59808 1.5 0
      vertex 2.45746 1.72073 -4.20979
      vertex 2.45746 1.72073 0
    endloop
  endfacet
  facet normal 0.843392 0.537298 0
    outer loop
      vertex 2.45746 1.72073 -4.20979
      vertex 2.59808 1.5 0
      vertex 2.59808 1.5 -4.20979
    endloop
  endfacet
  facet normal 0.991435 0.130598 0
    outer loop
      vertex 2.96126 0.469018 0
      vertex 2.95442 0.520944 -4.20979
      vertex 2.95442 0.520944 0
    endloop
  endfacet
  facet normal 0.991448 0.130505 -0
    outer loop
      vertex 2.98858 0.261467 -4.20979
      vertex 2.96126 0.469018 0
      vertex 2.98858 0.261467 0
    endloop
  endfacet
  facet normal 0.991445 0.130523 -9.35332e-07
    outer loop
      vertex 2.96126 0.469018 0
      vertex 2.98858 0.261467 -4.20979
      vertex 2.95442 0.520944 -4.20979
    endloop
  endfacet
  facet normal 0.92387 -0.382707 0
    outer loop
      vertex 2.71892 -1.26785 0
      vertex 2.81908 -1.02606 -4.20979
      vertex 2.81908 -1.02606 0
    endloop
  endfacet
  facet normal 0.92387 -0.382707 0
    outer loop
      vertex 2.81908 -1.02606 -4.20979
      vertex 2.71892 -1.26785 0
      vertex 2.71892 -1.26785 -4.20979
    endloop
  endfacet
  facet normal 0 0 -1
    outer loop
      vertex 1.6 0 -4.20979
      vertex 3 0 -4.20979
      vertex 2.98858 -0.261467 -4.20979
    endloop
  endfacet
  facet normal 0 0 -1
    outer loop
      vertex 1.59391 -0.139449 -4.20979
      vertex 2.98858 -0.261467 -4.20979
      vertex 2.95442 -0.520944 -4.20979
    endloop
  endfacet
  facet normal 0 0 -1
    outer loop
      vertex 3 0 -4.20979
      vertex 1.6 0 -4.20979
      vertex 2.98858 0.261467 -4.20979
    endloop
  endfacet
  facet normal 0 0 -1
    outer loop
      vertex 1.57569 -0.277837 -4.20979
      vertex 2.95442 -0.520944 -4.20979
      vertex 2.89778 -0.776457 -4.20979
    endloop
  endfacet
  facet normal 0 0 -1
    outer loop
      vertex 1.59391 0.139449 -4.20979
      vertex 2.98858 0.261467 -4.20979
      vertex 1.6 0 -4.20979
    endloop
  endfacet
  facet normal 0 0 -1
    outer loop
      vertex 1.54548 -0.41411 -4.20979
      vertex 2.89778 -0.776457 -4.20979
      vertex 2.81908 -1.02606 -4.20979
    endloop
  endfacet
  facet normal 0 -0 -1
    outer loop
      vertex 1.7 0.599999 -4.20979
      vertex 2.98858 0.261467 -4.20979
      vertex 1.59391 0.139449 -4.20979
    endloop
  endfacet
  facet normal 0 0 -1
    outer loop
      vertex 1.50351 -0.547232 -4.20979
      vertex 2.81908 -1.02606 -4.20979
      vertex 2.71892 -1.26785 -4.20979
    endloop
  endfacet
  facet normal 0 0 -1
    outer loop
      vertex 2.98858 0.261467 -4.20979
      vertex 1.7 0.599999 -4.20979
      vertex 2.95442 0.520944 -4.20979
    endloop
  endfacet
  facet normal 0 0 -1
    outer loop
      vertex 1.45009 -0.676188 -4.20979
      vertex 2.71892 -1.26785 -4.20979
      vertex 2.59808 -1.5 -4.20979
    endloop
  endfacet
  facet normal 0 0 -1
    outer loop
      vertex 2.95442 0.520944 -4.20979
      vertex 1.7 0.599999 -4.20979
      vertex 2.89778 0.776457 -4.20979
    endloop
  endfacet
  facet normal 0 0 -1
    outer loop
      vertex 1.38564 -0.799999 -4.20979
      vertex 2.59808 -1.5 -4.20979
      vertex 2.45746 -1.72073 -4.20979
    endloop
  endfacet
  facet normal -0 0 -1
    outer loop
      vertex 2.81908 1.02606 -4.20979
      vertex 1.7 0.599999 -4.20979
      vertex 2.71892 1.26785 -4.20979
    endloop
  endfacet
  facet normal 0 0 -1
    outer loop
      vertex 1.31064 -0.917722 -4.20979
      vertex 2.45746 -1.72073 -4.20979
      vertex 2.29813 -1.92836 -4.20979
    endloop
  endfacet
  facet normal -0 0 -1
    outer loop
      vertex 2.71892 1.26785 -4.20979
      vertex 1.7 0.599999 -4.20979
      vertex 2.59808 1.5 -4.20979
    endloop
  endfacet
  facet normal 0 0 -1
    outer loop
      vertex 1.22567 -1.02846 -4.20979
      vertex 2.29813 -1.92836 -4.20979
      vertex 2.12132 -2.12132 -4.20979
    endloop
  endfacet
  facet normal 0 0 -1
    outer loop
      vertex 2.59808 1.5 -4.20979
      vertex 1.7 1.6 -4.20979
      vertex 2.45746 1.72073 -4.20979
    endloop
  endfacet
  facet normal 0 0 -1
    outer loop
      vertex 1.13137 -1.13137 -4.20979
      vertex 2.12132 -2.12132 -4.20979
      vertex 1.92836 -2.29813 -4.20979
    endloop
  endfacet
  facet normal -0 0 -1
    outer loop
      vertex 2.45746 1.72073 -4.20979
      vertex 1.7 1.6 -4.20979
      vertex 2.29813 1.92836 -4.20979
    endloop
  endfacet
  facet normal 0 0 -1
    outer loop
      vertex 1.02846 -1.22567 -4.20979
      vertex 1.92836 -2.29813 -4.20979
      vertex 1.72073 -2.45746 -4.20979
    endloop
  endfacet
  facet normal -0 0 -1
    outer loop
      vertex 2.29813 1.92836 -4.20979
      vertex 1.7 1.6 -4.20979
      vertex 2.12132 2.12132 -4.20979
    endloop
  endfacet
  facet normal -0 0 -1
    outer loop
      vertex 2.12132 2.12132 -4.20979
      vertex 1.7 1.6 -4.20979
      vertex 1.92836 2.29813 -4.20979
    endloop
  endfacet
  facet normal 0 0 -1
    outer loop
      vertex 2.98858 -0.261467 -4.20979
      vertex 1.59391 -0.139449 -4.20979
      vertex 1.6 0 -4.20979
    endloop
  endfacet
  facet normal 0 0 -1
    outer loop
      vertex 1.7 1.6 -4.20979
      vertex 2.59808 1.5 -4.20979
      vertex 1.7 0.599999 -4.20979
    endloop
  endfacet
  facet normal 0 0 -1
    outer loop
      vertex 2.95442 -0.520944 -4.20979
      vertex 1.57569 -0.277837 -4.20979
      vertex 1.59391 -0.139449 -4.20979
    endloop
  endfacet
  facet normal 0 0 -1
    outer loop
      vertex 2.89778 -0.776457 -4.20979
      vertex 1.54548 -0.41411 -4.20979
      vertex 1.57569 -0.277837 -4.20979
    endloop
  endfacet
  facet normal 0 0 -1
    outer loop
      vertex 2.81908 -1.02606 -4.20979
      vertex 1.50351 -0.547232 -4.20979
      vertex 1.54548 -0.41411 -4.20979
    endloop
  endfacet
  facet normal 0 0 -1
    outer loop
      vertex 0.917722 -1.31064 -4.20979
      vertex 1.72073 -2.45746 -4.20979
      vertex 1.5 -2.59808 -4.20979
    endloop
  endfacet
  facet normal 0 0 -1
    outer loop
      vertex 2.71892 -1.26785 -4.20979
      vertex 1.45009 -0.676188 -4.20979
      vertex 1.50351 -0.547232 -4.20979
    endloop
  endfacet
  facet normal 0 0 -1
    outer loop
      vertex 2.59808 -1.5 -4.20979
      vertex 1.38564 -0.799999 -4.20979
      vertex 1.45009 -0.676188 -4.20979
    endloop
  endfacet
  facet normal 0 0 -1
    outer loop
      vertex 2.45746 -1.72073 -4.20979
      vertex 1.31064 -0.917722 -4.20979
      vertex 1.38564 -0.799999 -4.20979
    endloop
  endfacet
  facet normal 0 0 -1
    outer loop
      vertex 0.799999 -1.38564 -4.20979
      vertex 1.5 -2.59808 -4.20979
      vertex 1.26785 -2.71892 -4.20979
    endloop
  endfacet
  facet normal 0 0 -1
    outer loop
      vertex 2.29813 -1.92836 -4.20979
      vertex 1.22567 -1.02846 -4.20979
      vertex 1.31064 -0.917722 -4.20979
    endloop
  endfacet
  facet normal 0 0 -1
    outer loop
      vertex 2.12132 -2.12132 -4.20979
      vertex 1.13137 -1.13137 -4.20979
      vertex 1.22567 -1.02846 -4.20979
    endloop
  endfacet
  facet normal 0 0 -1
    outer loop
      vertex 1.92836 -2.29813 -4.20979
      vertex 1.02846 -1.22567 -4.20979
      vertex 1.13137 -1.13137 -4.20979
    endloop
  endfacet
  facet normal 0 0 -1
    outer loop
      vertex 0.676188 -1.45009 -4.20979
      vertex 1.26785 -2.71892 -4.20979
      vertex 1.02606 -2.81908 -4.20979
    endloop
  endfacet
  facet normal 0 0 -1
    outer loop
      vertex 1.72073 -2.45746 -4.20979
      vertex 0.917722 -1.31064 -4.20979
      vertex 1.02846 -1.22567 -4.20979
    endloop
  endfacet
  facet normal 0 0 -1
    outer loop
      vertex 1.5 -2.59808 -4.20979
      vertex 0.799999 -1.38564 -4.20979
      vertex 0.917722 -1.31064 -4.20979
    endloop
  endfacet
  facet normal 0 0 -1
    outer loop
      vertex 0.547232 -1.50351 -4.20979
      vertex 1.02606 -2.81908 -4.20979
      vertex 0.776457 -2.89778 -4.20979
    endloop
  endfacet
  facet normal 0 0 -1
    outer loop
      vertex 1.26785 -2.71892 -4.20979
      vertex 0.676188 -1.45009 -4.20979
      vertex 0.799999 -1.38564 -4.20979
    endloop
  endfacet
  facet normal 0 0 -1
    outer loop
      vertex 1.02606 -2.81908 -4.20979
      vertex 0.547232 -1.50351 -4.20979
      vertex 0.676188 -1.45009 -4.20979
    endloop
  endfacet
  facet normal 0 0 -1
    outer loop
      vertex 0.41411 -1.54548 -4.20979
      vertex 0.776457 -2.89778 -4.20979
      vertex 0.520944 -2.95442 -4.20979
    endloop
  endfacet
  facet normal 0 0 -1
    outer loop
      vertex 0.776457 -2.89778 -4.20979
      vertex 0.41411 -1.54548 -4.20979
      vertex 0.547232 -1.50351 -4.20979
    endloop
  endfacet
  facet normal 0 0 -1
    outer loop
      vertex 0.520944 -2.95442 -4.20979
      vertex 0.277837 -1.57569 -4.20979
      vertex 0.41411 -1.54548 -4.20979
    endloop
  endfacet
  facet normal 0 0 -1
    outer loop
      vertex 0.261467 -2.98858 -4.20979
      vertex 0.277837 -1.57569 -4.20979
      vertex 0.520944 -2.95442 -4.20979
    endloop
  endfacet
  facet normal 0 0 -1
    outer loop
      vertex 0.261467 -2.98858 -4.20979
      vertex 0.139449 -1.59391 -4.20979
      vertex 0.277837 -1.57569 -4.20979
    endloop
  endfacet
  facet normal 0 0 -1
    outer loop
      vertex 0 -3 -4.20979
      vertex 0.139449 -1.59391 -4.20979
      vertex 0.261467 -2.98858 -4.20979
    endloop
  endfacet
  facet normal 0 0 -1
    outer loop
      vertex 0 -3 -4.20979
      vertex 0 -1.6 -4.20979
      vertex 0.139449 -1.59391 -4.20979
    endloop
  endfacet
  facet normal 0 0 -1
    outer loop
      vertex 0 -3 -4.20979
      vertex -0.139449 -1.59391 -4.20979
      vertex 0 -1.6 -4.20979
    endloop
  endfacet
  facet normal 0 0 -1
    outer loop
      vertex -0.261467 -2.98858 -4.20979
      vertex -0.139449 -1.59391 -4.20979
      vertex 0 -3 -4.20979
    endloop
  endfacet
  facet normal 0 0 -1
    outer loop
      vertex -0.261467 -2.98858 -4.20979
      vertex -0.277837 -1.57569 -4.20979
      vertex -0.139449 -1.59391 -4.20979
    endloop
  endfacet
  facet normal 0 0 -1
    outer loop
      vertex -0.520944 -2.95442 -4.20979
      vertex -0.277837 -1.57569 -4.20979
      vertex -0.261467 -2.98858 -4.20979
    endloop
  endfacet
  facet normal -0 0 -1
    outer loop
      vertex -0.277837 -1.57569 -4.20979
      vertex -0.520944 -2.95442 -4.20979
      vertex -0.41411 -1.54548 -4.20979
    endloop
  endfacet
  facet normal 0 0 -1
    outer loop
      vertex -0.776457 -2.89778 -4.20979
      vertex -0.41411 -1.54548 -4.20979
      vertex -0.520944 -2.95442 -4.20979
    endloop
  endfacet
  facet normal -0 0 -1
    outer loop
      vertex -0.41411 -1.54548 -4.20979
      vertex -0.776457 -2.89778 -4.20979
      vertex -0.547232 -1.50351 -4.20979
    endloop
  endfacet
  facet normal 0 0 -1
    outer loop
      vertex -1.02606 -2.81908 -4.20979
      vertex -0.547232 -1.50351 -4.20979
      vertex -0.776457 -2.89778 -4.20979
    endloop
  endfacet
  facet normal -0 0 -1
    outer loop
      vertex -0.547232 -1.50351 -4.20979
      vertex -1.02606 -2.81908 -4.20979
      vertex -0.676188 -1.45009 -4.20979
    endloop
  endfacet
  facet normal 0 0 -1
    outer loop
      vertex -1.26785 -2.71892 -4.20979
      vertex -0.676188 -1.45009 -4.20979
      vertex -1.02606 -2.81908 -4.20979
    endloop
  endfacet
  facet normal -0 0 -1
    outer loop
      vertex -0.676188 -1.45009 -4.20979
      vertex -1.26785 -2.71892 -4.20979
      vertex -0.799999 -1.38564 -4.20979
    endloop
  endfacet
  facet normal 0 0 -1
    outer loop
      vertex -1.5 -2.59808 -4.20979
      vertex -0.799999 -1.38564 -4.20979
      vertex -1.26785 -2.71892 -4.20979
    endloop
  endfacet
  facet normal -0 0 -1
    outer loop
      vertex -0.799999 -1.38564 -4.20979
      vertex -1.5 -2.59808 -4.20979
      vertex -0.917722 -1.31064 -4.20979
    endloop
  endfacet
  facet normal 0 0 -1
    outer loop
      vertex -1.72073 -2.45746 -4.20979
      vertex -0.917722 -1.31064 -4.20979
      vertex -1.5 -2.59808 -4.20979
    endloop
  endfacet
  facet normal -0 0 -1
    outer loop
      vertex -0.917722 -1.31064 -4.20979
      vertex -1.72073 -2.45746 -4.20979
      vertex -1.02846 -1.22567 -4.20979
    endloop
  endfacet
  facet normal 0 0 -1
    outer loop
      vertex -1.92836 -2.29813 -4.20979
      vertex -1.02846 -1.22567 -4.20979
      vertex -1.72073 -2.45746 -4.20979
    endloop
  endfacet
  facet normal -0 0 -1
    outer loop
      vertex -1.02846 -1.22567 -4.20979
      vertex -1.92836 -2.29813 -4.20979
      vertex -1.13137 -1.13137 -4.20979
    endloop
  endfacet
  facet normal 0 0 -1
    outer loop
      vertex -2.12132 -2.12132 -4.20979
      vertex -1.13137 -1.13137 -4.20979
      vertex -1.92836 -2.29813 -4.20979
    endloop
  endfacet
  facet normal -0 0 -1
    outer loop
      vertex -1.13137 -1.13137 -4.20979
      vertex -2.12132 -2.12132 -4.20979
      vertex -1.22567 -1.02846 -4.20979
    endloop
  endfacet
  facet normal 0 0 -1
    outer loop
      vertex -2.29813 -1.92836 -4.20979
      vertex -1.22567 -1.02846 -4.20979
      vertex -2.12132 -2.12132 -4.20979
    endloop
  endfacet
  facet normal -0 0 -1
    outer loop
      vertex -1.22567 -1.02846 -4.20979
      vertex -2.29813 -1.92836 -4.20979
      vertex -1.31064 -0.917722 -4.20979
    endloop
  endfacet
  facet normal 0 0 -1
    outer loop
      vertex -2.45746 -1.72073 -4.20979
      vertex -1.31064 -0.917722 -4.20979
      vertex -2.29813 -1.92836 -4.20979
    endloop
  endfacet
  facet normal -0 0 -1
    outer loop
      vertex -1.31064 -0.917722 -4.20979
      vertex -2.45746 -1.72073 -4.20979
      vertex -1.38564 -0.799999 -4.20979
    endloop
  endfacet
  facet normal 0 0 -1
    outer loop
      vertex -2.59808 -1.5 -4.20979
      vertex -1.38564 -0.799999 -4.20979
      vertex -2.45746 -1.72073 -4.20979
    endloop
  endfacet
  facet normal -0 0 -1
    outer loop
      vertex -1.38564 -0.799999 -4.20979
      vertex -2.59808 -1.5 -4.20979
      vertex -1.45009 -0.676188 -4.20979
    endloop
  endfacet
  facet normal -0 0 -1
    outer loop
      vertex -1.45009 -0.676188 -4.20979
      vertex -2.71892 -1.26785 -4.20979
      vertex -1.50351 -0.547232 -4.20979
    endloop
  endfacet
  facet normal 0 0 -1
    outer loop
      vertex -2.71892 -1.26785 -4.20979
      vertex -1.45009 -0.676188 -4.20979
      vertex -2.59808 -1.5 -4.20979
    endloop
  endfacet
  facet normal -0 0 -1
    outer loop
      vertex 1.92836 2.29813 -4.20979
      vertex 1.7 1.6 -4.20979
      vertex 1.72073 2.45746 -4.20979
    endloop
  endfacet
  facet normal 0 0 -1
    outer loop
      vertex 1.7 1.6 -4.20979
      vertex 1.5 2.59808 -4.20979
      vertex 1.72073 2.45746 -4.20979
    endloop
  endfacet
  facet normal 0 0 -1
    outer loop
      vertex 1.7 1.6 -4.20979
      vertex 1.26785 2.71892 -4.20979
      vertex 1.5 2.59808 -4.20979
    endloop
  endfacet
  facet normal 0 0 -1
    outer loop
      vertex 1.7 1.6 -4.20979
      vertex 1.02606 2.81908 -4.20979
      vertex 1.26785 2.71892 -4.20979
    endloop
  endfacet
  facet normal 0 0 -1
    outer loop
      vertex 1.7 1.6 -4.20979
      vertex 0.776457 2.89778 -4.20979
      vertex 1.02606 2.81908 -4.20979
    endloop
  endfacet
  facet normal 0 0 -1
    outer loop
      vertex 1.7 1.6 -4.20979
      vertex 0.520944 2.95442 -4.20979
      vertex 0.776457 2.89778 -4.20979
    endloop
  endfacet
  facet normal 0 0 -1
    outer loop
      vertex 1.7 1.6 -4.20979
      vertex 0.261467 2.98858 -4.20979
      vertex 0.520944 2.95442 -4.20979
    endloop
  endfacet
  facet normal 0 0 -1
    outer loop
      vertex 1.7 1.6 -4.20979
      vertex 0 3 -4.20979
      vertex 0.261467 2.98858 -4.20979
    endloop
  endfacet
  facet normal 0 0 -1
    outer loop
      vertex -1.7 1.6 -4.20979
      vertex 0 3 -4.20979
      vertex 1.7 1.6 -4.20979
    endloop
  endfacet
  facet normal 0 0 -1
    outer loop
      vertex 0 3 -4.20979
      vertex -1.7 1.6 -4.20979
      vertex -0.261467 2.98858 -4.20979
    endloop
  endfacet
  facet normal 0 0 -1
    outer loop
      vertex -0.261467 2.98858 -4.20979
      vertex -1.7 1.6 -4.20979
      vertex -0.520944 2.95442 -4.20979
    endloop
  endfacet
  facet normal 0 0 -1
    outer loop
      vertex -0.520944 2.95442 -4.20979
      vertex -1.7 1.6 -4.20979
      vertex -0.776457 2.89778 -4.20979
    endloop
  endfacet
  facet normal 0 0 -1
    outer loop
      vertex -0.776457 2.89778 -4.20979
      vertex -1.7 1.6 -4.20979
      vertex -1.02606 2.81908 -4.20979
    endloop
  endfacet
  facet normal 0 0 -1
    outer loop
      vertex -1.02606 2.81908 -4.20979
      vertex -1.7 1.6 -4.20979
      vertex -1.26785 2.71892 -4.20979
    endloop
  endfacet
  facet normal 0 0 -1
    outer loop
      vertex -1.26785 2.71892 -4.20979
      vertex -1.7 1.6 -4.20979
      vertex -1.5 2.59808 -4.20979
    endloop
  endfacet
  facet normal 0 0 -1
    outer loop
      vertex -1.7 1.6 -4.20979
      vertex -1.72073 2.45746 -4.20979
      vertex -1.5 2.59808 -4.20979
    endloop
  endfacet
  facet normal 0 0 -1
    outer loop
      vertex -2.81908 -1.02606 -4.20979
      vertex -1.50351 -0.547232 -4.20979
      vertex -2.71892 -1.26785 -4.20979
    endloop
  endfacet
  facet normal -0 0 -1
    outer loop
      vertex -1.50351 -0.547232 -4.20979
      vertex -2.81908 -1.02606 -4.20979
      vertex -1.54548 -0.41411 -4.20979
    endloop
  endfacet
  facet normal 0 0 -1
    outer loop
      vertex -1.7 1.6 -4.20979
      vertex -1.92836 2.29813 -4.20979
      vertex -1.72073 2.45746 -4.20979
    endloop
  endfacet
  facet normal 0 0 -1
    outer loop
      vertex -2.89778 -0.776457 -4.20979
      vertex -1.54548 -0.41411 -4.20979
      vertex -2.81908 -1.02606 -4.20979
    endloop
  endfacet
  facet normal 0 0 -1
    outer loop
      vertex -1.7 1.6 -4.20979
      vertex -2.12132 2.12132 -4.20979
      vertex -1.92836 2.29813 -4.20979
    endloop
  endfacet
  facet normal -0 0 -1
    outer loop
      vertex -1.54548 -0.41411 -4.20979
      vertex -2.89778 -0.776457 -4.20979
      vertex -1.57569 -0.277837 -4.20979
    endloop
  endfacet
  facet normal 0 0 -1
    outer loop
      vertex -1.7 1.6 -4.20979
      vertex -2.29813 1.92836 -4.20979
      vertex -2.12132 2.12132 -4.20979
    endloop
  endfacet
  facet normal 0 0 -1
    outer loop
      vertex -2.95442 -0.520944 -4.20979
      vertex -1.57569 -0.277837 -4.20979
      vertex -2.89778 -0.776457 -4.20979
    endloop
  endfacet
  facet normal 0 0 -1
    outer loop
      vertex -1.7 1.6 -4.20979
      vertex -2.45746 1.72073 -4.20979
      vertex -2.29813 1.92836 -4.20979
    endloop
  endfacet
  facet normal -0 0 -1
    outer loop
      vertex -1.57569 -0.277837 -4.20979
      vertex -2.95442 -0.520944 -4.20979
      vertex -1.59391 -0.139449 -4.20979
    endloop
  endfacet
  facet normal -0 0 -1
    outer loop
      vertex -1.7 1.6 -4.20979
      vertex -2.59808 1.5 -4.20979
      vertex -2.45746 1.72073 -4.20979
    endloop
  endfacet
  facet normal 0 0 -1
    outer loop
      vertex -2.98858 -0.261467 -4.20979
      vertex -1.59391 -0.139449 -4.20979
      vertex -2.95442 -0.520944 -4.20979
    endloop
  endfacet
  facet normal 0 0 -1
    outer loop
      vertex -1.7 0.599999 -4.20979
      vertex -2.59808 1.5 -4.20979
      vertex -1.7 1.6 -4.20979
    endloop
  endfacet
  facet normal -0 0 -1
    outer loop
      vertex -1.59391 -0.139449 -4.20979
      vertex -2.98858 -0.261467 -4.20979
      vertex -1.6 0 -4.20979
    endloop
  endfacet
  facet normal 0 -0 -1
    outer loop
      vertex -2.59808 1.5 -4.20979
      vertex -1.7 0.599999 -4.20979
      vertex -2.71892 1.26785 -4.20979
    endloop
  endfacet
  facet normal 0 0 -1
    outer loop
      vertex -3 0 -4.20979
      vertex -1.6 0 -4.20979
      vertex -2.98858 -0.261467 -4.20979
    endloop
  endfacet
  facet normal 0 -0 -1
    outer loop
      vertex -2.71892 1.26785 -4.20979
      vertex -1.7 0.599999 -4.20979
      vertex -2.81908 1.02606 -4.20979
    endloop
  endfacet
  facet normal 0 -0 -1
    outer loop
      vertex -2.98858 0.261467 -4.20979
      vertex -1.6 0 -4.20979
      vertex -3 0 -4.20979
    endloop
  endfacet
  facet normal 0 -0 -1
    outer loop
      vertex -2.81908 1.02606 -4.20979
      vertex -1.7 0.599999 -4.20979
      vertex -2.89778 0.776457 -4.20979
    endloop
  endfacet
  facet normal 0 0 -1
    outer loop
      vertex -1.6 0 -4.20979
      vertex -2.98858 0.261467 -4.20979
      vertex -1.7 0.599999 -4.20979
    endloop
  endfacet
  facet normal 0 -0 -1
    outer loop
      vertex -2.89778 0.776457 -4.20979
      vertex -1.7 0.599999 -4.20979
      vertex -2.95442 0.520944 -4.20979
    endloop
  endfacet
  facet normal 0 -0 -1
    outer loop
      vertex -2.95442 0.520944 -4.20979
      vertex -1.7 0.599999 -4.20979
      vertex -2.98858 0.261467 -4.20979
    endloop
  endfacet
  facet normal -0 0 -1
    outer loop
      vertex 2.89778 0.776457 -4.20979
      vertex 1.7 0.599999 -4.20979
      vertex 2.81908 1.02606 -4.20979
    endloop
  endfacet
  facet normal 0 0 -1
    outer loop
      vertex 1.57569 0.277837 -4.20979
      vertex 1.7 0.599999 -4.20979
      vertex 1.59391 0.139449 -4.20979
    endloop
  endfacet
  facet normal 0 0 -1
    outer loop
      vertex 1.54548 0.41411 -4.20979
      vertex 1.7 0.599999 -4.20979
      vertex 1.57569 0.277837 -4.20979
    endloop
  endfacet
  facet normal 0 0 -1
    outer loop
      vertex 1.50351 0.547232 -4.20979
      vertex 1.7 0.599999 -4.20979
      vertex 1.54548 0.41411 -4.20979
    endloop
  endfacet
  facet normal -0 0 -1
    outer loop
      vertex 1.7 0.599999 -4.20979
      vertex 1.50351 0.547232 -4.20979
      vertex 1.48165 0.599999 -4.20979
    endloop
  endfacet
  facet normal 0 0 -1
    outer loop
      vertex -1.50351 0.547232 -4.20979
      vertex -1.7 0.599999 -4.20979
      vertex -1.48165 0.599999 -4.20979
    endloop
  endfacet
  facet normal 0 0 -1
    outer loop
      vertex -1.54548 0.41411 -4.20979
      vertex -1.7 0.599999 -4.20979
      vertex -1.50351 0.547232 -4.20979
    endloop
  endfacet
  facet normal 0 0 -1
    outer loop
      vertex -1.57569 0.277837 -4.20979
      vertex -1.7 0.599999 -4.20979
      vertex -1.54548 0.41411 -4.20979
    endloop
  endfacet
  facet normal 0 0 -1
    outer loop
      vertex -1.59391 0.139449 -4.20979
      vertex -1.7 0.599999 -4.20979
      vertex -1.57569 0.277837 -4.20979
    endloop
  endfacet
  facet normal 0 0 -1
    outer loop
      vertex -1.7 0.599999 -4.20979
      vertex -1.59391 0.139449 -4.20979
      vertex -1.6 0 -4.20979
    endloop
  endfacet
  facet normal -0.737287 0.675579 0
    outer loop
      vertex -2.29813 1.92836 -4.20979
      vertex -2.12132 2.12132 0
      vertex -2.12132 2.12132 -4.20979
    endloop
  endfacet
  facet normal -0.737287 0.675579 0
    outer loop
      vertex -2.12132 2.12132 0
      vertex -2.29813 1.92836 -4.20979
      vertex -2.29813 1.92836 0
    endloop
  endfacet
  facet normal 0.737287 -0.675579 0
    outer loop
      vertex 2.12132 -2.12132 0
      vertex 2.29813 -1.92836 -4.20979
      vertex 2.29813 -1.92836 0
    endloop
  endfacet
  facet normal 0.737287 -0.675579 0
    outer loop
      vertex 2.29813 -1.92836 -4.20979
      vertex 2.12132 -2.12132 0
      vertex 2.12132 -2.12132 -4.20979
    endloop
  endfacet
  facet normal 0.382707 0.92387 -0
    outer loop
      vertex 1.26785 2.71892 -4.20979
      vertex 1.02606 2.81908 0
      vertex 1.26785 2.71892 0
    endloop
  endfacet
  facet normal 0.382707 0.92387 0
    outer loop
      vertex 1.02606 2.81908 0
      vertex 1.26785 2.71892 -4.20979
      vertex 1.02606 2.81908 -4.20979
    endloop
  endfacet
  facet normal -0.130505 0.991448 0
    outer loop
      vertex -0.261467 2.98858 -4.20979
      vertex -0.469018 2.96126 0
      vertex -0.261467 2.98858 0
    endloop
  endfacet
  facet normal -0.130523 0.991445 -9.35332e-07
    outer loop
      vertex -0.520944 2.95442 -4.20979
      vertex -0.469018 2.96126 0
      vertex -0.261467 2.98858 -4.20979
    endloop
  endfacet
  facet normal -0.130598 0.991435 0
    outer loop
      vertex -0.469018 2.96126 0
      vertex -0.520944 2.95442 -4.20979
      vertex -0.520944 2.95442 0
    endloop
  endfacet
  facet normal -0.737287 -0.675579 0
    outer loop
      vertex -2.12132 -2.12132 -4.20979
      vertex -2.29813 -1.92836 0
      vertex -2.29813 -1.92836 -4.20979
    endloop
  endfacet
  facet normal -0.737287 -0.675579 0
    outer loop
      vertex -2.29813 -1.92836 0
      vertex -2.12132 -2.12132 -4.20979
      vertex -2.12132 -2.12132 0
    endloop
  endfacet
  facet normal 0.675579 0.737287 -0
    outer loop
      vertex 2.12132 2.12132 -4.20979
      vertex 1.92836 2.29813 0
      vertex 2.12132 2.12132 0
    endloop
  endfacet
  facet normal 0.675579 0.737287 0
    outer loop
      vertex 1.92836 2.29813 0
      vertex 2.12132 2.12132 -4.20979
      vertex 1.92836 2.29813 -4.20979
    endloop
  endfacet
  facet normal -0.216418 -0.976301 0
    outer loop
      vertex -0.776457 -2.89778 -4.20979
      vertex -0.520944 -2.95442 0
      vertex -0.776457 -2.89778 0
    endloop
  endfacet
  facet normal -0.216418 -0.976301 -0
    outer loop
      vertex -0.520944 -2.95442 0
      vertex -0.776457 -2.89778 -4.20979
      vertex -0.520944 -2.95442 -4.20979
    endloop
  endfacet
  facet normal 0.976301 0.216418 0
    outer loop
      vertex 2.95442 0.520944 0
      vertex 2.89778 0.776457 -4.20979
      vertex 2.89778 0.776457 0
    endloop
  endfacet
  facet normal 0.976301 0.216418 0
    outer loop
      vertex 2.89778 0.776457 -4.20979
      vertex 2.95442 0.520944 0
      vertex 2.95442 0.520944 -4.20979
    endloop
  endfacet
  facet normal -0.991448 -0.130505 0
    outer loop
      vertex -2.98858 -0.261467 -4.20979
      vertex -2.96126 -0.469018 0
      vertex -2.98858 -0.261467 0
    endloop
  endfacet
  facet normal -0.991445 -0.130523 -9.35332e-07
    outer loop
      vertex -2.95442 -0.520944 -4.20979
      vertex -2.96126 -0.469018 0
      vertex -2.98858 -0.261467 -4.20979
    endloop
  endfacet
  facet normal -0.991435 -0.130598 0
    outer loop
      vertex -2.96126 -0.469018 0
      vertex -2.95442 -0.520944 -4.20979
      vertex -2.95442 -0.520944 0
    endloop
  endfacet
  facet normal -0.991435 0.130598 0
    outer loop
      vertex -2.95442 0.520944 -4.20979
      vertex -2.96126 0.469018 0
      vertex -2.95442 0.520944 0
    endloop
  endfacet
  facet normal -0.991445 0.130523 -9.35332e-07
    outer loop
      vertex -2.98858 0.261467 -4.20979
      vertex -2.96126 0.469018 0
      vertex -2.95442 0.520944 -4.20979
    endloop
  endfacet
  facet normal -0.991448 0.130505 0
    outer loop
      vertex -2.96126 0.469018 0
      vertex -2.98858 0.261467 -4.20979
      vertex -2.98858 0.261467 0
    endloop
  endfacet
  facet normal -0.043635 0.999048 0
    outer loop
      vertex 0 3 -4.20979
      vertex -0.261467 2.98858 0
      vertex 0 3 0
    endloop
  endfacet
  facet normal -0.043635 0.999048 0
    outer loop
      vertex -0.261467 2.98858 0
      vertex 0 3 -4.20979
      vertex -0.261467 2.98858 -4.20979
    endloop
  endfacet
  facet normal 0.382707 -0.92387 0
    outer loop
      vertex 1.02606 -2.81908 -4.20979
      vertex 1.26785 -2.71892 0
      vertex 1.02606 -2.81908 0
    endloop
  endfacet
  facet normal 0.382707 -0.92387 0
    outer loop
      vertex 1.26785 -2.71892 0
      vertex 1.02606 -2.81908 -4.20979
      vertex 1.26785 -2.71892 -4.20979
    endloop
  endfacet
  facet normal 0.953716 0.300707 0
    outer loop
      vertex 2.89778 0.776457 0
      vertex 2.81908 1.02606 -4.20979
      vertex 2.81908 1.02606 0
    endloop
  endfacet
  facet normal 0.953716 0.300707 0
    outer loop
      vertex 2.81908 1.02606 -4.20979
      vertex 2.89778 0.776457 0
      vertex 2.89778 0.776457 -4.20979
    endloop
  endfacet
  facet normal -0.608785 0.793335 0
    outer loop
      vertex -1.72073 2.45746 -4.20979
      vertex -1.92836 2.29813 0
      vertex -1.72073 2.45746 0
    endloop
  endfacet
  facet normal -0.608785 0.793335 0
    outer loop
      vertex -1.92836 2.29813 0
      vertex -1.72073 2.45746 -4.20979
      vertex -1.92836 2.29813 -4.20979
    endloop
  endfacet
  facet normal 0.461711 -0.887031 0
    outer loop
      vertex 1.26785 -2.71892 -4.20979
      vertex 1.36072 -2.67058 0
      vertex 1.26785 -2.71892 0
    endloop
  endfacet
  facet normal 0.46172 -0.887026 -2.53954e-07
    outer loop
      vertex 1.5 -2.59808 -4.20979
      vertex 1.36072 -2.67058 0
      vertex 1.26785 -2.71892 -4.20979
    endloop
  endfacet
  facet normal 0.461726 -0.887023 0
    outer loop
      vertex 1.36072 -2.67058 0
      vertex 1.5 -2.59808 -4.20979
      vertex 1.5 -2.59808 0
    endloop
  endfacet
  facet normal 0.300707 0.953716 -0
    outer loop
      vertex 1.02606 2.81908 -4.20979
      vertex 0.776457 2.89778 0
      vertex 1.02606 2.81908 0
    endloop
  endfacet
  facet normal 0.300707 0.953716 0
    outer loop
      vertex 0.776457 2.89778 0
      vertex 1.02606 2.81908 -4.20979
      vertex 0.776457 2.89778 -4.20979
    endloop
  endfacet
  facet normal 0.887023 0.461726 0
    outer loop
      vertex 2.67058 1.36072 0
      vertex 2.59808 1.5 -4.20979
      vertex 2.59808 1.5 0
    endloop
  endfacet
  facet normal 0.887031 0.461711 -0
    outer loop
      vertex 2.71892 1.26785 -4.20979
      vertex 2.67058 1.36072 0
      vertex 2.71892 1.26785 0
    endloop
  endfacet
  facet normal 0.887026 0.46172 -2.53954e-07
    outer loop
      vertex 2.67058 1.36072 0
      vertex 2.71892 1.26785 -4.20979
      vertex 2.59808 1.5 -4.20979
    endloop
  endfacet
  facet normal 0.92387 0.382707 0
    outer loop
      vertex 2.81908 1.02606 0
      vertex 2.71892 1.26785 -4.20979
      vertex 2.71892 1.26785 0
    endloop
  endfacet
  facet normal 0.92387 0.382707 0
    outer loop
      vertex 2.71892 1.26785 -4.20979
      vertex 2.81908 1.02606 0
      vertex 2.81908 1.02606 -4.20979
    endloop
  endfacet
  facet normal 0.043635 0.999048 -0
    outer loop
      vertex 0.261467 2.98858 -4.20979
      vertex 0 3 0
      vertex 0.261467 2.98858 0
    endloop
  endfacet
  facet normal 0.043635 0.999048 0
    outer loop
      vertex 0 3 0
      vertex 0.261467 2.98858 -4.20979
      vertex 0 3 -4.20979
    endloop
  endfacet
  facet normal -0.843392 -0.537298 0
    outer loop
      vertex -2.45746 -1.72073 -4.20979
      vertex -2.59808 -1.5 0
      vertex -2.59808 -1.5 -4.20979
    endloop
  endfacet
  facet normal -0.843392 -0.537298 0
    outer loop
      vertex -2.59808 -1.5 0
      vertex -2.45746 -1.72073 -4.20979
      vertex -2.45746 -1.72073 0
    endloop
  endfacet
  facet normal 0.130505 -0.991448 0
    outer loop
      vertex 0.261467 -2.98858 -4.20979
      vertex 0.469018 -2.96126 0
      vertex 0.261467 -2.98858 0
    endloop
  endfacet
  facet normal 0.130523 -0.991445 -9.35332e-07
    outer loop
      vertex 0.520944 -2.95442 -4.20979
      vertex 0.469018 -2.96126 0
      vertex 0.261467 -2.98858 -4.20979
    endloop
  endfacet
  facet normal 0.130598 -0.991435 0
    outer loop
      vertex 0.469018 -2.96126 0
      vertex 0.520944 -2.95442 -4.20979
      vertex 0.520944 -2.95442 0
    endloop
  endfacet
  facet normal 0.608785 -0.793335 0
    outer loop
      vertex 1.72073 -2.45746 -4.20979
      vertex 1.92836 -2.29813 0
      vertex 1.72073 -2.45746 0
    endloop
  endfacet
  facet normal 0.608785 -0.793335 0
    outer loop
      vertex 1.92836 -2.29813 0
      vertex 1.72073 -2.45746 -4.20979
      vertex 1.92836 -2.29813 -4.20979
    endloop
  endfacet
  facet normal 0.461726 0.887023 -0
    outer loop
      vertex 1.5 2.59808 -4.20979
      vertex 1.36072 2.67058 0
      vertex 1.5 2.59808 0
    endloop
  endfacet
  facet normal 0.46172 0.887026 -2.53954e-07
    outer loop
      vertex 1.26785 2.71892 -4.20979
      vertex 1.36072 2.67058 0
      vertex 1.5 2.59808 -4.20979
    endloop
  endfacet
  facet normal 0.461711 0.887031 0
    outer loop
      vertex 1.36072 2.67058 0
      vertex 1.26785 2.71892 -4.20979
      vertex 1.26785 2.71892 0
    endloop
  endfacet
  facet normal -0.382707 0.92387 0
    outer loop
      vertex -1.02606 2.81908 -4.20979
      vertex -1.26785 2.71892 0
      vertex -1.02606 2.81908 0
    endloop
  endfacet
  facet normal -0.382707 0.92387 0
    outer loop
      vertex -1.26785 2.71892 0
      vertex -1.02606 2.81908 -4.20979
      vertex -1.26785 2.71892 -4.20979
    endloop
  endfacet
  facet normal -0.537298 0.843392 0
    outer loop
      vertex -1.5 2.59808 -4.20979
      vertex -1.72073 2.45746 0
      vertex -1.5 2.59808 0
    endloop
  endfacet
  facet normal -0.537298 0.843392 0
    outer loop
      vertex -1.72073 2.45746 0
      vertex -1.5 2.59808 -4.20979
      vertex -1.72073 2.45746 -4.20979
    endloop
  endfacet
  facet normal 0.976301 -0.216418 0
    outer loop
      vertex 2.89778 -0.776457 0
      vertex 2.95442 -0.520944 -4.20979
      vertex 2.95442 -0.520944 0
    endloop
  endfacet
  facet normal 0.976301 -0.216418 0
    outer loop
      vertex 2.95442 -0.520944 -4.20979
      vertex 2.89778 -0.776457 0
      vertex 2.89778 -0.776457 -4.20979
    endloop
  endfacet
  facet normal 0.843392 -0.537298 0
    outer loop
      vertex 2.45746 -1.72073 0
      vertex 2.59808 -1.5 -4.20979
      vertex 2.59808 -1.5 0
    endloop
  endfacet
  facet normal 0.843392 -0.537298 0
    outer loop
      vertex 2.59808 -1.5 -4.20979
      vertex 2.45746 -1.72073 0
      vertex 2.45746 -1.72073 -4.20979
    endloop
  endfacet
  facet normal 0.537298 -0.843392 0
    outer loop
      vertex 1.5 -2.59808 -4.20979
      vertex 1.72073 -2.45746 0
      vertex 1.5 -2.59808 0
    endloop
  endfacet
  facet normal 0.537298 -0.843392 0
    outer loop
      vertex 1.72073 -2.45746 0
      vertex 1.5 -2.59808 -4.20979
      vertex 1.72073 -2.45746 -4.20979
    endloop
  endfacet
  facet normal -0.537298 -0.843392 0
    outer loop
      vertex -1.72073 -2.45746 -4.20979
      vertex -1.5 -2.59808 0
      vertex -1.72073 -2.45746 0
    endloop
  endfacet
  facet normal -0.537298 -0.843392 -0
    outer loop
      vertex -1.5 -2.59808 0
      vertex -1.72073 -2.45746 -4.20979
      vertex -1.5 -2.59808 -4.20979
    endloop
  endfacet
  facet normal 0.793335 -0.608785 0
    outer loop
      vertex 2.29813 -1.92836 0
      vertex 2.45746 -1.72073 -4.20979
      vertex 2.45746 -1.72073 0
    endloop
  endfacet
  facet normal 0.793335 -0.608785 0
    outer loop
      vertex 2.45746 -1.72073 -4.20979
      vertex 2.29813 -1.92836 0
      vertex 2.29813 -1.92836 -4.20979
    endloop
  endfacet
  facet normal -0.675579 0.737287 0
    outer loop
      vertex -1.92836 2.29813 -4.20979
      vertex -2.12132 2.12132 0
      vertex -1.92836 2.29813 0
    endloop
  endfacet
  facet normal -0.675579 0.737287 0
    outer loop
      vertex -2.12132 2.12132 0
      vertex -1.92836 2.29813 -4.20979
      vertex -2.12132 2.12132 -4.20979
    endloop
  endfacet
  facet normal 0.953716 -0.300707 0
    outer loop
      vertex 2.81908 -1.02606 0
      vertex 2.89778 -0.776457 -4.20979
      vertex 2.89778 -0.776457 0
    endloop
  endfacet
  facet normal 0.953716 -0.300707 0
    outer loop
      vertex 2.89778 -0.776457 -4.20979
      vertex 2.81908 -1.02606 0
      vertex 2.81908 -1.02606 -4.20979
    endloop
  endfacet
  facet normal 0.999048 -0.043635 0
    outer loop
      vertex 2.98858 -0.261467 0
      vertex 3 0 -4.20979
      vertex 3 0 0
    endloop
  endfacet
  facet normal 0.999048 -0.043635 0
    outer loop
      vertex 3 0 -4.20979
      vertex 2.98858 -0.261467 0
      vertex 2.98858 -0.261467 -4.20979
    endloop
  endfacet
  facet normal -0.887031 -0.461711 0
    outer loop
      vertex -2.71892 -1.26785 -4.20979
      vertex -2.67058 -1.36072 0
      vertex -2.71892 -1.26785 0
    endloop
  endfacet
  facet normal -0.887026 -0.46172 -2.53954e-07
    outer loop
      vertex -2.59808 -1.5 -4.20979
      vertex -2.67058 -1.36072 0
      vertex -2.71892 -1.26785 -4.20979
    endloop
  endfacet
  facet normal -0.887023 -0.461726 0
    outer loop
      vertex -2.67058 -1.36072 0
      vertex -2.59808 -1.5 -4.20979
      vertex -2.59808 -1.5 0
    endloop
  endfacet
  facet normal -0.043635 -0.999048 0
    outer loop
      vertex -0.261467 -2.98858 -4.20979
      vertex 0 -3 0
      vertex -0.261467 -2.98858 0
    endloop
  endfacet
  facet normal -0.043635 -0.999048 -0
    outer loop
      vertex 0 -3 0
      vertex -0.261467 -2.98858 -4.20979
      vertex 0 -3 -4.20979
    endloop
  endfacet
  facet normal 0.043635 -0.999048 0
    outer loop
      vertex 0 -3 -4.20979
      vertex 0.261467 -2.98858 0
      vertex 0 -3 0
    endloop
  endfacet
  facet normal 0.043635 -0.999048 0
    outer loop
      vertex 0.261467 -2.98858 0
      vertex 0 -3 -4.20979
      vertex 0.261467 -2.98858 -4.20979
    endloop
  endfacet
  facet normal -0.953716 0.300707 0
    outer loop
      vertex -2.89778 0.776457 -4.20979
      vertex -2.81908 1.02606 0
      vertex -2.81908 1.02606 -4.20979
    endloop
  endfacet
  facet normal -0.953716 0.300707 0
    outer loop
      vertex -2.81908 1.02606 0
      vertex -2.89778 0.776457 -4.20979
      vertex -2.89778 0.776457 0
    endloop
  endfacet
  facet normal -0.216418 0.976301 0
    outer loop
      vertex -0.520944 2.95442 -4.20979
      vertex -0.776457 2.89778 0
      vertex -0.520944 2.95442 0
    endloop
  endfacet
  facet normal -0.216418 0.976301 0
    outer loop
      vertex -0.776457 2.89778 0
      vertex -0.520944 2.95442 -4.20979
      vertex -0.776457 2.89778 -4.20979
    endloop
  endfacet
  facet normal 0.537298 0.843392 -0
    outer loop
      vertex 1.72073 2.45746 -4.20979
      vertex 1.5 2.59808 0
      vertex 1.72073 2.45746 0
    endloop
  endfacet
  facet normal 0.537298 0.843392 0
    outer loop
      vertex 1.5 2.59808 0
      vertex 1.72073 2.45746 -4.20979
      vertex 1.5 2.59808 -4.20979
    endloop
  endfacet
  facet normal -0.92387 -0.382707 0
    outer loop
      vertex -2.71892 -1.26785 -4.20979
      vertex -2.81908 -1.02606 0
      vertex -2.81908 -1.02606 -4.20979
    endloop
  endfacet
  facet normal -0.92387 -0.382707 0
    outer loop
      vertex -2.81908 -1.02606 0
      vertex -2.71892 -1.26785 -4.20979
      vertex -2.71892 -1.26785 0
    endloop
  endfacet
  facet normal -0.300707 -0.953716 0
    outer loop
      vertex -1.02606 -2.81908 -4.20979
      vertex -0.776457 -2.89778 0
      vertex -1.02606 -2.81908 0
    endloop
  endfacet
  facet normal -0.300707 -0.953716 -0
    outer loop
      vertex -0.776457 -2.89778 0
      vertex -1.02606 -2.81908 -4.20979
      vertex -0.776457 -2.89778 -4.20979
    endloop
  endfacet
  facet normal 0.130598 0.991435 -0
    outer loop
      vertex 0.520944 2.95442 -4.20979
      vertex 0.469018 2.96126 0
      vertex 0.520944 2.95442 0
    endloop
  endfacet
  facet normal 0.130523 0.991445 -9.35332e-07
    outer loop
      vertex 0.261467 2.98858 -4.20979
      vertex 0.469018 2.96126 0
      vertex 0.520944 2.95442 -4.20979
    endloop
  endfacet
  facet normal 0.130505 0.991448 0
    outer loop
      vertex 0.469018 2.96126 0
      vertex 0.261467 2.98858 -4.20979
      vertex 0.261467 2.98858 0
    endloop
  endfacet
  facet normal -0.130598 -0.991435 0
    outer loop
      vertex -0.520944 -2.95442 -4.20979
      vertex -0.469018 -2.96126 0
      vertex -0.520944 -2.95442 0
    endloop
  endfacet
  facet normal -0.130523 -0.991445 -9.35332e-07
    outer loop
      vertex -0.261467 -2.98858 -4.20979
      vertex -0.469018 -2.96126 0
      vertex -0.520944 -2.95442 -4.20979
    endloop
  endfacet
  facet normal -0.130505 -0.991448 0
    outer loop
      vertex -0.469018 -2.96126 0
      vertex -0.261467 -2.98858 -4.20979
      vertex -0.261467 -2.98858 0
    endloop
  endfacet
  facet normal -0.999048 -0.043635 0
    outer loop
      vertex -2.98858 -0.261467 -4.20979
      vertex -3 0 0
      vertex -3 0 -4.20979
    endloop
  endfacet
  facet normal -0.999048 -0.043635 0
    outer loop
      vertex -3 0 0
      vertex -2.98858 -0.261467 -4.20979
      vertex -2.98858 -0.261467 0
    endloop
  endfacet
  facet normal -0.976301 -0.216418 0
    outer loop
      vertex -2.89778 -0.776457 -4.20979
      vertex -2.95442 -0.520944 0
      vertex -2.95442 -0.520944 -4.20979
    endloop
  endfacet
  facet normal -0.976301 -0.216418 0
    outer loop
      vertex -2.95442 -0.520944 0
      vertex -2.89778 -0.776457 -4.20979
      vertex -2.89778 -0.776457 0
    endloop
  endfacet
  facet normal -0.953716 -0.300707 0
    outer loop
      vertex -2.81908 -1.02606 -4.20979
      vertex -2.89778 -0.776457 0
      vertex -2.89778 -0.776457 -4.20979
    endloop
  endfacet
  facet normal -0.953716 -0.300707 0
    outer loop
      vertex -2.89778 -0.776457 0
      vertex -2.81908 -1.02606 -4.20979
      vertex -2.81908 -1.02606 0
    endloop
  endfacet
  facet normal -0.999048 0.043635 0
    outer loop
      vertex -3 0 -4.20979
      vertex -2.98858 0.261467 0
      vertex -2.98858 0.261467 -4.20979
    endloop
  endfacet
  facet normal -0.999048 0.043635 0
    outer loop
      vertex -2.98858 0.261467 0
      vertex -3 0 -4.20979
      vertex -3 0 0
    endloop
  endfacet
  facet normal -0.793335 -0.608785 0
    outer loop
      vertex -2.29813 -1.92836 -4.20979
      vertex -2.45746 -1.72073 0
      vertex -2.45746 -1.72073 -4.20979
    endloop
  endfacet
  facet normal -0.793335 -0.608785 0
    outer loop
      vertex -2.45746 -1.72073 0
      vertex -2.29813 -1.92836 -4.20979
      vertex -2.29813 -1.92836 0
    endloop
  endfacet
  facet normal -0.300707 0.953716 0
    outer loop
      vertex -0.776457 2.89778 -4.20979
      vertex -1.02606 2.81908 0
      vertex -0.776457 2.89778 0
    endloop
  endfacet
  facet normal -0.300707 0.953716 0
    outer loop
      vertex -1.02606 2.81908 0
      vertex -0.776457 2.89778 -4.20979
      vertex -1.02606 2.81908 -4.20979
    endloop
  endfacet
  facet normal 0.608785 0.793335 -0
    outer loop
      vertex 1.92836 2.29813 -4.20979
      vertex 1.72073 2.45746 0
      vertex 1.92836 2.29813 0
    endloop
  endfacet
  facet normal 0.608785 0.793335 0
    outer loop
      vertex 1.72073 2.45746 0
      vertex 1.92836 2.29813 -4.20979
      vertex 1.72073 2.45746 -4.20979
    endloop
  endfacet
  facet normal 0.300707 -0.953716 0
    outer loop
      vertex 0.776457 -2.89778 -4.20979
      vertex 1.02606 -2.81908 0
      vertex 0.776457 -2.89778 0
    endloop
  endfacet
  facet normal 0.300707 -0.953716 0
    outer loop
      vertex 1.02606 -2.81908 0
      vertex 0.776457 -2.89778 -4.20979
      vertex 1.02606 -2.81908 -4.20979
    endloop
  endfacet
  facet normal 0.216418 0.976301 -0
    outer loop
      vertex 0.776457 2.89778 -4.20979
      vertex 0.520944 2.95442 0
      vertex 0.776457 2.89778 0
    endloop
  endfacet
  facet normal 0.216418 0.976301 0
    outer loop
      vertex 0.520944 2.95442 0
      vertex 0.776457 2.89778 -4.20979
      vertex 0.520944 2.95442 -4.20979
    endloop
  endfacet
  facet normal 0.991448 -0.130505 0
    outer loop
      vertex 2.96126 -0.469018 0
      vertex 2.98858 -0.261467 -4.20979
      vertex 2.98858 -0.261467 0
    endloop
  endfacet
  facet normal 0.991435 -0.130598 0
    outer loop
      vertex 2.95442 -0.520944 -4.20979
      vertex 2.96126 -0.469018 0
      vertex 2.95442 -0.520944 0
    endloop
  endfacet
  facet normal 0.991445 -0.130523 -9.35332e-07
    outer loop
      vertex 2.96126 -0.469018 0
      vertex 2.95442 -0.520944 -4.20979
      vertex 2.98858 -0.261467 -4.20979
    endloop
  endfacet
  facet normal 0.216418 -0.976301 0
    outer loop
      vertex 0.520944 -2.95442 -4.20979
      vertex 0.776457 -2.89778 0
      vertex 0.520944 -2.95442 0
    endloop
  endfacet
  facet normal 0.216418 -0.976301 0
    outer loop
      vertex 0.776457 -2.89778 0
      vertex 0.520944 -2.95442 -4.20979
      vertex 0.776457 -2.89778 -4.20979
    endloop
  endfacet
  facet normal 0.887031 -0.461711 0
    outer loop
      vertex 2.67058 -1.36072 0
      vertex 2.71892 -1.26785 -4.20979
      vertex 2.71892 -1.26785 0
    endloop
  endfacet
  facet normal 0.887023 -0.461726 0
    outer loop
      vertex 2.59808 -1.5 -4.20979
      vertex 2.67058 -1.36072 0
      vertex 2.59808 -1.5 0
    endloop
  endfacet
  facet normal 0.887026 -0.46172 -2.53954e-07
    outer loop
      vertex 2.67058 -1.36072 0
      vertex 2.59808 -1.5 -4.20979
      vertex 2.71892 -1.26785 -4.20979
    endloop
  endfacet
  facet normal -0.461726 -0.887023 0
    outer loop
      vertex -1.5 -2.59808 -4.20979
      vertex -1.36072 -2.67058 0
      vertex -1.5 -2.59808 0
    endloop
  endfacet
  facet normal -0.46172 -0.887026 -2.53954e-07
    outer loop
      vertex -1.26785 -2.71892 -4.20979
      vertex -1.36072 -2.67058 0
      vertex -1.5 -2.59808 -4.20979
    endloop
  endfacet
  facet normal -0.461711 -0.887031 0
    outer loop
      vertex -1.36072 -2.67058 0
      vertex -1.26785 -2.71892 -4.20979
      vertex -1.26785 -2.71892 0
    endloop
  endfacet
  facet normal -0.461711 0.887031 0
    outer loop
      vertex -1.26785 2.71892 -4.20979
      vertex -1.36072 2.67058 0
      vertex -1.26785 2.71892 0
    endloop
  endfacet
  facet normal -0.46172 0.887026 -2.53954e-07
    outer loop
      vertex -1.5 2.59808 -4.20979
      vertex -1.36072 2.67058 0
      vertex -1.26785 2.71892 -4.20979
    endloop
  endfacet
  facet normal -0.461726 0.887023 0
    outer loop
      vertex -1.36072 2.67058 0
      vertex -1.5 2.59808 -4.20979
      vertex -1.5 2.59808 0
    endloop
  endfacet
  facet normal -0.976301 0.216418 0
    outer loop
      vertex -2.95442 0.520944 -4.20979
      vertex -2.89778 0.776457 0
      vertex -2.89778 0.776457 -4.20979
    endloop
  endfacet
  facet normal -0.976301 0.216418 0
    outer loop
      vertex -2.89778 0.776457 0
      vertex -2.95442 0.520944 -4.20979
      vertex -2.95442 0.520944 0
    endloop
  endfacet
  facet normal -0.608785 -0.793335 0
    outer loop
      vertex -1.92836 -2.29813 -4.20979
      vertex -1.72073 -2.45746 0
      vertex -1.92836 -2.29813 0
    endloop
  endfacet
  facet normal -0.608785 -0.793335 -0
    outer loop
      vertex -1.72073 -2.45746 0
      vertex -1.92836 -2.29813 -4.20979
      vertex -1.72073 -2.45746 -4.20979
    endloop
  endfacet
  facet normal -0.382707 -0.92387 0
    outer loop
      vertex -1.26785 -2.71892 -4.20979
      vertex -1.02606 -2.81908 0
      vertex -1.26785 -2.71892 0
    endloop
  endfacet
  facet normal -0.382707 -0.92387 -0
    outer loop
      vertex -1.02606 -2.81908 0
      vertex -1.26785 -2.71892 -4.20979
      vertex -1.02606 -2.81908 -4.20979
    endloop
  endfacet
  facet normal -0.887023 0.461726 0
    outer loop
      vertex -2.59808 1.5 -4.20979
      vertex -2.67058 1.36072 0
      vertex -2.59808 1.5 0
    endloop
  endfacet
  facet normal -0.887026 0.46172 -2.53954e-07
    outer loop
      vertex -2.71892 1.26785 -4.20979
      vertex -2.67058 1.36072 0
      vertex -2.59808 1.5 -4.20979
    endloop
  endfacet
  facet normal -0.887031 0.461711 0
    outer loop
      vertex -2.67058 1.36072 0
      vertex -2.71892 1.26785 -4.20979
      vertex -2.71892 1.26785 0
    endloop
  endfacet
  facet normal 0.675579 -0.737287 0
    outer loop
      vertex 1.92836 -2.29813 -4.20979
      vertex 2.12132 -2.12132 0
      vertex 1.92836 -2.29813 0
    endloop
  endfacet
  facet normal 0.675579 -0.737287 0
    outer loop
      vertex 2.12132 -2.12132 0
      vertex 1.92836 -2.29813 -4.20979
      vertex 2.12132 -2.12132 -4.20979
    endloop
  endfacet
  facet normal -0.675579 -0.737287 0
    outer loop
      vertex -2.12132 -2.12132 -4.20979
      vertex -1.92836 -2.29813 0
      vertex -2.12132 -2.12132 0
    endloop
  endfacet
  facet normal -0.675579 -0.737287 -0
    outer loop
      vertex -1.92836 -2.29813 0
      vertex -2.12132 -2.12132 -4.20979
      vertex -1.92836 -2.29813 -4.20979
    endloop
  endfacet
  facet normal -0.843392 0.537298 0
    outer loop
      vertex -2.59808 1.5 -4.20979
      vertex -2.45746 1.72073 0
      vertex -2.45746 1.72073 -4.20979
    endloop
  endfacet
  facet normal -0.843392 0.537298 0
    outer loop
      vertex -2.45746 1.72073 0
      vertex -2.59808 1.5 -4.20979
      vertex -2.59808 1.5 0
    endloop
  endfacet
  facet normal -0.793335 0.608785 0
    outer loop
      vertex -2.45746 1.72073 -4.20979
      vertex -2.29813 1.92836 0
      vertex -2.29813 1.92836 -4.20979
    endloop
  endfacet
  facet normal -0.793335 0.608785 0
    outer loop
      vertex -2.29813 1.92836 0
      vertex -2.45746 1.72073 -4.20979
      vertex -2.45746 1.72073 0
    endloop
  endfacet
  facet normal -0.92387 0.382707 0
    outer loop
      vertex -2.81908 1.02606 -4.20979
      vertex -2.71892 1.26785 0
      vertex -2.71892 1.26785 -4.20979
    endloop
  endfacet
  facet normal -0.92387 0.382707 0
    outer loop
      vertex -2.71892 1.26785 0
      vertex -2.81908 1.02606 -4.20979
      vertex -2.81908 1.02606 0
    endloop
  endfacet
  facet normal 0.453992 -0.891006 -2.09123e-06
    outer loop
      vertex 1.7294 0.881165 1.79021
      vertex 3.59678 1.83265 0.886134
      vertex 2.90695 1.48116 1.79021
    endloop
  endfacet
  facet normal 0.453999 -0.891002 1.55212e-05
    outer loop
      vertex 3.59678 1.83265 0.886134
      vertex 1.7294 0.881165 1.79021
      vertex 4.03451 2.05568 0.31246
    endloop
  endfacet
  facet normal 0.453986 -0.891009 -3.18138e-06
    outer loop
      vertex 2.67058 1.36072 0
      vertex 1.7294 0.881165 1.69021
      vertex 2.58391 1.31656 0
    endloop
  endfacet
  facet normal 0.453995 -0.891004 3.29887e-06
    outer loop
      vertex 1.7294 0.881165 1.69021
      vertex 2.67058 1.36072 0
      vertex 4.18387 2.13179 0.116707
    endloop
  endfacet
  facet normal 0.453994 -0.891005 2.7712e-05
    outer loop
      vertex 4.18387 2.13179 0.116707
      vertex 2.67058 1.36072 0
      vertex 4.27292 2.17716 0
    endloop
  endfacet
  facet normal 0.453991 -0.891006 0
    outer loop
      vertex 1.7294 0.881165 1.69021
      vertex 4.03451 2.05568 0.31246
      vertex 1.7294 0.881165 1.79021
    endloop
  endfacet
  facet normal 0.453963 -0.89102 -5.93951e-05
    outer loop
      vertex 4.03451 2.05568 0.31246
      vertex 1.7294 0.881165 1.69021
      vertex 4.18387 2.13179 0.116707
    endloop
  endfacet
  facet normal 0.951059 0.309008 0
    outer loop
      vertex 1.91705 0.303619 1.79021
      vertex 1.7294 0.881165 1.69021
      vertex 1.7294 0.881165 1.79021
    endloop
  endfacet
  facet normal 0.951059 0.309008 0
    outer loop
      vertex 1.7294 0.881165 1.69021
      vertex 1.91705 0.303619 1.79021
      vertex 1.91705 0.303619 1.69021
    endloop
  endfacet
  facet normal -0.156434 0.987688 1.38011e-05
    outer loop
      vertex 2.96126 0.469018 0
      vertex 4.64063 0.735001 0.115106
      vertex 4.73801 0.750426 0
    endloop
  endfacet
  facet normal -0.156433 0.987689 8.01526e-06
    outer loop
      vertex 4.64063 0.735001 0.115106
      vertex 2.96126 0.469018 0
      vertex 1.91705 0.303619 1.69021
    endloop
  endfacet
  facet normal -0.156439 0.987688 4.33667e-06
    outer loop
      vertex 1.91705 0.303619 1.69021
      vertex 2.96126 0.469018 0
      vertex 2.86429 0.453659 0
    endloop
  endfacet
  facet normal -0.156436 0.987688 -8.37275e-07
    outer loop
      vertex 1.91705 0.303619 1.69021
      vertex 3.22336 0.510521 1.79021
      vertex 3.30797 0.523922 1.69021
    endloop
  endfacet
  facet normal -0.156437 0.987688 0
    outer loop
      vertex 3.22336 0.510521 1.79021
      vertex 1.91705 0.303619 1.69021
      vertex 1.91705 0.303619 1.79021
    endloop
  endfacet
  facet normal -0.156436 0.987688 1.20387e-06
    outer loop
      vertex 3.4437 0.54542 1.52979
      vertex 1.91705 0.303619 1.69021
      vertex 3.30797 0.523922 1.69021
    endloop
  endfacet
  facet normal -0.156436 0.987688 2.49102e-06
    outer loop
      vertex 1.91705 0.303619 1.69021
      vertex 3.4437 0.54542 1.52979
      vertex 4.64063 0.735001 0.115106
    endloop
  endfacet
  facet normal 0.829656 0.269563 0.488883
    outer loop
      vertex 1.91705 0.303619 1.69021
      vertex 2.58391 1.31656 0
      vertex 1.7294 0.881165 1.69021
    endloop
  endfacet
  facet normal 0.829649 0.269575 0.488888
    outer loop
      vertex 2.86429 0.453659 0
      vertex 2.58391 1.31656 0
      vertex 1.91705 0.303619 1.69021
    endloop
  endfacet
  facet normal 0.891006 -0.453991 0
    outer loop
      vertex 0.881165 1.7294 1.69021
      vertex 1.31656 2.58391 0.0999994
      vertex 0.881165 1.7294 1.79021
    endloop
  endfacet
  facet normal 0.891006 -0.453991 0
    outer loop
      vertex 1.31656 2.58391 0.0999994
      vertex 0.881165 1.7294 1.69021
      vertex 1.31656 2.58391 0
    endloop
  endfacet
  facet normal 0.512752 0.705744 0.488887
    outer loop
      vertex 1.31656 2.58391 0
      vertex 1.6 1.6 1.12307
      vertex 2.0506 2.0506 0
    endloop
  endfacet
  facet normal 0.512751 0.705744 0.488887
    outer loop
      vertex 1.6 1.6 1.12307
      vertex 1.31656 2.58391 0
      vertex 1.36195 1.6 1.37274
    endloop
  endfacet
  facet normal -0.707107 0.707107 0
    outer loop
      vertex 2.12132 2.12132 0
      vertex 2.30908 2.30908 1.79021
      vertex 3.39411 3.39411 0
    endloop
  endfacet
  facet normal -0.707107 0.707107 0
    outer loop
      vertex 1.6 1.6 1.12307
      vertex 2.12132 2.12132 0
      vertex 2.0506 2.0506 0
    endloop
  endfacet
  facet normal -0.707107 0.707107 0
    outer loop
      vertex 2.12132 2.12132 0
      vertex 1.6 1.6 1.12307
      vertex 2.30908 2.30908 1.79021
    endloop
  endfacet
  facet normal -0.707107 0.707107 0
    outer loop
      vertex 1.6 1.6 1.79021
      vertex 2.30908 2.30908 1.79021
      vertex 1.6 1.6 1.12307
    endloop
  endfacet
  facet normal -0 0 0
    outer loop
      vertex 1.6 1.6 1.79021
      vertex 1.37245 1.37245 1.79021
      vertex 2.30908 2.30908 1.79021
    endloop
  endfacet
  facet normal 0.891006 -0.453992 -6.4117e-05
    outer loop
      vertex 0.881165 1.7294 1.79021
      vertex 1.51653 2.97638 1.69923
      vertex 1.48116 2.90695 1.79021
    endloop
  endfacet
  facet normal 0.891007 -0.453989 1.36551e-06
    outer loop
      vertex 1.51653 2.97638 1.69923
      vertex 0.881165 1.7294 1.79021
      vertex 1.31656 2.58391 0.0999994
    endloop
  endfacet
  facet normal 0.89096 -0.454081 3.00465e-05
    outer loop
      vertex 1.31656 2.58391 0.0999994
      vertex 1.52599 2.99494 1.6749
      vertex 1.51653 2.97638 1.69923
    endloop
  endfacet
  facet normal 0.891007 -0.45399 0
    outer loop
      vertex 1.52599 2.99494 1.6749
      vertex 1.31656 2.58391 0.0999994
      vertex 1.31656 2.58391 0
    endloop
  endfacet
  facet normal 0.891005 -0.453994 1.61661e-06
    outer loop
      vertex 1.83265 3.59679 0.886132
      vertex 1.36072 2.67058 0
      vertex 2.17716 4.27292 0
    endloop
  endfacet
  facet normal 0.891005 -0.453993 3.44098e-07
    outer loop
      vertex 1.52599 2.99494 1.6749
      vertex 1.36072 2.67058 0
      vertex 1.83265 3.59679 0.886132
    endloop
  endfacet
  facet normal 0.891009 -0.453986 -1.30923e-06
    outer loop
      vertex 1.36072 2.67058 0
      vertex 1.52599 2.99494 1.6749
      vertex 1.31656 2.58391 0
    endloop
  endfacet
  facet normal 0.512757 0.705754 0.488869
    outer loop
      vertex 1.36195 1.6 1.37274
      vertex 0.881165 1.7294 1.69021
      vertex 1.05927 1.6 1.69021
    endloop
  endfacet
  facet normal 0.512762 0.705739 0.488883
    outer loop
      vertex 0.881165 1.7294 1.69021
      vertex 1.36195 1.6 1.37274
      vertex 1.31656 2.58391 0
    endloop
  endfacet
  facet normal 0 0 1
    outer loop
      vertex 1.37245 1.37245 1.79021
      vertex 1.05927 1.6 1.79021
      vertex 0.881165 1.7294 1.79021
    endloop
  endfacet
  facet normal 0.587783 0.809019 -0
    outer loop
      vertex 1.05927 1.6 1.69021
      vertex 0.881165 1.7294 1.79021
      vertex 1.05927 1.6 1.79021
    endloop
  endfacet
  facet normal 0.587783 0.809019 0
    outer loop
      vertex 0.881165 1.7294 1.79021
      vertex 1.05927 1.6 1.69021
      vertex 0.881165 1.7294 1.69021
    endloop
  endfacet
  facet normal 0.987688 0.156434 -7.41125e-06
    outer loop
      vertex -0.737026 4.65341 0.0999994
      vertex -0.469018 2.96126 0
      vertex -0.750426 4.73801 0
    endloop
  endfacet
  facet normal 0.987688 0.156434 -5.49897e-06
    outer loop
      vertex -0.453659 2.86429 0.0999994
      vertex -0.469018 2.96126 0
      vertex -0.737026 4.65341 0.0999994
    endloop
  endfacet
  facet normal 0.987688 0.156439 0
    outer loop
      vertex -0.469018 2.96126 0
      vertex -0.453659 2.86429 0.0999994
      vertex -0.453659 2.86429 0
    endloop
  endfacet
  facet normal -0.987688 0.156434 -7.41125e-06
    outer loop
      vertex 0.469018 2.96126 0
      vertex 0.737026 4.65341 0.0999994
      vertex 0.750426 4.73801 0
    endloop
  endfacet
  facet normal -0.987688 0.156439 0
    outer loop
      vertex 0.453659 2.86429 0.0999994
      vertex 0.469018 2.96126 0
      vertex 0.453659 2.86429 0
    endloop
  endfacet
  facet normal -0.987688 0.156434 -5.49897e-06
    outer loop
      vertex 0.469018 2.96126 0
      vertex 0.453659 2.86429 0.0999994
      vertex 0.737026 4.65341 0.0999994
    endloop
  endfacet
  facet normal -0.987686 0.156447 0
    outer loop
      vertex 0.303619 1.91705 1.69021
      vertex 0.453659 2.86429 0.0999994
      vertex 0.453659 2.86429 0
    endloop
  endfacet
  facet normal -0.987686 0.156447 0
    outer loop
      vertex 0.453659 2.86429 0.0999994
      vertex 0.303619 1.91705 1.69021
      vertex 0.303619 1.91705 1.79021
    endloop
  endfacet
  facet normal -0.987688 0.156438 -6.58562e-06
    outer loop
      vertex 0.545421 3.4437 1.52979
      vertex 0.453659 2.86429 0.0999994
      vertex 0.522593 3.29958 1.70013
    endloop
  endfacet
  facet normal -0.987688 0.156434 -4.80473e-06
    outer loop
      vertex 0.453659 2.86429 0.0999994
      vertex 0.545421 3.4437 1.52979
      vertex 0.737026 4.65341 0.0999994
    endloop
  endfacet
  facet normal -0.987688 0.156436 -6.08441e-06
    outer loop
      vertex 0.303619 1.91705 1.79021
      vertex 0.522593 3.29958 1.70013
      vertex 0.453659 2.86429 0.0999994
    endloop
  endfacet
  facet normal -0.987688 0.156437 2.4855e-06
    outer loop
      vertex 0.522593 3.29958 1.70013
      vertex 0.303619 1.91705 1.79021
      vertex 0.510521 3.22336 1.79021
    endloop
  endfacet
  facet normal 0 1 -0
    outer loop
      vertex 0.303619 1.91705 1.69021
      vertex -0.303619 1.91705 1.79021
      vertex 0.303619 1.91705 1.79021
    endloop
  endfacet
  facet normal 0 1 0
    outer loop
      vertex -0.303619 1.91705 1.79021
      vertex 0.303619 1.91705 1.69021
      vertex -0.303619 1.91705 1.69021
    endloop
  endfacet
  facet normal 0.987688 0.156437 2.4855e-06
    outer loop
      vertex -0.303619 1.91705 1.79021
      vertex -0.522593 3.29958 1.70013
      vertex -0.510521 3.22336 1.79021
    endloop
  endfacet
  facet normal 0.987688 0.156436 -6.08441e-06
    outer loop
      vertex -0.522593 3.29958 1.70013
      vertex -0.303619 1.91705 1.79021
      vertex -0.453659 2.86429 0.0999994
    endloop
  endfacet
  facet normal 0.987688 0.156434 -4.80473e-06
    outer loop
      vertex -0.545421 3.4437 1.52979
      vertex -0.453659 2.86429 0.0999994
      vertex -0.737026 4.65341 0.0999994
    endloop
  endfacet
  facet normal 0.987688 0.156438 -6.58562e-06
    outer loop
      vertex -0.453659 2.86429 0.0999994
      vertex -0.545421 3.4437 1.52979
      vertex -0.522593 3.29958 1.70013
    endloop
  endfacet
  facet normal 0.987686 0.156447 -0
    outer loop
      vertex -0.303619 1.91705 1.69021
      vertex -0.453659 2.86429 0.0999994
      vertex -0.303619 1.91705 1.79021
    endloop
  endfacet
  facet normal 0.987686 0.156447 0
    outer loop
      vertex -0.453659 2.86429 0.0999994
      vertex -0.303619 1.91705 1.69021
      vertex -0.453659 2.86429 0
    endloop
  endfacet
  facet normal 0 0.872347 0.488887
    outer loop
      vertex 0.453659 2.86429 0
      vertex -0.303619 1.91705 1.69021
      vertex 0.303619 1.91705 1.69021
    endloop
  endfacet
  facet normal 0 0.872347 0.488887
    outer loop
      vertex -0.303619 1.91705 1.69021
      vertex 0.453659 2.86429 0
      vertex -0.453659 2.86429 0
    endloop
  endfacet
  facet normal 0.707107 0.707107 0
    outer loop
      vertex -2.30908 2.30908 1.79021
      vertex -2.12132 2.12132 0
      vertex -3.39411 3.39411 0
    endloop
  endfacet
  facet normal 0.707107 0.707107 0
    outer loop
      vertex -1.6 1.6 1.12307
      vertex -2.12132 2.12132 0
      vertex -2.30908 2.30908 1.79021
    endloop
  endfacet
  facet normal 0.707107 0.707107 -0
    outer loop
      vertex -1.6 1.6 1.12307
      vertex -2.30908 2.30908 1.79021
      vertex -1.6 1.6 1.79021
    endloop
  endfacet
  facet normal 0 0 0
    outer loop
      vertex -1.37245 1.37245 1.79021
      vertex -1.6 1.6 1.79021
      vertex -2.30908 2.30908 1.79021
    endloop
  endfacet
  facet normal 0.707107 0.707107 0
    outer loop
      vertex -2.12132 2.12132 0
      vertex -1.6 1.6 1.12307
      vertex -2.0506 2.0506 0
    endloop
  endfacet
  facet normal -0.512757 0.705754 0.488869
    outer loop
      vertex -0.881165 1.7294 1.69021
      vertex -1.36195 1.6 1.37274
      vertex -1.05927 1.6 1.69021
    endloop
  endfacet
  facet normal -0.512762 0.705739 0.488883
    outer loop
      vertex -1.36195 1.6 1.37274
      vertex -0.881165 1.7294 1.69021
      vertex -1.31656 2.58391 0
    endloop
  endfacet
  facet normal 0 0 1
    outer loop
      vertex -0.881165 1.7294 1.79021
      vertex -1.05927 1.6 1.79021
      vertex -1.37245 1.37245 1.79021
    endloop
  endfacet
  facet normal -0.587783 0.809019 0
    outer loop
      vertex -0.881165 1.7294 1.69021
      vertex -1.05927 1.6 1.79021
      vertex -0.881165 1.7294 1.79021
    endloop
  endfacet
  facet normal -0.587783 0.809019 0
    outer loop
      vertex -1.05927 1.6 1.79021
      vertex -0.881165 1.7294 1.69021
      vertex -1.05927 1.6 1.69021
    endloop
  endfacet
  facet normal -0.891007 -0.453989 1.36551e-06
    outer loop
      vertex -0.881165 1.7294 1.79021
      vertex -1.51653 2.97638 1.69923
      vertex -1.31656 2.58391 0.0999994
    endloop
  endfacet
  facet normal -0.891006 -0.453992 -6.4117e-05
    outer loop
      vertex -1.51653 2.97638 1.69923
      vertex -0.881165 1.7294 1.79021
      vertex -1.48116 2.90695 1.79021
    endloop
  endfacet
  facet normal -0.512751 0.705744 0.488887
    outer loop
      vertex -1.31656 2.58391 0
      vertex -1.6 1.6 1.12307
      vertex -1.36195 1.6 1.37274
    endloop
  endfacet
  facet normal -0.512752 0.705744 0.488887
    outer loop
      vertex -1.6 1.6 1.12307
      vertex -1.31656 2.58391 0
      vertex -2.0506 2.0506 0
    endloop
  endfacet
  facet normal -0.891006 -0.453991 0
    outer loop
      vertex -0.881165 1.7294 1.69021
      vertex -1.31656 2.58391 0.0999994
      vertex -1.31656 2.58391 0
    endloop
  endfacet
  facet normal -0.891006 -0.453991 0
    outer loop
      vertex -1.31656 2.58391 0.0999994
      vertex -0.881165 1.7294 1.69021
      vertex -0.881165 1.7294 1.79021
    endloop
  endfacet
  facet normal -0.891005 -0.453994 1.61661e-06
    outer loop
      vertex -1.36072 2.67058 0
      vertex -1.83265 3.59679 0.886132
      vertex -2.17716 4.27292 0
    endloop
  endfacet
  facet normal -0.891005 -0.453993 3.44098e-07
    outer loop
      vertex -1.36072 2.67058 0
      vertex -1.52599 2.99494 1.6749
      vertex -1.83265 3.59679 0.886132
    endloop
  endfacet
  facet normal -0.891009 -0.453986 -1.30923e-06
    outer loop
      vertex -1.52599 2.99494 1.6749
      vertex -1.36072 2.67058 0
      vertex -1.31656 2.58391 0
    endloop
  endfacet
  facet normal -0.891007 -0.45399 -0
    outer loop
      vertex -1.31656 2.58391 0.0999994
      vertex -1.52599 2.99494 1.6749
      vertex -1.31656 2.58391 0
    endloop
  endfacet
  facet normal -0.89096 -0.454081 3.00465e-05
    outer loop
      vertex -1.52599 2.99494 1.6749
      vertex -1.31656 2.58391 0.0999994
      vertex -1.51653 2.97638 1.69923
    endloop
  endfacet
  facet normal -0.453994 -0.891005 2.7712e-05
    outer loop
      vertex -2.67058 1.36072 0
      vertex -4.18387 2.13179 0.116707
      vertex -4.27292 2.17716 0
    endloop
  endfacet
  facet normal -0.453995 -0.891004 3.29887e-06
    outer loop
      vertex -4.18387 2.13179 0.116707
      vertex -2.67058 1.36072 0
      vertex -1.7294 0.881165 1.69021
    endloop
  endfacet
  facet normal -0.453986 -0.891009 -3.18138e-06
    outer loop
      vertex -1.7294 0.881165 1.69021
      vertex -2.67058 1.36072 0
      vertex -2.58391 1.31656 0
    endloop
  endfacet
  facet normal 0.156439 0.987688 4.33667e-06
    outer loop
      vertex -2.96126 0.469018 0
      vertex -1.91705 0.303619 1.69021
      vertex -2.86429 0.453659 0
    endloop
  endfacet
  facet normal 0.156433 0.987689 8.01526e-06
    outer loop
      vertex -1.91705 0.303619 1.69021
      vertex -2.96126 0.469018 0
      vertex -4.64063 0.735001 0.115106
    endloop
  endfacet
  facet normal 0.156434 0.987688 1.38011e-05
    outer loop
      vertex -4.64063 0.735001 0.115106
      vertex -2.96126 0.469018 0
      vertex -4.73801 0.750426 0
    endloop
  endfacet
  facet normal -0.453992 -0.891006 -2.09123e-06
    outer loop
      vertex -3.59678 1.83265 0.886134
      vertex -1.7294 0.881165 1.79021
      vertex -2.90695 1.48116 1.79021
    endloop
  endfacet
  facet normal -0.453999 -0.891002 1.55212e-05
    outer loop
      vertex -1.7294 0.881165 1.79021
      vertex -3.59678 1.83265 0.886134
      vertex -4.03451 2.05568 0.31246
    endloop
  endfacet
  facet normal -0.829649 0.269575 0.488888
    outer loop
      vertex -1.91705 0.303619 1.69021
      vertex -2.58391 1.31656 0
      vertex -2.86429 0.453659 0
    endloop
  endfacet
  facet normal -0.951059 0.309008 0
    outer loop
      vertex -1.91705 0.303619 1.69021
      vertex -1.7294 0.881165 1.79021
      vertex -1.7294 0.881165 1.69021
    endloop
  endfacet
  facet normal -0.951059 0.309008 0
    outer loop
      vertex -1.7294 0.881165 1.79021
      vertex -1.91705 0.303619 1.69021
      vertex -1.91705 0.303619 1.79021
    endloop
  endfacet
  facet normal -0.829656 0.269563 0.488883
    outer loop
      vertex -1.91705 0.303619 1.69021
      vertex -1.7294 0.881165 1.69021
      vertex -2.58391 1.31656 0
    endloop
  endfacet
  facet normal -0.453991 -0.891006 0
    outer loop
      vertex -4.03451 2.05568 0.31246
      vertex -1.7294 0.881165 1.69021
      vertex -1.7294 0.881165 1.79021
    endloop
  endfacet
  facet normal -0.453963 -0.89102 -5.93951e-05
    outer loop
      vertex -1.7294 0.881165 1.69021
      vertex -4.03451 2.05568 0.31246
      vertex -4.18387 2.13179 0.116707
    endloop
  endfacet
  facet normal 0.156436 0.987688 1.20387e-06
    outer loop
      vertex -1.91705 0.303619 1.69021
      vertex -3.4437 0.54542 1.52979
      vertex -3.30797 0.523922 1.69021
    endloop
  endfacet
  facet normal 0.156436 0.987688 2.49102e-06
    outer loop
      vertex -3.4437 0.54542 1.52979
      vertex -1.91705 0.303619 1.69021
      vertex -4.64063 0.735001 0.115106
    endloop
  endfacet
  facet normal 0.156437 0.987688 -0
    outer loop
      vertex -1.91705 0.303619 1.69021
      vertex -3.22336 0.510521 1.79021
      vertex -1.91705 0.303619 1.79021
    endloop
  endfacet
  facet normal 0.156436 0.987688 -8.37275e-07
    outer loop
      vertex -3.22336 0.510521 1.79021
      vertex -1.91705 0.303619 1.69021
      vertex -3.30797 0.523922 1.69021
    endloop
  endfacet
  facet normal -0.453986 0.891009 -3.18138e-06
    outer loop
      vertex -2.67058 -1.36072 0
      vertex -1.7294 -0.881165 1.69021
      vertex -2.58391 -1.31656 0
    endloop
  endfacet
  facet normal -0.453995 0.891004 3.29887e-06
    outer loop
      vertex -1.7294 -0.881165 1.69021
      vertex -2.67058 -1.36072 0
      vertex -4.18387 -2.13179 0.116707
    endloop
  endfacet
  facet normal -0.453994 0.891005 2.7712e-05
    outer loop
      vertex -4.18387 -2.13179 0.116707
      vertex -2.67058 -1.36072 0
      vertex -4.27292 -2.17716 0
    endloop
  endfacet
  facet normal -0.829656 -0.269563 0.488883
    outer loop
      vertex -1.7294 -0.881165 1.69021
      vertex -1.91705 -0.303619 1.69021
      vertex -2.58391 -1.31656 0
    endloop
  endfacet
  facet normal -0.453992 0.891006 -2.09123e-06
    outer loop
      vertex -1.7294 -0.881165 1.79021
      vertex -3.59678 -1.83265 0.886134
      vertex -2.90695 -1.48116 1.79021
    endloop
  endfacet
  facet normal -0.453999 0.891002 1.55212e-05
    outer loop
      vertex -3.59678 -1.83265 0.886134
      vertex -1.7294 -0.881165 1.79021
      vertex -4.03451 -2.05568 0.31246
    endloop
  endfacet
  facet normal 0.156434 -0.987688 1.38011e-05
    outer loop
      vertex -2.96126 -0.469018 0
      vertex -4.64063 -0.735001 0.115106
      vertex -4.73801 -0.750426 0
    endloop
  endfacet
  facet normal 0.156433 -0.987689 8.01526e-06
    outer loop
      vertex -4.64063 -0.735001 0.115106
      vertex -2.96126 -0.469018 0
      vertex -1.91705 -0.303619 1.69021
    endloop
  endfacet
  facet normal 0.156439 -0.987688 4.33667e-06
    outer loop
      vertex -1.91705 -0.303619 1.69021
      vertex -2.96126 -0.469018 0
      vertex -2.86429 -0.453659 0
    endloop
  endfacet
  facet normal -0.829649 -0.269575 0.488888
    outer loop
      vertex -2.58391 -1.31656 0
      vertex -1.91705 -0.303619 1.69021
      vertex -2.86429 -0.453659 0
    endloop
  endfacet
  facet normal -0.951059 -0.309008 0
    outer loop
      vertex -1.7294 -0.881165 1.69021
      vertex -1.91705 -0.303619 1.79021
      vertex -1.91705 -0.303619 1.69021
    endloop
  endfacet
  facet normal -0.951059 -0.309008 0
    outer loop
      vertex -1.91705 -0.303619 1.79021
      vertex -1.7294 -0.881165 1.69021
      vertex -1.7294 -0.881165 1.79021
    endloop
  endfacet
  facet normal -0.453991 0.891006 0
    outer loop
      vertex -1.7294 -0.881165 1.69021
      vertex -4.03451 -2.05568 0.31246
      vertex -1.7294 -0.881165 1.79021
    endloop
  endfacet
  facet normal -0.453963 0.89102 -5.93951e-05
    outer loop
      vertex -4.03451 -2.05568 0.31246
      vertex -1.7294 -0.881165 1.69021
      vertex -4.18387 -2.13179 0.116707
    endloop
  endfacet
  facet normal 0.156436 -0.987688 -8.37275e-07
    outer loop
      vertex -1.91705 -0.303619 1.69021
      vertex -3.22336 -0.510521 1.79021
      vertex -3.30797 -0.523922 1.69021
    endloop
  endfacet
  facet normal 0.156437 -0.987688 0
    outer loop
      vertex -3.22336 -0.510521 1.79021
      vertex -1.91705 -0.303619 1.69021
      vertex -1.91705 -0.303619 1.79021
    endloop
  endfacet
  facet normal 0.156436 -0.987688 1.20387e-06
    outer loop
      vertex -3.4437 -0.54542 1.52979
      vertex -1.91705 -0.303619 1.69021
      vertex -3.30797 -0.523922 1.69021
    endloop
  endfacet
  facet normal 0.156436 -0.987688 2.49102e-06
    outer loop
      vertex -1.91705 -0.303619 1.69021
      vertex -3.4437 -0.54542 1.52979
      vertex -4.64063 -0.735001 0.115106
    endloop
  endfacet
  facet normal -0.512752 -0.705744 0.488888
    outer loop
      vertex -1.31656 -2.58391 0
      vertex -1.37245 -1.37245 1.69021
      vertex -2.0506 -2.0506 0
    endloop
  endfacet
  facet normal -0.512764 -0.705738 0.488883
    outer loop
      vertex -1.31656 -2.58391 0
      vertex -0.881165 -1.7294 1.69021
      vertex -1.37245 -1.37245 1.69021
    endloop
  endfacet
  facet normal -0.891007 0.45399 0
    outer loop
      vertex -1.47008 -2.88521 1.22776
      vertex -1.31656 -2.58391 0.0999994
      vertex -1.31656 -2.58391 0
    endloop
  endfacet
  facet normal -0.891084 0.453838 -5.12382e-05
    outer loop
      vertex -1.31656 -2.58391 0.0999994
      vertex -1.47008 -2.88521 1.22776
      vertex -1.46097 -2.86732 1.25487
    endloop
  endfacet
  facet normal -0.891109 0.45379 -7.39425e-05
    outer loop
      vertex -1.52599 -2.99494 1.6749
      vertex -1.47662 -2.89804 1.38005
      vertex -1.48583 -2.91613 1.35372
    endloop
  endfacet
  facet normal -0.890966 0.454069 4.17378e-05
    outer loop
      vertex -1.47662 -2.89804 1.38005
      vertex -1.52599 -2.99494 1.6749
      vertex -1.51653 -2.97638 1.69923
    endloop
  endfacet
  facet normal -0.891006 0.453991 0
    outer loop
      vertex -1.31656 -2.58391 0.0999994
      vertex -0.881165 -1.7294 1.69021
      vertex -1.31656 -2.58391 0
    endloop
  endfacet
  facet normal -0.891006 0.453991 0
    outer loop
      vertex -0.881165 -1.7294 1.69021
      vertex -1.31656 -2.58391 0.0999994
      vertex -0.881165 -1.7294 1.79021
    endloop
  endfacet
  facet normal 0.707107 -0.707107 0
    outer loop
      vertex -2.30908 -2.30908 1.79021
      vertex -1.37245 -1.37245 1.69021
      vertex -1.37245 -1.37245 1.79021
    endloop
  endfacet
  facet normal 0.707107 -0.707107 0
    outer loop
      vertex -1.37245 -1.37245 1.69021
      vertex -2.30908 -2.30908 1.79021
      vertex -2.0506 -2.0506 0
    endloop
  endfacet
  facet normal 0.707107 -0.707107 0
    outer loop
      vertex -2.0506 -2.0506 0
      vertex -2.30908 -2.30908 1.79021
      vertex -2.12132 -2.12132 0
    endloop
  endfacet
  facet normal 0.707107 -0.707107 0
    outer loop
      vertex -2.12132 -2.12132 0
      vertex -2.30908 -2.30908 1.79021
      vertex -3.39411 -3.39411 0
    endloop
  endfacet
  facet normal -0.890989 0.454026 6.68418e-06
    outer loop
      vertex -1.31656 -2.58391 0.0999994
      vertex -1.46097 -2.86732 1.25487
      vertex -1.38655 -2.72128 1.47618
    endloop
  endfacet
  facet normal -0.891008 0.453988 1.93385e-06
    outer loop
      vertex -1.38655 -2.72128 1.47618
      vertex -0.881165 -1.7294 1.79021
      vertex -1.31656 -2.58391 0.0999994
    endloop
  endfacet
  facet normal -0.891008 0.453988 0
    outer loop
      vertex -1.38655 -2.72128 1.63745
      vertex -0.881165 -1.7294 1.79021
      vertex -1.38655 -2.72128 1.47618
    endloop
  endfacet
  facet normal -0.890984 0.454036 3.1323e-05
    outer loop
      vertex -1.51653 -2.97638 1.69923
      vertex -1.4375 -2.82128 1.49184
      vertex -1.47662 -2.89804 1.38005
    endloop
  endfacet
  facet normal -0.891006 0.453992 -3.43452e-05
    outer loop
      vertex -1.38655 -2.72128 1.63745
      vertex -1.48116 -2.90695 1.79021
      vertex -0.881165 -1.7294 1.79021
    endloop
  endfacet
  facet normal -0.891008 0.453988 -1.34711e-05
    outer loop
      vertex -1.4375 -2.82128 1.49184
      vertex -1.51653 -2.97638 1.69923
      vertex -1.38655 -2.72128 1.63745
    endloop
  endfacet
  facet normal -0.891012 0.453981 -5.26343e-05
    outer loop
      vertex -1.38655 -2.72128 1.63745
      vertex -1.51653 -2.97638 1.69923
      vertex -1.48116 -2.90695 1.79021
    endloop
  endfacet
  facet normal -0.587797 -0.809009 0
    outer loop
      vertex -1.37245 -1.37245 1.69021
      vertex -0.881165 -1.7294 1.79021
      vertex -1.37245 -1.37245 1.79021
    endloop
  endfacet
  facet normal -0.587797 -0.809009 -0
    outer loop
      vertex -0.881165 -1.7294 1.79021
      vertex -1.37245 -1.37245 1.69021
      vertex -0.881165 -1.7294 1.69021
    endloop
  endfacet
  facet normal -0.891009 0.453986 -1.42682e-06
    outer loop
      vertex -1.36072 -2.67058 0
      vertex -1.47008 -2.88521 1.22776
      vertex -1.31656 -2.58391 0
    endloop
  endfacet
  facet normal -0.891003 0.453997 9.90224e-07
    outer loop
      vertex -1.36072 -2.67058 0
      vertex -1.79869 -3.53013 0.250448
      vertex -1.47008 -2.88521 1.22776
    endloop
  endfacet
  facet normal -0.891004 0.453996 -2.07039e-06
    outer loop
      vertex -1.79869 -3.53013 0.250448
      vertex -1.36072 -2.67058 0
      vertex -1.8829 -3.6954 0
    endloop
  endfacet
  facet normal -0.891001 0.454002 -8.44526e-06
    outer loop
      vertex -1.48583 -2.91613 1.35372
      vertex -1.83265 -3.59679 0.886132
      vertex -1.52599 -2.99494 1.6749
    endloop
  endfacet
  facet normal -0.891005 0.453994 6.16622e-06
    outer loop
      vertex -1.91845 -3.76517 0.11737
      vertex -1.83265 -3.59679 0.886132
      vertex -1.48583 -2.91613 1.35372
    endloop
  endfacet
  facet normal -0.89101 0.453984 2.25087e-05
    outer loop
      vertex -2.17716 -4.27292 0
      vertex -1.91845 -3.76517 0.11737
      vertex -1.95952 -3.84577 0
    endloop
  endfacet
  facet normal -0.891008 0.453987 8.07922e-06
    outer loop
      vertex -1.91845 -3.76517 0.11737
      vertex -2.17716 -4.27292 0
      vertex -1.83265 -3.59679 0.886132
    endloop
  endfacet
  facet normal 0.987686 -0.156447 0
    outer loop
      vertex -0.453659 -2.86429 0.0999994
      vertex -0.303619 -1.91705 1.69021
      vertex -0.303619 -1.91705 1.79021
    endloop
  endfacet
  facet normal 0.987686 -0.156447 0
    outer loop
      vertex -0.303619 -1.91705 1.69021
      vertex -0.453659 -2.86429 0.0999994
      vertex -0.453659 -2.86429 0
    endloop
  endfacet
  facet normal 0.987688 -0.156439 0
    outer loop
      vertex -0.453659 -2.86429 0.0999994
      vertex -0.469018 -2.96126 0
      vertex -0.453659 -2.86429 0
    endloop
  endfacet
  facet normal 0.987688 -0.156434 -4.69799e-06
    outer loop
      vertex -0.619698 -3.91262 0.0999994
      vertex -0.469018 -2.96126 0
      vertex -0.453659 -2.86429 0.0999994
    endloop
  endfacet
  facet normal 0.987689 -0.156433 3.88393e-06
    outer loop
      vertex -0.469018 -2.96126 0
      vertex -0.619698 -3.91262 0.0999994
      vertex -0.630965 -3.98376 0
    endloop
  endfacet
  facet normal 0.987689 -0.156433 0
    outer loop
      vertex -0.737026 -4.65341 0.0999994
      vertex -0.633537 -4 0
      vertex -0.633537 -4 0.0999994
    endloop
  endfacet
  facet normal 0.987688 -0.156434 -7.02083e-06
    outer loop
      vertex -0.633537 -4 0
      vertex -0.737026 -4.65341 0.0999994
      vertex -0.750426 -4.73801 0
    endloop
  endfacet
  facet normal -0.987688 -0.156436 -6.32336e-06
    outer loop
      vertex 0.499584 -3.15429 1.16604
      vertex 0.303619 -1.91705 1.79021
      vertex 0.453659 -2.86429 0.0999994
    endloop
  endfacet
  facet normal -0.987688 -0.156436 -5.19157e-06
    outer loop
      vertex 0.303619 -1.91705 1.79021
      vertex 0.499584 -3.15429 1.16604
      vertex 0.430998 -2.72128 1.77475
    endloop
  endfacet
  facet normal -0.987688 -0.156436 0
    outer loop
      vertex 0.303619 -1.91705 1.79021
      vertex 0.430998 -2.72128 1.77475
      vertex 0.430998 -2.72128 1.79021
    endloop
  endfacet
  facet normal 0.987688 -0.156436 0
    outer loop
      vertex -0.430998 -2.72128 1.77475
      vertex -0.303619 -1.91705 1.79021
      vertex -0.430998 -2.72128 1.79021
    endloop
  endfacet
  facet normal 0.987688 -0.156436 -5.19157e-06
    outer loop
      vertex -0.499584 -3.15429 1.16604
      vertex -0.303619 -1.91705 1.79021
      vertex -0.430998 -2.72128 1.77475
    endloop
  endfacet
  facet normal 0.987688 -0.156436 -6.32336e-06
    outer loop
      vertex -0.303619 -1.91705 1.79021
      vertex -0.499584 -3.15429 1.16604
      vertex -0.453659 -2.86429 0.0999994
    endloop
  endfacet
  facet normal 0.987688 -0.156439 -7.14597e-06
    outer loop
      vertex -0.515907 -3.25734 1.02118
      vertex -0.453659 -2.86429 0.0999994
      vertex -0.499584 -3.15429 1.16604
    endloop
  endfacet
  facet normal 0.987688 -0.156434 -4.94545e-06
    outer loop
      vertex -0.546394 -3.44982 0.750602
      vertex -0.453659 -2.86429 0.0999994
      vertex -0.515907 -3.25734 1.02118
    endloop
  endfacet
  facet normal 0.987688 -0.156434 -5.69565e-06
    outer loop
      vertex -0.453659 -2.86429 0.0999994
      vertex -0.546394 -3.44982 0.750602
      vertex -0.619698 -3.91262 0.0999994
    endloop
  endfacet
  facet normal 0.987689 -0.156433 -5.11568e-06
    outer loop
      vertex -0.633537 -4 0.0999994
      vertex -0.633533 -4 0.872282
      vertex -0.737026 -4.65341 0.0999994
    endloop
  endfacet
  facet normal 0 -1 0
    outer loop
      vertex -0.303619 -1.91705 1.69021
      vertex 0.303619 -1.91705 1.79021
      vertex -0.303619 -1.91705 1.79021
    endloop
  endfacet
  facet normal 0 -1 -0
    outer loop
      vertex 0.303619 -1.91705 1.79021
      vertex -0.303619 -1.91705 1.69021
      vertex 0.303619 -1.91705 1.69021
    endloop
  endfacet
  facet normal -0.987688 -0.156439 0
    outer loop
      vertex 0.469018 -2.96126 0
      vertex 0.453659 -2.86429 0.0999994
      vertex 0.453659 -2.86429 0
    endloop
  endfacet
  facet normal -0.987688 -0.156434 -4.69799e-06
    outer loop
      vertex 0.469018 -2.96126 0
      vertex 0.619698 -3.91262 0.0999994
      vertex 0.453659 -2.86429 0.0999994
    endloop
  endfacet
  facet normal -0.987689 -0.156433 3.88393e-06
    outer loop
      vertex 0.619698 -3.91262 0.0999994
      vertex 0.469018 -2.96126 0
      vertex 0.630965 -3.98376 0
    endloop
  endfacet
  facet normal -0.987689 -0.156433 0
    outer loop
      vertex 0.633537 -4 0
      vertex 0.737026 -4.65341 0.0999994
      vertex 0.633537 -4 0.0999994
    endloop
  endfacet
  facet normal -0.987688 -0.156434 -7.02083e-06
    outer loop
      vertex 0.737026 -4.65341 0.0999994
      vertex 0.633537 -4 0
      vertex 0.750426 -4.73801 0
    endloop
  endfacet
  facet normal 0 -0.872347 0.488887
    outer loop
      vertex -0.453659 -2.86429 0
      vertex 0.303619 -1.91705 1.69021
      vertex -0.303619 -1.91705 1.69021
    endloop
  endfacet
  facet normal 0 -0.872347 0.488887
    outer loop
      vertex 0.303619 -1.91705 1.69021
      vertex -0.453659 -2.86429 0
      vertex 0.453659 -2.86429 0
    endloop
  endfacet
  facet normal -0.987686 -0.156447 -0
    outer loop
      vertex 0.453659 -2.86429 0.0999994
      vertex 0.303619 -1.91705 1.69021
      vertex 0.453659 -2.86429 0
    endloop
  endfacet
  facet normal -0.987686 -0.156447 0
    outer loop
      vertex 0.303619 -1.91705 1.69021
      vertex 0.453659 -2.86429 0.0999994
      vertex 0.303619 -1.91705 1.79021
    endloop
  endfacet
  facet normal -0.987688 -0.156439 -7.14597e-06
    outer loop
      vertex 0.453659 -2.86429 0.0999994
      vertex 0.515907 -3.25734 1.02118
      vertex 0.499584 -3.15429 1.16604
    endloop
  endfacet
  facet normal -0.987688 -0.156434 -4.94545e-06
    outer loop
      vertex 0.453659 -2.86429 0.0999994
      vertex 0.546394 -3.44982 0.750602
      vertex 0.515907 -3.25734 1.02118
    endloop
  endfacet
  facet normal -0.987688 -0.156434 -5.69565e-06
    outer loop
      vertex 0.546394 -3.44982 0.750602
      vertex 0.453659 -2.86429 0.0999994
      vertex 0.619698 -3.91262 0.0999994
    endloop
  endfacet
  facet normal -0.987689 -0.156433 -5.11568e-06
    outer loop
      vertex 0.633537 -4 0.0999994
      vertex 0.737026 -4.65341 0.0999994
      vertex 0.633533 -4 0.872282
    endloop
  endfacet
  facet normal 0.512752 -0.705744 0.488888
    outer loop
      vertex 2.0506 -2.0506 0
      vertex 1.37245 -1.37245 1.69021
      vertex 1.31656 -2.58391 0
    endloop
  endfacet
  facet normal -0.707107 -0.707107 0
    outer loop
      vertex 2.30908 -2.30908 1.79021
      vertex 1.37245 -1.37245 1.69021
      vertex 2.0506 -2.0506 0
    endloop
  endfacet
  facet normal -0.707107 -0.707107 0
    outer loop
      vertex 2.30908 -2.30908 1.79021
      vertex 2.0506 -2.0506 0
      vertex 2.12132 -2.12132 0
    endloop
  endfacet
  facet normal -0.707107 -0.707107 0
    outer loop
      vertex 1.37245 -1.37245 1.69021
      vertex 2.30908 -2.30908 1.79021
      vertex 1.37245 -1.37245 1.79021
    endloop
  endfacet
  facet normal -0.707107 -0.707107 0
    outer loop
      vertex 2.30908 -2.30908 1.79021
      vertex 2.12132 -2.12132 0
      vertex 3.39411 -3.39411 0
    endloop
  endfacet
  facet normal 0.587797 -0.809009 0
    outer loop
      vertex 0.881165 -1.7294 1.69021
      vertex 1.37245 -1.37245 1.79021
      vertex 0.881165 -1.7294 1.79021
    endloop
  endfacet
  facet normal 0.587797 -0.809009 0
    outer loop
      vertex 1.37245 -1.37245 1.79021
      vertex 0.881165 -1.7294 1.69021
      vertex 1.37245 -1.37245 1.69021
    endloop
  endfacet
  facet normal 0.891084 0.453838 -5.12382e-05
    outer loop
      vertex 1.47008 -2.88521 1.22776
      vertex 1.31656 -2.58391 0.0999994
      vertex 1.46097 -2.86732 1.25487
    endloop
  endfacet
  facet normal 0.891007 0.45399 0
    outer loop
      vertex 1.31656 -2.58391 0.0999994
      vertex 1.47008 -2.88521 1.22776
      vertex 1.31656 -2.58391 0
    endloop
  endfacet
  facet normal 0.890966 0.454069 4.17378e-05
    outer loop
      vertex 1.52599 -2.99494 1.6749
      vertex 1.47662 -2.89804 1.38005
      vertex 1.51653 -2.97638 1.69923
    endloop
  endfacet
  facet normal 0.891109 0.45379 -7.39425e-05
    outer loop
      vertex 1.47662 -2.89804 1.38005
      vertex 1.52599 -2.99494 1.6749
      vertex 1.48583 -2.91613 1.35372
    endloop
  endfacet
  facet normal 0.891009 0.453986 -1.42682e-06
    outer loop
      vertex 1.47008 -2.88521 1.22776
      vertex 1.36072 -2.67058 0
      vertex 1.31656 -2.58391 0
    endloop
  endfacet
  facet normal 0.891003 0.453997 9.90224e-07
    outer loop
      vertex 1.79869 -3.53013 0.250448
      vertex 1.36072 -2.67058 0
      vertex 1.47008 -2.88521 1.22776
    endloop
  endfacet
  facet normal 0.891004 0.453996 -2.07039e-06
    outer loop
      vertex 1.36072 -2.67058 0
      vertex 1.79869 -3.53013 0.250448
      vertex 1.8829 -3.6954 0
    endloop
  endfacet
  facet normal 0.891001 0.454002 -8.44526e-06
    outer loop
      vertex 1.83265 -3.59679 0.886132
      vertex 1.48583 -2.91613 1.35372
      vertex 1.52599 -2.99494 1.6749
    endloop
  endfacet
  facet normal 0.891005 0.453994 6.16622e-06
    outer loop
      vertex 1.83265 -3.59679 0.886132
      vertex 1.91845 -3.76517 0.11737
      vertex 1.48583 -2.91613 1.35372
    endloop
  endfacet
  facet normal 0.891008 0.453987 8.07922e-06
    outer loop
      vertex 2.17716 -4.27292 0
      vertex 1.91845 -3.76517 0.11737
      vertex 1.83265 -3.59679 0.886132
    endloop
  endfacet
  facet normal 0.89101 0.453984 2.25087e-05
    outer loop
      vertex 1.91845 -3.76517 0.11737
      vertex 2.17716 -4.27292 0
      vertex 1.95952 -3.84577 0
    endloop
  endfacet
  facet normal 0.891008 0.453988 -0
    outer loop
      vertex 1.38655 -2.72128 1.47618
      vertex 0.881165 -1.7294 1.79021
      vertex 1.38655 -2.72128 1.63745
    endloop
  endfacet
  facet normal 0.891008 0.453988 -1.34711e-05
    outer loop
      vertex 1.51653 -2.97638 1.69923
      vertex 1.4375 -2.82128 1.49184
      vertex 1.38655 -2.72128 1.63745
    endloop
  endfacet
  facet normal 0.891006 0.453992 -3.43452e-05
    outer loop
      vertex 1.48116 -2.90695 1.79021
      vertex 1.38655 -2.72128 1.63745
      vertex 0.881165 -1.7294 1.79021
    endloop
  endfacet
  facet normal 0.891012 0.453981 -5.26343e-05
    outer loop
      vertex 1.51653 -2.97638 1.69923
      vertex 1.38655 -2.72128 1.63745
      vertex 1.48116 -2.90695 1.79021
    endloop
  endfacet
  facet normal 0.890984 0.454036 3.1323e-05
    outer loop
      vertex 1.4375 -2.82128 1.49184
      vertex 1.51653 -2.97638 1.69923
      vertex 1.47662 -2.89804 1.38005
    endloop
  endfacet
  facet normal 0.891008 0.453988 1.93385e-06
    outer loop
      vertex 0.881165 -1.7294 1.79021
      vertex 1.38655 -2.72128 1.47618
      vertex 1.31656 -2.58391 0.0999994
    endloop
  endfacet
  facet normal 0.890989 0.454026 6.68418e-06
    outer loop
      vertex 1.31656 -2.58391 0.0999994
      vertex 1.38655 -2.72128 1.47618
      vertex 1.46097 -2.86732 1.25487
    endloop
  endfacet
  facet normal 0.891006 0.453991 0
    outer loop
      vertex 1.31656 -2.58391 0.0999994
      vertex 0.881165 -1.7294 1.69021
      vertex 0.881165 -1.7294 1.79021
    endloop
  endfacet
  facet normal 0.891006 0.453991 0
    outer loop
      vertex 0.881165 -1.7294 1.69021
      vertex 1.31656 -2.58391 0.0999994
      vertex 1.31656 -2.58391 0
    endloop
  endfacet
  facet normal 0.512764 -0.705738 0.488883
    outer loop
      vertex 1.31656 -2.58391 0
      vertex 1.37245 -1.37245 1.69021
      vertex 0.881165 -1.7294 1.69021
    endloop
  endfacet
  facet normal 0.829649 -0.269575 0.488888
    outer loop
      vertex 2.58391 -1.31656 0
      vertex 2.86429 -0.453659 0
      vertex 1.91705 -0.303619 1.69021
    endloop
  endfacet
  facet normal -0.156439 -0.987688 4.33667e-06
    outer loop
      vertex 2.96126 -0.469018 0
      vertex 1.91705 -0.303619 1.69021
      vertex 2.86429 -0.453659 0
    endloop
  endfacet
  facet normal -0.156433 -0.987689 8.01526e-06
    outer loop
      vertex 1.91705 -0.303619 1.69021
      vertex 2.96126 -0.469018 0
      vertex 4.64063 -0.735001 0.115106
    endloop
  endfacet
  facet normal -0.156434 -0.987688 1.38011e-05
    outer loop
      vertex 4.64063 -0.735001 0.115106
      vertex 2.96126 -0.469018 0
      vertex 4.73801 -0.750426 0
    endloop
  endfacet
  facet normal 0.951059 -0.309008 0
    outer loop
      vertex 1.7294 -0.881165 1.79021
      vertex 1.91705 -0.303619 1.69021
      vertex 1.91705 -0.303619 1.79021
    endloop
  endfacet
  facet normal 0.951059 -0.309008 0
    outer loop
      vertex 1.91705 -0.303619 1.69021
      vertex 1.7294 -0.881165 1.79021
      vertex 1.7294 -0.881165 1.69021
    endloop
  endfacet
  facet normal 0.453994 0.891005 2.7712e-05
    outer loop
      vertex 2.67058 -1.36072 0
      vertex 4.18387 -2.13179 0.116707
      vertex 4.27292 -2.17716 0
    endloop
  endfacet
  facet normal 0.453995 0.891004 3.29887e-06
    outer loop
      vertex 4.18387 -2.13179 0.116707
      vertex 2.67058 -1.36072 0
      vertex 1.7294 -0.881165 1.69021
    endloop
  endfacet
  facet normal 0.453986 0.891009 -3.18138e-06
    outer loop
      vertex 1.7294 -0.881165 1.69021
      vertex 2.67058 -1.36072 0
      vertex 2.58391 -1.31656 0
    endloop
  endfacet
  facet normal 0.453992 0.891006 -2.09123e-06
    outer loop
      vertex 3.59678 -1.83265 0.886134
      vertex 1.7294 -0.881165 1.79021
      vertex 2.90695 -1.48116 1.79021
    endloop
  endfacet
  facet normal 0.453999 0.891002 1.55212e-05
    outer loop
      vertex 1.7294 -0.881165 1.79021
      vertex 3.59678 -1.83265 0.886134
      vertex 4.03451 -2.05568 0.31246
    endloop
  endfacet
  facet normal 0.453991 0.891006 0
    outer loop
      vertex 4.03451 -2.05568 0.31246
      vertex 1.7294 -0.881165 1.69021
      vertex 1.7294 -0.881165 1.79021
    endloop
  endfacet
  facet normal 0.453963 0.89102 -5.93951e-05
    outer loop
      vertex 1.7294 -0.881165 1.69021
      vertex 4.03451 -2.05568 0.31246
      vertex 4.18387 -2.13179 0.116707
    endloop
  endfacet
  facet normal -0.156437 -0.987688 0
    outer loop
      vertex 1.91705 -0.303619 1.69021
      vertex 3.22336 -0.510521 1.79021
      vertex 1.91705 -0.303619 1.79021
    endloop
  endfacet
  facet normal -0.156436 -0.987688 -8.37275e-07
    outer loop
      vertex 3.22336 -0.510521 1.79021
      vertex 1.91705 -0.303619 1.69021
      vertex 3.30797 -0.523922 1.69021
    endloop
  endfacet
  facet normal 0.829656 -0.269563 0.488883
    outer loop
      vertex 2.58391 -1.31656 0
      vertex 1.91705 -0.303619 1.69021
      vertex 1.7294 -0.881165 1.69021
    endloop
  endfacet
  facet normal -0.156436 -0.987688 1.20387e-06
    outer loop
      vertex 1.91705 -0.303619 1.69021
      vertex 3.4437 -0.54542 1.52979
      vertex 3.30797 -0.523922 1.69021
    endloop
  endfacet
  facet normal -0.156436 -0.987688 2.49102e-06
    outer loop
      vertex 3.4437 -0.54542 1.52979
      vertex 1.91705 -0.303619 1.69021
      vertex 4.64063 -0.735001 0.115106
    endloop
  endfacet
  facet normal -0.991444 -0.130532 0
    outer loop
      vertex 1.59391 0.139449 -4.20979
      vertex 1.57569 0.277837 1.79021
      vertex 1.57569 0.277837 -4.20979
    endloop
  endfacet
  facet normal -0.991444 -0.130532 0
    outer loop
      vertex 1.57569 0.277837 1.79021
      vertex 1.59391 0.139449 -4.20979
      vertex 1.59391 0.139449 1.79021
    endloop
  endfacet
  facet normal -0.999048 -0.0436303 0
    outer loop
      vertex 1.6 0 -4.20979
      vertex 1.59391 0.139449 1.79021
      vertex 1.59391 0.139449 -4.20979
    endloop
  endfacet
  facet normal -0.999048 -0.0436303 0
    outer loop
      vertex 1.59391 0.139449 1.79021
      vertex 1.6 0 -4.20979
      vertex 1.6 0 1.79021
    endloop
  endfacet
  facet normal -0.976298 -0.216433 0
    outer loop
      vertex 1.57569 0.277837 -4.20979
      vertex 1.54548 0.41411 1.79021
      vertex 1.54548 0.41411 -4.20979
    endloop
  endfacet
  facet normal -0.976298 -0.216433 0
    outer loop
      vertex 1.54548 0.41411 1.79021
      vertex 1.57569 0.277837 -4.20979
      vertex 1.57569 0.277837 1.79021
    endloop
  endfacet
  facet normal -0.737276 0.675592 0
    outer loop
      vertex 1.13137 -1.13137 -4.20979
      vertex 1.22567 -1.02846 1.79021
      vertex 1.22567 -1.02846 -4.20979
    endloop
  endfacet
  facet normal -0.737276 0.675592 0
    outer loop
      vertex 1.22567 -1.02846 1.79021
      vertex 1.13137 -1.13137 -4.20979
      vertex 1.13137 -1.13137 1.79021
    endloop
  endfacet
  facet normal -0.923868 0.382712 0
    outer loop
      vertex 1.45009 -0.676188 -4.20979
      vertex 1.50351 -0.547232 1.79021
      vertex 1.50351 -0.547232 -4.20979
    endloop
  endfacet
  facet normal -0.923868 0.382712 0
    outer loop
      vertex 1.50351 -0.547232 1.79021
      vertex 1.45009 -0.676188 -4.20979
      vertex 1.45009 -0.676188 1.79021
    endloop
  endfacet
  facet normal -0 -0 1
    outer loop
      vertex 1.48165 0.599999 1.79021
      vertex 1.50351 0.547232 1.79021
      vertex 1.45009 0.676188 1.79021
    endloop
  endfacet
  facet normal -0.92386 -0.382731 -0
    outer loop
      vertex 1.50351 0.547232 1.79021
      vertex 1.48165 0.599999 1.79021
      vertex 1.50351 0.547232 -4.20979
    endloop
  endfacet
  facet normal -0.92386 -0.382731 0
    outer loop
      vertex 1.48165 0.599999 -4.20979
      vertex 1.50351 0.547232 -4.20979
      vertex 1.48165 0.599999 1.79021
    endloop
  endfacet
  facet normal 0.999048 0.0436303 0
    outer loop
      vertex -1.59391 -0.139449 1.79021
      vertex -1.6 0 -4.20979
      vertex -1.6 0 1.79021
    endloop
  endfacet
  facet normal 0.999048 0.0436303 0
    outer loop
      vertex -1.6 0 -4.20979
      vertex -1.59391 -0.139449 1.79021
      vertex -1.59391 -0.139449 -4.20979
    endloop
  endfacet
  facet normal 0.887016 0.461738 0
    outer loop
      vertex -1.38564 -0.799999 1.79021
      vertex -1.45009 -0.676188 -4.20979
      vertex -1.45009 -0.676188 1.79021
    endloop
  endfacet
  facet normal 0.887016 0.461738 0
    outer loop
      vertex -1.45009 -0.676188 -4.20979
      vertex -1.38564 -0.799999 1.79021
      vertex -1.38564 -0.799999 -4.20979
    endloop
  endfacet
  facet normal 0.976298 -0.216433 0
    outer loop
      vertex -1.57569 0.277837 1.79021
      vertex -1.54548 0.41411 -4.20979
      vertex -1.54548 0.41411 1.79021
    endloop
  endfacet
  facet normal 0.976298 -0.216433 0
    outer loop
      vertex -1.54548 0.41411 -4.20979
      vertex -1.57569 0.277837 1.79021
      vertex -1.57569 0.277837 -4.20979
    endloop
  endfacet
  facet normal 0.991444 -0.130532 0
    outer loop
      vertex -1.59391 0.139449 1.79021
      vertex -1.57569 0.277837 -4.20979
      vertex -1.57569 0.277837 1.79021
    endloop
  endfacet
  facet normal 0.991444 -0.130532 0
    outer loop
      vertex -1.57569 0.277837 -4.20979
      vertex -1.59391 0.139449 1.79021
      vertex -1.59391 0.139449 -4.20979
    endloop
  endfacet
  facet normal -0.300685 0.953724 0
    outer loop
      vertex 0.547232 -1.50351 -4.20979
      vertex 0.41411 -1.54548 1.79021
      vertex 0.547232 -1.50351 1.79021
    endloop
  endfacet
  facet normal -0.300685 0.953724 0
    outer loop
      vertex 0.41411 -1.54548 1.79021
      vertex 0.547232 -1.50351 -4.20979
      vertex 0.41411 -1.54548 -4.20979
    endloop
  endfacet
  facet normal -0.976298 0.216433 0
    outer loop
      vertex 1.54548 -0.41411 -4.20979
      vertex 1.57569 -0.277837 1.79021
      vertex 1.57569 -0.277837 -4.20979
    endloop
  endfacet
  facet normal -0.976298 0.216433 0
    outer loop
      vertex 1.57569 -0.277837 1.79021
      vertex 1.54548 -0.41411 -4.20979
      vertex 1.54548 -0.41411 1.79021
    endloop
  endfacet
  facet normal 0.461738 0.887016 -0
    outer loop
      vertex -0.676188 -1.45009 -4.20979
      vertex -0.799999 -1.38564 1.79021
      vertex -0.676188 -1.45009 1.79021
    endloop
  endfacet
  facet normal 0.461738 0.887016 0
    outer loop
      vertex -0.799999 -1.38564 1.79021
      vertex -0.676188 -1.45009 -4.20979
      vertex -0.799999 -1.38564 -4.20979
    endloop
  endfacet
  facet normal -0.0436303 0.999048 0
    outer loop
      vertex 0.139449 -1.59391 -4.20979
      vertex 0 -1.6 1.79021
      vertex 0.139449 -1.59391 1.79021
    endloop
  endfacet
  facet normal -0.0436303 0.999048 0
    outer loop
      vertex 0 -1.6 1.79021
      vertex 0.139449 -1.59391 -4.20979
      vertex 0 -1.6 -4.20979
    endloop
  endfacet
  facet normal -0.537311 0.843384 0
    outer loop
      vertex 0.917722 -1.31064 -4.20979
      vertex 0.799999 -1.38564 1.79021
      vertex 0.917722 -1.31064 1.79021
    endloop
  endfacet
  facet normal -0.537311 0.843384 0
    outer loop
      vertex 0.799999 -1.38564 1.79021
      vertex 0.917722 -1.31064 -4.20979
      vertex 0.799999 -1.38564 -4.20979
    endloop
  endfacet
  facet normal 0.675592 0.737276 -0
    outer loop
      vertex -1.02846 -1.22567 -4.20979
      vertex -1.13137 -1.13137 1.79021
      vertex -1.02846 -1.22567 1.79021
    endloop
  endfacet
  facet normal 0.675592 0.737276 0
    outer loop
      vertex -1.13137 -1.13137 1.79021
      vertex -1.02846 -1.22567 -4.20979
      vertex -1.13137 -1.13137 -4.20979
    endloop
  endfacet
  facet normal 0.976298 0.216433 0
    outer loop
      vertex -1.54548 -0.41411 1.79021
      vertex -1.57569 -0.277837 -4.20979
      vertex -1.57569 -0.277837 1.79021
    endloop
  endfacet
  facet normal 0.976298 0.216433 0
    outer loop
      vertex -1.57569 -0.277837 -4.20979
      vertex -1.54548 -0.41411 1.79021
      vertex -1.54548 -0.41411 -4.20979
    endloop
  endfacet
  facet normal -0.130532 0.991444 0
    outer loop
      vertex 0.277837 -1.57569 -4.20979
      vertex 0.139449 -1.59391 1.79021
      vertex 0.277837 -1.57569 1.79021
    endloop
  endfacet
  facet normal -0.130532 0.991444 0
    outer loop
      vertex 0.139449 -1.59391 1.79021
      vertex 0.277837 -1.57569 -4.20979
      vertex 0.139449 -1.59391 -4.20979
    endloop
  endfacet
  facet normal 0.923868 0.382712 0
    outer loop
      vertex -1.45009 -0.676188 1.79021
      vertex -1.50351 -0.547232 -4.20979
      vertex -1.50351 -0.547232 1.79021
    endloop
  endfacet
  facet normal 0.923868 0.382712 0
    outer loop
      vertex -1.50351 -0.547232 -4.20979
      vertex -1.45009 -0.676188 1.79021
      vertex -1.45009 -0.676188 -4.20979
    endloop
  endfacet
  facet normal -0.991444 0.130532 0
    outer loop
      vertex 1.57569 -0.277837 -4.20979
      vertex 1.59391 -0.139449 1.79021
      vertex 1.59391 -0.139449 -4.20979
    endloop
  endfacet
  facet normal -0.991444 0.130532 0
    outer loop
      vertex 1.59391 -0.139449 1.79021
      vertex 1.57569 -0.277837 -4.20979
      vertex 1.57569 -0.277837 1.79021
    endloop
  endfacet
  facet normal -0.999048 0.0436303 0
    outer loop
      vertex 1.59391 -0.139449 -4.20979
      vertex 1.6 0 1.79021
      vertex 1.6 0 -4.20979
    endloop
  endfacet
  facet normal -0.999048 0.0436303 0
    outer loop
      vertex 1.6 0 1.79021
      vertex 1.59391 -0.139449 -4.20979
      vertex 1.59391 -0.139449 1.79021
    endloop
  endfacet
  facet normal -0.953724 -0.300685 0
    outer loop
      vertex 1.54548 0.41411 -4.20979
      vertex 1.50351 0.547232 1.79021
      vertex 1.50351 0.547232 -4.20979
    endloop
  endfacet
  facet normal -0.953724 -0.300685 0
    outer loop
      vertex 1.50351 0.547232 1.79021
      vertex 1.54548 0.41411 -4.20979
      vertex 1.54548 0.41411 1.79021
    endloop
  endfacet
  facet normal -0.793361 0.608751 0
    outer loop
      vertex 1.22567 -1.02846 -4.20979
      vertex 1.31064 -0.917722 1.79021
      vertex 1.31064 -0.917722 -4.20979
    endloop
  endfacet
  facet normal -0.793361 0.608751 0
    outer loop
      vertex 1.31064 -0.917722 1.79021
      vertex 1.22567 -1.02846 -4.20979
      vertex 1.22567 -1.02846 1.79021
    endloop
  endfacet
  facet normal 0.991444 0.130532 0
    outer loop
      vertex -1.57569 -0.277837 1.79021
      vertex -1.59391 -0.139449 -4.20979
      vertex -1.59391 -0.139449 1.79021
    endloop
  endfacet
  facet normal 0.991444 0.130532 0
    outer loop
      vertex -1.59391 -0.139449 -4.20979
      vertex -1.57569 -0.277837 1.79021
      vertex -1.57569 -0.277837 -4.20979
    endloop
  endfacet
  facet normal -0.216433 0.976298 0
    outer loop
      vertex 0.41411 -1.54548 -4.20979
      vertex 0.277837 -1.57569 1.79021
      vertex 0.41411 -1.54548 1.79021
    endloop
  endfacet
  facet normal -0.216433 0.976298 0
    outer loop
      vertex 0.277837 -1.57569 1.79021
      vertex 0.41411 -1.54548 -4.20979
      vertex 0.277837 -1.57569 -4.20979
    endloop
  endfacet
  facet normal -0.461738 0.887016 0
    outer loop
      vertex 0.799999 -1.38564 -4.20979
      vertex 0.676188 -1.45009 1.79021
      vertex 0.799999 -1.38564 1.79021
    endloop
  endfacet
  facet normal -0.461738 0.887016 0
    outer loop
      vertex 0.676188 -1.45009 1.79021
      vertex 0.799999 -1.38564 -4.20979
      vertex 0.676188 -1.45009 -4.20979
    endloop
  endfacet
  facet normal 0.843384 0.537311 0
    outer loop
      vertex -1.31064 -0.917722 1.79021
      vertex -1.38564 -0.799999 -4.20979
      vertex -1.38564 -0.799999 1.79021
    endloop
  endfacet
  facet normal 0.843384 0.537311 0
    outer loop
      vertex -1.38564 -0.799999 -4.20979
      vertex -1.31064 -0.917722 1.79021
      vertex -1.31064 -0.917722 -4.20979
    endloop
  endfacet
  facet normal -0.675592 0.737276 0
    outer loop
      vertex 1.13137 -1.13137 -4.20979
      vertex 1.02846 -1.22567 1.79021
      vertex 1.13137 -1.13137 1.79021
    endloop
  endfacet
  facet normal -0.675592 0.737276 0
    outer loop
      vertex 1.02846 -1.22567 1.79021
      vertex 1.13137 -1.13137 -4.20979
      vertex 1.02846 -1.22567 -4.20979
    endloop
  endfacet
  facet normal 0.737276 0.675592 0
    outer loop
      vertex -1.13137 -1.13137 1.79021
      vertex -1.22567 -1.02846 -4.20979
      vertex -1.22567 -1.02846 1.79021
    endloop
  endfacet
  facet normal 0.737276 0.675592 0
    outer loop
      vertex -1.22567 -1.02846 -4.20979
      vertex -1.13137 -1.13137 1.79021
      vertex -1.13137 -1.13137 -4.20979
    endloop
  endfacet
  facet normal 0.793361 0.608751 0
    outer loop
      vertex -1.22567 -1.02846 1.79021
      vertex -1.31064 -0.917722 -4.20979
      vertex -1.31064 -0.917722 1.79021
    endloop
  endfacet
  facet normal 0.793361 0.608751 0
    outer loop
      vertex -1.31064 -0.917722 -4.20979
      vertex -1.22567 -1.02846 1.79021
      vertex -1.22567 -1.02846 -4.20979
    endloop
  endfacet
  facet normal 0.300685 0.953724 -0
    outer loop
      vertex -0.41411 -1.54548 -4.20979
      vertex -0.547232 -1.50351 1.79021
      vertex -0.41411 -1.54548 1.79021
    endloop
  endfacet
  facet normal 0.300685 0.953724 0
    outer loop
      vertex -0.547232 -1.50351 1.79021
      vertex -0.41411 -1.54548 -4.20979
      vertex -0.547232 -1.50351 -4.20979
    endloop
  endfacet
  facet normal -0.382712 0.923868 0
    outer loop
      vertex 0.676188 -1.45009 -4.20979
      vertex 0.547232 -1.50351 1.79021
      vertex 0.676188 -1.45009 1.79021
    endloop
  endfacet
  facet normal -0.382712 0.923868 0
    outer loop
      vertex 0.547232 -1.50351 1.79021
      vertex 0.676188 -1.45009 -4.20979
      vertex 0.547232 -1.50351 -4.20979
    endloop
  endfacet
  facet normal -0.843384 0.537311 0
    outer loop
      vertex 1.31064 -0.917722 -4.20979
      vertex 1.38564 -0.799999 1.79021
      vertex 1.38564 -0.799999 -4.20979
    endloop
  endfacet
  facet normal -0.843384 0.537311 0
    outer loop
      vertex 1.38564 -0.799999 1.79021
      vertex 1.31064 -0.917722 -4.20979
      vertex 1.31064 -0.917722 1.79021
    endloop
  endfacet
  facet normal -0.887016 0.461738 0
    outer loop
      vertex 1.38564 -0.799999 -4.20979
      vertex 1.45009 -0.676188 1.79021
      vertex 1.45009 -0.676188 -4.20979
    endloop
  endfacet
  facet normal -0.887016 0.461738 0
    outer loop
      vertex 1.45009 -0.676188 1.79021
      vertex 1.38564 -0.799999 -4.20979
      vertex 1.38564 -0.799999 1.79021
    endloop
  endfacet
  facet normal -0.953724 0.300685 0
    outer loop
      vertex 1.50351 -0.547232 -4.20979
      vertex 1.54548 -0.41411 1.79021
      vertex 1.54548 -0.41411 -4.20979
    endloop
  endfacet
  facet normal -0.953724 0.300685 0
    outer loop
      vertex 1.54548 -0.41411 1.79021
      vertex 1.50351 -0.547232 -4.20979
      vertex 1.50351 -0.547232 1.79021
    endloop
  endfacet
  facet normal 0.0436303 0.999048 -0
    outer loop
      vertex 0 -1.6 -4.20979
      vertex -0.139449 -1.59391 1.79021
      vertex 0 -1.6 1.79021
    endloop
  endfacet
  facet normal 0.0436303 0.999048 0
    outer loop
      vertex -0.139449 -1.59391 1.79021
      vertex 0 -1.6 -4.20979
      vertex -0.139449 -1.59391 -4.20979
    endloop
  endfacet
  facet normal 0 0 1
    outer loop
      vertex -1.50351 0.547232 1.79021
      vertex -1.48165 0.599999 1.79021
      vertex -1.45009 0.676188 1.79021
    endloop
  endfacet
  facet normal 0.92386 -0.382731 0
    outer loop
      vertex -1.50351 0.547232 1.79021
      vertex -1.48165 0.599999 -4.20979
      vertex -1.48165 0.599999 1.79021
    endloop
  endfacet
  facet normal 0.92386 -0.382731 0
    outer loop
      vertex -1.48165 0.599999 -4.20979
      vertex -1.50351 0.547232 1.79021
      vertex -1.50351 0.547232 -4.20979
    endloop
  endfacet
  facet normal 0.953724 -0.300685 0
    outer loop
      vertex -1.54548 0.41411 1.79021
      vertex -1.50351 0.547232 -4.20979
      vertex -1.50351 0.547232 1.79021
    endloop
  endfacet
  facet normal 0.953724 -0.300685 0
    outer loop
      vertex -1.50351 0.547232 -4.20979
      vertex -1.54548 0.41411 1.79021
      vertex -1.54548 0.41411 -4.20979
    endloop
  endfacet
  facet normal -0.608751 0.793361 0
    outer loop
      vertex 1.02846 -1.22567 -4.20979
      vertex 0.917722 -1.31064 1.79021
      vertex 1.02846 -1.22567 1.79021
    endloop
  endfacet
  facet normal -0.608751 0.793361 0
    outer loop
      vertex 0.917722 -1.31064 1.79021
      vertex 1.02846 -1.22567 -4.20979
      vertex 0.917722 -1.31064 -4.20979
    endloop
  endfacet
  facet normal 0.999048 -0.0436303 0
    outer loop
      vertex -1.6 0 1.79021
      vertex -1.59391 0.139449 -4.20979
      vertex -1.59391 0.139449 1.79021
    endloop
  endfacet
  facet normal 0.999048 -0.0436303 0
    outer loop
      vertex -1.59391 0.139449 -4.20979
      vertex -1.6 0 1.79021
      vertex -1.6 0 -4.20979
    endloop
  endfacet
  facet normal 0.608751 0.793361 -0
    outer loop
      vertex -0.917722 -1.31064 -4.20979
      vertex -1.02846 -1.22567 1.79021
      vertex -0.917722 -1.31064 1.79021
    endloop
  endfacet
  facet normal 0.608751 0.793361 0
    outer loop
      vertex -1.02846 -1.22567 1.79021
      vertex -0.917722 -1.31064 -4.20979
      vertex -1.02846 -1.22567 -4.20979
    endloop
  endfacet
  facet normal 0.953724 0.300685 0
    outer loop
      vertex -1.50351 -0.547232 1.79021
      vertex -1.54548 -0.41411 -4.20979
      vertex -1.54548 -0.41411 1.79021
    endloop
  endfacet
  facet normal 0.953724 0.300685 0
    outer loop
      vertex -1.54548 -0.41411 -4.20979
      vertex -1.50351 -0.547232 1.79021
      vertex -1.50351 -0.547232 -4.20979
    endloop
  endfacet
  facet normal 0.537311 0.843384 -0
    outer loop
      vertex -0.799999 -1.38564 -4.20979
      vertex -0.917722 -1.31064 1.79021
      vertex -0.799999 -1.38564 1.79021
    endloop
  endfacet
  facet normal 0.537311 0.843384 0
    outer loop
      vertex -0.917722 -1.31064 1.79021
      vertex -0.799999 -1.38564 -4.20979
      vertex -0.917722 -1.31064 -4.20979
    endloop
  endfacet
  facet normal 0.382712 0.923868 -0
    outer loop
      vertex -0.547232 -1.50351 -4.20979
      vertex -0.676188 -1.45009 1.79021
      vertex -0.547232 -1.50351 1.79021
    endloop
  endfacet
  facet normal 0.382712 0.923868 0
    outer loop
      vertex -0.676188 -1.45009 1.79021
      vertex -0.547232 -1.50351 -4.20979
      vertex -0.676188 -1.45009 -4.20979
    endloop
  endfacet
  facet normal 0.130532 0.991444 -0
    outer loop
      vertex -0.139449 -1.59391 -4.20979
      vertex -0.277837 -1.57569 1.79021
      vertex -0.139449 -1.59391 1.79021
    endloop
  endfacet
  facet normal 0.130532 0.991444 0
    outer loop
      vertex -0.277837 -1.57569 1.79021
      vertex -0.139449 -1.59391 -4.20979
      vertex -0.277837 -1.57569 -4.20979
    endloop
  endfacet
  facet normal 0.216433 0.976298 -0
    outer loop
      vertex -0.277837 -1.57569 -4.20979
      vertex -0.41411 -1.54548 1.79021
      vertex -0.277837 -1.57569 1.79021
    endloop
  endfacet
  facet normal 0.216433 0.976298 0
    outer loop
      vertex -0.41411 -1.54548 1.79021
      vertex -0.277837 -1.57569 -4.20979
      vertex -0.41411 -1.54548 -4.20979
    endloop
  endfacet
  facet normal -1 0 0
    outer loop
      vertex 1.7 0.599999 -4.20979
      vertex 1.7 1.6 1.79021
      vertex 1.7 1.6 -4.20979
    endloop
  endfacet
  facet normal -1 -0 0
    outer loop
      vertex 1.7 1.6 1.79021
      vertex 1.7 0.599999 -4.20979
      vertex 1.7 0.599999 1.79021
    endloop
  endfacet
  facet normal 0 0 -1
    outer loop
      vertex -0.139449 1.59391 1.79021
      vertex -1.05927 1.6 1.79021
      vertex 0 1.6 1.79021
    endloop
  endfacet
  facet normal 0 0 -1
    outer loop
      vertex -0.277837 1.57569 1.79021
      vertex -1.05927 1.6 1.79021
      vertex -0.139449 1.59391 1.79021
    endloop
  endfacet
  facet normal 0 0 -1
    outer loop
      vertex -0.41411 1.54548 1.79021
      vertex -1.05927 1.6 1.79021
      vertex -0.277837 1.57569 1.79021
    endloop
  endfacet
  facet normal 0 0 -1
    outer loop
      vertex -0.547232 1.50351 1.79021
      vertex -1.05927 1.6 1.79021
      vertex -0.41411 1.54548 1.79021
    endloop
  endfacet
  facet normal 0 0 -1
    outer loop
      vertex -0.676188 1.45009 1.79021
      vertex -1.05927 1.6 1.79021
      vertex -0.547232 1.50351 1.79021
    endloop
  endfacet
  facet normal 0 0 -1
    outer loop
      vertex -0.799999 1.38564 1.79021
      vertex -1.05927 1.6 1.79021
      vertex -0.676188 1.45009 1.79021
    endloop
  endfacet
  facet normal 0 0 -1
    outer loop
      vertex -0.917722 1.31064 1.79021
      vertex -1.05927 1.6 1.79021
      vertex -0.799999 1.38564 1.79021
    endloop
  endfacet
  facet normal 0 0 -1
    outer loop
      vertex -1.02846 1.22567 1.79021
      vertex -1.05927 1.6 1.79021
      vertex -0.917722 1.31064 1.79021
    endloop
  endfacet
  facet normal 0 0 -1
    outer loop
      vertex -1.37245 1.37245 1.79021
      vertex -1.02846 1.22567 1.79021
      vertex -1.13137 1.13137 1.79021
    endloop
  endfacet
  facet normal 0 0 -1
    outer loop
      vertex -1.37245 1.37245 1.79021
      vertex -1.13137 1.13137 1.79021
      vertex -1.22567 1.02846 1.79021
    endloop
  endfacet
  facet normal 0 0 -1
    outer loop
      vertex -1.37245 1.37245 1.79021
      vertex -1.22567 1.02846 1.79021
      vertex -1.31064 0.917722 1.79021
    endloop
  endfacet
  facet normal 0 0 -1
    outer loop
      vertex -1.02846 1.22567 1.79021
      vertex -1.37245 1.37245 1.79021
      vertex -1.05927 1.6 1.79021
    endloop
  endfacet
  facet normal 0 0 -1
    outer loop
      vertex -1.38564 0.799999 1.79021
      vertex -1.37245 1.37245 1.79021
      vertex -1.31064 0.917722 1.79021
    endloop
  endfacet
  facet normal 0 0 -1
    outer loop
      vertex -1.7 0.599999 1.79021
      vertex -1.38564 0.799999 1.79021
      vertex -1.45009 0.676188 1.79021
    endloop
  endfacet
  facet normal 0 0 -1
    outer loop
      vertex -1.7 0.599999 1.79021
      vertex -1.45009 0.676188 1.79021
      vertex -1.48165 0.599999 1.79021
    endloop
  endfacet
  facet normal -0 0 -1
    outer loop
      vertex -1.38564 0.799999 1.79021
      vertex -1.7 0.599999 1.79021
      vertex -1.37245 1.37245 1.79021
    endloop
  endfacet
  facet normal 0 0 -1
    outer loop
      vertex -1.7 1.6 1.79021
      vertex -1.37245 1.37245 1.79021
      vertex -1.7 0.599999 1.79021
    endloop
  endfacet
  facet normal 0 0 -1
    outer loop
      vertex -1.37245 1.37245 1.79021
      vertex -1.7 1.6 1.79021
      vertex -1.6 1.6 1.79021
    endloop
  endfacet
  facet normal 0 0 -1
    outer loop
      vertex 1.37245 1.37245 1.79021
      vertex 1.7 1.6 1.79021
      vertex 1.7 0.599999 1.79021
    endloop
  endfacet
  facet normal 0 0 -1
    outer loop
      vertex 1.45009 0.676188 1.79021
      vertex 1.7 0.599999 1.79021
      vertex 1.48165 0.599999 1.79021
    endloop
  endfacet
  facet normal 0 0 -1
    outer loop
      vertex 1.38564 0.799999 1.79021
      vertex 1.7 0.599999 1.79021
      vertex 1.45009 0.676188 1.79021
    endloop
  endfacet
  facet normal 0 0 -1
    outer loop
      vertex 1.37245 1.37245 1.79021
      vertex 1.7 0.599999 1.79021
      vertex 1.38564 0.799999 1.79021
    endloop
  endfacet
  facet normal -0 0 -1
    outer loop
      vertex 1.7 1.6 1.79021
      vertex 1.37245 1.37245 1.79021
      vertex 1.6 1.6 1.79021
    endloop
  endfacet
  facet normal 0 0 -1
    outer loop
      vertex 1.31064 0.917722 1.79021
      vertex 1.37245 1.37245 1.79021
      vertex 1.38564 0.799999 1.79021
    endloop
  endfacet
  facet normal 0 0 -1
    outer loop
      vertex 1.22567 1.02846 1.79021
      vertex 1.37245 1.37245 1.79021
      vertex 1.31064 0.917722 1.79021
    endloop
  endfacet
  facet normal 0 0 -1
    outer loop
      vertex 1.13137 1.13137 1.79021
      vertex 1.37245 1.37245 1.79021
      vertex 1.22567 1.02846 1.79021
    endloop
  endfacet
  facet normal 0 0 -1
    outer loop
      vertex 1.02846 1.22567 1.79021
      vertex 1.37245 1.37245 1.79021
      vertex 1.13137 1.13137 1.79021
    endloop
  endfacet
  facet normal -0 0 -1
    outer loop
      vertex 1.37245 1.37245 1.79021
      vertex 1.02846 1.22567 1.79021
      vertex 1.05927 1.6 1.79021
    endloop
  endfacet
  facet normal 0 0 -1
    outer loop
      vertex 0.917722 1.31064 1.79021
      vertex 1.05927 1.6 1.79021
      vertex 1.02846 1.22567 1.79021
    endloop
  endfacet
  facet normal 0 0 -1
    outer loop
      vertex 0.799999 1.38564 1.79021
      vertex 1.05927 1.6 1.79021
      vertex 0.917722 1.31064 1.79021
    endloop
  endfacet
  facet normal 0 0 -1
    outer loop
      vertex 0.676188 1.45009 1.79021
      vertex 1.05927 1.6 1.79021
      vertex 0.799999 1.38564 1.79021
    endloop
  endfacet
  facet normal 0 0 -1
    outer loop
      vertex 0.547232 1.50351 1.79021
      vertex 1.05927 1.6 1.79021
      vertex 0.676188 1.45009 1.79021
    endloop
  endfacet
  facet normal 0 0 -1
    outer loop
      vertex 0.41411 1.54548 1.79021
      vertex 1.05927 1.6 1.79021
      vertex 0.547232 1.50351 1.79021
    endloop
  endfacet
  facet normal 0 0 -1
    outer loop
      vertex 0.277837 1.57569 1.79021
      vertex 1.05927 1.6 1.79021
      vertex 0.41411 1.54548 1.79021
    endloop
  endfacet
  facet normal 0 0 -1
    outer loop
      vertex 0.139449 1.59391 1.79021
      vertex 1.05927 1.6 1.79021
      vertex 0.277837 1.57569 1.79021
    endloop
  endfacet
  facet normal -0 0 -1
    outer loop
      vertex 1.05927 1.6 1.79021
      vertex 0.139449 1.59391 1.79021
      vertex 0 1.6 1.79021
    endloop
  endfacet
  facet normal 1 -0 0
    outer loop
      vertex -1.7 0.599999 1.79021
      vertex -1.7 1.6 -4.20979
      vertex -1.7 1.6 1.79021
    endloop
  endfacet
  facet normal 1 0 0
    outer loop
      vertex -1.7 1.6 -4.20979
      vertex -1.7 0.599999 1.79021
      vertex -1.7 0.599999 -4.20979
    endloop
  endfacet
  facet normal 0 -1 0
    outer loop
      vertex -1.7 1.6 1.79021
      vertex -1.6 1.6 1.12307
      vertex -1.6 1.6 1.79021
    endloop
  endfacet
  facet normal 0 -1 -0
    outer loop
      vertex -1.6 1.6 1.12307
      vertex -1.7 1.6 -4.20979
      vertex 1.6 1.6 1.12307
    endloop
  endfacet
  facet normal 0 -1 0
    outer loop
      vertex -1.7 1.6 -4.20979
      vertex -1.6 1.6 1.12307
      vertex -1.7 1.6 1.79021
    endloop
  endfacet
  facet normal 0 -1 0
    outer loop
      vertex -1.05927 1.6 1.69021
      vertex 0 1.6 1.79021
      vertex -1.05927 1.6 1.79021
    endloop
  endfacet
  facet normal 0 -1 0
    outer loop
      vertex -1.36195 1.6 1.37274
      vertex 0 1.6 1.79021
      vertex -1.05927 1.6 1.69021
    endloop
  endfacet
  facet normal 0 -1 0
    outer loop
      vertex 0 1.6 1.79021
      vertex 1.05927 1.6 1.69021
      vertex 1.05927 1.6 1.79021
    endloop
  endfacet
  facet normal 0 -1 0
    outer loop
      vertex -1.6 1.6 1.12307
      vertex 0 1.6 1.79021
      vertex -1.36195 1.6 1.37274
    endloop
  endfacet
  facet normal 0 -1 0
    outer loop
      vertex 0 1.6 1.79021
      vertex 1.36195 1.6 1.37274
      vertex 1.05927 1.6 1.69021
    endloop
  endfacet
  facet normal 0 -1 0
    outer loop
      vertex 1.6 1.6 1.12307
      vertex 0 1.6 1.79021
      vertex -1.6 1.6 1.12307
    endloop
  endfacet
  facet normal 0 -1 0
    outer loop
      vertex 0 1.6 1.79021
      vertex 1.6 1.6 1.12307
      vertex 1.36195 1.6 1.37274
    endloop
  endfacet
  facet normal 0 -1 0
    outer loop
      vertex 1.6 1.6 1.12307
      vertex 1.7 1.6 1.79021
      vertex 1.6 1.6 1.79021
    endloop
  endfacet
  facet normal 0 -1 0
    outer loop
      vertex 1.6 1.6 1.12307
      vertex 1.7 1.6 -4.20979
      vertex 1.7 1.6 1.79021
    endloop
  endfacet
  facet normal 0 -1 0
    outer loop
      vertex 1.7 1.6 -4.20979
      vertex 1.6 1.6 1.12307
      vertex -1.7 1.6 -4.20979
    endloop
  endfacet
  facet normal 0 1 -0
    outer loop
      vertex -1.48165 0.599999 -4.20979
      vertex -1.7 0.599999 1.79021
      vertex -1.48165 0.599999 1.79021
    endloop
  endfacet
  facet normal 0 1 0
    outer loop
      vertex -1.7 0.599999 1.79021
      vertex -1.48165 0.599999 -4.20979
      vertex -1.7 0.599999 -4.20979
    endloop
  endfacet
  facet normal 0 1 -0
    outer loop
      vertex 1.7 0.599999 -4.20979
      vertex 1.48165 0.599999 1.79021
      vertex 1.7 0.599999 1.79021
    endloop
  endfacet
  facet normal 0 1 0
    outer loop
      vertex 1.48165 0.599999 1.79021
      vertex 1.7 0.599999 -4.20979
      vertex 1.48165 0.599999 -4.20979
    endloop
  endfacet
  facet normal 0.0692165 0.847769 -0.525829
    outer loop
      vertex 1.11135 -4 -0.702769
      vertex 0.84964 -3.54274 0
      vertex 0.987431 -3.55399 0
    endloop
  endfacet
  facet normal 0.529856 0.847772 -0.0231362
    outer loop
      vertex 6.4 -4 5.6
      vertex 4.33747 -2.72128 5.22052
      vertex 4.35404 -2.72128 5.6
    endloop
  endfacet
  facet normal 0.529855 0.847773 -0.0231301
    outer loop
      vertex 6.37565 -4 5.0422
      vertex 4.33747 -2.72128 5.22052
      vertex 6.4 -4 5.6
    endloop
  endfacet
  facet normal 0.322866 0.847772 -0.420761
    outer loop
      vertex 4.11384 -4 0.697316
      vertex 2.49738 -2.72128 2.03338
      vertex 2.79872 -2.72128 2.26461
    endloop
  endfacet
  facet normal 0.447308 0.847767 0.284967
    outer loop
      vertex 5.54256 -4 8.8
      vertex 5.27863 -3.9 8.91679
      vertex 5.41398 -4 9.00183
    endloop
  endfacet
  facet normal 0.447305 0.847773 0.284955
    outer loop
      vertex 5.27863 -3.9 8.91679
      vertex 5.54256 -4 8.8
      vertex 4.50635 -3.32942 8.43153
    endloop
  endfacet
  facet normal 0.48999 0.847772 -0.202957
    outer loop
      vertex 5.80037 -4 2.89524
      vertex 3.9461 -2.72128 3.7599
      vertex 6.01403 -4 3.41107
    endloop
  endfacet
  facet normal 0.470436 0.847772 0.244894
    outer loop
      vertex 3.9461 -2.72128 7.4401
      vertex 3.77071 -2.72128 7.77702
      vertex 5.54256 -4 8.8
    endloop
  endfacet
  facet normal 0.505811 0.84777 0.159502
    outer loop
      vertex 5.88709 -3.9 7.65997
      vertex 6.01403 -4 7.78893
      vertex 6.03804 -4 7.71279
    endloop
  endfacet
  facet normal 0.505837 0.847761 0.159469
    outer loop
      vertex 6.01403 -4 7.78893
      vertex 5.88709 -3.9 7.65997
      vertex 5.65791 -3.74817 7.57978
    endloop
  endfacet
  facet normal -0.525798 0.847788 -0.0692238
    outer loop
      vertex -4.42859 -2.78755 5.10102
      vertex -4.33747 -2.72128 5.22052
      vertex -4.3233 -2.72128 5.11289
    endloop
  endfacet
  facet normal -0.525828 0.847772 -0.0691915
    outer loop
      vertex -4.33747 -2.72128 5.22052
      vertex -4.42859 -2.78755 5.10102
      vertex -4.75804 -2.99492 5.0639
    endloop
  endfacet
  facet normal -0.358306 0.847774 0.39102
    outer loop
      vertex -2.79872 -2.72128 8.93539
      vertex -4.52548 -4 10.1255
      vertex -4.11384 -4 10.5027
    endloop
  endfacet
  facet normal -0.0692035 0.847783 -0.525808
    outer loop
      vertex -0.662882 -3.70317 -0.283248
      vertex -0.84964 -3.54274 0
      vertex -0.630967 -3.52489 0
    endloop
  endfacet
  facet normal -0.0692253 0.847767 -0.525832
    outer loop
      vertex -1.11135 -4 -0.702769
      vertex -0.662882 -3.70317 -0.283248
      vertex -0.702051 -3.92199 -0.630882
    endloop
  endfacet
  facet normal -0.069236 0.847771 -0.525823
    outer loop
      vertex -0.662882 -3.70317 -0.283248
      vertex -1.11135 -4 -0.702769
      vertex -0.84964 -3.54274 0
    endloop
  endfacet
  facet normal -0.0692266 0.84777 -0.525827
    outer loop
      vertex -1.11135 -4 -0.702769
      vertex -0.702051 -3.92199 -0.630882
      vertex -0.716015 -4 -0.754816
    endloop
  endfacet
  facet normal 0.48999 0.847772 0.202957
    outer loop
      vertex 6.01403 -4 7.78893
      vertex 3.9461 -2.72128 7.4401
      vertex 5.80037 -4 8.30476
    endloop
  endfacet
  facet normal 0 -1 0
    outer loop
      vertex -1.65644 -4 -0.581925
      vertex -1.95952 -4 0
      vertex -2.11279 -4 -0.438038
    endloop
  endfacet
  facet normal 0 -1 0
    outer loop
      vertex -6.37565 -4 6.1578
      vertex -4.47169 -4 6.10383
      vertex -6.35482 -4 6.31602
    endloop
  endfacet
  facet normal 0 -1 0
    outer loop
      vertex -6.4 -4 5.6
      vertex -4.47169 -4 6.10383
      vertex -6.37565 -4 6.1578
    endloop
  endfacet
  facet normal 0 -1 -0
    outer loop
      vertex -4.47169 -4 6.10383
      vertex -6.4 -4 5.6
      vertex -4.47169 -4 5.09617
    endloop
  endfacet
  facet normal -0 -1 0
    outer loop
      vertex -3 -4 5.6
      vertex -4.47169 -4 6.10383
      vertex -4.47169 -4 5.09617
    endloop
  endfacet
  facet normal 0 -1 0
    outer loop
      vertex -4.47169 -4 6.10383
      vertex -3 -4 5.6
      vertex -2.98858 -4 5.86147
    endloop
  endfacet
  facet normal 0 -1 -0
    outer loop
      vertex -3 -4 5.6
      vertex -4.47169 -4 5.09617
      vertex -2.98858 -4 5.33853
    endloop
  endfacet
  facet normal 0 -1 0
    outer loop
      vertex -6.37565 -4 5.0422
      vertex -4.47169 -4 5.09617
      vertex -6.4 -4 5.6
    endloop
  endfacet
  facet normal 0 -1 0
    outer loop
      vertex -4.47169 -4 5.09617
      vertex -6.37565 -4 5.0422
      vertex -6.35482 -4 4.88399
    endloop
  endfacet
  facet normal 0 -1 0
    outer loop
      vertex -3.81026 -4 7.99413
      vertex -5.54256 -4 8.8
      vertex -5.80037 -4 8.30476
    endloop
  endfacet
  facet normal 0 -1 0
    outer loop
      vertex -5.54256 -4 8.8
      vertex -3.81026 -4 7.99413
      vertex -5.41398 -4 9.00183
    endloop
  endfacet
  facet normal 0 -1 0
    outer loop
      vertex -4.24747 -4 7.08625
      vertex -5.80037 -4 8.30476
      vertex -6.01403 -4 7.78893
    endloop
  endfacet
  facet normal 0 -1 0
    outer loop
      vertex -5.80037 -4 8.30476
      vertex -4.24747 -4 7.08625
      vertex -3.81026 -4 7.99413
    endloop
  endfacet
  facet normal 0 -1 0
    outer loop
      vertex -2.71892 -4 6.86785
      vertex -3.81026 -4 7.99413
      vertex -4.24747 -4 7.08625
    endloop
  endfacet
  facet normal 0 -1 0
    outer loop
      vertex -4.24747 -4 7.08625
      vertex -6.01403 -4 7.78893
      vertex -6.03804 -4 7.71279
    endloop
  endfacet
  facet normal 0 -1 0
    outer loop
      vertex -3.81026 -4 7.99413
      vertex -2.12132 -4 7.72132
      vertex -1.92836 -4 7.89813
    endloop
  endfacet
  facet normal 0 -1 0
    outer loop
      vertex -3.81026 -4 7.99413
      vertex -2.29813 -4 7.52836
      vertex -2.12132 -4 7.72132
    endloop
  endfacet
  facet normal 0 -1 0
    outer loop
      vertex -3.81026 -4 7.99413
      vertex -2.45746 -4 7.32073
      vertex -2.29813 -4 7.52836
    endloop
  endfacet
  facet normal 0 -1 0
    outer loop
      vertex -3.81026 -4 7.99413
      vertex -2.59808 -4 7.1
      vertex -2.45746 -4 7.32073
    endloop
  endfacet
  facet normal 0 -1 0
    outer loop
      vertex -3.81026 -4 7.99413
      vertex -2.71892 -4 6.86785
      vertex -2.59808 -4 7.1
    endloop
  endfacet
  facet normal 0 -1 0
    outer loop
      vertex -4.24747 -4 7.08625
      vertex -2.81908 -4 6.62606
      vertex -2.71892 -4 6.86785
    endloop
  endfacet
  facet normal 0 -1 0
    outer loop
      vertex -4.24747 -4 7.08625
      vertex -2.89778 -4 6.37646
      vertex -2.81908 -4 6.62606
    endloop
  endfacet
  facet normal 0 -1 0
    outer loop
      vertex -4.47169 -4 6.10383
      vertex -2.89778 -4 6.37646
      vertex -4.24747 -4 7.08625
    endloop
  endfacet
  facet normal 0 -1 0
    outer loop
      vertex -2.89778 -4 6.37646
      vertex -4.47169 -4 6.10383
      vertex -2.95442 -4 6.12094
    endloop
  endfacet
  facet normal 0 -1 0
    outer loop
      vertex -2.95442 -4 6.12094
      vertex -4.47169 -4 6.10383
      vertex -2.98858 -4 5.86147
    endloop
  endfacet
  facet normal 0 -1 0
    outer loop
      vertex 0.520944 -4 8.55442
      vertex 2.39413 -4 9.41026
      vertex 0.261467 -4 8.58858
    endloop
  endfacet
  facet normal 0 -1 0
    outer loop
      vertex 0.776457 -4 8.49778
      vertex 2.39413 -4 9.41026
      vertex 0.520944 -4 8.55442
    endloop
  endfacet
  facet normal 0 -1 0
    outer loop
      vertex 1.02606 -4 8.41908
      vertex 2.39413 -4 9.41026
      vertex 0.776457 -4 8.49778
    endloop
  endfacet
  facet normal 0 -1 0
    outer loop
      vertex 1.26785 -4 8.31892
      vertex 2.39413 -4 9.41026
      vertex 1.02606 -4 8.41908
    endloop
  endfacet
  facet normal 0 -1 0
    outer loop
      vertex 1.5 -4 8.19808
      vertex 2.39413 -4 9.41026
      vertex 1.26785 -4 8.31892
    endloop
  endfacet
  facet normal 0 -1 0
    outer loop
      vertex 1.72073 -4 8.05746
      vertex 2.39413 -4 9.41026
      vertex 1.5 -4 8.19808
    endloop
  endfacet
  facet normal 0 -1 0
    outer loop
      vertex 1.92836 -4 7.89813
      vertex 2.39413 -4 9.41026
      vertex 1.72073 -4 8.05746
    endloop
  endfacet
  facet normal 0 -1 -0
    outer loop
      vertex 2.39413 -4 9.41026
      vertex 1.92836 -4 7.89813
      vertex 3.18198 -4 8.78198
    endloop
  endfacet
  facet normal 0 -1 0
    outer loop
      vertex 2.12132 -4 7.72132
      vertex 3.18198 -4 8.78198
      vertex 1.92836 -4 7.89813
    endloop
  endfacet
  facet normal 0 -1 0
    outer loop
      vertex -2.39413 -4 9.41026
      vertex -3.67089 -4 10.8426
      vertex -4.11384 -4 10.5027
    endloop
  endfacet
  facet normal 0 -1 0
    outer loop
      vertex -3.18198 -4 8.78198
      vertex -4.11384 -4 10.5027
      vertex -4.52548 -4 10.1255
    endloop
  endfacet
  facet normal 0 -1 0
    outer loop
      vertex -3.67089 -4 10.8426
      vertex -2.39413 -4 9.41026
      vertex -3.40183 -4 11.014
    endloop
  endfacet
  facet normal 0 -1 0
    outer loop
      vertex -1.92836 -4 7.89813
      vertex -2.39413 -4 9.41026
      vertex -3.18198 -4 8.78198
    endloop
  endfacet
  facet normal 0 -1 0
    outer loop
      vertex -4.11384 -4 10.5027
      vertex -3.18198 -4 8.78198
      vertex -2.39413 -4 9.41026
    endloop
  endfacet
  facet normal 0 -1 0
    outer loop
      vertex -0.50383 -4 10.0717
      vertex -1.11135 -4 11.9028
      vertex -1.65644 -4 11.7819
    endloop
  endfacet
  facet normal 0 -1 0
    outer loop
      vertex -1.48625 -4 9.84747
      vertex -1.65644 -4 11.7819
      vertex -2.11279 -4 11.638
    endloop
  endfacet
  facet normal 0 -1 0
    outer loop
      vertex -1.11135 -4 11.9028
      vertex -0.50383 -4 10.0717
      vertex -0.716015 -4 11.9548
    endloop
  endfacet
  facet normal 0 -1 -0
    outer loop
      vertex -0.50383 -4 10.0717
      vertex -1.48625 -4 9.84747
      vertex 0.50383 -4 10.0717
    endloop
  endfacet
  facet normal 0 -1 0
    outer loop
      vertex -1.65644 -4 11.7819
      vertex -1.48625 -4 9.84747
      vertex -0.50383 -4 10.0717
    endloop
  endfacet
  facet normal 0 -1 0
    outer loop
      vertex 0.50383 -4 10.0717
      vertex 1.11135 -4 11.9028
      vertex 0.716015 -4 11.9548
    endloop
  endfacet
  facet normal 0 -1 -0
    outer loop
      vertex 1.11135 -4 11.9028
      vertex 0.50383 -4 10.0717
      vertex 1.65644 -4 11.7819
    endloop
  endfacet
  facet normal 0 -1 0
    outer loop
      vertex 1.48625 -4 9.84747
      vertex 1.65644 -4 11.7819
      vertex 0.50383 -4 10.0717
    endloop
  endfacet
  facet normal 0 -1 -0
    outer loop
      vertex 1.65644 -4 11.7819
      vertex 1.48625 -4 9.84747
      vertex 2.11279 -4 11.638
    endloop
  endfacet
  facet normal 0 -1 0
    outer loop
      vertex -1.48625 -4 9.84747
      vertex 1.48625 -4 9.84747
      vertex 0.50383 -4 10.0717
    endloop
  endfacet
  facet normal 0 -1 0
    outer loop
      vertex -2.39413 -4 9.41026
      vertex 1.48625 -4 9.84747
      vertex -1.48625 -4 9.84747
    endloop
  endfacet
  facet normal 0 -1 -0
    outer loop
      vertex 1.48625 -4 9.84747
      vertex -2.39413 -4 9.41026
      vertex 2.39413 -4 9.41026
    endloop
  endfacet
  facet normal 0 -1 0
    outer loop
      vertex 2.39413 -4 9.41026
      vertex 3.67089 -4 10.8426
      vertex 3.40183 -4 11.014
    endloop
  endfacet
  facet normal 0 -1 -0
    outer loop
      vertex 3.67089 -4 10.8426
      vertex 2.39413 -4 9.41026
      vertex 4.11384 -4 10.5027
    endloop
  endfacet
  facet normal 0 -1 0
    outer loop
      vertex 3.18198 -4 8.78198
      vertex 4.11384 -4 10.5027
      vertex 2.39413 -4 9.41026
    endloop
  endfacet
  facet normal 0 -1 -0
    outer loop
      vertex 4.11384 -4 10.5027
      vertex 3.18198 -4 8.78198
      vertex 4.52548 -4 10.1255
    endloop
  endfacet
  facet normal -0 -1 0
    outer loop
      vertex 0 -4 8.6
      vertex -2.39413 -4 9.41026
      vertex -0.261467 -4 8.58858
    endloop
  endfacet
  facet normal 0 -1 0
    outer loop
      vertex 0.261467 -4 8.58858
      vertex 2.39413 -4 9.41026
      vertex 0 -4 8.6
    endloop
  endfacet
  facet normal 0 -1 0
    outer loop
      vertex -2.39413 -4 9.41026
      vertex 0 -4 8.6
      vertex 2.39413 -4 9.41026
    endloop
  endfacet
  facet normal 0 -1 0
    outer loop
      vertex -2.39413 -4 9.41026
      vertex -0.520944 -4 8.55442
      vertex -0.261467 -4 8.58858
    endloop
  endfacet
  facet normal 0 -1 0
    outer loop
      vertex -2.39413 -4 9.41026
      vertex -0.776457 -4 8.49778
      vertex -0.520944 -4 8.55442
    endloop
  endfacet
  facet normal 0 -1 0
    outer loop
      vertex -2.39413 -4 9.41026
      vertex -1.02606 -4 8.41908
      vertex -0.776457 -4 8.49778
    endloop
  endfacet
  facet normal 0 -1 0
    outer loop
      vertex -2.39413 -4 9.41026
      vertex -1.26785 -4 8.31892
      vertex -1.02606 -4 8.41908
    endloop
  endfacet
  facet normal 0 -1 0
    outer loop
      vertex -2.39413 -4 9.41026
      vertex -1.5 -4 8.19808
      vertex -1.26785 -4 8.31892
    endloop
  endfacet
  facet normal 0 -1 0
    outer loop
      vertex -2.39413 -4 9.41026
      vertex -1.72073 -4 8.05746
      vertex -1.5 -4 8.19808
    endloop
  endfacet
  facet normal 0 -1 0
    outer loop
      vertex -1.92836 -4 7.89813
      vertex -3.18198 -4 8.78198
      vertex -3.81026 -4 7.99413
    endloop
  endfacet
  facet normal 0 -1 0
    outer loop
      vertex -2.39413 -4 9.41026
      vertex -1.92836 -4 7.89813
      vertex -1.72073 -4 8.05746
    endloop
  endfacet
  facet normal 0 -1 0
    outer loop
      vertex 3.81026 -4 7.99413
      vertex 5.54256 -4 8.8
      vertex 5.41398 -4 9.00183
    endloop
  endfacet
  facet normal 0 -1 -0
    outer loop
      vertex 5.54256 -4 8.8
      vertex 3.81026 -4 7.99413
      vertex 5.80037 -4 8.30476
    endloop
  endfacet
  facet normal 0 -1 0
    outer loop
      vertex 4.24747 -4 7.08625
      vertex 5.80037 -4 8.30476
      vertex 3.81026 -4 7.99413
    endloop
  endfacet
  facet normal 0 -1 0
    outer loop
      vertex 2.29813 -4 7.52836
      vertex 3.18198 -4 8.78198
      vertex 2.12132 -4 7.72132
    endloop
  endfacet
  facet normal 0 -1 -0
    outer loop
      vertex 3.18198 -4 8.78198
      vertex 2.29813 -4 7.52836
      vertex 3.81026 -4 7.99413
    endloop
  endfacet
  facet normal 0 -1 -0
    outer loop
      vertex 5.80037 -4 8.30476
      vertex 4.24747 -4 7.08625
      vertex 6.01403 -4 7.78893
    endloop
  endfacet
  facet normal 0 -1 0
    outer loop
      vertex 2.45746 -4 7.32073
      vertex 3.81026 -4 7.99413
      vertex 2.29813 -4 7.52836
    endloop
  endfacet
  facet normal 0 -1 0
    outer loop
      vertex 2.59808 -4 7.1
      vertex 3.81026 -4 7.99413
      vertex 2.45746 -4 7.32073
    endloop
  endfacet
  facet normal 0 -1 0
    outer loop
      vertex 2.71892 -4 6.86785
      vertex 3.81026 -4 7.99413
      vertex 2.59808 -4 7.1
    endloop
  endfacet
  facet normal 0 -1 -0
    outer loop
      vertex 6.01403 -4 7.78893
      vertex 4.24747 -4 7.08625
      vertex 6.03804 -4 7.71279
    endloop
  endfacet
  facet normal 0 -1 -0
    outer loop
      vertex 3.81026 -4 7.99413
      vertex 2.71892 -4 6.86785
      vertex 4.24747 -4 7.08625
    endloop
  endfacet
  facet normal 0 -1 0
    outer loop
      vertex 2.81908 -4 6.62606
      vertex 4.24747 -4 7.08625
      vertex 2.71892 -4 6.86785
    endloop
  endfacet
  facet normal 0 -1 0
    outer loop
      vertex 2.89778 -4 6.37646
      vertex 4.24747 -4 7.08625
      vertex 2.81908 -4 6.62606
    endloop
  endfacet
  facet normal 0 -1 0
    outer loop
      vertex 4.47169 -4 6.10383
      vertex 2.89778 -4 6.37646
      vertex 2.95442 -4 6.12094
    endloop
  endfacet
  facet normal 0 -1 0
    outer loop
      vertex 2.89778 -4 6.37646
      vertex 4.47169 -4 6.10383
      vertex 4.24747 -4 7.08625
    endloop
  endfacet
  facet normal -0 -1 0
    outer loop
      vertex 4.47169 -4 6.10383
      vertex 2.95442 -4 6.12094
      vertex 2.98858 -4 5.86147
    endloop
  endfacet
  facet normal 0 -1 0
    outer loop
      vertex 4.47169 -4 6.10383
      vertex 6.37565 -4 6.1578
      vertex 6.35482 -4 6.31602
    endloop
  endfacet
  facet normal 0 -1 0
    outer loop
      vertex 3 -4 5.6
      vertex 4.47169 -4 6.10383
      vertex 2.98858 -4 5.86147
    endloop
  endfacet
  facet normal 0 -1 -0
    outer loop
      vertex 4.47169 -4 6.10383
      vertex 3 -4 5.6
      vertex 4.47169 -4 5.09617
    endloop
  endfacet
  facet normal -0 -1 0
    outer loop
      vertex 6.4 -4 5.6
      vertex 4.47169 -4 6.10383
      vertex 4.47169 -4 5.09617
    endloop
  endfacet
  facet normal 0 -1 0
    outer loop
      vertex 4.47169 -4 5.09617
      vertex 3 -4 5.6
      vertex 2.98858 -4 5.33853
    endloop
  endfacet
  facet normal 0 -1 0
    outer loop
      vertex 4.47169 -4 6.10383
      vertex 6.4 -4 5.6
      vertex 6.37565 -4 6.1578
    endloop
  endfacet
  facet normal 0 -1 0
    outer loop
      vertex 4.47169 -4 5.09617
      vertex 6.37565 -4 5.0422
      vertex 6.4 -4 5.6
    endloop
  endfacet
  facet normal -0 -1 0
    outer loop
      vertex 6.37565 -4 5.0422
      vertex 4.47169 -4 5.09617
      vertex 6.35482 -4 4.88399
    endloop
  endfacet
  facet normal 0 -1 0
    outer loop
      vertex 0.50383 -4 1.12831
      vertex 0.633537 -4 0.0999994
      vertex 0.633533 -4 0.872282
    endloop
  endfacet
  facet normal 0 -1 0
    outer loop
      vertex 0.50383 -4 1.12831
      vertex 0.633537 -4 0
      vertex 0.633537 -4 0.0999994
    endloop
  endfacet
  facet normal 0 -1 0
    outer loop
      vertex 1.65644 -4 -0.581925
      vertex 1.95952 -4 0
      vertex 0.633537 -4 0
    endloop
  endfacet
  facet normal 0 -1 -0
    outer loop
      vertex 1.95952 -4 0
      vertex 1.65644 -4 -0.581925
      vertex 2.11279 -4 -0.438038
    endloop
  endfacet
  facet normal 0 -1 0
    outer loop
      vertex 0.633537 -4 0
      vertex 1.11135 -4 -0.702769
      vertex 1.65644 -4 -0.581925
    endloop
  endfacet
  facet normal 0 -1 0
    outer loop
      vertex 0.633537 -4 0
      vertex 0.716015 -4 -0.754816
      vertex 1.11135 -4 -0.702769
    endloop
  endfacet
  facet normal 0 -1 0
    outer loop
      vertex 0.716015 -4 -0.754816
      vertex 0.633537 -4 0
      vertex 0.50383 -4 1.12831
    endloop
  endfacet
  facet normal 0 -1 0
    outer loop
      vertex 0.50383 -4 1.12831
      vertex 0 -4 2.6
      vertex -0.50383 -4 1.12831
    endloop
  endfacet
  facet normal 0 -1 0
    outer loop
      vertex 0.261467 -4 2.61142
      vertex 1.48625 -4 1.35253
      vertex 2.39413 -4 1.78974
    endloop
  endfacet
  facet normal 0 -1 0
    outer loop
      vertex 0 -4 2.6
      vertex 0.50383 -4 1.12831
      vertex 0.261467 -4 2.61142
    endloop
  endfacet
  facet normal 0 -1 0
    outer loop
      vertex -0.838906 -4 0.827574
      vertex -0.50383 -4 1.12831
      vertex -1.48625 -4 1.35253
    endloop
  endfacet
  facet normal 0 -1 0
    outer loop
      vertex -0.50383 -4 1.12831
      vertex -0.705307 -4 0.861342
      vertex -0.633533 -4 0.872282
    endloop
  endfacet
  facet normal 0 -1 0
    outer loop
      vertex -0.50383 -4 1.12831
      vertex -0.838906 -4 0.827574
      vertex -0.705307 -4 0.861342
    endloop
  endfacet
  facet normal 0 -1 0
    outer loop
      vertex -1.48625 -4 1.35253
      vertex -1.0718 -4 0.76871
      vertex -0.838906 -4 0.827574
    endloop
  endfacet
  facet normal 0 -1 0
    outer loop
      vertex -1.48625 -4 1.35253
      vertex -1.34187 -4 0.673871
      vertex -1.0718 -4 0.76871
    endloop
  endfacet
  facet normal 0 -1 0
    outer loop
      vertex -1.48625 -4 1.35253
      vertex -1.45588 -4 0.633836
      vertex -1.34187 -4 0.673871
    endloop
  endfacet
  facet normal 0 -1 -0
    outer loop
      vertex -1.48625 -4 1.35253
      vertex -1.77941 -4 0.489256
      vertex -1.45588 -4 0.633836
    endloop
  endfacet
  facet normal -0 -1 0
    outer loop
      vertex -1.77941 -4 0.489256
      vertex -1.48625 -4 1.35253
      vertex -1.78997 -4 0.484533
    endloop
  endfacet
  facet normal 0 -1 0
    outer loop
      vertex 1.92836 -4 3.30187
      vertex 2.39413 -4 1.78974
      vertex 3.18198 -4 2.41802
    endloop
  endfacet
  facet normal 0 -1 0
    outer loop
      vertex 4.11384 -4 0.697316
      vertex 3.18198 -4 2.41802
      vertex 2.39413 -4 1.78974
    endloop
  endfacet
  facet normal 0 -1 0
    outer loop
      vertex 3.18198 -4 2.41802
      vertex 4.11384 -4 0.697316
      vertex 4.52548 -4 1.07452
    endloop
  endfacet
  facet normal 0 -1 0
    outer loop
      vertex 2.39413 -4 1.78974
      vertex 3.67089 -4 0.357427
      vertex 4.11384 -4 0.697316
    endloop
  endfacet
  facet normal -0 -1 0
    outer loop
      vertex 3.67089 -4 0.357427
      vertex 2.39413 -4 1.78974
      vertex 3.40183 -4 0.186021
    endloop
  endfacet
  facet normal 0 -1 0
    outer loop
      vertex 0.261467 -4 2.61142
      vertex 0.50383 -4 1.12831
      vertex 1.48625 -4 1.35253
    endloop
  endfacet
  facet normal 0 -1 0
    outer loop
      vertex 0.705307 -4 0.861342
      vertex 0.50383 -4 1.12831
      vertex 0.633533 -4 0.872282
    endloop
  endfacet
  facet normal 0 -1 0
    outer loop
      vertex 0.838906 -4 0.827574
      vertex 0.50383 -4 1.12831
      vertex 0.705307 -4 0.861342
    endloop
  endfacet
  facet normal 0 -1 0
    outer loop
      vertex 0.50383 -4 1.12831
      vertex 0.838906 -4 0.827574
      vertex 1.48625 -4 1.35253
    endloop
  endfacet
  facet normal 0 -1 0
    outer loop
      vertex 1.0718 -4 0.76871
      vertex 1.48625 -4 1.35253
      vertex 0.838906 -4 0.827574
    endloop
  endfacet
  facet normal 0 -1 0
    outer loop
      vertex 1.34187 -4 0.673871
      vertex 1.48625 -4 1.35253
      vertex 1.0718 -4 0.76871
    endloop
  endfacet
  facet normal 0 -1 0
    outer loop
      vertex 1.45588 -4 0.633836
      vertex 1.48625 -4 1.35253
      vertex 1.34187 -4 0.673871
    endloop
  endfacet
  facet normal 0 -1 0
    outer loop
      vertex 1.77941 -4 0.489256
      vertex 1.48625 -4 1.35253
      vertex 1.45588 -4 0.633836
    endloop
  endfacet
  facet normal 0 -1 0
    outer loop
      vertex 1.48625 -4 1.35253
      vertex 1.77941 -4 0.489256
      vertex 1.78997 -4 0.484533
    endloop
  endfacet
  facet normal 0 -1 0
    outer loop
      vertex -0.633537 -4 0.0999994
      vertex -0.50383 -4 1.12831
      vertex -0.633533 -4 0.872282
    endloop
  endfacet
  facet normal 0 -1 0
    outer loop
      vertex -0.633537 -4 0
      vertex -0.50383 -4 1.12831
      vertex -0.633537 -4 0.0999994
    endloop
  endfacet
  facet normal 0 -1 0
    outer loop
      vertex -1.95952 -4 0
      vertex -1.65644 -4 -0.581925
      vertex -0.633537 -4 0
    endloop
  endfacet
  facet normal 0 -1 0
    outer loop
      vertex -1.11135 -4 -0.702769
      vertex -0.633537 -4 0
      vertex -1.65644 -4 -0.581925
    endloop
  endfacet
  facet normal 0 -1 -0
    outer loop
      vertex -0.633537 -4 0
      vertex -0.716015 -4 -0.754816
      vertex -0.50383 -4 1.12831
    endloop
  endfacet
  facet normal 0 -1 0
    outer loop
      vertex -0.716015 -4 -0.754816
      vertex -0.633537 -4 0
      vertex -1.11135 -4 -0.702769
    endloop
  endfacet
  facet normal 0 -1 0
    outer loop
      vertex 2.39413 -4 1.78974
      vertex 1.92836 -4 3.30187
      vertex 1.72073 -4 3.14254
    endloop
  endfacet
  facet normal 0 -1 0
    outer loop
      vertex 2.39413 -4 1.78974
      vertex 1.72073 -4 3.14254
      vertex 1.5 -4 3.00192
    endloop
  endfacet
  facet normal 0 -1 0
    outer loop
      vertex 2.39413 -4 1.78974
      vertex 1.5 -4 3.00192
      vertex 1.26785 -4 2.88108
    endloop
  endfacet
  facet normal 0 -1 0
    outer loop
      vertex 2.39413 -4 1.78974
      vertex 1.26785 -4 2.88108
      vertex 1.02606 -4 2.78092
    endloop
  endfacet
  facet normal 0 -1 0
    outer loop
      vertex 2.39413 -4 1.78974
      vertex 1.02606 -4 2.78092
      vertex 0.776457 -4 2.70222
    endloop
  endfacet
  facet normal 0 -1 0
    outer loop
      vertex 2.39413 -4 1.78974
      vertex 0.776457 -4 2.70222
      vertex 0.520944 -4 2.64558
    endloop
  endfacet
  facet normal 0 -1 0
    outer loop
      vertex -0.776457 -4 2.70222
      vertex -0.50383 -4 1.12831
      vertex -0.520944 -4 2.64558
    endloop
  endfacet
  facet normal 0 -1 0
    outer loop
      vertex 1.92836 -4 3.30187
      vertex 3.18198 -4 2.41802
      vertex 3.81026 -4 3.20587
    endloop
  endfacet
  facet normal 0 -1 0
    outer loop
      vertex 2.39413 -4 1.78974
      vertex 0.520944 -4 2.64558
      vertex 0.261467 -4 2.61142
    endloop
  endfacet
  facet normal 0 -1 0
    outer loop
      vertex -0.520944 -4 2.64558
      vertex -0.50383 -4 1.12831
      vertex -0.261467 -4 2.61142
    endloop
  endfacet
  facet normal 0 -1 -0
    outer loop
      vertex -0.261467 -4 2.61142
      vertex -0.50383 -4 1.12831
      vertex 0 -4 2.6
    endloop
  endfacet
  facet normal 0 -1 0
    outer loop
      vertex -4.11384 -4 0.697316
      vertex -3.18198 -4 2.41802
      vertex -4.52548 -4 1.07452
    endloop
  endfacet
  facet normal 0 -1 -0
    outer loop
      vertex -3.18198 -4 2.41802
      vertex -4.11384 -4 0.697316
      vertex -2.39413 -4 1.78974
    endloop
  endfacet
  facet normal 0 -1 0
    outer loop
      vertex -3.67089 -4 0.357427
      vertex -2.39413 -4 1.78974
      vertex -4.11384 -4 0.697316
    endloop
  endfacet
  facet normal 0 -1 0
    outer loop
      vertex -2.39413 -4 1.78974
      vertex -3.67089 -4 0.357427
      vertex -3.40183 -4 0.186021
    endloop
  endfacet
  facet normal 0 -1 0
    outer loop
      vertex 2.95442 -4 5.07906
      vertex 4.47169 -4 5.09617
      vertex 2.98858 -4 5.33853
    endloop
  endfacet
  facet normal 0 -1 0
    outer loop
      vertex 2.89778 -4 4.82354
      vertex 4.47169 -4 5.09617
      vertex 2.95442 -4 5.07906
    endloop
  endfacet
  facet normal 0 -1 0
    outer loop
      vertex 4.24747 -4 4.11375
      vertex 2.89778 -4 4.82354
      vertex 2.81908 -4 4.57394
    endloop
  endfacet
  facet normal 0 -1 0
    outer loop
      vertex 4.24747 -4 4.11375
      vertex 2.81908 -4 4.57394
      vertex 2.71892 -4 4.33215
    endloop
  endfacet
  facet normal 0 -1 0
    outer loop
      vertex 2.89778 -4 4.82354
      vertex 4.24747 -4 4.11375
      vertex 4.47169 -4 5.09617
    endloop
  endfacet
  facet normal 0 -1 0
    outer loop
      vertex 3.81026 -4 3.20587
      vertex 2.71892 -4 4.33215
      vertex 2.59808 -4 4.1
    endloop
  endfacet
  facet normal 0 -1 0
    outer loop
      vertex 3.81026 -4 3.20587
      vertex 2.59808 -4 4.1
      vertex 2.45746 -4 3.87927
    endloop
  endfacet
  facet normal 0 -1 0
    outer loop
      vertex 3.81026 -4 3.20587
      vertex 2.45746 -4 3.87927
      vertex 2.29813 -4 3.67164
    endloop
  endfacet
  facet normal 0 -1 0
    outer loop
      vertex 2.71892 -4 4.33215
      vertex 3.81026 -4 3.20587
      vertex 4.24747 -4 4.11375
    endloop
  endfacet
  facet normal 0 -1 0
    outer loop
      vertex 3.81026 -4 3.20587
      vertex 2.29813 -4 3.67164
      vertex 2.12132 -4 3.47868
    endloop
  endfacet
  facet normal 0 -1 0
    outer loop
      vertex 5.80037 -4 2.89524
      vertex 4.24747 -4 4.11375
      vertex 3.81026 -4 3.20587
    endloop
  endfacet
  facet normal 0 -1 0
    outer loop
      vertex 3.81026 -4 3.20587
      vertex 2.12132 -4 3.47868
      vertex 1.92836 -4 3.30187
    endloop
  endfacet
  facet normal 0 -1 0
    outer loop
      vertex 4.24747 -4 4.11375
      vertex 6.01403 -4 3.41107
      vertex 6.03804 -4 3.48721
    endloop
  endfacet
  facet normal 0 -1 0
    outer loop
      vertex 4.24747 -4 4.11375
      vertex 5.80037 -4 2.89524
      vertex 6.01403 -4 3.41107
    endloop
  endfacet
  facet normal 0 -1 0
    outer loop
      vertex 3.81026 -4 3.20587
      vertex 5.54256 -4 2.4
      vertex 5.80037 -4 2.89524
    endloop
  endfacet
  facet normal -0 -1 0
    outer loop
      vertex 5.54256 -4 2.4
      vertex 3.81026 -4 3.20587
      vertex 5.41398 -4 2.19817
    endloop
  endfacet
  facet normal 0 -1 0
    outer loop
      vertex -4.47169 -4 5.09617
      vertex -2.95442 -4 5.07906
      vertex -2.98858 -4 5.33853
    endloop
  endfacet
  facet normal 0 -1 0
    outer loop
      vertex -4.47169 -4 5.09617
      vertex -2.89778 -4 4.82354
      vertex -2.95442 -4 5.07906
    endloop
  endfacet
  facet normal 0 -1 0
    outer loop
      vertex -4.24747 -4 4.11375
      vertex -2.89778 -4 4.82354
      vertex -4.47169 -4 5.09617
    endloop
  endfacet
  facet normal 0 -1 -0
    outer loop
      vertex -2.89778 -4 4.82354
      vertex -4.24747 -4 4.11375
      vertex -2.81908 -4 4.57394
    endloop
  endfacet
  facet normal 0 -1 -0
    outer loop
      vertex -2.81908 -4 4.57394
      vertex -4.24747 -4 4.11375
      vertex -2.71892 -4 4.33215
    endloop
  endfacet
  facet normal 0 -1 0
    outer loop
      vertex -3.81026 -4 3.20587
      vertex -2.71892 -4 4.33215
      vertex -4.24747 -4 4.11375
    endloop
  endfacet
  facet normal 0 -1 -0
    outer loop
      vertex -2.71892 -4 4.33215
      vertex -3.81026 -4 3.20587
      vertex -2.59808 -4 4.1
    endloop
  endfacet
  facet normal 0 -1 -0
    outer loop
      vertex -2.59808 -4 4.1
      vertex -3.81026 -4 3.20587
      vertex -2.45746 -4 3.87927
    endloop
  endfacet
  facet normal 0 -1 0
    outer loop
      vertex -6.01403 -4 3.41107
      vertex -4.24747 -4 4.11375
      vertex -6.03804 -4 3.48721
    endloop
  endfacet
  facet normal 0 -1 -0
    outer loop
      vertex -2.45746 -4 3.87927
      vertex -3.81026 -4 3.20587
      vertex -2.29813 -4 3.67164
    endloop
  endfacet
  facet normal 0 -1 0
    outer loop
      vertex -5.80037 -4 2.89524
      vertex -4.24747 -4 4.11375
      vertex -6.01403 -4 3.41107
    endloop
  endfacet
  facet normal 0 -1 0
    outer loop
      vertex -3.18198 -4 2.41802
      vertex -2.29813 -4 3.67164
      vertex -3.81026 -4 3.20587
    endloop
  endfacet
  facet normal 0 -1 -0
    outer loop
      vertex -2.29813 -4 3.67164
      vertex -3.18198 -4 2.41802
      vertex -2.12132 -4 3.47868
    endloop
  endfacet
  facet normal 0 -1 -0
    outer loop
      vertex -4.24747 -4 4.11375
      vertex -5.80037 -4 2.89524
      vertex -3.81026 -4 3.20587
    endloop
  endfacet
  facet normal 0 -1 0
    outer loop
      vertex -5.54256 -4 2.4
      vertex -3.81026 -4 3.20587
      vertex -5.80037 -4 2.89524
    endloop
  endfacet
  facet normal 0 -1 0
    outer loop
      vertex -3.81026 -4 3.20587
      vertex -5.54256 -4 2.4
      vertex -5.41398 -4 2.19817
    endloop
  endfacet
  facet normal 0 -1 -0
    outer loop
      vertex -2.12132 -4 3.47868
      vertex -3.18198 -4 2.41802
      vertex -1.92836 -4 3.30187
    endloop
  endfacet
  facet normal 0 -1 0
    outer loop
      vertex -2.39413 -4 1.78974
      vertex -1.92836 -4 3.30187
      vertex -3.18198 -4 2.41802
    endloop
  endfacet
  facet normal 0 -1 -0
    outer loop
      vertex -1.92836 -4 3.30187
      vertex -2.39413 -4 1.78974
      vertex -1.72073 -4 3.14254
    endloop
  endfacet
  facet normal 0 -1 -0
    outer loop
      vertex -1.72073 -4 3.14254
      vertex -2.39413 -4 1.78974
      vertex -1.5 -4 3.00192
    endloop
  endfacet
  facet normal 0 -1 -0
    outer loop
      vertex -1.5 -4 3.00192
      vertex -2.39413 -4 1.78974
      vertex -1.26785 -4 2.88108
    endloop
  endfacet
  facet normal 0 -1 0
    outer loop
      vertex -1.48625 -4 1.35253
      vertex -1.26785 -4 2.88108
      vertex -2.39413 -4 1.78974
    endloop
  endfacet
  facet normal 0 -1 0
    outer loop
      vertex -0.50383 -4 1.12831
      vertex -0.776457 -4 2.70222
      vertex -1.48625 -4 1.35253
    endloop
  endfacet
  facet normal 0 -1 -0
    outer loop
      vertex -1.02606 -4 2.78092
      vertex -1.48625 -4 1.35253
      vertex -0.776457 -4 2.70222
    endloop
  endfacet
  facet normal 0 -1 -0
    outer loop
      vertex -1.26785 -4 2.88108
      vertex -1.48625 -4 1.35253
      vertex -1.02606 -4 2.78092
    endloop
  endfacet
  facet normal -0.529855 0.847773 -0.0231301
    outer loop
      vertex -6.37565 -4 5.0422
      vertex -6.4 -4 5.6
      vertex -4.33747 -2.72128 5.22052
    endloop
  endfacet
  facet normal -0.0691785 0.847706 0.525936
    outer loop
      vertex -0.702051 -3.92199 11.8309
      vertex -1.11135 -4 11.9028
      vertex -0.716015 -4 11.9548
    endloop
  endfacet
  facet normal -0.0692298 0.847812 0.525759
    outer loop
      vertex -0.662882 -3.70317 11.4832
      vertex -1.11135 -4 11.9028
      vertex -0.702051 -3.92199 11.8309
    endloop
  endfacet
  facet normal -0.0691326 0.847772 0.525835
    outer loop
      vertex -1.11135 -4 11.9028
      vertex -0.662882 -3.70317 11.4832
      vertex -0.536099 -2.99492 10.358
    endloop
  endfacet
  facet normal 0.505837 0.847761 -0.159469
    outer loop
      vertex 5.88709 -3.9 3.54003
      vertex 6.01403 -4 3.41107
      vertex 5.65791 -3.74817 3.62022
    endloop
  endfacet
  facet normal 0.505811 0.84777 -0.159502
    outer loop
      vertex 6.01403 -4 3.41107
      vertex 5.88709 -3.9 3.54003
      vertex 6.03804 -4 3.48721
    endloop
  endfacet
  facet normal -0.447308 0.847767 0.284967
    outer loop
      vertex -5.27863 -3.9 8.91679
      vertex -5.54256 -4 8.8
      vertex -5.41398 -4 9.00183
    endloop
  endfacet
  facet normal -0.447305 0.847773 0.284955
    outer loop
      vertex -5.54256 -4 8.8
      vertex -5.27863 -3.9 8.91679
      vertex -4.50635 -3.32942 8.43153
    endloop
  endfacet
  facet normal 0.284961 0.847762 0.447321
    outer loop
      vertex 2.49738 -2.72128 9.16662
      vertex 2.31433 -2.72128 9.28323
      vertex 2.83153 -3.32942 10.1063
    endloop
  endfacet
  facet normal -0.284961 0.847762 0.447321
    outer loop
      vertex -2.49738 -2.72128 9.16662
      vertex -2.83153 -3.32942 10.1063
      vertex -2.31433 -2.72128 9.28323
    endloop
  endfacet
  facet normal 0.322864 0.847772 -0.420763
    outer loop
      vertex 3.67089 -4 0.357427
      vertex 2.49738 -2.72128 2.03338
      vertex 4.11384 -4 0.697316
    endloop
  endfacet
  facet normal 0.48999 0.847772 -0.20296
    outer loop
      vertex 6.01403 -4 3.41107
      vertex 3.9461 -2.72128 3.7599
      vertex 4.09146 -2.72128 4.11083
    endloop
  endfacet
  facet normal 0.284959 0.847772 -0.447304
    outer loop
      vertex 3.67089 -4 0.357427
      vertex 2.83153 -3.32942 1.09365
      vertex 2.49738 -2.72128 2.03338
    endloop
  endfacet
  facet normal 0.284948 0.84777 -0.447315
    outer loop
      vertex 2.83153 -3.32942 1.09365
      vertex 3.67089 -4 0.357427
      vertex 3.14882 -3.7025 0.588693
    endloop
  endfacet
  facet normal 0.284964 0.847778 -0.447289
    outer loop
      vertex 3.67089 -4 0.357427
      vertex 3.33488 -3.92127 0.29258
      vertex 3.14882 -3.7025 0.588693
    endloop
  endfacet
  facet normal 0.284966 0.847762 -0.447318
    outer loop
      vertex 3.33488 -3.92127 0.29258
      vertex 3.67089 -4 0.357427
      vertex 3.40183 -4 0.186021
    endloop
  endfacet
  facet normal -0.505811 0.84777 0.159502
    outer loop
      vertex -6.01403 -4 7.78893
      vertex -5.88709 -3.9 7.65997
      vertex -6.03804 -4 7.71279
    endloop
  endfacet
  facet normal -0.505837 0.847761 0.159469
    outer loop
      vertex -5.88709 -3.9 7.65997
      vertex -6.01403 -4 7.78893
      vertex -5.65791 -3.74817 7.57978
    endloop
  endfacet
  facet normal -0.505779 0.847774 0.159584
    outer loop
      vertex -4.09146 -2.72128 7.08917
      vertex -5.65791 -3.74817 7.57978
      vertex -6.01403 -4 7.78893
    endloop
  endfacet
  facet normal -0.505791 0.847774 0.159544
    outer loop
      vertex -4.09146 -2.72128 7.08917
      vertex -4.20649 -2.78666 7.07191
      vertex -5.65791 -3.74817 7.57978
    endloop
  endfacet
  facet normal -0.505788 0.847793 0.15945
    outer loop
      vertex -4.20649 -2.78666 7.07191
      vertex -4.09146 -2.72128 7.08917
      vertex -4.10779 -2.72128 7.03737
    endloop
  endfacet
  facet normal 0.505779 0.847774 0.159584
    outer loop
      vertex 5.65791 -3.74817 7.57978
      vertex 4.09146 -2.72128 7.08917
      vertex 6.01403 -4 7.78893
    endloop
  endfacet
  facet normal 0.505791 0.847774 0.159544
    outer loop
      vertex 4.20649 -2.78666 7.07191
      vertex 4.09146 -2.72128 7.08917
      vertex 5.65791 -3.74817 7.57978
    endloop
  endfacet
  facet normal 0.505788 0.847793 0.15945
    outer loop
      vertex 4.09146 -2.72128 7.08917
      vertex 4.20649 -2.78666 7.07191
      vertex 4.10779 -2.72128 7.03737
    endloop
  endfacet
  facet normal -0.525824 0.847773 -0.0692049
    outer loop
      vertex -4.75804 -2.99492 5.0639
      vertex -6.37565 -4 5.0422
      vertex -4.33747 -2.72128 5.22052
    endloop
  endfacet
  facet normal -0.525823 0.847772 -0.0692266
    outer loop
      vertex -6.19595 -3.9 4.90189
      vertex -6.37565 -4 5.0422
      vertex -4.75804 -2.99492 5.0639
    endloop
  endfacet
  facet normal -0.525825 0.847771 -0.0692304
    outer loop
      vertex -6.37565 -4 5.0422
      vertex -6.19595 -3.9 4.90189
      vertex -6.35482 -4 4.88399
    endloop
  endfacet
  facet normal 0.525798 0.847788 -0.0692238
    outer loop
      vertex 4.33747 -2.72128 5.22052
      vertex 4.42859 -2.78755 5.10102
      vertex 4.3233 -2.72128 5.11289
    endloop
  endfacet
  facet normal 0.525828 0.847772 -0.0691915
    outer loop
      vertex 4.42859 -2.78755 5.10102
      vertex 4.33747 -2.72128 5.22052
      vertex 4.75804 -2.99492 5.0639
    endloop
  endfacet
  facet normal 0.525824 0.847773 -0.0692049
    outer loop
      vertex 6.37565 -4 5.0422
      vertex 4.75804 -2.99492 5.0639
      vertex 4.33747 -2.72128 5.22052
    endloop
  endfacet
  facet normal 0.525823 0.847772 -0.0692266
    outer loop
      vertex 6.37565 -4 5.0422
      vertex 6.19595 -3.9 4.90189
      vertex 4.75804 -2.99492 5.0639
    endloop
  endfacet
  facet normal 0.525825 0.847771 -0.0692304
    outer loop
      vertex 6.19595 -3.9 4.90189
      vertex 6.37565 -4 5.0422
      vertex 6.35482 -4 4.88399
    endloop
  endfacet
  facet normal -0.525828 0.847772 0.0691915
    outer loop
      vertex -4.42859 -2.78755 6.09898
      vertex -4.33747 -2.72128 5.97948
      vertex -4.75804 -2.99492 6.1361
    endloop
  endfacet
  facet normal -0.525798 0.847788 0.0692238
    outer loop
      vertex -4.33747 -2.72128 5.97948
      vertex -4.42859 -2.78755 6.09898
      vertex -4.3233 -2.72128 6.08711
    endloop
  endfacet
  facet normal 0.284952 0.847773 -0.447307
    outer loop
      vertex 2.83153 -3.32942 1.09365
      vertex 2.31433 -2.72128 1.91677
      vertex 2.49738 -2.72128 2.03338
    endloop
  endfacet
  facet normal 0.447305 0.847773 -0.284955
    outer loop
      vertex 5.54256 -4 2.4
      vertex 5.27863 -3.9 2.28321
      vertex 4.50635 -3.32942 2.76847
    endloop
  endfacet
  facet normal 0.447308 0.847767 -0.284967
    outer loop
      vertex 5.27863 -3.9 2.28321
      vertex 5.54256 -4 2.4
      vertex 5.41398 -4 2.19817
    endloop
  endfacet
  facet normal 0.358309 0.847772 -0.39102
    outer loop
      vertex 4.11384 -4 0.697316
      vertex 2.79872 -2.72128 2.26461
      vertex 4.52548 -4 1.07452
    endloop
  endfacet
  facet normal 0.114792 0.84777 -0.517793
    outer loop
      vertex 1.11135 -4 -0.702769
      vertex 1.37981 -3.60712 0
      vertex 1.65644 -4 -0.581925
    endloop
  endfacet
  facet normal 0.114792 0.84777 -0.517793
    outer loop
      vertex 1.37981 -3.60712 0
      vertex 1.11135 -4 -0.702769
      vertex 0.987431 -3.55399 0
    endloop
  endfacet
  facet normal -0.114788 0.847769 0.517794
    outer loop
      vertex -1.12691 -2.72128 9.80568
      vertex -1.65644 -4 11.7819
      vertex -0.756071 -2.72128 9.88789
    endloop
  endfacet
  facet normal 0.447241 0.847813 -0.284936
    outer loop
      vertex 3.77071 -2.72128 3.42298
      vertex 3.77354 -2.78799 3.22893
      vertex 3.68323 -2.72128 3.28567
    endloop
  endfacet
  facet normal 0.447337 0.847768 -0.28492
    outer loop
      vertex 3.77071 -2.72128 3.42298
      vertex 4.50635 -3.32942 2.76847
      vertex 3.77354 -2.78799 3.22893
    endloop
  endfacet
  facet normal 0.447302 0.847772 -0.284963
    outer loop
      vertex 4.50635 -3.32942 2.76847
      vertex 3.77071 -2.72128 3.42298
      vertex 5.54256 -4 2.4
    endloop
  endfacet
  facet normal -0.525823 0.847773 0.0692257
    outer loop
      vertex -6.19595 -3.9 6.29811
      vertex -6.37565 -4 6.1578
      vertex -6.35482 -4 6.31602
    endloop
  endfacet
  facet normal -0.525823 0.847772 0.0692266
    outer loop
      vertex -4.75804 -2.99492 6.1361
      vertex -6.37565 -4 6.1578
      vertex -6.19595 -3.9 6.29811
    endloop
  endfacet
  facet normal -0.525824 0.847773 0.0692049
    outer loop
      vertex -6.37565 -4 6.1578
      vertex -4.75804 -2.99492 6.1361
      vertex -4.33747 -2.72128 5.97948
    endloop
  endfacet
  facet normal -0.529855 0.847773 0.0231301
    outer loop
      vertex -4.33747 -2.72128 5.97948
      vertex -6.4 -4 5.6
      vertex -6.37565 -4 6.1578
    endloop
  endfacet
  facet normal 0.525823 0.847773 0.0692257
    outer loop
      vertex 6.37565 -4 6.1578
      vertex 6.19595 -3.9 6.29811
      vertex 6.35482 -4 6.31602
    endloop
  endfacet
  facet normal 0.525823 0.847772 0.0692266
    outer loop
      vertex 6.37565 -4 6.1578
      vertex 4.75804 -2.99492 6.1361
      vertex 6.19595 -3.9 6.29811
    endloop
  endfacet
  facet normal 0.525824 0.847773 0.0692049
    outer loop
      vertex 4.75804 -2.99492 6.1361
      vertex 6.37565 -4 6.1578
      vertex 4.33747 -2.72128 5.97948
    endloop
  endfacet
  facet normal -0.470434 0.847772 -0.244896
    outer loop
      vertex -5.54256 -4 2.4
      vertex -5.80037 -4 2.89524
      vertex -3.9461 -2.72128 3.7599
    endloop
  endfacet
  facet normal -0.11483 0.847774 -0.517778
    outer loop
      vertex -1.37981 -3.60712 0
      vertex -1.65644 -4 -0.581925
      vertex -1.50052 -3.62347 0
    endloop
  endfacet
  facet normal -0.470434 0.847772 0.244896
    outer loop
      vertex -3.9461 -2.72128 7.4401
      vertex -5.80037 -4 8.30476
      vertex -5.54256 -4 8.8
    endloop
  endfacet
  facet normal -0.322865 0.847774 0.420759
    outer loop
      vertex -2.79872 -2.72128 8.93539
      vertex -4.11384 -4 10.5027
      vertex -2.49738 -2.72128 9.16662
    endloop
  endfacet
  facet normal 0.0692035 0.847783 -0.525808
    outer loop
      vertex 0.84964 -3.54274 0
      vertex 0.662882 -3.70317 -0.283248
      vertex 0.630967 -3.52489 0
    endloop
  endfacet
  facet normal 0.069236 0.847771 -0.525823
    outer loop
      vertex 1.11135 -4 -0.702769
      vertex 0.662882 -3.70317 -0.283248
      vertex 0.84964 -3.54274 0
    endloop
  endfacet
  facet normal 0.0692253 0.847767 -0.525832
    outer loop
      vertex 0.662882 -3.70317 -0.283248
      vertex 1.11135 -4 -0.702769
      vertex 0.702051 -3.92199 -0.630882
    endloop
  endfacet
  facet normal 0.0692266 0.84777 -0.525827
    outer loop
      vertex 0.702051 -3.92199 -0.630882
      vertex 1.11135 -4 -0.702769
      vertex 0.716015 -4 -0.754816
    endloop
  endfacet
  facet normal -0.069232 0.847754 0.525852
    outer loop
      vertex -0.756071 -2.72128 9.88789
      vertex -0.536099 -2.99492 10.358
      vertex -0.487114 -2.72128 9.9233
    endloop
  endfacet
  facet normal -0.069155 0.847775 0.525829
    outer loop
      vertex -0.536099 -2.99492 10.358
      vertex -0.756071 -2.72128 9.88789
      vertex -1.11135 -4 11.9028
    endloop
  endfacet
  facet normal 0.470434 0.847772 -0.244896
    outer loop
      vertex 5.54256 -4 2.4
      vertex 3.9461 -2.72128 3.7599
      vertex 5.80037 -4 2.89524
    endloop
  endfacet
  facet normal 0.529855 0.847773 0.0231301
    outer loop
      vertex 6.4 -4 5.6
      vertex 4.33747 -2.72128 5.97948
      vertex 6.37565 -4 6.1578
    endloop
  endfacet
  facet normal 0.529856 0.847772 0.0231362
    outer loop
      vertex 4.35404 -2.72128 5.6
      vertex 4.33747 -2.72128 5.97948
      vertex 6.4 -4 5.6
    endloop
  endfacet
  facet normal -0.284903 0.847828 0.447235
    outer loop
      vertex -3.33488 -3.92127 10.9074
      vertex -3.67089 -4 10.8426
      vertex -3.40183 -4 11.014
    endloop
  endfacet
  facet normal -0.28491 0.847771 0.447337
    outer loop
      vertex -3.14882 -3.7025 10.6113
      vertex -3.67089 -4 10.8426
      vertex -3.33488 -3.92127 10.9074
    endloop
  endfacet
  facet normal -0.284936 0.847784 0.447295
    outer loop
      vertex -2.83153 -3.32942 10.1063
      vertex -3.67089 -4 10.8426
      vertex -3.14882 -3.7025 10.6113
    endloop
  endfacet
  facet normal -0.28487 0.847773 0.44736
    outer loop
      vertex -3.67089 -4 10.8426
      vertex -2.83153 -3.32942 10.1063
      vertex -2.49738 -2.72128 9.16662
    endloop
  endfacet
  facet normal 0.505788 0.847793 -0.15945
    outer loop
      vertex 4.20649 -2.78666 4.12809
      vertex 4.09146 -2.72128 4.11083
      vertex 4.10779 -2.72128 4.16263
    endloop
  endfacet
  facet normal 0.505791 0.847774 -0.159544
    outer loop
      vertex 5.65791 -3.74817 3.62022
      vertex 4.09146 -2.72128 4.11083
      vertex 4.20649 -2.78666 4.12809
    endloop
  endfacet
  facet normal 0.505779 0.847774 -0.159584
    outer loop
      vertex 4.09146 -2.72128 4.11083
      vertex 5.65791 -3.74817 3.62022
      vertex 6.01403 -4 3.41107
    endloop
  endfacet
  facet normal 0 1 0
    outer loop
      vertex 4.33747 -2.72128 5.97948
      vertex 3.01041 -2.72128 5.93919
      vertex 4.3233 -2.72128 6.08711
    endloop
  endfacet
  facet normal 0 1 0
    outer loop
      vertex 4.35404 -2.72128 5.6
      vertex 3.01041 -2.72128 5.93919
      vertex 4.33747 -2.72128 5.97948
    endloop
  endfacet
  facet normal -0 1 0
    outer loop
      vertex 1.6 -2.72128 5.6
      vertex 3.01041 -2.72128 5.93919
      vertex 3.01041 -2.72128 5.26081
    endloop
  endfacet
  facet normal 0 1 0
    outer loop
      vertex 3.01041 -2.72128 5.93919
      vertex 4.35404 -2.72128 5.6
      vertex 3.01041 -2.72128 5.26081
    endloop
  endfacet
  facet normal 0 1 0
    outer loop
      vertex 3.01041 -2.72128 5.93919
      vertex 1.59391 -2.72128 5.73945
      vertex 1.57569 -2.72128 5.87784
    endloop
  endfacet
  facet normal 0 1 0
    outer loop
      vertex 3.01041 -2.72128 5.93919
      vertex 1.6 -2.72128 5.6
      vertex 1.59391 -2.72128 5.73945
    endloop
  endfacet
  facet normal 0 1 0
    outer loop
      vertex 1.6 -2.72128 5.6
      vertex 3.01041 -2.72128 5.26081
      vertex 1.59391 -2.72128 5.46055
    endloop
  endfacet
  facet normal 0 1 0
    outer loop
      vertex 1.59391 -2.72128 5.46055
      vertex 3.01041 -2.72128 5.26081
      vertex 1.57569 -2.72128 5.32216
    endloop
  endfacet
  facet normal 0 1 -0
    outer loop
      vertex 4.33747 -2.72128 5.22052
      vertex 3.01041 -2.72128 5.26081
      vertex 4.35404 -2.72128 5.6
    endloop
  endfacet
  facet normal 0 1 0
    outer loop
      vertex 3.01041 -2.72128 5.26081
      vertex 4.33747 -2.72128 5.22052
      vertex 4.3233 -2.72128 5.11289
    endloop
  endfacet
  facet normal 0 1 0
    outer loop
      vertex 2.56511 -2.72128 7.21177
      vertex 3.77071 -2.72128 7.77702
      vertex 3.9461 -2.72128 7.4401
    endloop
  endfacet
  facet normal 0 1 0
    outer loop
      vertex 3.77071 -2.72128 7.77702
      vertex 2.56511 -2.72128 7.21177
      vertex 3.68323 -2.72128 7.91433
    endloop
  endfacet
  facet normal 0 1 0
    outer loop
      vertex -0.339188 -2.72128 8.61041
      vertex -0.41411 -2.72128 7.14548
      vertex -1.00056 -2.72128 8.45945
    endloop
  endfacet
  facet normal 0 1 0
    outer loop
      vertex 2.14215 -2.72128 7.74215
      vertex 0.139449 -2.72128 7.19391
      vertex 0 -2.72128 7.2
    endloop
  endfacet
  facet normal 0 1 0
    outer loop
      vertex 2.14215 -2.72128 7.74215
      vertex 0.277837 -2.72128 7.17569
      vertex 0.139449 -2.72128 7.19391
    endloop
  endfacet
  facet normal 0 1 0
    outer loop
      vertex 2.14215 -2.72128 7.74215
      vertex 0.41411 -2.72128 7.14548
      vertex 0.277837 -2.72128 7.17569
    endloop
  endfacet
  facet normal 0 1 0
    outer loop
      vertex 2.14215 -2.72128 7.74215
      vertex 0.547232 -2.72128 7.10351
      vertex 0.41411 -2.72128 7.14548
    endloop
  endfacet
  facet normal 0 1 0
    outer loop
      vertex 2.85945 -2.72128 6.60056
      vertex 3.9461 -2.72128 7.4401
      vertex 4.09146 -2.72128 7.08917
    endloop
  endfacet
  facet normal 0 1 0
    outer loop
      vertex 3.9461 -2.72128 7.4401
      vertex 2.85945 -2.72128 6.60056
      vertex 2.56511 -2.72128 7.21177
    endloop
  endfacet
  facet normal 0 1 0
    outer loop
      vertex 2.14215 -2.72128 7.74215
      vertex 0.676188 -2.72128 7.05009
      vertex 0.547232 -2.72128 7.10351
    endloop
  endfacet
  facet normal 0 1 0
    outer loop
      vertex 2.85945 -2.72128 6.60056
      vertex 4.09146 -2.72128 7.08917
      vertex 4.10779 -2.72128 7.03737
    endloop
  endfacet
  facet normal 0 1 0
    outer loop
      vertex 2.14215 -2.72128 7.74215
      vertex 0.799999 -2.72128 6.98564
      vertex 0.676188 -2.72128 7.05009
    endloop
  endfacet
  facet normal 0 1 0
    outer loop
      vertex 1.45009 -2.72128 6.27619
      vertex 2.56511 -2.72128 7.21177
      vertex 2.85945 -2.72128 6.60056
    endloop
  endfacet
  facet normal 0 1 0
    outer loop
      vertex 2.14215 -2.72128 7.74215
      vertex 0.917722 -2.72128 6.91064
      vertex 0.799999 -2.72128 6.98564
    endloop
  endfacet
  facet normal 0 1 0
    outer loop
      vertex 2.14215 -2.72128 7.74215
      vertex 1.02846 -2.72128 6.82567
      vertex 0.917722 -2.72128 6.91064
    endloop
  endfacet
  facet normal 0 1 0
    outer loop
      vertex 2.14215 -2.72128 7.74215
      vertex 1.13137 -2.72128 6.73137
      vertex 1.02846 -2.72128 6.82567
    endloop
  endfacet
  facet normal 0 1 0
    outer loop
      vertex 2.14215 -2.72128 7.74215
      vertex 1.22567 -2.72128 6.62846
      vertex 1.13137 -2.72128 6.73137
    endloop
  endfacet
  facet normal 0 1 0
    outer loop
      vertex 2.56511 -2.72128 7.21177
      vertex 1.31064 -2.72128 6.51772
      vertex 1.22567 -2.72128 6.62846
    endloop
  endfacet
  facet normal 0 1 0
    outer loop
      vertex 2.56511 -2.72128 7.21177
      vertex 1.38564 -2.72128 6.4
      vertex 1.31064 -2.72128 6.51772
    endloop
  endfacet
  facet normal 0 1 0
    outer loop
      vertex 2.56511 -2.72128 7.21177
      vertex 1.45009 -2.72128 6.27619
      vertex 1.38564 -2.72128 6.4
    endloop
  endfacet
  facet normal 0 1 0
    outer loop
      vertex 2.85945 -2.72128 6.60056
      vertex 1.50351 -2.72128 6.14723
      vertex 1.45009 -2.72128 6.27619
    endloop
  endfacet
  facet normal 0 1 0
    outer loop
      vertex 2.85945 -2.72128 6.60056
      vertex 1.54548 -2.72128 6.01411
      vertex 1.50351 -2.72128 6.14723
    endloop
  endfacet
  facet normal 0 1 0
    outer loop
      vertex 3.01041 -2.72128 5.93919
      vertex 1.54548 -2.72128 6.01411
      vertex 2.85945 -2.72128 6.60056
    endloop
  endfacet
  facet normal 0 1 0
    outer loop
      vertex 1.54548 -2.72128 6.01411
      vertex 3.01041 -2.72128 5.93919
      vertex 1.57569 -2.72128 5.87784
    endloop
  endfacet
  facet normal 0 1 0
    outer loop
      vertex 1.61177 -2.72128 8.16511
      vertex 2.49738 -2.72128 9.16662
      vertex 2.79872 -2.72128 8.93539
    endloop
  endfacet
  facet normal 0 1 0
    outer loop
      vertex 2.14215 -2.72128 7.74215
      vertex 2.79872 -2.72128 8.93539
      vertex 3.07877 -2.72128 8.67877
    endloop
  endfacet
  facet normal 0 1 0
    outer loop
      vertex 2.49738 -2.72128 9.16662
      vertex 1.61177 -2.72128 8.16511
      vertex 2.31433 -2.72128 9.28323
    endloop
  endfacet
  facet normal 0 1 0
    outer loop
      vertex 0 -2.72128 7.2
      vertex 1.61177 -2.72128 8.16511
      vertex 2.14215 -2.72128 7.74215
    endloop
  endfacet
  facet normal 0 1 0
    outer loop
      vertex 2.79872 -2.72128 8.93539
      vertex 2.14215 -2.72128 7.74215
      vertex 1.61177 -2.72128 8.16511
    endloop
  endfacet
  facet normal 0 1 0
    outer loop
      vertex 0.339188 -2.72128 8.61041
      vertex 0.756071 -2.72128 9.88789
      vertex 1.12691 -2.72128 9.80568
    endloop
  endfacet
  facet normal 0 1 0
    outer loop
      vertex 1.00056 -2.72128 8.45945
      vertex 1.12691 -2.72128 9.80568
      vertex 1.43737 -2.72128 9.70779
    endloop
  endfacet
  facet normal 0 1 0
    outer loop
      vertex 0.756071 -2.72128 9.88789
      vertex 0.339188 -2.72128 8.61041
      vertex 0.487114 -2.72128 9.9233
    endloop
  endfacet
  facet normal 0 1 0
    outer loop
      vertex 0 -2.72128 7.2
      vertex 0.339188 -2.72128 8.61041
      vertex 1.00056 -2.72128 8.45945
    endloop
  endfacet
  facet normal 0 1 0
    outer loop
      vertex 1.12691 -2.72128 9.80568
      vertex 1.00056 -2.72128 8.45945
      vertex 0.339188 -2.72128 8.61041
    endloop
  endfacet
  facet normal 0 1 0
    outer loop
      vertex -0.339188 -2.72128 8.61041
      vertex -0.756071 -2.72128 9.88789
      vertex -0.487114 -2.72128 9.9233
    endloop
  endfacet
  facet normal 0 1 0
    outer loop
      vertex -0.756071 -2.72128 9.88789
      vertex -0.339188 -2.72128 8.61041
      vertex -1.12691 -2.72128 9.80568
    endloop
  endfacet
  facet normal 0 1 -0
    outer loop
      vertex -1.00056 -2.72128 8.45945
      vertex -1.12691 -2.72128 9.80568
      vertex -0.339188 -2.72128 8.61041
    endloop
  endfacet
  facet normal 0 1 0
    outer loop
      vertex -1.12691 -2.72128 9.80568
      vertex -1.00056 -2.72128 8.45945
      vertex -1.43737 -2.72128 9.70779
    endloop
  endfacet
  facet normal 0 1 0
    outer loop
      vertex 0.339188 -2.72128 8.61041
      vertex 0 -2.72128 7.2
      vertex -0.339188 -2.72128 8.61041
    endloop
  endfacet
  facet normal 0 1 0
    outer loop
      vertex 0 -2.72128 7.2
      vertex 1.00056 -2.72128 8.45945
      vertex 1.61177 -2.72128 8.16511
    endloop
  endfacet
  facet normal 0 1 -0
    outer loop
      vertex -0.139449 -2.72128 7.19391
      vertex -0.339188 -2.72128 8.61041
      vertex 0 -2.72128 7.2
    endloop
  endfacet
  facet normal 0 1 0
    outer loop
      vertex -1.61177 -2.72128 8.16511
      vertex -2.49738 -2.72128 9.16662
      vertex -2.31433 -2.72128 9.28323
    endloop
  endfacet
  facet normal 0 1 0
    outer loop
      vertex -2.49738 -2.72128 9.16662
      vertex -1.61177 -2.72128 8.16511
      vertex -2.79872 -2.72128 8.93539
    endloop
  endfacet
  facet normal 0 1 -0
    outer loop
      vertex -2.14215 -2.72128 7.74215
      vertex -2.79872 -2.72128 8.93539
      vertex -1.61177 -2.72128 8.16511
    endloop
  endfacet
  facet normal 0 1 0
    outer loop
      vertex -2.79872 -2.72128 8.93539
      vertex -2.14215 -2.72128 7.74215
      vertex -3.07877 -2.72128 8.67877
    endloop
  endfacet
  facet normal 0 1 -0
    outer loop
      vertex -0.277837 -2.72128 7.17569
      vertex -0.339188 -2.72128 8.61041
      vertex -0.139449 -2.72128 7.19391
    endloop
  endfacet
  facet normal 0 1 0
    outer loop
      vertex 1.22567 -2.72128 6.62846
      vertex 2.14215 -2.72128 7.74215
      vertex 2.56511 -2.72128 7.21177
    endloop
  endfacet
  facet normal 0 1 0
    outer loop
      vertex -0.41411 -2.72128 7.14548
      vertex -0.339188 -2.72128 8.61041
      vertex -0.277837 -2.72128 7.17569
    endloop
  endfacet
  facet normal 0 1 0
    outer loop
      vertex -2.56511 -2.72128 7.21177
      vertex -3.77071 -2.72128 7.77702
      vertex -3.68323 -2.72128 7.91433
    endloop
  endfacet
  facet normal 0 1 0
    outer loop
      vertex -3.77071 -2.72128 7.77702
      vertex -2.56511 -2.72128 7.21177
      vertex -3.9461 -2.72128 7.4401
    endloop
  endfacet
  facet normal 0 1 -0
    outer loop
      vertex -0.547232 -2.72128 7.10351
      vertex -1.00056 -2.72128 8.45945
      vertex -0.41411 -2.72128 7.14548
    endloop
  endfacet
  facet normal 0 1 -0
    outer loop
      vertex -0.676188 -2.72128 7.05009
      vertex -1.00056 -2.72128 8.45945
      vertex -0.547232 -2.72128 7.10351
    endloop
  endfacet
  facet normal 0 1 0
    outer loop
      vertex -1.00056 -2.72128 8.45945
      vertex -0.676188 -2.72128 7.05009
      vertex -1.61177 -2.72128 8.16511
    endloop
  endfacet
  facet normal 0 1 -0
    outer loop
      vertex -0.799999 -2.72128 6.98564
      vertex -1.61177 -2.72128 8.16511
      vertex -0.676188 -2.72128 7.05009
    endloop
  endfacet
  facet normal 0 1 -0
    outer loop
      vertex -2.85945 -2.72128 6.60056
      vertex -3.9461 -2.72128 7.4401
      vertex -2.56511 -2.72128 7.21177
    endloop
  endfacet
  facet normal 0 1 -0
    outer loop
      vertex -0.917722 -2.72128 6.91064
      vertex -1.61177 -2.72128 8.16511
      vertex -0.799999 -2.72128 6.98564
    endloop
  endfacet
  facet normal 0 1 -0
    outer loop
      vertex -1.02846 -2.72128 6.82567
      vertex -1.61177 -2.72128 8.16511
      vertex -0.917722 -2.72128 6.91064
    endloop
  endfacet
  facet normal 0 1 0
    outer loop
      vertex -1.61177 -2.72128 8.16511
      vertex -1.02846 -2.72128 6.82567
      vertex -2.14215 -2.72128 7.74215
    endloop
  endfacet
  facet normal 0 1 0
    outer loop
      vertex -3.9461 -2.72128 7.4401
      vertex -2.85945 -2.72128 6.60056
      vertex -4.09146 -2.72128 7.08917
    endloop
  endfacet
  facet normal 0 1 -0
    outer loop
      vertex -1.13137 -2.72128 6.73137
      vertex -2.14215 -2.72128 7.74215
      vertex -1.02846 -2.72128 6.82567
    endloop
  endfacet
  facet normal 0 1 -0
    outer loop
      vertex -1.22567 -2.72128 6.62846
      vertex -2.14215 -2.72128 7.74215
      vertex -1.13137 -2.72128 6.73137
    endloop
  endfacet
  facet normal 0 1 0
    outer loop
      vertex -2.14215 -2.72128 7.74215
      vertex -1.22567 -2.72128 6.62846
      vertex -2.56511 -2.72128 7.21177
    endloop
  endfacet
  facet normal 0 1 -0
    outer loop
      vertex -1.31064 -2.72128 6.51772
      vertex -2.56511 -2.72128 7.21177
      vertex -1.22567 -2.72128 6.62846
    endloop
  endfacet
  facet normal 0 1 0
    outer loop
      vertex -4.09146 -2.72128 7.08917
      vertex -2.85945 -2.72128 6.60056
      vertex -4.10779 -2.72128 7.03737
    endloop
  endfacet
  facet normal 0 1 -0
    outer loop
      vertex -1.38564 -2.72128 6.4
      vertex -2.56511 -2.72128 7.21177
      vertex -1.31064 -2.72128 6.51772
    endloop
  endfacet
  facet normal 0 1 -0
    outer loop
      vertex -1.45009 -2.72128 6.27619
      vertex -2.56511 -2.72128 7.21177
      vertex -1.38564 -2.72128 6.4
    endloop
  endfacet
  facet normal 0 1 0
    outer loop
      vertex -2.56511 -2.72128 7.21177
      vertex -1.45009 -2.72128 6.27619
      vertex -2.85945 -2.72128 6.60056
    endloop
  endfacet
  facet normal 0 1 -0
    outer loop
      vertex -1.50351 -2.72128 6.14723
      vertex -2.85945 -2.72128 6.60056
      vertex -1.45009 -2.72128 6.27619
    endloop
  endfacet
  facet normal 0 1 -0
    outer loop
      vertex -1.54548 -2.72128 6.01411
      vertex -2.85945 -2.72128 6.60056
      vertex -1.50351 -2.72128 6.14723
    endloop
  endfacet
  facet normal 0 1 0
    outer loop
      vertex -1.54548 -2.72128 6.01411
      vertex -3.01041 -2.72128 5.93919
      vertex -2.85945 -2.72128 6.60056
    endloop
  endfacet
  facet normal -0 1 0
    outer loop
      vertex -3.01041 -2.72128 5.93919
      vertex -1.54548 -2.72128 6.01411
      vertex -1.57569 -2.72128 5.87784
    endloop
  endfacet
  facet normal 0 1 0
    outer loop
      vertex -3.01041 -2.72128 5.93919
      vertex -4.33747 -2.72128 5.97948
      vertex -4.3233 -2.72128 6.08711
    endloop
  endfacet
  facet normal 0 1 -0
    outer loop
      vertex -1.59391 -2.72128 5.73945
      vertex -3.01041 -2.72128 5.93919
      vertex -1.57569 -2.72128 5.87784
    endloop
  endfacet
  facet normal 0 1 -0
    outer loop
      vertex -1.6 -2.72128 5.6
      vertex -3.01041 -2.72128 5.93919
      vertex -1.59391 -2.72128 5.73945
    endloop
  endfacet
  facet normal 0 1 0
    outer loop
      vertex -3.01041 -2.72128 5.93919
      vertex -1.6 -2.72128 5.6
      vertex -3.01041 -2.72128 5.26081
    endloop
  endfacet
  facet normal -0 1 0
    outer loop
      vertex -4.35404 -2.72128 5.6
      vertex -3.01041 -2.72128 5.93919
      vertex -3.01041 -2.72128 5.26081
    endloop
  endfacet
  facet normal 0 1 0
    outer loop
      vertex -3.01041 -2.72128 5.26081
      vertex -1.6 -2.72128 5.6
      vertex -1.59391 -2.72128 5.46055
    endloop
  endfacet
  facet normal 0 1 0
    outer loop
      vertex -3.01041 -2.72128 5.26081
      vertex -1.59391 -2.72128 5.46055
      vertex -1.57569 -2.72128 5.32216
    endloop
  endfacet
  facet normal 0 1 0
    outer loop
      vertex -3.01041 -2.72128 5.93919
      vertex -4.35404 -2.72128 5.6
      vertex -4.33747 -2.72128 5.97948
    endloop
  endfacet
  facet normal 0 1 0
    outer loop
      vertex -3.01041 -2.72128 5.26081
      vertex -4.33747 -2.72128 5.22052
      vertex -4.35404 -2.72128 5.6
    endloop
  endfacet
  facet normal -0 1 0
    outer loop
      vertex -4.33747 -2.72128 5.22052
      vertex -3.01041 -2.72128 5.26081
      vertex -4.3233 -2.72128 5.11289
    endloop
  endfacet
  facet normal 0 1 0
    outer loop
      vertex -0.339188 -2.72128 2.58959
      vertex -0.430998 -2.72128 1.77475
      vertex -0.430998 -2.72128 1.79021
    endloop
  endfacet
  facet normal 0 1 0
    outer loop
      vertex -0.339188 -2.72128 2.58959
      vertex 0 -2.72128 4
      vertex 0.339188 -2.72128 2.58959
    endloop
  endfacet
  facet normal 0 1 0
    outer loop
      vertex -0.139449 -2.72128 4.00609
      vertex -1.00056 -2.72128 2.74055
      vertex -1.61177 -2.72128 3.03489
    endloop
  endfacet
  facet normal 0 1 0
    outer loop
      vertex 0 -2.72128 4
      vertex -0.339188 -2.72128 2.58959
      vertex -0.139449 -2.72128 4.00609
    endloop
  endfacet
  facet normal 0 1 0
    outer loop
      vertex 0.430998 -2.72128 1.79021
      vertex 1.00056 -2.72128 2.74055
      vertex 1.3331 -2.72128 1.79021
    endloop
  endfacet
  facet normal 0 1 0
    outer loop
      vertex 1.00056 -2.72128 2.74055
      vertex 0.430998 -2.72128 1.79021
      vertex 0.339188 -2.72128 2.58959
    endloop
  endfacet
  facet normal 0 1 0
    outer loop
      vertex 0.339188 -2.72128 2.58959
      vertex 0.430998 -2.72128 1.79021
      vertex 0.430998 -2.72128 1.77475
    endloop
  endfacet
  facet normal 0 1 0
    outer loop
      vertex 0.277837 -2.72128 4.02431
      vertex 0.339188 -2.72128 2.58959
      vertex 0.139449 -2.72128 4.00609
    endloop
  endfacet
  facet normal 0 1 0
    outer loop
      vertex -0.139449 -2.72128 4.00609
      vertex -2.14215 -2.72128 3.45785
      vertex -2.56511 -2.72128 3.98823
    endloop
  endfacet
  facet normal 0 1 0
    outer loop
      vertex 0.139449 -2.72128 4.00609
      vertex 0.339188 -2.72128 2.58959
      vertex 0 -2.72128 4
    endloop
  endfacet
  facet normal 0 1 -0
    outer loop
      vertex 2.79872 -2.72128 2.26461
      vertex 2.14215 -2.72128 3.45785
      vertex 3.07877 -2.72128 2.52123
    endloop
  endfacet
  facet normal 0 1 0
    outer loop
      vertex 2.14215 -2.72128 3.45785
      vertex 2.79872 -2.72128 2.26461
      vertex 1.61177 -2.72128 3.03489
    endloop
  endfacet
  facet normal 0 1 -0
    outer loop
      vertex 2.49738 -2.72128 2.03338
      vertex 1.61177 -2.72128 3.03489
      vertex 2.79872 -2.72128 2.26461
    endloop
  endfacet
  facet normal 0 1 0
    outer loop
      vertex 1.61177 -2.72128 3.03489
      vertex 2.49738 -2.72128 2.03338
      vertex 2.31433 -2.72128 1.91677
    endloop
  endfacet
  facet normal 0 1 0
    outer loop
      vertex -1.54548 -2.72128 5.18589
      vertex -3.01041 -2.72128 5.26081
      vertex -1.57569 -2.72128 5.32216
    endloop
  endfacet
  facet normal 0 1 0
    outer loop
      vertex -2.85945 -2.72128 4.59944
      vertex -1.54548 -2.72128 5.18589
      vertex -1.50351 -2.72128 5.05277
    endloop
  endfacet
  facet normal 0 1 0
    outer loop
      vertex -2.85945 -2.72128 4.59944
      vertex -1.50351 -2.72128 5.05277
      vertex -1.45009 -2.72128 4.92381
    endloop
  endfacet
  facet normal 0 1 0
    outer loop
      vertex -2.56511 -2.72128 3.98823
      vertex -1.45009 -2.72128 4.92381
      vertex -1.38564 -2.72128 4.8
    endloop
  endfacet
  facet normal 0 1 0
    outer loop
      vertex -2.56511 -2.72128 3.98823
      vertex -1.38564 -2.72128 4.8
      vertex -1.31064 -2.72128 4.68228
    endloop
  endfacet
  facet normal 0 1 0
    outer loop
      vertex -1.54548 -2.72128 5.18589
      vertex -2.85945 -2.72128 4.59944
      vertex -3.01041 -2.72128 5.26081
    endloop
  endfacet
  facet normal 0 1 0
    outer loop
      vertex -2.56511 -2.72128 3.98823
      vertex -1.31064 -2.72128 4.68228
      vertex -1.22567 -2.72128 4.57154
    endloop
  endfacet
  facet normal 0 1 0
    outer loop
      vertex -2.56511 -2.72128 3.98823
      vertex -1.22567 -2.72128 4.57154
      vertex -1.13137 -2.72128 4.46863
    endloop
  endfacet
  facet normal 0 1 0
    outer loop
      vertex -2.56511 -2.72128 3.98823
      vertex -1.13137 -2.72128 4.46863
      vertex -1.02846 -2.72128 4.37433
    endloop
  endfacet
  facet normal 0 1 0
    outer loop
      vertex -2.56511 -2.72128 3.98823
      vertex -1.02846 -2.72128 4.37433
      vertex -0.917722 -2.72128 4.28936
    endloop
  endfacet
  facet normal 0 1 0
    outer loop
      vertex -2.56511 -2.72128 3.98823
      vertex -0.917722 -2.72128 4.28936
      vertex -0.799999 -2.72128 4.21436
    endloop
  endfacet
  facet normal 0 1 0
    outer loop
      vertex -1.45009 -2.72128 4.92381
      vertex -2.56511 -2.72128 3.98823
      vertex -2.85945 -2.72128 4.59944
    endloop
  endfacet
  facet normal 0 1 0
    outer loop
      vertex -2.56511 -2.72128 3.98823
      vertex -0.799999 -2.72128 4.21436
      vertex -0.676188 -2.72128 4.14991
    endloop
  endfacet
  facet normal 0 1 0
    outer loop
      vertex -3.9461 -2.72128 3.7599
      vertex -2.85945 -2.72128 4.59944
      vertex -2.56511 -2.72128 3.98823
    endloop
  endfacet
  facet normal 0 1 0
    outer loop
      vertex -2.56511 -2.72128 3.98823
      vertex -0.676188 -2.72128 4.14991
      vertex -0.547232 -2.72128 4.09649
    endloop
  endfacet
  facet normal 0 1 0
    outer loop
      vertex -2.56511 -2.72128 3.98823
      vertex -0.547232 -2.72128 4.09649
      vertex -0.41411 -2.72128 4.05452
    endloop
  endfacet
  facet normal 0 1 0
    outer loop
      vertex -2.56511 -2.72128 3.98823
      vertex -0.41411 -2.72128 4.05452
      vertex -0.277837 -2.72128 4.02431
    endloop
  endfacet
  facet normal 0 1 0
    outer loop
      vertex -2.56511 -2.72128 3.98823
      vertex -0.277837 -2.72128 4.02431
      vertex -0.139449 -2.72128 4.00609
    endloop
  endfacet
  facet normal 0 1 0
    outer loop
      vertex 0.41411 -2.72128 4.05452
      vertex 0.339188 -2.72128 2.58959
      vertex 0.277837 -2.72128 4.02431
    endloop
  endfacet
  facet normal 0 1 0
    outer loop
      vertex 0.339188 -2.72128 2.58959
      vertex 0.41411 -2.72128 4.05452
      vertex 1.00056 -2.72128 2.74055
    endloop
  endfacet
  facet normal 0 1 0
    outer loop
      vertex -2.85945 -2.72128 4.59944
      vertex -4.09146 -2.72128 4.11083
      vertex -4.10779 -2.72128 4.16263
    endloop
  endfacet
  facet normal 0 1 0
    outer loop
      vertex -2.85945 -2.72128 4.59944
      vertex -3.9461 -2.72128 3.7599
      vertex -4.09146 -2.72128 4.11083
    endloop
  endfacet
  facet normal 0 1 0
    outer loop
      vertex -2.56511 -2.72128 3.98823
      vertex -3.77071 -2.72128 3.42298
      vertex -3.9461 -2.72128 3.7599
    endloop
  endfacet
  facet normal -0 1 0
    outer loop
      vertex -3.77071 -2.72128 3.42298
      vertex -2.56511 -2.72128 3.98823
      vertex -3.68323 -2.72128 3.28567
    endloop
  endfacet
  facet normal 0 1 0
    outer loop
      vertex 3.01041 -2.72128 5.26081
      vertex 1.54548 -2.72128 5.18589
      vertex 1.57569 -2.72128 5.32216
    endloop
  endfacet
  facet normal 0 1 -0
    outer loop
      vertex 2.85945 -2.72128 4.59944
      vertex 1.54548 -2.72128 5.18589
      vertex 3.01041 -2.72128 5.26081
    endloop
  endfacet
  facet normal 0 1 0
    outer loop
      vertex 1.54548 -2.72128 5.18589
      vertex 2.85945 -2.72128 4.59944
      vertex 1.50351 -2.72128 5.05277
    endloop
  endfacet
  facet normal 0 1 0
    outer loop
      vertex 1.50351 -2.72128 5.05277
      vertex 2.85945 -2.72128 4.59944
      vertex 1.45009 -2.72128 4.92381
    endloop
  endfacet
  facet normal 0 1 -0
    outer loop
      vertex 2.56511 -2.72128 3.98823
      vertex 1.45009 -2.72128 4.92381
      vertex 2.85945 -2.72128 4.59944
    endloop
  endfacet
  facet normal 0 1 0
    outer loop
      vertex 1.45009 -2.72128 4.92381
      vertex 2.56511 -2.72128 3.98823
      vertex 1.38564 -2.72128 4.8
    endloop
  endfacet
  facet normal 0 1 0
    outer loop
      vertex 1.38564 -2.72128 4.8
      vertex 2.56511 -2.72128 3.98823
      vertex 1.31064 -2.72128 4.68228
    endloop
  endfacet
  facet normal 0 1 0
    outer loop
      vertex 1.31064 -2.72128 4.68228
      vertex 2.56511 -2.72128 3.98823
      vertex 1.22567 -2.72128 4.57154
    endloop
  endfacet
  facet normal 0 1 -0
    outer loop
      vertex 2.14215 -2.72128 3.45785
      vertex 1.22567 -2.72128 4.57154
      vertex 2.56511 -2.72128 3.98823
    endloop
  endfacet
  facet normal 0 1 0
    outer loop
      vertex 1.22567 -2.72128 4.57154
      vertex 2.14215 -2.72128 3.45785
      vertex 1.13137 -2.72128 4.46863
    endloop
  endfacet
  facet normal 0 1 0
    outer loop
      vertex 1.13137 -2.72128 4.46863
      vertex 2.14215 -2.72128 3.45785
      vertex 1.02846 -2.72128 4.37433
    endloop
  endfacet
  facet normal 0 1 -0
    outer loop
      vertex 4.09146 -2.72128 4.11083
      vertex 2.85945 -2.72128 4.59944
      vertex 4.10779 -2.72128 4.16263
    endloop
  endfacet
  facet normal 0 1 -0
    outer loop
      vertex 1.61177 -2.72128 3.03489
      vertex 1.02846 -2.72128 4.37433
      vertex 2.14215 -2.72128 3.45785
    endloop
  endfacet
  facet normal 0 1 -0
    outer loop
      vertex 3.9461 -2.72128 3.7599
      vertex 2.85945 -2.72128 4.59944
      vertex 4.09146 -2.72128 4.11083
    endloop
  endfacet
  facet normal 0 1 0
    outer loop
      vertex 1.02846 -2.72128 4.37433
      vertex 1.61177 -2.72128 3.03489
      vertex 0.917722 -2.72128 4.28936
    endloop
  endfacet
  facet normal 0 1 0
    outer loop
      vertex 0.917722 -2.72128 4.28936
      vertex 1.61177 -2.72128 3.03489
      vertex 0.799999 -2.72128 4.21436
    endloop
  endfacet
  facet normal 0 1 0
    outer loop
      vertex 0.799999 -2.72128 4.21436
      vertex 1.61177 -2.72128 3.03489
      vertex 0.676188 -2.72128 4.14991
    endloop
  endfacet
  facet normal 0 1 -0
    outer loop
      vertex 1.00056 -2.72128 2.74055
      vertex 0.676188 -2.72128 4.14991
      vertex 1.61177 -2.72128 3.03489
    endloop
  endfacet
  facet normal 0 1 0
    outer loop
      vertex 0.676188 -2.72128 4.14991
      vertex 1.00056 -2.72128 2.74055
      vertex 0.547232 -2.72128 4.09649
    endloop
  endfacet
  facet normal 0 1 0
    outer loop
      vertex 0.547232 -2.72128 4.09649
      vertex 1.00056 -2.72128 2.74055
      vertex 0.41411 -2.72128 4.05452
    endloop
  endfacet
  facet normal 0 1 0
    outer loop
      vertex 2.85945 -2.72128 4.59944
      vertex 3.9461 -2.72128 3.7599
      vertex 2.56511 -2.72128 3.98823
    endloop
  endfacet
  facet normal 0 1 -0
    outer loop
      vertex 3.77071 -2.72128 3.42298
      vertex 2.56511 -2.72128 3.98823
      vertex 3.9461 -2.72128 3.7599
    endloop
  endfacet
  facet normal 0 1 0
    outer loop
      vertex 2.56511 -2.72128 3.98823
      vertex 3.77071 -2.72128 3.42298
      vertex 3.68323 -2.72128 3.28567
    endloop
  endfacet
  facet normal 0 1 0
    outer loop
      vertex -0.139449 -2.72128 4.00609
      vertex -1.61177 -2.72128 3.03489
      vertex -2.14215 -2.72128 3.45785
    endloop
  endfacet
  facet normal 0 1 0
    outer loop
      vertex -2.79872 -2.72128 2.26461
      vertex -2.14215 -2.72128 3.45785
      vertex -1.61177 -2.72128 3.03489
    endloop
  endfacet
  facet normal 0 1 0
    outer loop
      vertex -2.14215 -2.72128 3.45785
      vertex -2.79872 -2.72128 2.26461
      vertex -3.07877 -2.72128 2.52123
    endloop
  endfacet
  facet normal 0 1 0
    outer loop
      vertex -1.61177 -2.72128 3.03489
      vertex -2.49738 -2.72128 2.03338
      vertex -2.79872 -2.72128 2.26461
    endloop
  endfacet
  facet normal -0 1 0
    outer loop
      vertex -2.49738 -2.72128 2.03338
      vertex -1.61177 -2.72128 3.03489
      vertex -2.31433 -2.72128 1.91677
    endloop
  endfacet
  facet normal 0 1 0
    outer loop
      vertex -0.139449 -2.72128 4.00609
      vertex -0.339188 -2.72128 2.58959
      vertex -1.00056 -2.72128 2.74055
    endloop
  endfacet
  facet normal 0 1 -0
    outer loop
      vertex -0.430998 -2.72128 1.79021
      vertex -1.00056 -2.72128 2.74055
      vertex -0.339188 -2.72128 2.58959
    endloop
  endfacet
  facet normal 0 1 0
    outer loop
      vertex -1.00056 -2.72128 2.74055
      vertex -0.430998 -2.72128 1.79021
      vertex -1.3331 -2.72128 1.79021
    endloop
  endfacet
  facet normal 0 1 -0
    outer loop
      vertex -1.38655 -2.72128 1.47618
      vertex -1.43737 -2.72128 1.49221
      vertex -1.38655 -2.72128 1.63745
    endloop
  endfacet
  facet normal 0 1 0
    outer loop
      vertex 1.43737 -2.72128 1.49221
      vertex 1.38655 -2.72128 1.47618
      vertex 1.38655 -2.72128 1.63745
    endloop
  endfacet
  facet normal 0.358306 0.847774 0.39102
    outer loop
      vertex 3.07877 -2.72128 8.67877
      vertex 2.79872 -2.72128 8.93539
      vertex 4.52548 -4 10.1255
    endloop
  endfacet
  facet normal -0.322868 0.847774 0.420755
    outer loop
      vertex -2.49738 -2.72128 9.16662
      vertex -4.11384 -4 10.5027
      vertex -3.67089 -4 10.8426
    endloop
  endfacet
  facet normal 0.069155 0.847775 0.525829
    outer loop
      vertex 0.756071 -2.72128 9.88789
      vertex 0.536099 -2.99492 10.358
      vertex 1.11135 -4 11.9028
    endloop
  endfacet
  facet normal 0.069232 0.847754 0.525852
    outer loop
      vertex 0.536099 -2.99492 10.358
      vertex 0.756071 -2.72128 9.88789
      vertex 0.487114 -2.72128 9.9233
    endloop
  endfacet
  facet normal -0.447241 0.847813 -0.284936
    outer loop
      vertex -3.77354 -2.78799 3.22893
      vertex -3.77071 -2.72128 3.42298
      vertex -3.68323 -2.72128 3.28567
    endloop
  endfacet
  facet normal -0.447337 0.847768 -0.28492
    outer loop
      vertex -4.50635 -3.32942 2.76847
      vertex -3.77071 -2.72128 3.42298
      vertex -3.77354 -2.78799 3.22893
    endloop
  endfacet
  facet normal -0.447302 0.847772 -0.284963
    outer loop
      vertex -3.77071 -2.72128 3.42298
      vertex -4.50635 -3.32942 2.76847
      vertex -5.54256 -4 2.4
    endloop
  endfacet
  facet normal -0.48999 0.847772 0.202957
    outer loop
      vertex -3.9461 -2.72128 7.4401
      vertex -6.01403 -4 7.78893
      vertex -5.80037 -4 8.30476
    endloop
  endfacet
  facet normal -0.48999 0.847772 0.20296
    outer loop
      vertex -4.09146 -2.72128 7.08917
      vertex -6.01403 -4 7.78893
      vertex -3.9461 -2.72128 7.4401
    endloop
  endfacet
  facet normal 0.159557 0.847646 0.506002
    outer loop
      vertex 2.07235 -3.92344 11.5225
      vertex 1.65644 -4 11.7819
      vertex 2.11279 -4 11.638
    endloop
  endfacet
  facet normal 0.159407 0.847791 0.505805
    outer loop
      vertex 1.97978 -3.74817 11.2579
      vertex 1.65644 -4 11.7819
      vertex 2.07235 -3.92344 11.5225
    endloop
  endfacet
  facet normal 0.159457 0.84777 0.505826
    outer loop
      vertex 1.65644 -4 11.7819
      vertex 1.97978 -3.74817 11.2579
      vertex 1.12691 -2.72128 9.80568
    endloop
  endfacet
  facet normal 0.114788 0.847769 0.517794
    outer loop
      vertex 1.12691 -2.72128 9.80568
      vertex 0.756071 -2.72128 9.88789
      vertex 1.65644 -4 11.7819
    endloop
  endfacet
  facet normal 0.0691785 0.847706 0.525936
    outer loop
      vertex 1.11135 -4 11.9028
      vertex 0.702051 -3.92199 11.8309
      vertex 0.716015 -4 11.9548
    endloop
  endfacet
  facet normal 0.0692298 0.847812 0.525759
    outer loop
      vertex 1.11135 -4 11.9028
      vertex 0.662882 -3.70317 11.4832
      vertex 0.702051 -3.92199 11.8309
    endloop
  endfacet
  facet normal 0.0691326 0.847772 0.525835
    outer loop
      vertex 0.662882 -3.70317 11.4832
      vertex 1.11135 -4 11.9028
      vertex 0.536099 -2.99492 10.358
    endloop
  endfacet
  facet normal -0.358309 0.847772 -0.39102
    outer loop
      vertex -4.11384 -4 0.697316
      vertex -4.52548 -4 1.07452
      vertex -2.79872 -2.72128 2.26461
    endloop
  endfacet
  facet normal -0.358306 0.847774 0.39102
    outer loop
      vertex -3.07877 -2.72128 8.67877
      vertex -4.52548 -4 10.1255
      vertex -2.79872 -2.72128 8.93539
    endloop
  endfacet
  facet normal 0.159598 0.847786 0.505754
    outer loop
      vertex 1.71428 -3.24552 10.4991
      vertex 1.12691 -2.72128 9.80568
      vertex 1.97978 -3.74817 11.2579
    endloop
  endfacet
  facet normal 0.159469 0.847758 0.505843
    outer loop
      vertex 1.47107 -2.78507 9.80409
      vertex 1.12691 -2.72128 9.80568
      vertex 1.71428 -3.24552 10.4991
    endloop
  endfacet
  facet normal 0.159475 0.847794 0.505779
    outer loop
      vertex 1.12691 -2.72128 9.80568
      vertex 1.47107 -2.78507 9.80409
      vertex 1.43737 -2.72128 9.70779
    endloop
  endfacet
  facet normal -0.447305 0.847773 -0.284955
    outer loop
      vertex -5.27863 -3.9 2.28321
      vertex -5.54256 -4 2.4
      vertex -4.50635 -3.32942 2.76847
    endloop
  endfacet
  facet normal -0.447308 0.847767 -0.284967
    outer loop
      vertex -5.54256 -4 2.4
      vertex -5.27863 -3.9 2.28321
      vertex -5.41398 -4 2.19817
    endloop
  endfacet
  facet normal -0.15953 0.847795 -0.50576
    outer loop
      vertex -1.38655 -2.72128 1.47618
      vertex -1.47107 -2.78507 1.39591
      vertex -1.43737 -2.72128 1.49221
    endloop
  endfacet
  facet normal -0.159463 0.847775 -0.505815
    outer loop
      vertex -1.46097 -2.86732 1.25487
      vertex -1.47107 -2.78507 1.39591
      vertex -1.38655 -2.72128 1.47618
    endloop
  endfacet
  facet normal -0.159582 0.847755 -0.505811
    outer loop
      vertex -1.47008 -2.88521 1.22776
      vertex -1.47107 -2.78507 1.39591
      vertex -1.46097 -2.86732 1.25487
    endloop
  endfacet
  facet normal -0.159463 0.847772 -0.505821
    outer loop
      vertex -1.47008 -2.88521 1.22776
      vertex -1.71428 -3.24552 0.700854
      vertex -1.47107 -2.78507 1.39591
    endloop
  endfacet
  facet normal -0.159467 0.847772 -0.505819
    outer loop
      vertex -1.79869 -3.53013 0.250448
      vertex -1.71428 -3.24552 0.700854
      vertex -1.47008 -2.88521 1.22776
    endloop
  endfacet
  facet normal -0.159469 0.847772 -0.505818
    outer loop
      vertex -1.71428 -3.24552 0.700854
      vertex -1.79869 -3.53013 0.250448
      vertex -1.97978 -3.74817 -0.0579038
    endloop
  endfacet
  facet normal 0.358308 0.847772 -0.391022
    outer loop
      vertex 4.52548 -4 1.07452
      vertex 2.79872 -2.72128 2.26461
      vertex 3.07877 -2.72128 2.52123
    endloop
  endfacet
  facet normal -0.114841 0.847775 0.517773
    outer loop
      vertex -0.756071 -2.72128 9.88789
      vertex -1.65644 -4 11.7819
      vertex -1.11135 -4 11.9028
    endloop
  endfacet
  facet normal 0.447302 0.847772 0.284963
    outer loop
      vertex 3.77071 -2.72128 7.77702
      vertex 4.50635 -3.32942 8.43153
      vertex 5.54256 -4 8.8
    endloop
  endfacet
  facet normal 0.447337 0.847768 0.28492
    outer loop
      vertex 4.50635 -3.32942 8.43153
      vertex 3.77071 -2.72128 7.77702
      vertex 3.77354 -2.78799 7.97107
    endloop
  endfacet
  facet normal 0.447241 0.847813 0.284936
    outer loop
      vertex 3.77354 -2.78799 7.97107
      vertex 3.77071 -2.72128 7.77702
      vertex 3.68323 -2.72128 7.91433
    endloop
  endfacet
  facet normal 0.48999 0.847772 0.20296
    outer loop
      vertex 4.09146 -2.72128 7.08917
      vertex 3.9461 -2.72128 7.4401
      vertex 6.01403 -4 7.78893
    endloop
  endfacet
  facet normal 0.525798 0.847788 0.0692238
    outer loop
      vertex 4.42859 -2.78755 6.09898
      vertex 4.33747 -2.72128 5.97948
      vertex 4.3233 -2.72128 6.08711
    endloop
  endfacet
  facet normal 0.525828 0.847772 0.0691915
    outer loop
      vertex 4.33747 -2.72128 5.97948
      vertex 4.42859 -2.78755 6.09898
      vertex 4.75804 -2.99492 6.1361
    endloop
  endfacet
  facet normal -0.159598 0.847786 0.505754
    outer loop
      vertex -1.12691 -2.72128 9.80568
      vertex -1.71428 -3.24552 10.4991
      vertex -1.97978 -3.74817 11.2579
    endloop
  endfacet
  facet normal -0.159469 0.847758 0.505843
    outer loop
      vertex -1.12691 -2.72128 9.80568
      vertex -1.47107 -2.78507 9.80409
      vertex -1.71428 -3.24552 10.4991
    endloop
  endfacet
  facet normal -0.159475 0.847794 0.505779
    outer loop
      vertex -1.47107 -2.78507 9.80409
      vertex -1.12691 -2.72128 9.80568
      vertex -1.43737 -2.72128 9.70779
    endloop
  endfacet
  facet normal 0.15953 0.847795 -0.50576
    outer loop
      vertex 1.47107 -2.78507 1.39591
      vertex 1.38655 -2.72128 1.47618
      vertex 1.43737 -2.72128 1.49221
    endloop
  endfacet
  facet normal 0.159463 0.847775 -0.505815
    outer loop
      vertex 1.47107 -2.78507 1.39591
      vertex 1.46097 -2.86732 1.25487
      vertex 1.38655 -2.72128 1.47618
    endloop
  endfacet
  facet normal 0.159582 0.847755 -0.505811
    outer loop
      vertex 1.47107 -2.78507 1.39591
      vertex 1.47008 -2.88521 1.22776
      vertex 1.46097 -2.86732 1.25487
    endloop
  endfacet
  facet normal 0.159463 0.847772 -0.505821
    outer loop
      vertex 1.71428 -3.24552 0.700854
      vertex 1.47008 -2.88521 1.22776
      vertex 1.47107 -2.78507 1.39591
    endloop
  endfacet
  facet normal 0.159467 0.847772 -0.505819
    outer loop
      vertex 1.71428 -3.24552 0.700854
      vertex 1.79869 -3.53013 0.250448
      vertex 1.47008 -2.88521 1.22776
    endloop
  endfacet
  facet normal 0.159469 0.847772 -0.505818
    outer loop
      vertex 1.79869 -3.53013 0.250448
      vertex 1.71428 -3.24552 0.700854
      vertex 1.97978 -3.74817 -0.0579038
    endloop
  endfacet
  facet normal 0.114841 0.847775 0.517773
    outer loop
      vertex 1.65644 -4 11.7819
      vertex 0.756071 -2.72128 9.88789
      vertex 1.11135 -4 11.9028
    endloop
  endfacet
  facet normal -0.505811 0.84777 -0.159502
    outer loop
      vertex -5.88709 -3.9 3.54003
      vertex -6.01403 -4 3.41107
      vertex -6.03804 -4 3.48721
    endloop
  endfacet
  facet normal -0.505837 0.847761 -0.159469
    outer loop
      vertex -6.01403 -4 3.41107
      vertex -5.88709 -3.9 3.54003
      vertex -5.65791 -3.74817 3.62022
    endloop
  endfacet
  facet normal -0.322864 0.847772 -0.420763
    outer loop
      vertex -3.67089 -4 0.357427
      vertex -4.11384 -4 0.697316
      vertex -2.49738 -2.72128 2.03338
    endloop
  endfacet
  facet normal -0.48999 0.847772 -0.202957
    outer loop
      vertex -5.80037 -4 2.89524
      vertex -6.01403 -4 3.41107
      vertex -3.9461 -2.72128 3.7599
    endloop
  endfacet
  facet normal -0.322866 0.847772 -0.420761
    outer loop
      vertex -2.49738 -2.72128 2.03338
      vertex -4.11384 -4 0.697316
      vertex -2.79872 -2.72128 2.26461
    endloop
  endfacet
  facet normal 0.470434 0.847772 0.244896
    outer loop
      vertex 5.80037 -4 8.30476
      vertex 3.9461 -2.72128 7.4401
      vertex 5.54256 -4 8.8
    endloop
  endfacet
  facet normal -0.284948 0.84777 -0.447315
    outer loop
      vertex -3.67089 -4 0.357427
      vertex -2.83153 -3.32942 1.09365
      vertex -3.14882 -3.7025 0.588693
    endloop
  endfacet
  facet normal -0.284959 0.847772 -0.447304
    outer loop
      vertex -2.83153 -3.32942 1.09365
      vertex -3.67089 -4 0.357427
      vertex -2.49738 -2.72128 2.03338
    endloop
  endfacet
  facet normal -0.284964 0.847778 -0.447289
    outer loop
      vertex -3.33488 -3.92127 0.29258
      vertex -3.67089 -4 0.357427
      vertex -3.14882 -3.7025 0.588693
    endloop
  endfacet
  facet normal -0.284966 0.847762 -0.447318
    outer loop
      vertex -3.67089 -4 0.357427
      vertex -3.33488 -3.92127 0.29258
      vertex -3.40183 -4 0.186021
    endloop
  endfacet
  facet normal -0.447337 0.847768 0.28492
    outer loop
      vertex -3.77071 -2.72128 7.77702
      vertex -4.50635 -3.32942 8.43153
      vertex -3.77354 -2.78799 7.97107
    endloop
  endfacet
  facet normal -0.447241 0.847813 0.284936
    outer loop
      vertex -3.77071 -2.72128 7.77702
      vertex -3.77354 -2.78799 7.97107
      vertex -3.68323 -2.72128 7.91433
    endloop
  endfacet
  facet normal -0.447302 0.847772 0.284963
    outer loop
      vertex -4.50635 -3.32942 8.43153
      vertex -3.77071 -2.72128 7.77702
      vertex -5.54256 -4 8.8
    endloop
  endfacet
  facet normal -0.470436 0.847772 0.244894
    outer loop
      vertex -3.9461 -2.72128 7.4401
      vertex -5.54256 -4 8.8
      vertex -3.77071 -2.72128 7.77702
    endloop
  endfacet
  facet normal -0.284952 0.847773 -0.447307
    outer loop
      vertex -2.31433 -2.72128 1.91677
      vertex -2.83153 -3.32942 1.09365
      vertex -2.49738 -2.72128 2.03338
    endloop
  endfacet
  facet normal -0.529856 0.847772 0.0231362
    outer loop
      vertex -4.35404 -2.72128 5.6
      vertex -6.4 -4 5.6
      vertex -4.33747 -2.72128 5.97948
    endloop
  endfacet
  facet normal -0.114792 0.84777 -0.517793
    outer loop
      vertex -1.11135 -4 -0.702769
      vertex -1.37981 -3.60712 0
      vertex -0.987431 -3.55399 0
    endloop
  endfacet
  facet normal -0.114792 0.84777 -0.517793
    outer loop
      vertex -1.37981 -3.60712 0
      vertex -1.11135 -4 -0.702769
      vertex -1.65644 -4 -0.581925
    endloop
  endfacet
  facet normal 0.358306 0.847774 0.39102
    outer loop
      vertex 4.52548 -4 10.1255
      vertex 2.79872 -2.72128 8.93539
      vertex 4.11384 -4 10.5027
    endloop
  endfacet
  facet normal 0.284903 0.847828 0.447235
    outer loop
      vertex 3.67089 -4 10.8426
      vertex 3.33488 -3.92127 10.9074
      vertex 3.40183 -4 11.014
    endloop
  endfacet
  facet normal 0.28491 0.847771 0.447337
    outer loop
      vertex 3.67089 -4 10.8426
      vertex 3.14882 -3.7025 10.6113
      vertex 3.33488 -3.92127 10.9074
    endloop
  endfacet
  facet normal 0.284936 0.847784 0.447295
    outer loop
      vertex 3.67089 -4 10.8426
      vertex 2.83153 -3.32942 10.1063
      vertex 3.14882 -3.7025 10.6113
    endloop
  endfacet
  facet normal 0.28487 0.847773 0.44736
    outer loop
      vertex 2.83153 -3.32942 10.1063
      vertex 3.67089 -4 10.8426
      vertex 2.49738 -2.72128 9.16662
    endloop
  endfacet
  facet normal 0.470436 0.847772 -0.244894
    outer loop
      vertex 5.54256 -4 2.4
      vertex 3.77071 -2.72128 3.42298
      vertex 3.9461 -2.72128 3.7599
    endloop
  endfacet
  facet normal -0.0692165 0.847769 -0.525829
    outer loop
      vertex -0.84964 -3.54274 0
      vertex -1.11135 -4 -0.702769
      vertex -0.987431 -3.55399 0
    endloop
  endfacet
  facet normal -0.159476 0.847773 -0.505815
    outer loop
      vertex -1.65644 -4 -0.581925
      vertex -1.8829 -3.6954 0
      vertex -1.50052 -3.62347 0
    endloop
  endfacet
  facet normal -0.159488 0.847769 -0.505818
    outer loop
      vertex -2.07235 -3.92344 -0.322468
      vertex -1.8829 -3.6954 0
      vertex -1.65644 -4 -0.581925
    endloop
  endfacet
  facet normal -0.159435 0.847763 -0.505845
    outer loop
      vertex -1.8829 -3.6954 0
      vertex -2.07235 -3.92344 -0.322468
      vertex -1.97978 -3.74817 -0.0579038
    endloop
  endfacet
  facet normal -0.159481 0.847776 -0.505808
    outer loop
      vertex -2.07235 -3.92344 -0.322468
      vertex -1.65644 -4 -0.581925
      vertex -2.11279 -4 -0.438038
    endloop
  endfacet
  facet normal -0.159449 0.84777 -0.505828
    outer loop
      vertex -1.79869 -3.53013 0.250448
      vertex -1.8829 -3.6954 0
      vertex -1.97978 -3.74817 -0.0579038
    endloop
  endfacet
  facet normal -0.505788 0.847793 -0.15945
    outer loop
      vertex -4.09146 -2.72128 4.11083
      vertex -4.20649 -2.78666 4.12809
      vertex -4.10779 -2.72128 4.16263
    endloop
  endfacet
  facet normal -0.505791 0.847774 -0.159544
    outer loop
      vertex -4.09146 -2.72128 4.11083
      vertex -5.65791 -3.74817 3.62022
      vertex -4.20649 -2.78666 4.12809
    endloop
  endfacet
  facet normal -0.505779 0.847774 -0.159584
    outer loop
      vertex -5.65791 -3.74817 3.62022
      vertex -4.09146 -2.72128 4.11083
      vertex -6.01403 -4 3.41107
    endloop
  endfacet
  facet normal -0.48999 0.847772 -0.20296
    outer loop
      vertex -3.9461 -2.72128 3.7599
      vertex -6.01403 -4 3.41107
      vertex -4.09146 -2.72128 4.11083
    endloop
  endfacet
  facet normal 0.159449 0.84777 -0.505828
    outer loop
      vertex 1.97978 -3.74817 -0.0579038
      vertex 1.8829 -3.6954 0
      vertex 1.79869 -3.53013 0.250448
    endloop
  endfacet
  facet normal 0.159435 0.847763 -0.505845
    outer loop
      vertex 2.07235 -3.92344 -0.322468
      vertex 1.8829 -3.6954 0
      vertex 1.97978 -3.74817 -0.0579038
    endloop
  endfacet
  facet normal 0.159488 0.847769 -0.505818
    outer loop
      vertex 1.8829 -3.6954 0
      vertex 2.07235 -3.92344 -0.322468
      vertex 1.65644 -4 -0.581925
    endloop
  endfacet
  facet normal 0.159481 0.847776 -0.505808
    outer loop
      vertex 1.65644 -4 -0.581925
      vertex 2.07235 -3.92344 -0.322468
      vertex 2.11279 -4 -0.438038
    endloop
  endfacet
  facet normal 0.159476 0.847773 -0.505815
    outer loop
      vertex 1.8829 -3.6954 0
      vertex 1.65644 -4 -0.581925
      vertex 1.50052 -3.62347 0
    endloop
  endfacet
  facet normal 0.11483 0.847774 -0.517778
    outer loop
      vertex 1.65644 -4 -0.581925
      vertex 1.37981 -3.60712 0
      vertex 1.50052 -3.62347 0
    endloop
  endfacet
  facet normal -0.159557 0.847646 0.506002
    outer loop
      vertex -1.65644 -4 11.7819
      vertex -2.07235 -3.92344 11.5225
      vertex -2.11279 -4 11.638
    endloop
  endfacet
  facet normal -0.159407 0.847791 0.505805
    outer loop
      vertex -1.65644 -4 11.7819
      vertex -1.97978 -3.74817 11.2579
      vertex -2.07235 -3.92344 11.5225
    endloop
  endfacet
  facet normal -0.159457 0.84777 0.505826
    outer loop
      vertex -1.97978 -3.74817 11.2579
      vertex -1.65644 -4 11.7819
      vertex -1.12691 -2.72128 9.80568
    endloop
  endfacet
  facet normal -0.358308 0.847772 -0.391022
    outer loop
      vertex -2.79872 -2.72128 2.26461
      vertex -4.52548 -4 1.07452
      vertex -3.07877 -2.72128 2.52123
    endloop
  endfacet
  facet normal 0.322868 0.847774 0.420755
    outer loop
      vertex 4.11384 -4 10.5027
      vertex 2.49738 -2.72128 9.16662
      vertex 3.67089 -4 10.8426
    endloop
  endfacet
  facet normal -0.470436 0.847772 -0.244894
    outer loop
      vertex -3.77071 -2.72128 3.42298
      vertex -5.54256 -4 2.4
      vertex -3.9461 -2.72128 3.7599
    endloop
  endfacet
  facet normal -0.529856 0.847772 -0.0231362
    outer loop
      vertex -4.33747 -2.72128 5.22052
      vertex -6.4 -4 5.6
      vertex -4.35404 -2.72128 5.6
    endloop
  endfacet
  facet normal 0.322865 0.847774 0.420759
    outer loop
      vertex 2.79872 -2.72128 8.93539
      vertex 2.49738 -2.72128 9.16662
      vertex 4.11384 -4 10.5027
    endloop
  endfacet
  facet normal 0.991445 0 -0.130527
    outer loop
      vertex 2.98858 -8.72128 5.33853
      vertex 2.95442 -4 5.07906
      vertex 2.98858 -4 5.33853
    endloop
  endfacet
  facet normal 0.991445 0 -0.130527
    outer loop
      vertex 2.95442 -4 5.07906
      vertex 2.98858 -8.72128 5.33853
      vertex 2.95442 -8.72128 5.07906
    endloop
  endfacet
  facet normal 0.999048 0 -0.0436345
    outer loop
      vertex 3 -8.72128 5.6
      vertex 2.98858 -4 5.33853
      vertex 3 -4 5.6
    endloop
  endfacet
  facet normal 0.999048 0 -0.0436345
    outer loop
      vertex 2.98858 -4 5.33853
      vertex 3 -8.72128 5.6
      vertex 2.98858 -8.72128 5.33853
    endloop
  endfacet
  facet normal 0.976302 0 -0.216413
    outer loop
      vertex 2.95442 -8.72128 5.07906
      vertex 2.89778 -4 4.82354
      vertex 2.95442 -4 5.07906
    endloop
  endfacet
  facet normal 0.976302 0 -0.216413
    outer loop
      vertex 2.89778 -4 4.82354
      vertex 2.95442 -8.72128 5.07906
      vertex 2.89778 -8.72128 4.82354
    endloop
  endfacet
  facet normal -0.675579 0 0.737287
    outer loop
      vertex -2.12132 -4 7.72132
      vertex -1.92836 -8.72128 7.89813
      vertex -1.92836 -4 7.89813
    endloop
  endfacet
  facet normal -0.675579 0 0.737287
    outer loop
      vertex -1.92836 -8.72128 7.89813
      vertex -2.12132 -4 7.72132
      vertex -2.12132 -8.72128 7.72132
    endloop
  endfacet
  facet normal -0.216418 0 -0.976301
    outer loop
      vertex -0.776457 -8.72128 2.70222
      vertex -0.520944 -4 2.64558
      vertex -0.520944 -8.72128 2.64558
    endloop
  endfacet
  facet normal -0.216418 0 -0.976301
    outer loop
      vertex -0.520944 -4 2.64558
      vertex -0.776457 -8.72128 2.70222
      vertex -0.776457 -4 2.70222
    endloop
  endfacet
  facet normal 0.216418 0 0.976301
    outer loop
      vertex 0.520944 -4 8.55442
      vertex 0.776457 -8.72128 8.49778
      vertex 0.776457 -4 8.49778
    endloop
  endfacet
  facet normal 0.216418 0 0.976301
    outer loop
      vertex 0.776457 -8.72128 8.49778
      vertex 0.520944 -4 8.55442
      vertex 0.520944 -8.72128 8.55442
    endloop
  endfacet
  facet normal 0.130523 0 -0.991445
    outer loop
      vertex 0.261467 -8.72128 2.61142
      vertex 0.520944 -4 2.64558
      vertex 0.520944 -8.72128 2.64558
    endloop
  endfacet
  facet normal 0.130523 0 -0.991445
    outer loop
      vertex 0.520944 -4 2.64558
      vertex 0.261467 -8.72128 2.61142
      vertex 0.261467 -4 2.61142
    endloop
  endfacet
  facet normal 0.737287 -0 0.675579
    outer loop
      vertex 2.12132 -8.72128 7.72132
      vertex 2.29813 -4 7.52836
      vertex 2.12132 -4 7.72132
    endloop
  endfacet
  facet normal 0.737287 0 0.675579
    outer loop
      vertex 2.29813 -4 7.52836
      vertex 2.12132 -8.72128 7.72132
      vertex 2.29813 -8.72128 7.52836
    endloop
  endfacet
  facet normal -0.46172 0 -0.887026
    outer loop
      vertex -1.5 -8.72128 3.00192
      vertex -1.26785 -4 2.88108
      vertex -1.26785 -8.72128 2.88108
    endloop
  endfacet
  facet normal -0.46172 0 -0.887026
    outer loop
      vertex -1.26785 -4 2.88108
      vertex -1.5 -8.72128 3.00192
      vertex -1.5 -4 3.00192
    endloop
  endfacet
  facet normal 0.130523 0 0.991445
    outer loop
      vertex 0.261467 -4 8.58858
      vertex 0.520944 -8.72128 8.55442
      vertex 0.520944 -4 8.55442
    endloop
  endfacet
  facet normal 0.130523 0 0.991445
    outer loop
      vertex 0.520944 -8.72128 8.55442
      vertex 0.261467 -4 8.58858
      vertex 0.261467 -8.72128 8.58858
    endloop
  endfacet
  facet normal -0.953715 0 -0.300711
    outer loop
      vertex -2.81908 -8.72128 4.57394
      vertex -2.89778 -4 4.82354
      vertex -2.81908 -4 4.57394
    endloop
  endfacet
  facet normal -0.953715 -0 -0.300711
    outer loop
      vertex -2.89778 -4 4.82354
      vertex -2.81908 -8.72128 4.57394
      vertex -2.89778 -8.72128 4.82354
    endloop
  endfacet
  facet normal -0.537298 0 0.843392
    outer loop
      vertex -1.72073 -4 8.05746
      vertex -1.5 -8.72128 8.19808
      vertex -1.5 -4 8.19808
    endloop
  endfacet
  facet normal -0.537298 0 0.843392
    outer loop
      vertex -1.5 -8.72128 8.19808
      vertex -1.72073 -4 8.05746
      vertex -1.72073 -8.72128 8.05746
    endloop
  endfacet
  facet normal 0.991445 -0 0.130527
    outer loop
      vertex 2.95442 -8.72128 6.12094
      vertex 2.98858 -4 5.86147
      vertex 2.95442 -4 6.12094
    endloop
  endfacet
  facet normal 0.991445 0 0.130527
    outer loop
      vertex 2.98858 -4 5.86147
      vertex 2.95442 -8.72128 6.12094
      vertex 2.98858 -8.72128 5.86147
    endloop
  endfacet
  facet normal 0.608785 0 -0.793335
    outer loop
      vertex 1.72073 -8.72128 3.14254
      vertex 1.92836 -4 3.30187
      vertex 1.92836 -8.72128 3.30187
    endloop
  endfacet
  facet normal 0.608785 0 -0.793335
    outer loop
      vertex 1.92836 -4 3.30187
      vertex 1.72073 -8.72128 3.14254
      vertex 1.72073 -4 3.14254
    endloop
  endfacet
  facet normal -0.953715 0 0.300711
    outer loop
      vertex -2.89778 -8.72128 6.37646
      vertex -2.81908 -4 6.62606
      vertex -2.89778 -4 6.37646
    endloop
  endfacet
  facet normal -0.953715 0 0.300711
    outer loop
      vertex -2.81908 -4 6.62606
      vertex -2.89778 -8.72128 6.37646
      vertex -2.81908 -8.72128 6.62606
    endloop
  endfacet
  facet normal -0.887026 0 -0.46172
    outer loop
      vertex -2.59808 -8.72128 4.1
      vertex -2.71892 -4 4.33215
      vertex -2.59808 -4 4.1
    endloop
  endfacet
  facet normal -0.887026 -0 -0.46172
    outer loop
      vertex -2.71892 -4 4.33215
      vertex -2.59808 -8.72128 4.1
      vertex -2.71892 -8.72128 4.33215
    endloop
  endfacet
  facet normal -0.976302 0 0.216413
    outer loop
      vertex -2.95442 -8.72128 6.12094
      vertex -2.89778 -4 6.37646
      vertex -2.95442 -4 6.12094
    endloop
  endfacet
  facet normal -0.976302 0 0.216413
    outer loop
      vertex -2.89778 -4 6.37646
      vertex -2.95442 -8.72128 6.12094
      vertex -2.89778 -8.72128 6.37646
    endloop
  endfacet
  facet normal 0.976302 -0 0.216413
    outer loop
      vertex 2.89778 -8.72128 6.37646
      vertex 2.95442 -4 6.12094
      vertex 2.89778 -4 6.37646
    endloop
  endfacet
  facet normal 0.976302 0 0.216413
    outer loop
      vertex 2.95442 -4 6.12094
      vertex 2.89778 -8.72128 6.37646
      vertex 2.95442 -8.72128 6.12094
    endloop
  endfacet
  facet normal 0.953715 0 -0.300711
    outer loop
      vertex 2.89778 -8.72128 4.82354
      vertex 2.81908 -4 4.57394
      vertex 2.89778 -4 4.82354
    endloop
  endfacet
  facet normal 0.953715 0 -0.300711
    outer loop
      vertex 2.81908 -4 4.57394
      vertex 2.89778 -8.72128 4.82354
      vertex 2.81908 -8.72128 4.57394
    endloop
  endfacet
  facet normal 0.608785 0 0.793335
    outer loop
      vertex 1.72073 -4 8.05746
      vertex 1.92836 -8.72128 7.89813
      vertex 1.92836 -4 7.89813
    endloop
  endfacet
  facet normal 0.608785 0 0.793335
    outer loop
      vertex 1.92836 -8.72128 7.89813
      vertex 1.72073 -4 8.05746
      vertex 1.72073 -8.72128 8.05746
    endloop
  endfacet
  facet normal -0.991445 0 0.130527
    outer loop
      vertex -2.98858 -8.72128 5.86147
      vertex -2.95442 -4 6.12094
      vertex -2.98858 -4 5.86147
    endloop
  endfacet
  facet normal -0.991445 0 0.130527
    outer loop
      vertex -2.95442 -4 6.12094
      vertex -2.98858 -8.72128 5.86147
      vertex -2.95442 -8.72128 6.12094
    endloop
  endfacet
  facet normal 0.843392 0 -0.537298
    outer loop
      vertex 2.59808 -8.72128 4.1
      vertex 2.45746 -4 3.87927
      vertex 2.59808 -4 4.1
    endloop
  endfacet
  facet normal 0.843392 0 -0.537298
    outer loop
      vertex 2.45746 -4 3.87927
      vertex 2.59808 -8.72128 4.1
      vertex 2.45746 -8.72128 3.87927
    endloop
  endfacet
  facet normal 0.675579 0 0.737287
    outer loop
      vertex 1.92836 -4 7.89813
      vertex 2.12132 -8.72128 7.72132
      vertex 2.12132 -4 7.72132
    endloop
  endfacet
  facet normal 0.675579 0 0.737287
    outer loop
      vertex 2.12132 -8.72128 7.72132
      vertex 1.92836 -4 7.89813
      vertex 1.92836 -8.72128 7.89813
    endloop
  endfacet
  facet normal 0.737287 0 -0.675579
    outer loop
      vertex 2.29813 -8.72128 3.67164
      vertex 2.12132 -4 3.47868
      vertex 2.29813 -4 3.67164
    endloop
  endfacet
  facet normal 0.737287 0 -0.675579
    outer loop
      vertex 2.12132 -4 3.47868
      vertex 2.29813 -8.72128 3.67164
      vertex 2.12132 -8.72128 3.47868
    endloop
  endfacet
  facet normal 0.953715 -0 0.300711
    outer loop
      vertex 2.81908 -8.72128 6.62606
      vertex 2.89778 -4 6.37646
      vertex 2.81908 -4 6.62606
    endloop
  endfacet
  facet normal 0.953715 0 0.300711
    outer loop
      vertex 2.89778 -4 6.37646
      vertex 2.81908 -8.72128 6.62606
      vertex 2.89778 -8.72128 6.37646
    endloop
  endfacet
  facet normal 0.382707 0 0.92387
    outer loop
      vertex 1.02606 -4 8.41908
      vertex 1.26785 -8.72128 8.31892
      vertex 1.26785 -4 8.31892
    endloop
  endfacet
  facet normal 0.382707 0 0.92387
    outer loop
      vertex 1.26785 -8.72128 8.31892
      vertex 1.02606 -4 8.41908
      vertex 1.02606 -8.72128 8.41908
    endloop
  endfacet
  facet normal -0.737287 0 -0.675579
    outer loop
      vertex -2.12132 -8.72128 3.47868
      vertex -2.29813 -4 3.67164
      vertex -2.12132 -4 3.47868
    endloop
  endfacet
  facet normal -0.737287 -0 -0.675579
    outer loop
      vertex -2.29813 -4 3.67164
      vertex -2.12132 -8.72128 3.47868
      vertex -2.29813 -8.72128 3.67164
    endloop
  endfacet
  facet normal -0.382707 0 -0.92387
    outer loop
      vertex -1.26785 -8.72128 2.88108
      vertex -1.02606 -4 2.78092
      vertex -1.02606 -8.72128 2.78092
    endloop
  endfacet
  facet normal -0.382707 0 -0.92387
    outer loop
      vertex -1.02606 -4 2.78092
      vertex -1.26785 -8.72128 2.88108
      vertex -1.26785 -4 2.88108
    endloop
  endfacet
  facet normal -0.537298 0 -0.843392
    outer loop
      vertex -1.72073 -8.72128 3.14254
      vertex -1.5 -4 3.00192
      vertex -1.5 -8.72128 3.00192
    endloop
  endfacet
  facet normal -0.537298 0 -0.843392
    outer loop
      vertex -1.5 -4 3.00192
      vertex -1.72073 -8.72128 3.14254
      vertex -1.72073 -4 3.14254
    endloop
  endfacet
  facet normal 0.216418 0 -0.976301
    outer loop
      vertex 0.520944 -8.72128 2.64558
      vertex 0.776457 -4 2.70222
      vertex 0.776457 -8.72128 2.70222
    endloop
  endfacet
  facet normal 0.216418 0 -0.976301
    outer loop
      vertex 0.776457 -4 2.70222
      vertex 0.520944 -8.72128 2.64558
      vertex 0.520944 -4 2.64558
    endloop
  endfacet
  facet normal 0.382707 0 -0.92387
    outer loop
      vertex 1.02606 -8.72128 2.78092
      vertex 1.26785 -4 2.88108
      vertex 1.26785 -8.72128 2.88108
    endloop
  endfacet
  facet normal 0.382707 0 -0.92387
    outer loop
      vertex 1.26785 -4 2.88108
      vertex 1.02606 -8.72128 2.78092
      vertex 1.02606 -4 2.78092
    endloop
  endfacet
  facet normal 0.043635 0 -0.999048
    outer loop
      vertex 0 -8.72128 2.6
      vertex 0.261467 -4 2.61142
      vertex 0.261467 -8.72128 2.61142
    endloop
  endfacet
  facet normal 0.043635 0 -0.999048
    outer loop
      vertex 0.261467 -4 2.61142
      vertex 0 -8.72128 2.6
      vertex 0 -4 2.6
    endloop
  endfacet
  facet normal 0.46172 0 0.887026
    outer loop
      vertex 1.26785 -4 8.31892
      vertex 1.5 -8.72128 8.19808
      vertex 1.5 -4 8.19808
    endloop
  endfacet
  facet normal 0.46172 0 0.887026
    outer loop
      vertex 1.5 -8.72128 8.19808
      vertex 1.26785 -4 8.31892
      vertex 1.26785 -8.72128 8.31892
    endloop
  endfacet
  facet normal 0.537298 0 -0.843392
    outer loop
      vertex 1.5 -8.72128 3.00192
      vertex 1.72073 -4 3.14254
      vertex 1.72073 -8.72128 3.14254
    endloop
  endfacet
  facet normal 0.537298 0 -0.843392
    outer loop
      vertex 1.72073 -4 3.14254
      vertex 1.5 -8.72128 3.00192
      vertex 1.5 -4 3.00192
    endloop
  endfacet
  facet normal 0.46172 0 -0.887026
    outer loop
      vertex 1.26785 -8.72128 2.88108
      vertex 1.5 -4 3.00192
      vertex 1.5 -8.72128 3.00192
    endloop
  endfacet
  facet normal 0.46172 0 -0.887026
    outer loop
      vertex 1.5 -4 3.00192
      vertex 1.26785 -8.72128 2.88108
      vertex 1.26785 -4 2.88108
    endloop
  endfacet
  facet normal 0.043635 0 0.999048
    outer loop
      vertex 0 -4 8.6
      vertex 0.261467 -8.72128 8.58858
      vertex 0.261467 -4 8.58858
    endloop
  endfacet
  facet normal 0.043635 0 0.999048
    outer loop
      vertex 0.261467 -8.72128 8.58858
      vertex 0 -4 8.6
      vertex 0 -8.72128 8.6
    endloop
  endfacet
  facet normal 0.843392 -0 0.537298
    outer loop
      vertex 2.45746 -8.72128 7.32073
      vertex 2.59808 -4 7.1
      vertex 2.45746 -4 7.32073
    endloop
  endfacet
  facet normal 0.843392 0 0.537298
    outer loop
      vertex 2.59808 -4 7.1
      vertex 2.45746 -8.72128 7.32073
      vertex 2.59808 -8.72128 7.1
    endloop
  endfacet
  facet normal 0.999048 -0 0.0436345
    outer loop
      vertex 2.98858 -8.72128 5.86147
      vertex 3 -4 5.6
      vertex 2.98858 -4 5.86147
    endloop
  endfacet
  facet normal 0.999048 0 0.0436345
    outer loop
      vertex 3 -4 5.6
      vertex 2.98858 -8.72128 5.86147
      vertex 3 -8.72128 5.6
    endloop
  endfacet
  facet normal 0.793335 -0 0.608785
    outer loop
      vertex 2.29813 -8.72128 7.52836
      vertex 2.45746 -4 7.32073
      vertex 2.29813 -4 7.52836
    endloop
  endfacet
  facet normal 0.793335 0 0.608785
    outer loop
      vertex 2.45746 -4 7.32073
      vertex 2.29813 -8.72128 7.52836
      vertex 2.45746 -8.72128 7.32073
    endloop
  endfacet
  facet normal 0 -1 0
    outer loop
      vertex 0 -8.72128 7.2
      vertex 0 -8.72128 8.6
      vertex -0.261467 -8.72128 8.58858
    endloop
  endfacet
  facet normal 0 -1 0
    outer loop
      vertex -0.139449 -8.72128 7.19391
      vertex -0.261467 -8.72128 8.58858
      vertex -0.520944 -8.72128 8.55442
    endloop
  endfacet
  facet normal 0 -1 0
    outer loop
      vertex 0 -8.72128 8.6
      vertex 0 -8.72128 7.2
      vertex 0.261467 -8.72128 8.58858
    endloop
  endfacet
  facet normal 0 -1 0
    outer loop
      vertex -0.277837 -8.72128 7.17569
      vertex -0.520944 -8.72128 8.55442
      vertex -0.776457 -8.72128 8.49778
    endloop
  endfacet
  facet normal 0 -1 0
    outer loop
      vertex 0.139449 -8.72128 7.19391
      vertex 0.261467 -8.72128 8.58858
      vertex 0 -8.72128 7.2
    endloop
  endfacet
  facet normal 0 -1 0
    outer loop
      vertex -0.41411 -8.72128 7.14548
      vertex -0.776457 -8.72128 8.49778
      vertex -1.02606 -8.72128 8.41908
    endloop
  endfacet
  facet normal 0 -1 -0
    outer loop
      vertex 0.261467 -8.72128 8.58858
      vertex 0.139449 -8.72128 7.19391
      vertex 0.520944 -8.72128 8.55442
    endloop
  endfacet
  facet normal 0 -1 0
    outer loop
      vertex -0.547232 -8.72128 7.10351
      vertex -1.02606 -8.72128 8.41908
      vertex -1.26785 -8.72128 8.31892
    endloop
  endfacet
  facet normal 0 -1 0
    outer loop
      vertex 0.277837 -8.72128 7.17569
      vertex 0.520944 -8.72128 8.55442
      vertex 0.139449 -8.72128 7.19391
    endloop
  endfacet
  facet normal 0 -1 0
    outer loop
      vertex -0.676188 -8.72128 7.05009
      vertex -1.26785 -8.72128 8.31892
      vertex -1.5 -8.72128 8.19808
    endloop
  endfacet
  facet normal 0 -1 -0
    outer loop
      vertex 0.520944 -8.72128 8.55442
      vertex 0.277837 -8.72128 7.17569
      vertex 0.776457 -8.72128 8.49778
    endloop
  endfacet
  facet normal 0 -1 0
    outer loop
      vertex -0.799999 -8.72128 6.98564
      vertex -1.5 -8.72128 8.19808
      vertex -1.72073 -8.72128 8.05746
    endloop
  endfacet
  facet normal 0 -1 0
    outer loop
      vertex 0.41411 -8.72128 7.14548
      vertex 0.776457 -8.72128 8.49778
      vertex 0.277837 -8.72128 7.17569
    endloop
  endfacet
  facet normal 0 -1 0
    outer loop
      vertex -0.917722 -8.72128 6.91064
      vertex -1.72073 -8.72128 8.05746
      vertex -1.92836 -8.72128 7.89813
    endloop
  endfacet
  facet normal 0 -1 -0
    outer loop
      vertex 0.776457 -8.72128 8.49778
      vertex 0.41411 -8.72128 7.14548
      vertex 1.02606 -8.72128 8.41908
    endloop
  endfacet
  facet normal 0 -1 0
    outer loop
      vertex -1.02846 -8.72128 6.82567
      vertex -1.92836 -8.72128 7.89813
      vertex -2.12132 -8.72128 7.72132
    endloop
  endfacet
  facet normal 0 -1 0
    outer loop
      vertex 0.547232 -8.72128 7.10351
      vertex 1.02606 -8.72128 8.41908
      vertex 0.41411 -8.72128 7.14548
    endloop
  endfacet
  facet normal 0 -1 0
    outer loop
      vertex -1.13137 -8.72128 6.73137
      vertex -2.12132 -8.72128 7.72132
      vertex -2.29813 -8.72128 7.52836
    endloop
  endfacet
  facet normal 0 -1 -0
    outer loop
      vertex 1.02606 -8.72128 8.41908
      vertex 0.547232 -8.72128 7.10351
      vertex 1.26785 -8.72128 8.31892
    endloop
  endfacet
  facet normal 0 -1 0
    outer loop
      vertex -1.22567 -8.72128 6.62846
      vertex -2.29813 -8.72128 7.52836
      vertex -2.45746 -8.72128 7.32073
    endloop
  endfacet
  facet normal 0 -1 0
    outer loop
      vertex 0.676188 -8.72128 7.05009
      vertex 1.26785 -8.72128 8.31892
      vertex 0.547232 -8.72128 7.10351
    endloop
  endfacet
  facet normal 0 -1 -0
    outer loop
      vertex 1.26785 -8.72128 8.31892
      vertex 0.676188 -8.72128 7.05009
      vertex 1.5 -8.72128 8.19808
    endloop
  endfacet
  facet normal 0 -1 0
    outer loop
      vertex -0.261467 -8.72128 8.58858
      vertex -0.139449 -8.72128 7.19391
      vertex 0 -8.72128 7.2
    endloop
  endfacet
  facet normal 0 -1 0
    outer loop
      vertex -0.520944 -8.72128 8.55442
      vertex -0.277837 -8.72128 7.17569
      vertex -0.139449 -8.72128 7.19391
    endloop
  endfacet
  facet normal 0 -1 0
    outer loop
      vertex -0.776457 -8.72128 8.49778
      vertex -0.41411 -8.72128 7.14548
      vertex -0.277837 -8.72128 7.17569
    endloop
  endfacet
  facet normal 0 -1 0
    outer loop
      vertex -1.02606 -8.72128 8.41908
      vertex -0.547232 -8.72128 7.10351
      vertex -0.41411 -8.72128 7.14548
    endloop
  endfacet
  facet normal 0 -1 0
    outer loop
      vertex -1.31064 -8.72128 6.51772
      vertex -2.45746 -8.72128 7.32073
      vertex -2.59808 -8.72128 7.1
    endloop
  endfacet
  facet normal 0 -1 0
    outer loop
      vertex -1.26785 -8.72128 8.31892
      vertex -0.676188 -8.72128 7.05009
      vertex -0.547232 -8.72128 7.10351
    endloop
  endfacet
  facet normal 0 -1 0
    outer loop
      vertex -1.5 -8.72128 8.19808
      vertex -0.799999 -8.72128 6.98564
      vertex -0.676188 -8.72128 7.05009
    endloop
  endfacet
  facet normal 0 -1 0
    outer loop
      vertex -1.72073 -8.72128 8.05746
      vertex -0.917722 -8.72128 6.91064
      vertex -0.799999 -8.72128 6.98564
    endloop
  endfacet
  facet normal 0 -1 0
    outer loop
      vertex -1.38564 -8.72128 6.4
      vertex -2.59808 -8.72128 7.1
      vertex -2.71892 -8.72128 6.86785
    endloop
  endfacet
  facet normal 0 -1 0
    outer loop
      vertex -1.92836 -8.72128 7.89813
      vertex -1.02846 -8.72128 6.82567
      vertex -0.917722 -8.72128 6.91064
    endloop
  endfacet
  facet normal 0 -1 0
    outer loop
      vertex -2.12132 -8.72128 7.72132
      vertex -1.13137 -8.72128 6.73137
      vertex -1.02846 -8.72128 6.82567
    endloop
  endfacet
  facet normal 0 -1 0
    outer loop
      vertex -2.29813 -8.72128 7.52836
      vertex -1.22567 -8.72128 6.62846
      vertex -1.13137 -8.72128 6.73137
    endloop
  endfacet
  facet normal 0 -1 0
    outer loop
      vertex -1.45009 -8.72128 6.27619
      vertex -2.71892 -8.72128 6.86785
      vertex -2.81908 -8.72128 6.62606
    endloop
  endfacet
  facet normal 0 -1 0
    outer loop
      vertex -2.45746 -8.72128 7.32073
      vertex -1.31064 -8.72128 6.51772
      vertex -1.22567 -8.72128 6.62846
    endloop
  endfacet
  facet normal 0 -1 0
    outer loop
      vertex -2.59808 -8.72128 7.1
      vertex -1.38564 -8.72128 6.4
      vertex -1.31064 -8.72128 6.51772
    endloop
  endfacet
  facet normal 0 -1 0
    outer loop
      vertex -1.50351 -8.72128 6.14723
      vertex -2.81908 -8.72128 6.62606
      vertex -2.89778 -8.72128 6.37646
    endloop
  endfacet
  facet normal 0 -1 0
    outer loop
      vertex -2.71892 -8.72128 6.86785
      vertex -1.45009 -8.72128 6.27619
      vertex -1.38564 -8.72128 6.4
    endloop
  endfacet
  facet normal 0 -1 0
    outer loop
      vertex -2.81908 -8.72128 6.62606
      vertex -1.50351 -8.72128 6.14723
      vertex -1.45009 -8.72128 6.27619
    endloop
  endfacet
  facet normal 0 -1 0
    outer loop
      vertex -1.54548 -8.72128 6.01411
      vertex -2.89778 -8.72128 6.37646
      vertex -2.95442 -8.72128 6.12094
    endloop
  endfacet
  facet normal 0 -1 0
    outer loop
      vertex -2.89778 -8.72128 6.37646
      vertex -1.54548 -8.72128 6.01411
      vertex -1.50351 -8.72128 6.14723
    endloop
  endfacet
  facet normal 0 -1 0
    outer loop
      vertex -2.95442 -8.72128 6.12094
      vertex -1.57569 -8.72128 5.87784
      vertex -1.54548 -8.72128 6.01411
    endloop
  endfacet
  facet normal 0 -1 0
    outer loop
      vertex -2.98858 -8.72128 5.86147
      vertex -1.57569 -8.72128 5.87784
      vertex -2.95442 -8.72128 6.12094
    endloop
  endfacet
  facet normal 0 -1 0
    outer loop
      vertex -2.98858 -8.72128 5.86147
      vertex -1.59391 -8.72128 5.73945
      vertex -1.57569 -8.72128 5.87784
    endloop
  endfacet
  facet normal 0 -1 0
    outer loop
      vertex -3 -8.72128 5.6
      vertex -1.59391 -8.72128 5.73945
      vertex -2.98858 -8.72128 5.86147
    endloop
  endfacet
  facet normal 0 -1 0
    outer loop
      vertex -3 -8.72128 5.6
      vertex -1.6 -8.72128 5.6
      vertex -1.59391 -8.72128 5.73945
    endloop
  endfacet
  facet normal 0 -1 0
    outer loop
      vertex -3 -8.72128 5.6
      vertex -1.59391 -8.72128 5.46055
      vertex -1.6 -8.72128 5.6
    endloop
  endfacet
  facet normal 0 -1 0
    outer loop
      vertex -2.98858 -8.72128 5.33853
      vertex -1.59391 -8.72128 5.46055
      vertex -3 -8.72128 5.6
    endloop
  endfacet
  facet normal 0 -1 0
    outer loop
      vertex -1.7 -8.72128 5
      vertex -1.59391 -8.72128 5.46055
      vertex -2.98858 -8.72128 5.33853
    endloop
  endfacet
  facet normal 0 -1 -0
    outer loop
      vertex -1.59391 -8.72128 5.46055
      vertex -1.7 -8.72128 5
      vertex -1.57569 -8.72128 5.32216
    endloop
  endfacet
  facet normal 0 -1 0
    outer loop
      vertex -1.7 -8.72128 5
      vertex -2.98858 -8.72128 5.33853
      vertex -2.95442 -8.72128 5.07906
    endloop
  endfacet
  facet normal 0 -1 -0
    outer loop
      vertex -1.57569 -8.72128 5.32216
      vertex -1.7 -8.72128 5
      vertex -1.54548 -8.72128 5.18589
    endloop
  endfacet
  facet normal 0 -1 -0
    outer loop
      vertex -1.54548 -8.72128 5.18589
      vertex -1.7 -8.72128 5
      vertex -1.50351 -8.72128 5.05277
    endloop
  endfacet
  facet normal 0 -1 0
    outer loop
      vertex -2.89778 -8.72128 4.82354
      vertex -1.7 -8.72128 5
      vertex -2.95442 -8.72128 5.07906
    endloop
  endfacet
  facet normal 0 -1 0
    outer loop
      vertex -2.81908 -8.72128 4.57394
      vertex -1.7 -8.72128 5
      vertex -2.89778 -8.72128 4.82354
    endloop
  endfacet
  facet normal 0 -1 0
    outer loop
      vertex -2.71892 -8.72128 4.33215
      vertex -1.7 -8.72128 5
      vertex -2.81908 -8.72128 4.57394
    endloop
  endfacet
  facet normal 0 -1 0
    outer loop
      vertex -2.59808 -8.72128 4.1
      vertex -1.7 -8.72128 5
      vertex -2.71892 -8.72128 4.33215
    endloop
  endfacet
  facet normal 0 -1 0
    outer loop
      vertex -2.59808 -8.72128 4.1
      vertex -1.7 -8.72128 4
      vertex -1.7 -8.72128 5
    endloop
  endfacet
  facet normal 0 -1 0
    outer loop
      vertex -2.29813 -8.72128 3.67164
      vertex -1.7 -8.72128 4
      vertex -2.45746 -8.72128 3.87927
    endloop
  endfacet
  facet normal 0 -1 0
    outer loop
      vertex -2.45746 -8.72128 3.87927
      vertex -1.7 -8.72128 4
      vertex -2.59808 -8.72128 4.1
    endloop
  endfacet
  facet normal 0 -1 0
    outer loop
      vertex 0.799999 -8.72128 6.98564
      vertex 1.5 -8.72128 8.19808
      vertex 0.676188 -8.72128 7.05009
    endloop
  endfacet
  facet normal 0 -1 -0
    outer loop
      vertex 1.5 -8.72128 8.19808
      vertex 0.799999 -8.72128 6.98564
      vertex 1.72073 -8.72128 8.05746
    endloop
  endfacet
  facet normal 0 -1 0
    outer loop
      vertex 0.917722 -8.72128 6.91064
      vertex 1.72073 -8.72128 8.05746
      vertex 0.799999 -8.72128 6.98564
    endloop
  endfacet
  facet normal 0 -1 -0
    outer loop
      vertex 1.72073 -8.72128 8.05746
      vertex 0.917722 -8.72128 6.91064
      vertex 1.92836 -8.72128 7.89813
    endloop
  endfacet
  facet normal 0 -1 0
    outer loop
      vertex 1.02846 -8.72128 6.82567
      vertex 1.92836 -8.72128 7.89813
      vertex 0.917722 -8.72128 6.91064
    endloop
  endfacet
  facet normal 0 -1 -0
    outer loop
      vertex 1.92836 -8.72128 7.89813
      vertex 1.02846 -8.72128 6.82567
      vertex 2.12132 -8.72128 7.72132
    endloop
  endfacet
  facet normal 0 -1 0
    outer loop
      vertex 1.13137 -8.72128 6.73137
      vertex 2.12132 -8.72128 7.72132
      vertex 1.02846 -8.72128 6.82567
    endloop
  endfacet
  facet normal 0 -1 -0
    outer loop
      vertex 2.12132 -8.72128 7.72132
      vertex 1.13137 -8.72128 6.73137
      vertex 2.29813 -8.72128 7.52836
    endloop
  endfacet
  facet normal 0 -1 0
    outer loop
      vertex 1.22567 -8.72128 6.62846
      vertex 2.29813 -8.72128 7.52836
      vertex 1.13137 -8.72128 6.73137
    endloop
  endfacet
  facet normal 0 -1 -0
    outer loop
      vertex 2.29813 -8.72128 7.52836
      vertex 1.22567 -8.72128 6.62846
      vertex 2.45746 -8.72128 7.32073
    endloop
  endfacet
  facet normal 0 -1 0
    outer loop
      vertex 1.31064 -8.72128 6.51772
      vertex 2.45746 -8.72128 7.32073
      vertex 1.22567 -8.72128 6.62846
    endloop
  endfacet
  facet normal 0 -1 -0
    outer loop
      vertex 2.45746 -8.72128 7.32073
      vertex 1.31064 -8.72128 6.51772
      vertex 2.59808 -8.72128 7.1
    endloop
  endfacet
  facet normal 0 -1 0
    outer loop
      vertex 1.38564 -8.72128 6.4
      vertex 2.59808 -8.72128 7.1
      vertex 1.31064 -8.72128 6.51772
    endloop
  endfacet
  facet normal 0 -1 -0
    outer loop
      vertex 2.59808 -8.72128 7.1
      vertex 1.38564 -8.72128 6.4
      vertex 2.71892 -8.72128 6.86785
    endloop
  endfacet
  facet normal 0 -1 0
    outer loop
      vertex 1.45009 -8.72128 6.27619
      vertex 2.71892 -8.72128 6.86785
      vertex 1.38564 -8.72128 6.4
    endloop
  endfacet
  facet normal 0 -1 -0
    outer loop
      vertex 2.71892 -8.72128 6.86785
      vertex 1.45009 -8.72128 6.27619
      vertex 2.81908 -8.72128 6.62606
    endloop
  endfacet
  facet normal 0 -1 0
    outer loop
      vertex 1.50351 -8.72128 6.14723
      vertex 2.81908 -8.72128 6.62606
      vertex 1.45009 -8.72128 6.27619
    endloop
  endfacet
  facet normal 0 -1 -0
    outer loop
      vertex 2.81908 -8.72128 6.62606
      vertex 1.50351 -8.72128 6.14723
      vertex 2.89778 -8.72128 6.37646
    endloop
  endfacet
  facet normal 0 -1 0
    outer loop
      vertex 1.54548 -8.72128 6.01411
      vertex 2.89778 -8.72128 6.37646
      vertex 1.50351 -8.72128 6.14723
    endloop
  endfacet
  facet normal 0 -1 -0
    outer loop
      vertex 2.89778 -8.72128 6.37646
      vertex 1.54548 -8.72128 6.01411
      vertex 2.95442 -8.72128 6.12094
    endloop
  endfacet
  facet normal 0 -1 0
    outer loop
      vertex 1.57569 -8.72128 5.87784
      vertex 2.95442 -8.72128 6.12094
      vertex 1.54548 -8.72128 6.01411
    endloop
  endfacet
  facet normal 0 -1 0
    outer loop
      vertex 1.57569 -8.72128 5.87784
      vertex 2.98858 -8.72128 5.86147
      vertex 2.95442 -8.72128 6.12094
    endloop
  endfacet
  facet normal 0 -1 0
    outer loop
      vertex 1.59391 -8.72128 5.73945
      vertex 2.98858 -8.72128 5.86147
      vertex 1.57569 -8.72128 5.87784
    endloop
  endfacet
  facet normal 0 -1 0
    outer loop
      vertex 1.6 -8.72128 5.6
      vertex 2.98858 -8.72128 5.86147
      vertex 1.59391 -8.72128 5.73945
    endloop
  endfacet
  facet normal 0 -1 0
    outer loop
      vertex 1.6 -8.72128 5.6
      vertex 3 -8.72128 5.6
      vertex 2.98858 -8.72128 5.86147
    endloop
  endfacet
  facet normal 0 -1 0
    outer loop
      vertex 1.59391 -8.72128 5.46055
      vertex 3 -8.72128 5.6
      vertex 1.6 -8.72128 5.6
    endloop
  endfacet
  facet normal 0 -1 0
    outer loop
      vertex 1.59391 -8.72128 5.46055
      vertex 2.98858 -8.72128 5.33853
      vertex 3 -8.72128 5.6
    endloop
  endfacet
  facet normal 0 -1 0
    outer loop
      vertex 1.7 -8.72128 5
      vertex 1.59391 -8.72128 5.46055
      vertex 1.57569 -8.72128 5.32216
    endloop
  endfacet
  facet normal 0 -1 0
    outer loop
      vertex 1.7 -8.72128 5
      vertex 1.57569 -8.72128 5.32216
      vertex 1.54548 -8.72128 5.18589
    endloop
  endfacet
  facet normal 0 -1 0
    outer loop
      vertex 1.59391 -8.72128 5.46055
      vertex 1.7 -8.72128 5
      vertex 2.98858 -8.72128 5.33853
    endloop
  endfacet
  facet normal 0 -1 0
    outer loop
      vertex 1.7 -8.72128 5
      vertex 1.54548 -8.72128 5.18589
      vertex 1.50351 -8.72128 5.05277
    endloop
  endfacet
  facet normal 0 -1 0
    outer loop
      vertex 1.7 -8.72128 5
      vertex 1.50351 -8.72128 5.05277
      vertex 1.48165 -8.72128 5
    endloop
  endfacet
  facet normal 0 -1 0
    outer loop
      vertex 2.98858 -8.72128 5.33853
      vertex 1.7 -8.72128 5
      vertex 2.95442 -8.72128 5.07906
    endloop
  endfacet
  facet normal 0 -1 0
    outer loop
      vertex 1.7 -8.72128 5
      vertex 2.89778 -8.72128 4.82354
      vertex 2.95442 -8.72128 5.07906
    endloop
  endfacet
  facet normal 0 -1 0
    outer loop
      vertex 1.7 -8.72128 5
      vertex 2.81908 -8.72128 4.57394
      vertex 2.89778 -8.72128 4.82354
    endloop
  endfacet
  facet normal 0 -1 0
    outer loop
      vertex 1.7 -8.72128 5
      vertex 2.71892 -8.72128 4.33215
      vertex 2.81908 -8.72128 4.57394
    endloop
  endfacet
  facet normal 0 -1 0
    outer loop
      vertex 1.7 -8.72128 5
      vertex 2.59808 -8.72128 4.1
      vertex 2.71892 -8.72128 4.33215
    endloop
  endfacet
  facet normal 0 -1 0
    outer loop
      vertex 1.7 -8.72128 4
      vertex 2.59808 -8.72128 4.1
      vertex 1.7 -8.72128 5
    endloop
  endfacet
  facet normal 0 -1 0
    outer loop
      vertex 1.7 -8.72128 4
      vertex 2.45746 -8.72128 3.87927
      vertex 2.59808 -8.72128 4.1
    endloop
  endfacet
  facet normal 0 -1 0
    outer loop
      vertex -2.12132 -8.72128 3.47868
      vertex -1.7 -8.72128 4
      vertex -2.29813 -8.72128 3.67164
    endloop
  endfacet
  facet normal 0 -1 0
    outer loop
      vertex -1.92836 -8.72128 3.30187
      vertex -1.7 -8.72128 4
      vertex -2.12132 -8.72128 3.47868
    endloop
  endfacet
  facet normal 0 -1 0
    outer loop
      vertex 1.7 -8.72128 4
      vertex 2.29813 -8.72128 3.67164
      vertex 2.45746 -8.72128 3.87927
    endloop
  endfacet
  facet normal 0 -1 0
    outer loop
      vertex -1.72073 -8.72128 3.14254
      vertex -1.7 -8.72128 4
      vertex -1.92836 -8.72128 3.30187
    endloop
  endfacet
  facet normal 0 -1 0
    outer loop
      vertex 1.7 -8.72128 4
      vertex 2.12132 -8.72128 3.47868
      vertex 2.29813 -8.72128 3.67164
    endloop
  endfacet
  facet normal 0 -1 0
    outer loop
      vertex -1.5 -8.72128 3.00192
      vertex -1.7 -8.72128 4
      vertex -1.72073 -8.72128 3.14254
    endloop
  endfacet
  facet normal 0 -1 0
    outer loop
      vertex 1.7 -8.72128 4
      vertex 1.92836 -8.72128 3.30187
      vertex 2.12132 -8.72128 3.47868
    endloop
  endfacet
  facet normal 0 -1 0
    outer loop
      vertex -1.26785 -8.72128 2.88108
      vertex -1.7 -8.72128 4
      vertex -1.5 -8.72128 3.00192
    endloop
  endfacet
  facet normal 0 -1 0
    outer loop
      vertex 1.7 -8.72128 4
      vertex 1.72073 -8.72128 3.14254
      vertex 1.92836 -8.72128 3.30187
    endloop
  endfacet
  facet normal 0 -1 0
    outer loop
      vertex -1.02606 -8.72128 2.78092
      vertex -1.7 -8.72128 4
      vertex -1.26785 -8.72128 2.88108
    endloop
  endfacet
  facet normal 0 -1 -0
    outer loop
      vertex 1.7 -8.72128 4
      vertex 1.5 -8.72128 3.00192
      vertex 1.72073 -8.72128 3.14254
    endloop
  endfacet
  facet normal 0 -1 0
    outer loop
      vertex -0.776457 -8.72128 2.70222
      vertex -1.7 -8.72128 4
      vertex -1.02606 -8.72128 2.78092
    endloop
  endfacet
  facet normal 0 -1 0
    outer loop
      vertex 1.7 -8.72128 4
      vertex 1.26785 -8.72128 2.88108
      vertex 1.5 -8.72128 3.00192
    endloop
  endfacet
  facet normal 0 -1 0
    outer loop
      vertex -0.520944 -8.72128 2.64558
      vertex -1.7 -8.72128 4
      vertex -0.776457 -8.72128 2.70222
    endloop
  endfacet
  facet normal 0 -1 0
    outer loop
      vertex 1.7 -8.72128 4
      vertex 1.02606 -8.72128 2.78092
      vertex 1.26785 -8.72128 2.88108
    endloop
  endfacet
  facet normal 0 -1 0
    outer loop
      vertex -0.261467 -8.72128 2.61142
      vertex -1.7 -8.72128 4
      vertex -0.520944 -8.72128 2.64558
    endloop
  endfacet
  facet normal 0 -1 0
    outer loop
      vertex 1.7 -8.72128 4
      vertex 0.776457 -8.72128 2.70222
      vertex 1.02606 -8.72128 2.78092
    endloop
  endfacet
  facet normal 0 -1 0
    outer loop
      vertex 0 -8.72128 2.6
      vertex -1.7 -8.72128 4
      vertex -0.261467 -8.72128 2.61142
    endloop
  endfacet
  facet normal 0 -1 0
    outer loop
      vertex 1.7 -8.72128 4
      vertex 0.520944 -8.72128 2.64558
      vertex 0.776457 -8.72128 2.70222
    endloop
  endfacet
  facet normal 0 -1 0
    outer loop
      vertex -1.7 -8.72128 4
      vertex 0 -8.72128 2.6
      vertex 1.7 -8.72128 4
    endloop
  endfacet
  facet normal 0 -1 0
    outer loop
      vertex 1.7 -8.72128 4
      vertex 0.261467 -8.72128 2.61142
      vertex 0.520944 -8.72128 2.64558
    endloop
  endfacet
  facet normal 0 -1 0
    outer loop
      vertex 1.7 -8.72128 4
      vertex 0 -8.72128 2.6
      vertex 0.261467 -8.72128 2.61142
    endloop
  endfacet
  facet normal 0 -1 -0
    outer loop
      vertex -1.50351 -8.72128 5.05277
      vertex -1.7 -8.72128 5
      vertex -1.48165 -8.72128 5
    endloop
  endfacet
  facet normal -0.300707 0 -0.953716
    outer loop
      vertex -1.02606 -8.72128 2.78092
      vertex -0.776457 -4 2.70222
      vertex -0.776457 -8.72128 2.70222
    endloop
  endfacet
  facet normal -0.300707 0 -0.953716
    outer loop
      vertex -0.776457 -4 2.70222
      vertex -1.02606 -8.72128 2.78092
      vertex -1.02606 -4 2.78092
    endloop
  endfacet
  facet normal -0.843392 0 -0.537298
    outer loop
      vertex -2.45746 -8.72128 3.87927
      vertex -2.59808 -4 4.1
      vertex -2.45746 -4 3.87927
    endloop
  endfacet
  facet normal -0.843392 -0 -0.537298
    outer loop
      vertex -2.59808 -4 4.1
      vertex -2.45746 -8.72128 3.87927
      vertex -2.59808 -8.72128 4.1
    endloop
  endfacet
  facet normal -0.130523 0 0.991445
    outer loop
      vertex -0.520944 -4 8.55442
      vertex -0.261467 -8.72128 8.58858
      vertex -0.261467 -4 8.58858
    endloop
  endfacet
  facet normal -0.130523 0 0.991445
    outer loop
      vertex -0.261467 -8.72128 8.58858
      vertex -0.520944 -4 8.55442
      vertex -0.520944 -8.72128 8.55442
    endloop
  endfacet
  facet normal -0.793335 0 0.608785
    outer loop
      vertex -2.45746 -8.72128 7.32073
      vertex -2.29813 -4 7.52836
      vertex -2.45746 -4 7.32073
    endloop
  endfacet
  facet normal -0.793335 0 0.608785
    outer loop
      vertex -2.29813 -4 7.52836
      vertex -2.45746 -8.72128 7.32073
      vertex -2.29813 -8.72128 7.52836
    endloop
  endfacet
  facet normal 0.92387 0 -0.382707
    outer loop
      vertex 2.81908 -8.72128 4.57394
      vertex 2.71892 -4 4.33215
      vertex 2.81908 -4 4.57394
    endloop
  endfacet
  facet normal 0.92387 0 -0.382707
    outer loop
      vertex 2.71892 -4 4.33215
      vertex 2.81908 -8.72128 4.57394
      vertex 2.71892 -8.72128 4.33215
    endloop
  endfacet
  facet normal 0.887026 0 -0.46172
    outer loop
      vertex 2.71892 -8.72128 4.33215
      vertex 2.59808 -4 4.1
      vertex 2.71892 -4 4.33215
    endloop
  endfacet
  facet normal 0.887026 0 -0.46172
    outer loop
      vertex 2.59808 -4 4.1
      vertex 2.71892 -8.72128 4.33215
      vertex 2.59808 -8.72128 4.1
    endloop
  endfacet
  facet normal -0.843392 0 0.537298
    outer loop
      vertex -2.59808 -8.72128 7.1
      vertex -2.45746 -4 7.32073
      vertex -2.59808 -4 7.1
    endloop
  endfacet
  facet normal -0.843392 0 0.537298
    outer loop
      vertex -2.45746 -4 7.32073
      vertex -2.59808 -8.72128 7.1
      vertex -2.45746 -8.72128 7.32073
    endloop
  endfacet
  facet normal -0.043635 0 -0.999048
    outer loop
      vertex -0.261467 -8.72128 2.61142
      vertex 0 -4 2.6
      vertex 0 -8.72128 2.6
    endloop
  endfacet
  facet normal -0.043635 0 -0.999048
    outer loop
      vertex 0 -4 2.6
      vertex -0.261467 -8.72128 2.61142
      vertex -0.261467 -4 2.61142
    endloop
  endfacet
  facet normal -0.999048 0 0.0436345
    outer loop
      vertex -3 -8.72128 5.6
      vertex -2.98858 -4 5.86147
      vertex -3 -4 5.6
    endloop
  endfacet
  facet normal -0.999048 0 0.0436345
    outer loop
      vertex -2.98858 -4 5.86147
      vertex -3 -8.72128 5.6
      vertex -2.98858 -8.72128 5.86147
    endloop
  endfacet
  facet normal -0.216418 0 0.976301
    outer loop
      vertex -0.776457 -4 8.49778
      vertex -0.520944 -8.72128 8.55442
      vertex -0.520944 -4 8.55442
    endloop
  endfacet
  facet normal -0.216418 0 0.976301
    outer loop
      vertex -0.520944 -8.72128 8.55442
      vertex -0.776457 -4 8.49778
      vertex -0.776457 -8.72128 8.49778
    endloop
  endfacet
  facet normal -0.130523 0 -0.991445
    outer loop
      vertex -0.520944 -8.72128 2.64558
      vertex -0.261467 -4 2.61142
      vertex -0.261467 -8.72128 2.61142
    endloop
  endfacet
  facet normal -0.130523 0 -0.991445
    outer loop
      vertex -0.261467 -4 2.61142
      vertex -0.520944 -8.72128 2.64558
      vertex -0.520944 -4 2.64558
    endloop
  endfacet
  facet normal -0.793335 0 -0.608785
    outer loop
      vertex -2.29813 -8.72128 3.67164
      vertex -2.45746 -4 3.87927
      vertex -2.29813 -4 3.67164
    endloop
  endfacet
  facet normal -0.793335 -0 -0.608785
    outer loop
      vertex -2.45746 -4 3.87927
      vertex -2.29813 -8.72128 3.67164
      vertex -2.45746 -8.72128 3.87927
    endloop
  endfacet
  facet normal -0.675579 0 -0.737287
    outer loop
      vertex -2.12132 -8.72128 3.47868
      vertex -1.92836 -4 3.30187
      vertex -1.92836 -8.72128 3.30187
    endloop
  endfacet
  facet normal -0.675579 0 -0.737287
    outer loop
      vertex -1.92836 -4 3.30187
      vertex -2.12132 -8.72128 3.47868
      vertex -2.12132 -4 3.47868
    endloop
  endfacet
  facet normal -0.608785 0 0.793335
    outer loop
      vertex -1.92836 -4 7.89813
      vertex -1.72073 -8.72128 8.05746
      vertex -1.72073 -4 8.05746
    endloop
  endfacet
  facet normal -0.608785 0 0.793335
    outer loop
      vertex -1.72073 -8.72128 8.05746
      vertex -1.92836 -4 7.89813
      vertex -1.92836 -8.72128 7.89813
    endloop
  endfacet
  facet normal -0.737287 0 0.675579
    outer loop
      vertex -2.29813 -8.72128 7.52836
      vertex -2.12132 -4 7.72132
      vertex -2.29813 -4 7.52836
    endloop
  endfacet
  facet normal -0.737287 0 0.675579
    outer loop
      vertex -2.12132 -4 7.72132
      vertex -2.29813 -8.72128 7.52836
      vertex -2.12132 -8.72128 7.72132
    endloop
  endfacet
  facet normal -0.46172 0 0.887026
    outer loop
      vertex -1.5 -4 8.19808
      vertex -1.26785 -8.72128 8.31892
      vertex -1.26785 -4 8.31892
    endloop
  endfacet
  facet normal -0.46172 0 0.887026
    outer loop
      vertex -1.26785 -8.72128 8.31892
      vertex -1.5 -4 8.19808
      vertex -1.5 -8.72128 8.19808
    endloop
  endfacet
  facet normal -0.608785 0 -0.793335
    outer loop
      vertex -1.92836 -8.72128 3.30187
      vertex -1.72073 -4 3.14254
      vertex -1.72073 -8.72128 3.14254
    endloop
  endfacet
  facet normal -0.608785 0 -0.793335
    outer loop
      vertex -1.72073 -4 3.14254
      vertex -1.92836 -8.72128 3.30187
      vertex -1.92836 -4 3.30187
    endloop
  endfacet
  facet normal -0.976302 0 -0.216413
    outer loop
      vertex -2.89778 -8.72128 4.82354
      vertex -2.95442 -4 5.07906
      vertex -2.89778 -4 4.82354
    endloop
  endfacet
  facet normal -0.976302 -0 -0.216413
    outer loop
      vertex -2.95442 -4 5.07906
      vertex -2.89778 -8.72128 4.82354
      vertex -2.95442 -8.72128 5.07906
    endloop
  endfacet
  facet normal -0.382707 0 0.92387
    outer loop
      vertex -1.26785 -4 8.31892
      vertex -1.02606 -8.72128 8.41908
      vertex -1.02606 -4 8.41908
    endloop
  endfacet
  facet normal -0.382707 0 0.92387
    outer loop
      vertex -1.02606 -8.72128 8.41908
      vertex -1.26785 -4 8.31892
      vertex -1.26785 -8.72128 8.31892
    endloop
  endfacet
  facet normal -0.92387 0 -0.382707
    outer loop
      vertex -2.71892 -8.72128 4.33215
      vertex -2.81908 -4 4.57394
      vertex -2.71892 -4 4.33215
    endloop
  endfacet
  facet normal -0.92387 -0 -0.382707
    outer loop
      vertex -2.81908 -4 4.57394
      vertex -2.71892 -8.72128 4.33215
      vertex -2.81908 -8.72128 4.57394
    endloop
  endfacet
  facet normal 0.300707 0 0.953716
    outer loop
      vertex 0.776457 -4 8.49778
      vertex 1.02606 -8.72128 8.41908
      vertex 1.02606 -4 8.41908
    endloop
  endfacet
  facet normal 0.300707 0 0.953716
    outer loop
      vertex 1.02606 -8.72128 8.41908
      vertex 0.776457 -4 8.49778
      vertex 0.776457 -8.72128 8.49778
    endloop
  endfacet
  facet normal 0.92387 -0 0.382707
    outer loop
      vertex 2.71892 -8.72128 6.86785
      vertex 2.81908 -4 6.62606
      vertex 2.71892 -4 6.86785
    endloop
  endfacet
  facet normal 0.92387 0 0.382707
    outer loop
      vertex 2.81908 -4 6.62606
      vertex 2.71892 -8.72128 6.86785
      vertex 2.81908 -8.72128 6.62606
    endloop
  endfacet
  facet normal 0.887026 -0 0.46172
    outer loop
      vertex 2.59808 -8.72128 7.1
      vertex 2.71892 -4 6.86785
      vertex 2.59808 -4 7.1
    endloop
  endfacet
  facet normal 0.887026 0 0.46172
    outer loop
      vertex 2.71892 -4 6.86785
      vertex 2.59808 -8.72128 7.1
      vertex 2.71892 -8.72128 6.86785
    endloop
  endfacet
  facet normal 0.675579 0 -0.737287
    outer loop
      vertex 1.92836 -8.72128 3.30187
      vertex 2.12132 -4 3.47868
      vertex 2.12132 -8.72128 3.47868
    endloop
  endfacet
  facet normal 0.675579 0 -0.737287
    outer loop
      vertex 2.12132 -4 3.47868
      vertex 1.92836 -8.72128 3.30187
      vertex 1.92836 -4 3.30187
    endloop
  endfacet
  facet normal 0.793335 0 -0.608785
    outer loop
      vertex 2.45746 -8.72128 3.87927
      vertex 2.29813 -4 3.67164
      vertex 2.45746 -4 3.87927
    endloop
  endfacet
  facet normal 0.793335 0 -0.608785
    outer loop
      vertex 2.29813 -4 3.67164
      vertex 2.45746 -8.72128 3.87927
      vertex 2.29813 -8.72128 3.67164
    endloop
  endfacet
  facet normal -0.300707 0 0.953716
    outer loop
      vertex -1.02606 -4 8.41908
      vertex -0.776457 -8.72128 8.49778
      vertex -0.776457 -4 8.49778
    endloop
  endfacet
  facet normal -0.300707 0 0.953716
    outer loop
      vertex -0.776457 -8.72128 8.49778
      vertex -1.02606 -4 8.41908
      vertex -1.02606 -8.72128 8.41908
    endloop
  endfacet
  facet normal 0.537298 0 0.843392
    outer loop
      vertex 1.5 -4 8.19808
      vertex 1.72073 -8.72128 8.05746
      vertex 1.72073 -4 8.05746
    endloop
  endfacet
  facet normal 0.537298 0 0.843392
    outer loop
      vertex 1.72073 -8.72128 8.05746
      vertex 1.5 -4 8.19808
      vertex 1.5 -8.72128 8.19808
    endloop
  endfacet
  facet normal -0.043635 0 0.999048
    outer loop
      vertex -0.261467 -4 8.58858
      vertex 0 -8.72128 8.6
      vertex 0 -4 8.6
    endloop
  endfacet
  facet normal -0.043635 0 0.999048
    outer loop
      vertex 0 -8.72128 8.6
      vertex -0.261467 -4 8.58858
      vertex -0.261467 -8.72128 8.58858
    endloop
  endfacet
  facet normal -0.887026 0 0.46172
    outer loop
      vertex -2.71892 -8.72128 6.86785
      vertex -2.59808 -4 7.1
      vertex -2.71892 -4 6.86785
    endloop
  endfacet
  facet normal -0.887026 0 0.46172
    outer loop
      vertex -2.59808 -4 7.1
      vertex -2.71892 -8.72128 6.86785
      vertex -2.59808 -8.72128 7.1
    endloop
  endfacet
  facet normal -0.92387 0 0.382707
    outer loop
      vertex -2.81908 -8.72128 6.62606
      vertex -2.71892 -4 6.86785
      vertex -2.81908 -4 6.62606
    endloop
  endfacet
  facet normal -0.92387 0 0.382707
    outer loop
      vertex -2.71892 -4 6.86785
      vertex -2.81908 -8.72128 6.62606
      vertex -2.71892 -8.72128 6.86785
    endloop
  endfacet
  facet normal -0.991445 0 -0.130527
    outer loop
      vertex -2.95442 -8.72128 5.07906
      vertex -2.98858 -4 5.33853
      vertex -2.95442 -4 5.07906
    endloop
  endfacet
  facet normal -0.991445 -0 -0.130527
    outer loop
      vertex -2.98858 -4 5.33853
      vertex -2.95442 -8.72128 5.07906
      vertex -2.98858 -8.72128 5.33853
    endloop
  endfacet
  facet normal -0.999048 0 -0.0436345
    outer loop
      vertex -2.98858 -8.72128 5.33853
      vertex -3 -4 5.6
      vertex -2.98858 -4 5.33853
    endloop
  endfacet
  facet normal -0.999048 -0 -0.0436345
    outer loop
      vertex -3 -4 5.6
      vertex -2.98858 -8.72128 5.33853
      vertex -3 -8.72128 5.6
    endloop
  endfacet
  facet normal 0.300707 0 -0.953716
    outer loop
      vertex 0.776457 -8.72128 2.70222
      vertex 1.02606 -4 2.78092
      vertex 1.02606 -8.72128 2.78092
    endloop
  endfacet
  facet normal 0.300707 0 -0.953716
    outer loop
      vertex 1.02606 -4 2.78092
      vertex 0.776457 -8.72128 2.70222
      vertex 0.776457 -4 2.70222
    endloop
  endfacet
  facet normal -0.111966 -6.23521e-06 -0.993712
    outer loop
      vertex 4.47169 -3.9 5.09617
      vertex 4.75804 -2.99492 5.0639
      vertex 6.19595 -3.9 4.90189
    endloop
  endfacet
  facet normal -0.111968 -5.66809e-06 -0.993712
    outer loop
      vertex 4.75804 -2.99492 5.0639
      vertex 4.47169 -3.9 5.09617
      vertex 4.42859 -2.78755 5.10102
    endloop
  endfacet
  facet normal 0.612096 0.778346 -0.1397
    outer loop
      vertex 4.47169 -4 5.09617
      vertex 4.24747 -4 4.11375
      vertex 2.85945 -2.82128 4.59944
    endloop
  endfacet
  facet normal 0.330275 -0 0.943885
    outer loop
      vertex 4.24747 -4 4.11375
      vertex 5.88709 -3.9 3.54003
      vertex 4.24747 -3.9 4.11375
    endloop
  endfacet
  facet normal 0.330276 -8.93189e-06 0.943885
    outer loop
      vertex 5.88709 -3.9 3.54003
      vertex 4.24747 -4 4.11375
      vertex 6.03804 -4 3.48721
    endloop
  endfacet
  facet normal 0.33028 -0 0.943883
    outer loop
      vertex 2.85945 -2.82128 4.59944
      vertex 4.24747 -3.9 4.11375
      vertex 2.85945 -2.72128 4.59944
    endloop
  endfacet
  facet normal 0.33028 0 0.943883
    outer loop
      vertex 4.24747 -3.9 4.11375
      vertex 2.85945 -2.82128 4.59944
      vertex 4.24747 -4 4.11375
    endloop
  endfacet
  facet normal -0.112032 -8.17843e-06 -0.993705
    outer loop
      vertex 4.47169 -3.9 5.09617
      vertex 4.3233 -2.72128 5.11289
      vertex 4.42859 -2.78755 5.10102
    endloop
  endfacet
  facet normal -0.111959 1.07364e-06 -0.993713
    outer loop
      vertex 4.3233 -2.72128 5.11289
      vertex 4.47169 -3.9 5.09617
      vertex 3.01041 -2.72128 5.26081
    endloop
  endfacet
  facet normal -0.111966 -5.32758e-06 -0.993712
    outer loop
      vertex 4.47169 -4 5.09617
      vertex 6.19595 -3.9 4.90189
      vertex 6.35482 -4 4.88399
    endloop
  endfacet
  facet normal -0.111966 0 -0.993712
    outer loop
      vertex 6.19595 -3.9 4.90189
      vertex 4.47169 -4 5.09617
      vertex 4.47169 -3.9 5.09617
    endloop
  endfacet
  facet normal 0.974926 0 -0.22253
    outer loop
      vertex 3.01041 -2.82128 5.26081
      vertex 2.85945 -2.72128 4.59944
      vertex 3.01041 -2.72128 5.26081
    endloop
  endfacet
  facet normal 0.974926 0 -0.22253
    outer loop
      vertex 2.85945 -2.72128 4.59944
      vertex 3.01041 -2.82128 5.26081
      vertex 2.85945 -2.82128 4.59944
    endloop
  endfacet
  facet normal 0.612097 0.778343 -0.139713
    outer loop
      vertex 3.01041 -2.82128 5.26081
      vertex 4.47169 -4 5.09617
      vertex 2.85945 -2.82128 4.59944
    endloop
  endfacet
  facet normal 0.330308 8.02941e-07 0.943873
    outer loop
      vertex 4.10779 -2.72128 4.16263
      vertex 4.24747 -3.9 4.11375
      vertex 4.20649 -2.78666 4.12809
    endloop
  endfacet
  facet normal 0.330277 -3.36027e-06 0.943884
    outer loop
      vertex 4.24747 -3.9 4.11375
      vertex 4.10779 -2.72128 4.16263
      vertex 2.85945 -2.72128 4.59944
    endloop
  endfacet
  facet normal -0.11196 0 -0.993713
    outer loop
      vertex 3.01041 -2.82128 5.26081
      vertex 4.47169 -3.9 5.09617
      vertex 4.47169 -4 5.09617
    endloop
  endfacet
  facet normal -0.11196 0 -0.993713
    outer loop
      vertex 4.47169 -3.9 5.09617
      vertex 3.01041 -2.82128 5.26081
      vertex 3.01041 -2.72128 5.26081
    endloop
  endfacet
  facet normal 0.330275 1.52489e-05 0.943885
    outer loop
      vertex 5.65791 -3.74817 3.62022
      vertex 4.24747 -3.9 4.11375
      vertex 5.88709 -3.9 3.54003
    endloop
  endfacet
  facet normal 0.330277 -5.09026e-07 0.943884
    outer loop
      vertex 4.24747 -3.9 4.11375
      vertex 5.65791 -3.74817 3.62022
      vertex 4.20649 -2.78666 4.12809
    endloop
  endfacet
  facet normal -0.531999 -8.16012e-06 -0.846745
    outer loop
      vertex 3.81026 -3.9 3.20587
      vertex 3.68323 -2.72128 3.28567
      vertex 3.77354 -2.78799 3.22893
    endloop
  endfacet
  facet normal -0.532031 -1.2991e-05 -0.846725
    outer loop
      vertex 3.68323 -2.72128 3.28567
      vertex 3.81026 -3.9 3.20587
      vertex 2.56511 -2.72128 3.98823
    endloop
  endfacet
  facet normal 0.707107 -2.5133e-16 0.707107
    outer loop
      vertex 3.07877 -2.72128 2.52123
      vertex 3.18198 -4 2.41802
      vertex 4.52548 -4 1.07452
    endloop
  endfacet
  facet normal 0.707107 -0 0.707107
    outer loop
      vertex 2.14215 -2.82128 3.45785
      vertex 3.07877 -2.72128 2.52123
      vertex 2.14215 -2.72128 3.45785
    endloop
  endfacet
  facet normal 0.707107 -2.43703e-16 0.707107
    outer loop
      vertex 3.07877 -2.72128 2.52123
      vertex 2.14215 -2.82128 3.45785
      vertex 3.18198 -4 2.41802
    endloop
  endfacet
  facet normal 0.490863 0.778346 -0.391447
    outer loop
      vertex 2.56511 -2.82128 3.98823
      vertex 3.18198 -4 2.41802
      vertex 2.14215 -2.82128 3.45785
    endloop
  endfacet
  facet normal 0.490865 0.778346 -0.391446
    outer loop
      vertex 3.81026 -4 3.20587
      vertex 3.18198 -4 2.41802
      vertex 2.56511 -2.82128 3.98823
    endloop
  endfacet
  facet normal 0.781834 0 -0.623486
    outer loop
      vertex 2.56511 -2.82128 3.98823
      vertex 2.14215 -2.72128 3.45785
      vertex 2.56511 -2.72128 3.98823
    endloop
  endfacet
  facet normal 0.781834 0 -0.623486
    outer loop
      vertex 2.14215 -2.72128 3.45785
      vertex 2.56511 -2.82128 3.98823
      vertex 2.14215 -2.82128 3.45785
    endloop
  endfacet
  facet normal -0.532023 0 -0.84673
    outer loop
      vertex 2.56511 -2.82128 3.98823
      vertex 3.81026 -3.9 3.20587
      vertex 3.81026 -4 3.20587
    endloop
  endfacet
  facet normal -0.532023 0 -0.84673
    outer loop
      vertex 3.81026 -3.9 3.20587
      vertex 2.56511 -2.82128 3.98823
      vertex 2.56511 -2.72128 3.98823
    endloop
  endfacet
  facet normal -0.532041 -1.07516e-05 -0.846718
    outer loop
      vertex 3.81026 -3.9 3.20587
      vertex 4.50635 -3.32942 2.76847
      vertex 5.27863 -3.9 2.28321
    endloop
  endfacet
  facet normal -0.532042 -1.011e-05 -0.846718
    outer loop
      vertex 4.50635 -3.32942 2.76847
      vertex 3.81026 -3.9 3.20587
      vertex 3.77354 -2.78799 3.22893
    endloop
  endfacet
  facet normal -0.532038 -6.25447e-05 -0.84672
    outer loop
      vertex 3.81026 -4 3.20587
      vertex 5.27863 -3.9 2.28321
      vertex 5.41398 -4 2.19817
    endloop
  endfacet
  facet normal -0.532041 0 -0.846718
    outer loop
      vertex 5.27863 -3.9 2.28321
      vertex 3.81026 -4 3.20587
      vertex 3.81026 -3.9 3.20587
    endloop
  endfacet
  facet normal 0.272407 0.778346 -0.565661
    outer loop
      vertex 1.61177 -2.82128 3.03489
      vertex 2.39413 -4 1.78974
      vertex 1.48625 -4 1.35253
    endloop
  endfacet
  facet normal -0.84672 7.053e-05 -0.532038
    outer loop
      vertex 2.39413 -4 1.78974
      vertex 3.33488 -3.92127 0.29258
      vertex 3.40183 -4 0.186021
    endloop
  endfacet
  facet normal -0.846719 2.58025e-05 -0.53204
    outer loop
      vertex 3.33488 -3.92127 0.29258
      vertex 2.39413 -4 1.78974
      vertex 1.61177 -2.82128 3.03489
    endloop
  endfacet
  facet normal 0.943875 -1.11518e-06 0.330302
    outer loop
      vertex 1.47662 -2.89804 1.38005
      vertex 1.47107 -2.82128 1.39591
      vertex 1.4375 -2.82128 1.49184
    endloop
  endfacet
  facet normal 0.943927 3.31483e-05 0.330154
    outer loop
      vertex 1.48583 -2.91613 1.35372
      vertex 1.47107 -2.82128 1.39591
      vertex 1.47662 -2.89804 1.38005
    endloop
  endfacet
  facet normal 0.943876 -3.93714e-05 0.3303
    outer loop
      vertex 1.48583 -2.91613 1.35372
      vertex 1.71428 -3.24552 0.700854
      vertex 1.47107 -2.82128 1.39591
    endloop
  endfacet
  facet normal 0.943881 -8.14173e-06 0.330286
    outer loop
      vertex 1.91845 -3.76517 0.11737
      vertex 1.71428 -3.24552 0.700854
      vertex 1.48583 -2.91613 1.35372
    endloop
  endfacet
  facet normal 0.943885 5.40187e-06 0.330275
    outer loop
      vertex 1.71428 -3.24552 0.700854
      vertex 1.91845 -3.76517 0.11737
      vertex 1.97978 -3.74817 -0.0579038
    endloop
  endfacet
  facet normal 0.943885 -1.67969e-05 0.330273
    outer loop
      vertex 1.97978 -3.74817 -0.0579038
      vertex 1.91845 -3.76517 0.11737
      vertex 2.07235 -3.92344 -0.322468
    endloop
  endfacet
  facet normal 0.943883 0 0.330281
    outer loop
      vertex 1.00056 -2.82128 2.74055
      vertex 1.3331 -2.97903 1.79021
      vertex 1.3331 -2.82128 1.79021
    endloop
  endfacet
  facet normal 0.943882 -2.36135e-05 0.330284
    outer loop
      vertex 1.3331 -2.97903 1.79021
      vertex 1.00056 -2.82128 2.74055
      vertex 1.48579 -3.32026 1.35383
    endloop
  endfacet
  facet normal -0.846724 0 -0.532033
    outer loop
      vertex 3.14882 -3.7025 0.588693
      vertex 1.61177 -2.82128 3.03489
      vertex 1.61177 -2.72128 3.03489
    endloop
  endfacet
  facet normal -0.846723 3.31271e-06 -0.532034
    outer loop
      vertex 1.61177 -2.82128 3.03489
      vertex 3.14882 -3.7025 0.588693
      vertex 3.33488 -3.92127 0.29258
    endloop
  endfacet
  facet normal 0.943884 0 0.330278
    outer loop
      vertex 1.71428 -3.24552 0.700854
      vertex 1.47107 -2.78507 1.39591
      vertex 1.47107 -2.82128 1.39591
    endloop
  endfacet
  facet normal 0.272405 0.778347 -0.565661
    outer loop
      vertex 1.61177 -2.82128 3.03489
      vertex 1.48625 -4 1.35253
      vertex 1.00056 -2.82128 2.74055
    endloop
  endfacet
  facet normal -0.846725 -5.93727e-07 -0.532031
    outer loop
      vertex 2.83153 -3.32942 1.09365
      vertex 1.61177 -2.72128 3.03489
      vertex 2.31433 -2.72128 1.91677
    endloop
  endfacet
  facet normal -0.846727 -1.96671e-05 -0.532027
    outer loop
      vertex 1.61177 -2.72128 3.03489
      vertex 2.83153 -3.32942 1.09365
      vertex 3.14882 -3.7025 0.588693
    endloop
  endfacet
  facet normal 0.943885 7.10669e-06 0.330274
    outer loop
      vertex 1.48625 -4 1.35253
      vertex 1.48579 -3.32026 1.35383
      vertex 1.00056 -2.82128 2.74055
    endloop
  endfacet
  facet normal 0.943885 7.10718e-06 0.330274
    outer loop
      vertex 1.48579 -3.32026 1.35383
      vertex 1.48625 -4 1.35253
      vertex 1.78997 -4 0.484533
    endloop
  endfacet
  facet normal 0.943893 5.05463e-05 0.330251
    outer loop
      vertex 1.95952 -3.84577 0
      vertex 2.07235 -3.92344 -0.322468
      vertex 1.91845 -3.76517 0.11737
    endloop
  endfacet
  facet normal 0.943889 -0 0.330262
    outer loop
      vertex 1.95952 -4 0
      vertex 2.07235 -3.92344 -0.322468
      vertex 1.95952 -3.84577 0
    endloop
  endfacet
  facet normal 0.943887 2.37215e-05 0.330267
    outer loop
      vertex 2.07235 -3.92344 -0.322468
      vertex 1.95952 -4 0
      vertex 2.11279 -4 -0.438038
    endloop
  endfacet
  facet normal 0.943887 5.05607e-06 0.330269
    outer loop
      vertex 1.4375 -2.82128 1.49184
      vertex 1.43737 -2.72128 1.49221
      vertex 1.38655 -2.72128 1.63745
    endloop
  endfacet
  facet normal 0.943875 4.91274e-06 0.330304
    outer loop
      vertex 1.43737 -2.72128 1.49221
      vertex 1.4375 -2.82128 1.49184
      vertex 1.47107 -2.78507 1.39591
    endloop
  endfacet
  facet normal 0.943875 0 0.330302
    outer loop
      vertex 1.47107 -2.78507 1.39591
      vertex 1.4375 -2.82128 1.49184
      vertex 1.47107 -2.82128 1.39591
    endloop
  endfacet
  facet normal 0.943883 -0 0.330281
    outer loop
      vertex 1.00056 -2.82128 2.74055
      vertex 1.3331 -2.72128 1.79021
      vertex 1.00056 -2.72128 2.74055
    endloop
  endfacet
  facet normal 0.943883 0 0.330281
    outer loop
      vertex 1.3331 -2.72128 1.79021
      vertex 1.00056 -2.82128 2.74055
      vertex 1.3331 -2.82128 1.79021
    endloop
  endfacet
  facet normal 0.43388 0 -0.900971
    outer loop
      vertex 1.00056 -2.82128 2.74055
      vertex 1.61177 -2.72128 3.03489
      vertex 1.61177 -2.82128 3.03489
    endloop
  endfacet
  facet normal 0.43388 0 -0.900971
    outer loop
      vertex 1.61177 -2.72128 3.03489
      vertex 1.00056 -2.82128 2.74055
      vertex 1.00056 -2.72128 2.74055
    endloop
  endfacet
  facet normal 0.993712 -2.67877e-06 -0.111964
    outer loop
      vertex -0.339188 -2.72128 2.58959
      vertex -0.499584 -3.15429 1.16604
      vertex -0.430998 -2.72128 1.77475
    endloop
  endfacet
  facet normal 0.993713 -1.94325e-05 -0.111959
    outer loop
      vertex -0.499584 -3.15429 1.16604
      vertex -0.339188 -2.72128 2.58959
      vertex -0.515907 -3.25734 1.02118
    endloop
  endfacet
  facet normal 0.993712 0 -0.111967
    outer loop
      vertex -0.630967 -3.52489 0
      vertex -0.630967 -3.60636 0
      vertex -0.662882 -3.70317 -0.283248
    endloop
  endfacet
  facet normal 0 0.778343 -0.627839
    outer loop
      vertex 0.50383 -4 1.12831
      vertex -0.339188 -2.82128 2.58959
      vertex 0.339188 -2.82128 2.58959
    endloop
  endfacet
  facet normal 0 0.778343 -0.627839
    outer loop
      vertex -0.339188 -2.82128 2.58959
      vertex 0.50383 -4 1.12831
      vertex -0.50383 -4 1.12831
    endloop
  endfacet
  facet normal 0.993712 9.00607e-06 -0.111968
    outer loop
      vertex -0.50383 -4 1.12831
      vertex -0.546394 -3.44982 0.750602
      vertex -0.339188 -2.82128 2.58959
    endloop
  endfacet
  facet normal 0.993712 8.84467e-06 -0.111969
    outer loop
      vertex -0.546394 -3.44982 0.750602
      vertex -0.50383 -4 1.12831
      vertex -0.619698 -3.91262 0.0999994
    endloop
  endfacet
  facet normal 0.993712 9.16087e-06 -0.111969
    outer loop
      vertex -0.619698 -3.91262 0.0999994
      vertex -0.50383 -4 1.12831
      vertex -0.630965 -3.98376 0
    endloop
  endfacet
  facet normal 0.993712 7.16447e-06 -0.111968
    outer loop
      vertex -0.630965 -3.98376 0
      vertex -0.702051 -3.92199 -0.630882
      vertex -0.630967 -3.70636 0
    endloop
  endfacet
  facet normal 0.993712 5.87234e-06 -0.111968
    outer loop
      vertex -0.630965 -3.98376 0
      vertex -0.716015 -4 -0.754816
      vertex -0.702051 -3.92199 -0.630882
    endloop
  endfacet
  facet normal 0.993712 2.49114e-05 -0.111968
    outer loop
      vertex -0.716015 -4 -0.754816
      vertex -0.630965 -3.98376 0
      vertex -0.50383 -4 1.12831
    endloop
  endfacet
  facet normal 0 0 -1
    outer loop
      vertex -0.339188 -2.82128 2.58959
      vertex 0.339188 -2.72128 2.58959
      vertex 0.339188 -2.82128 2.58959
    endloop
  endfacet
  facet normal -0 0 -1
    outer loop
      vertex 0.339188 -2.72128 2.58959
      vertex -0.339188 -2.82128 2.58959
      vertex -0.339188 -2.72128 2.58959
    endloop
  endfacet
  facet normal -0.993712 -2.67877e-06 -0.111964
    outer loop
      vertex 0.499584 -3.15429 1.16604
      vertex 0.339188 -2.72128 2.58959
      vertex 0.430998 -2.72128 1.77475
    endloop
  endfacet
  facet normal -0.993713 -1.94325e-05 -0.111959
    outer loop
      vertex 0.339188 -2.72128 2.58959
      vertex 0.499584 -3.15429 1.16604
      vertex 0.515907 -3.25734 1.02118
    endloop
  endfacet
  facet normal -0.993712 0 -0.111967
    outer loop
      vertex 0.662882 -3.70317 -0.283248
      vertex 0.630967 -3.60636 0
      vertex 0.630967 -3.52489 0
    endloop
  endfacet
  facet normal -0.993712 0 -0.111965
    outer loop
      vertex 0.515907 -3.25734 1.02118
      vertex 0.339188 -2.82128 2.58959
      vertex 0.339188 -2.72128 2.58959
    endloop
  endfacet
  facet normal -0.993712 8.53288e-07 -0.111966
    outer loop
      vertex 0.339188 -2.82128 2.58959
      vertex 0.515907 -3.25734 1.02118
      vertex 0.546394 -3.44982 0.750602
    endloop
  endfacet
  facet normal -0.993712 0 -0.111967
    outer loop
      vertex 0.662882 -3.70317 -0.283248
      vertex 0.630967 -3.70636 0
      vertex 0.630967 -3.60636 0
    endloop
  endfacet
  facet normal -0.993712 3.12179e-06 -0.111967
    outer loop
      vertex 0.630967 -3.70636 0
      vertex 0.662882 -3.70317 -0.283248
      vertex 0.702051 -3.92199 -0.630882
    endloop
  endfacet
  facet normal -0.993712 7.16447e-06 -0.111968
    outer loop
      vertex 0.702051 -3.92199 -0.630882
      vertex 0.630965 -3.98376 0
      vertex 0.630967 -3.70636 0
    endloop
  endfacet
  facet normal -0.993712 5.87234e-06 -0.111968
    outer loop
      vertex 0.630965 -3.98376 0
      vertex 0.702051 -3.92199 -0.630882
      vertex 0.716015 -4 -0.754816
    endloop
  endfacet
  facet normal -0.993712 8.84467e-06 -0.111969
    outer loop
      vertex 0.50383 -4 1.12831
      vertex 0.546394 -3.44982 0.750602
      vertex 0.619698 -3.91262 0.0999994
    endloop
  endfacet
  facet normal -0.993712 9.16087e-06 -0.111969
    outer loop
      vertex 0.50383 -4 1.12831
      vertex 0.619698 -3.91262 0.0999994
      vertex 0.630965 -3.98376 0
    endloop
  endfacet
  facet normal -0.993712 9.00607e-06 -0.111968
    outer loop
      vertex 0.546394 -3.44982 0.750602
      vertex 0.50383 -4 1.12831
      vertex 0.339188 -2.82128 2.58959
    endloop
  endfacet
  facet normal -0.993712 2.49114e-05 -0.111968
    outer loop
      vertex 0.50383 -4 1.12831
      vertex 0.630965 -3.98376 0
      vertex 0.716015 -4 -0.754816
    endloop
  endfacet
  facet normal 0.993712 0 -0.111965
    outer loop
      vertex -0.339188 -2.82128 2.58959
      vertex -0.515907 -3.25734 1.02118
      vertex -0.339188 -2.72128 2.58959
    endloop
  endfacet
  facet normal 0.993712 8.53288e-07 -0.111966
    outer loop
      vertex -0.515907 -3.25734 1.02118
      vertex -0.339188 -2.82128 2.58959
      vertex -0.546394 -3.44982 0.750602
    endloop
  endfacet
  facet normal 0.993712 0 -0.111967
    outer loop
      vertex -0.630967 -3.70636 0
      vertex -0.662882 -3.70317 -0.283248
      vertex -0.630967 -3.60636 0
    endloop
  endfacet
  facet normal 0.993712 3.12179e-06 -0.111967
    outer loop
      vertex -0.662882 -3.70317 -0.283248
      vertex -0.630967 -3.70636 0
      vertex -0.702051 -3.92199 -0.630882
    endloop
  endfacet
  facet normal -0.43388 0 -0.900971
    outer loop
      vertex -1.61177 -2.82128 3.03489
      vertex -1.00056 -2.72128 2.74055
      vertex -1.00056 -2.82128 2.74055
    endloop
  endfacet
  facet normal -0.43388 0 -0.900971
    outer loop
      vertex -1.00056 -2.72128 2.74055
      vertex -1.61177 -2.82128 3.03489
      vertex -1.61177 -2.72128 3.03489
    endloop
  endfacet
  facet normal -0.272407 0.778346 -0.565661
    outer loop
      vertex -1.61177 -2.82128 3.03489
      vertex -1.48625 -4 1.35253
      vertex -2.39413 -4 1.78974
    endloop
  endfacet
  facet normal -0.272405 0.778347 -0.565661
    outer loop
      vertex -1.00056 -2.82128 2.74055
      vertex -1.48625 -4 1.35253
      vertex -1.61177 -2.82128 3.03489
    endloop
  endfacet
  facet normal -0.943885 7.10718e-06 0.330274
    outer loop
      vertex -1.48625 -4 1.35253
      vertex -1.48579 -3.32026 1.35383
      vertex -1.78997 -4 0.484533
    endloop
  endfacet
  facet normal -0.943885 7.10669e-06 0.330274
    outer loop
      vertex -1.48579 -3.32026 1.35383
      vertex -1.48625 -4 1.35253
      vertex -1.00056 -2.82128 2.74055
    endloop
  endfacet
  facet normal -0.943893 5.05463e-05 0.330251
    outer loop
      vertex -2.07235 -3.92344 -0.322468
      vertex -1.95952 -3.84577 0
      vertex -1.91845 -3.76517 0.11737
    endloop
  endfacet
  facet normal -0.943887 2.37215e-05 0.330267
    outer loop
      vertex -1.95952 -4 0
      vertex -2.07235 -3.92344 -0.322468
      vertex -2.11279 -4 -0.438038
    endloop
  endfacet
  facet normal -0.943889 0 0.330262
    outer loop
      vertex -2.07235 -3.92344 -0.322468
      vertex -1.95952 -4 0
      vertex -1.95952 -3.84577 0
    endloop
  endfacet
  facet normal -0.943884 0 0.330278
    outer loop
      vertex -1.47107 -2.82128 1.39591
      vertex -1.47107 -2.78507 1.39591
      vertex -1.71428 -3.24552 0.700854
    endloop
  endfacet
  facet normal 0.846725 -5.93727e-07 -0.532031
    outer loop
      vertex -1.61177 -2.72128 3.03489
      vertex -2.83153 -3.32942 1.09365
      vertex -2.31433 -2.72128 1.91677
    endloop
  endfacet
  facet normal 0.846727 -1.96671e-05 -0.532027
    outer loop
      vertex -2.83153 -3.32942 1.09365
      vertex -1.61177 -2.72128 3.03489
      vertex -3.14882 -3.7025 0.588693
    endloop
  endfacet
  facet normal 0.846724 0 -0.532033
    outer loop
      vertex -1.61177 -2.82128 3.03489
      vertex -3.14882 -3.7025 0.588693
      vertex -1.61177 -2.72128 3.03489
    endloop
  endfacet
  facet normal 0.846723 3.31271e-06 -0.532034
    outer loop
      vertex -3.14882 -3.7025 0.588693
      vertex -1.61177 -2.82128 3.03489
      vertex -3.33488 -3.92127 0.29258
    endloop
  endfacet
  facet normal -0.943875 -1.11518e-06 0.330302
    outer loop
      vertex -1.47107 -2.82128 1.39591
      vertex -1.47662 -2.89804 1.38005
      vertex -1.4375 -2.82128 1.49184
    endloop
  endfacet
  facet normal -0.943927 3.31483e-05 0.330154
    outer loop
      vertex -1.47107 -2.82128 1.39591
      vertex -1.48583 -2.91613 1.35372
      vertex -1.47662 -2.89804 1.38005
    endloop
  endfacet
  facet normal -0.943876 -3.93714e-05 0.3303
    outer loop
      vertex -1.71428 -3.24552 0.700854
      vertex -1.48583 -2.91613 1.35372
      vertex -1.47107 -2.82128 1.39591
    endloop
  endfacet
  facet normal -0.943885 5.40187e-06 0.330275
    outer loop
      vertex -1.91845 -3.76517 0.11737
      vertex -1.71428 -3.24552 0.700854
      vertex -1.97978 -3.74817 -0.0579038
    endloop
  endfacet
  facet normal -0.943881 -8.14173e-06 0.330286
    outer loop
      vertex -1.71428 -3.24552 0.700854
      vertex -1.91845 -3.76517 0.11737
      vertex -1.48583 -2.91613 1.35372
    endloop
  endfacet
  facet normal -0.943885 -1.67969e-05 0.330273
    outer loop
      vertex -1.91845 -3.76517 0.11737
      vertex -1.97978 -3.74817 -0.0579038
      vertex -2.07235 -3.92344 -0.322468
    endloop
  endfacet
  facet normal -0.943883 0 0.330281
    outer loop
      vertex -1.3331 -2.97903 1.79021
      vertex -1.00056 -2.82128 2.74055
      vertex -1.3331 -2.82128 1.79021
    endloop
  endfacet
  facet normal -0.943882 -2.36135e-05 0.330284
    outer loop
      vertex -1.00056 -2.82128 2.74055
      vertex -1.3331 -2.97903 1.79021
      vertex -1.48579 -3.32026 1.35383
    endloop
  endfacet
  facet normal -0.943875 4.91274e-06 0.330304
    outer loop
      vertex -1.4375 -2.82128 1.49184
      vertex -1.43737 -2.72128 1.49221
      vertex -1.47107 -2.78507 1.39591
    endloop
  endfacet
  facet normal -0.943875 0 0.330302
    outer loop
      vertex -1.4375 -2.82128 1.49184
      vertex -1.47107 -2.78507 1.39591
      vertex -1.47107 -2.82128 1.39591
    endloop
  endfacet
  facet normal -0.943887 5.05607e-06 0.330269
    outer loop
      vertex -1.43737 -2.72128 1.49221
      vertex -1.4375 -2.82128 1.49184
      vertex -1.38655 -2.72128 1.63745
    endloop
  endfacet
  facet normal -0.943883 0 0.330281
    outer loop
      vertex -1.3331 -2.82128 1.79021
      vertex -1.00056 -2.72128 2.74055
      vertex -1.3331 -2.72128 1.79021
    endloop
  endfacet
  facet normal -0.943883 0 0.330281
    outer loop
      vertex -1.00056 -2.72128 2.74055
      vertex -1.3331 -2.82128 1.79021
      vertex -1.00056 -2.82128 2.74055
    endloop
  endfacet
  facet normal 0.846719 2.58025e-05 -0.53204
    outer loop
      vertex -2.39413 -4 1.78974
      vertex -3.33488 -3.92127 0.29258
      vertex -1.61177 -2.82128 3.03489
    endloop
  endfacet
  facet normal 0.84672 7.053e-05 -0.532038
    outer loop
      vertex -3.33488 -3.92127 0.29258
      vertex -2.39413 -4 1.78974
      vertex -3.40183 -4 0.186021
    endloop
  endfacet
  facet normal -0.781834 0 -0.623486
    outer loop
      vertex -2.14215 -2.82128 3.45785
      vertex -2.56511 -2.72128 3.98823
      vertex -2.14215 -2.72128 3.45785
    endloop
  endfacet
  facet normal -0.781834 -0 -0.623486
    outer loop
      vertex -2.56511 -2.72128 3.98823
      vertex -2.14215 -2.82128 3.45785
      vertex -2.56511 -2.82128 3.98823
    endloop
  endfacet
  facet normal 0.532023 0 -0.84673
    outer loop
      vertex -3.81026 -3.9 3.20587
      vertex -2.56511 -2.82128 3.98823
      vertex -3.81026 -4 3.20587
    endloop
  endfacet
  facet normal 0.532023 0 -0.84673
    outer loop
      vertex -2.56511 -2.82128 3.98823
      vertex -3.81026 -3.9 3.20587
      vertex -2.56511 -2.72128 3.98823
    endloop
  endfacet
  facet normal -0.490863 0.778346 -0.391447
    outer loop
      vertex -2.56511 -2.82128 3.98823
      vertex -2.14215 -2.82128 3.45785
      vertex -3.18198 -4 2.41802
    endloop
  endfacet
  facet normal 0.532031 -1.2991e-05 -0.846725
    outer loop
      vertex -3.81026 -3.9 3.20587
      vertex -3.68323 -2.72128 3.28567
      vertex -2.56511 -2.72128 3.98823
    endloop
  endfacet
  facet normal 0.531999 -8.16012e-06 -0.846745
    outer loop
      vertex -3.68323 -2.72128 3.28567
      vertex -3.81026 -3.9 3.20587
      vertex -3.77354 -2.78799 3.22893
    endloop
  endfacet
  facet normal -0.490865 0.778346 -0.391446
    outer loop
      vertex -2.56511 -2.82128 3.98823
      vertex -3.18198 -4 2.41802
      vertex -3.81026 -4 3.20587
    endloop
  endfacet
  facet normal 0.532042 -1.011e-05 -0.846718
    outer loop
      vertex -3.81026 -3.9 3.20587
      vertex -4.50635 -3.32942 2.76847
      vertex -3.77354 -2.78799 3.22893
    endloop
  endfacet
  facet normal 0.532041 -1.07516e-05 -0.846718
    outer loop
      vertex -4.50635 -3.32942 2.76847
      vertex -3.81026 -3.9 3.20587
      vertex -5.27863 -3.9 2.28321
    endloop
  endfacet
  facet normal -0.707107 0 0.707107
    outer loop
      vertex -3.07877 -2.72128 2.52123
      vertex -2.14215 -2.82128 3.45785
      vertex -2.14215 -2.72128 3.45785
    endloop
  endfacet
  facet normal -0.707107 -2.5133e-16 0.707107
    outer loop
      vertex -3.18198 -4 2.41802
      vertex -3.07877 -2.72128 2.52123
      vertex -4.52548 -4 1.07452
    endloop
  endfacet
  facet normal -0.707107 -2.43703e-16 0.707107
    outer loop
      vertex -3.07877 -2.72128 2.52123
      vertex -3.18198 -4 2.41802
      vertex -2.14215 -2.82128 3.45785
    endloop
  endfacet
  facet normal 0.532041 0 -0.846718
    outer loop
      vertex -3.81026 -4 3.20587
      vertex -5.27863 -3.9 2.28321
      vertex -3.81026 -3.9 3.20587
    endloop
  endfacet
  facet normal 0.532038 -6.25447e-05 -0.84672
    outer loop
      vertex -5.27863 -3.9 2.28321
      vertex -3.81026 -4 3.20587
      vertex -5.41398 -4 2.19817
    endloop
  endfacet
  facet normal 0.11196 0 -0.993713
    outer loop
      vertex -4.47169 -3.9 5.09617
      vertex -3.01041 -2.82128 5.26081
      vertex -4.47169 -4 5.09617
    endloop
  endfacet
  facet normal 0.11196 0 -0.993713
    outer loop
      vertex -3.01041 -2.82128 5.26081
      vertex -4.47169 -3.9 5.09617
      vertex -3.01041 -2.72128 5.26081
    endloop
  endfacet
  facet normal -0.612096 0.778346 -0.1397
    outer loop
      vertex -2.85945 -2.82128 4.59944
      vertex -4.24747 -4 4.11375
      vertex -4.47169 -4 5.09617
    endloop
  endfacet
  facet normal 0.111959 1.07364e-06 -0.993713
    outer loop
      vertex -4.47169 -3.9 5.09617
      vertex -4.3233 -2.72128 5.11289
      vertex -3.01041 -2.72128 5.26081
    endloop
  endfacet
  facet normal 0.112032 -8.17843e-06 -0.993705
    outer loop
      vertex -4.3233 -2.72128 5.11289
      vertex -4.47169 -3.9 5.09617
      vertex -4.42859 -2.78755 5.10102
    endloop
  endfacet
  facet normal 0.111968 -5.66809e-06 -0.993712
    outer loop
      vertex -4.47169 -3.9 5.09617
      vertex -4.75804 -2.99492 5.0639
      vertex -4.42859 -2.78755 5.10102
    endloop
  endfacet
  facet normal 0.111966 -6.23521e-06 -0.993712
    outer loop
      vertex -4.75804 -2.99492 5.0639
      vertex -4.47169 -3.9 5.09617
      vertex -6.19595 -3.9 4.90189
    endloop
  endfacet
  facet normal -0.330277 -5.09026e-07 0.943884
    outer loop
      vertex -5.65791 -3.74817 3.62022
      vertex -4.24747 -3.9 4.11375
      vertex -4.20649 -2.78666 4.12809
    endloop
  endfacet
  facet normal -0.330275 1.52489e-05 0.943885
    outer loop
      vertex -4.24747 -3.9 4.11375
      vertex -5.65791 -3.74817 3.62022
      vertex -5.88709 -3.9 3.54003
    endloop
  endfacet
  facet normal -0.612097 0.778343 -0.139713
    outer loop
      vertex -3.01041 -2.82128 5.26081
      vertex -2.85945 -2.82128 4.59944
      vertex -4.47169 -4 5.09617
    endloop
  endfacet
  facet normal 0.111966 0 -0.993712
    outer loop
      vertex -4.47169 -4 5.09617
      vertex -6.19595 -3.9 4.90189
      vertex -4.47169 -3.9 5.09617
    endloop
  endfacet
  facet normal 0.111966 -5.32758e-06 -0.993712
    outer loop
      vertex -6.19595 -3.9 4.90189
      vertex -4.47169 -4 5.09617
      vertex -6.35482 -4 4.88399
    endloop
  endfacet
  facet normal -0.330275 0 0.943885
    outer loop
      vertex -5.88709 -3.9 3.54003
      vertex -4.24747 -4 4.11375
      vertex -4.24747 -3.9 4.11375
    endloop
  endfacet
  facet normal -0.330276 -8.93189e-06 0.943885
    outer loop
      vertex -4.24747 -4 4.11375
      vertex -5.88709 -3.9 3.54003
      vertex -6.03804 -4 3.48721
    endloop
  endfacet
  facet normal -0.974926 0 -0.22253
    outer loop
      vertex -2.85945 -2.82128 4.59944
      vertex -3.01041 -2.72128 5.26081
      vertex -2.85945 -2.72128 4.59944
    endloop
  endfacet
  facet normal -0.974926 -0 -0.22253
    outer loop
      vertex -3.01041 -2.72128 5.26081
      vertex -2.85945 -2.82128 4.59944
      vertex -3.01041 -2.82128 5.26081
    endloop
  endfacet
  facet normal -0.330308 8.02941e-07 0.943873
    outer loop
      vertex -4.24747 -3.9 4.11375
      vertex -4.10779 -2.72128 4.16263
      vertex -4.20649 -2.78666 4.12809
    endloop
  endfacet
  facet normal -0.330277 -3.36027e-06 0.943884
    outer loop
      vertex -4.10779 -2.72128 4.16263
      vertex -4.24747 -3.9 4.11375
      vertex -2.85945 -2.72128 4.59944
    endloop
  endfacet
  facet normal -0.33028 0 0.943883
    outer loop
      vertex -4.24747 -3.9 4.11375
      vertex -2.85945 -2.82128 4.59944
      vertex -2.85945 -2.72128 4.59944
    endloop
  endfacet
  facet normal -0.33028 0 0.943883
    outer loop
      vertex -2.85945 -2.82128 4.59944
      vertex -4.24747 -3.9 4.11375
      vertex -4.24747 -4 4.11375
    endloop
  endfacet
  facet normal 0.11196 0 0.993713
    outer loop
      vertex -4.47169 -3.9 6.10383
      vertex -3.01041 -2.82128 5.93919
      vertex -3.01041 -2.72128 5.93919
    endloop
  endfacet
  facet normal 0.11196 0 0.993713
    outer loop
      vertex -3.01041 -2.82128 5.93919
      vertex -4.47169 -3.9 6.10383
      vertex -4.47169 -4 6.10383
    endloop
  endfacet
  facet normal -0.330277 -3.36027e-06 -0.943884
    outer loop
      vertex -4.24747 -3.9 7.08625
      vertex -4.10779 -2.72128 7.03737
      vertex -2.85945 -2.72128 6.60056
    endloop
  endfacet
  facet normal -0.330308 8.02941e-07 -0.943873
    outer loop
      vertex -4.10779 -2.72128 7.03737
      vertex -4.24747 -3.9 7.08625
      vertex -4.20649 -2.78666 7.07191
    endloop
  endfacet
  facet normal -0.612096 0.778346 0.1397
    outer loop
      vertex -4.24747 -4 7.08625
      vertex -2.85945 -2.82128 6.60056
      vertex -4.47169 -4 6.10383
    endloop
  endfacet
  facet normal -0.974926 0 0.22253
    outer loop
      vertex -3.01041 -2.82128 5.93919
      vertex -2.85945 -2.72128 6.60056
      vertex -3.01041 -2.72128 5.93919
    endloop
  endfacet
  facet normal -0.974926 0 0.22253
    outer loop
      vertex -2.85945 -2.72128 6.60056
      vertex -3.01041 -2.82128 5.93919
      vertex -2.85945 -2.82128 6.60056
    endloop
  endfacet
  facet normal -0.330277 -5.09026e-07 -0.943884
    outer loop
      vertex -4.24747 -3.9 7.08625
      vertex -5.65791 -3.74817 7.57978
      vertex -4.20649 -2.78666 7.07191
    endloop
  endfacet
  facet normal -0.330275 1.52489e-05 -0.943885
    outer loop
      vertex -5.65791 -3.74817 7.57978
      vertex -4.24747 -3.9 7.08625
      vertex -5.88709 -3.9 7.65997
    endloop
  endfacet
  facet normal -0.330275 0 -0.943885
    outer loop
      vertex -4.24747 -4 7.08625
      vertex -5.88709 -3.9 7.65997
      vertex -4.24747 -3.9 7.08625
    endloop
  endfacet
  facet normal -0.330276 -8.93189e-06 -0.943885
    outer loop
      vertex -5.88709 -3.9 7.65997
      vertex -4.24747 -4 7.08625
      vertex -6.03804 -4 7.71279
    endloop
  endfacet
  facet normal -0.33028 -0 -0.943883
    outer loop
      vertex -4.24747 -3.9 7.08625
      vertex -2.85945 -2.82128 6.60056
      vertex -4.24747 -4 7.08625
    endloop
  endfacet
  facet normal -0.33028 0 -0.943883
    outer loop
      vertex -2.85945 -2.82128 6.60056
      vertex -4.24747 -3.9 7.08625
      vertex -2.85945 -2.72128 6.60056
    endloop
  endfacet
  facet normal -0.612097 0.778343 0.139713
    outer loop
      vertex -2.85945 -2.82128 6.60056
      vertex -3.01041 -2.82128 5.93919
      vertex -4.47169 -4 6.10383
    endloop
  endfacet
  facet normal 0.111966 0 0.993712
    outer loop
      vertex -6.19595 -3.9 6.29811
      vertex -4.47169 -4 6.10383
      vertex -4.47169 -3.9 6.10383
    endloop
  endfacet
  facet normal 0.111971 8.56601e-05 0.993711
    outer loop
      vertex -4.47169 -4 6.10383
      vertex -6.19595 -3.9 6.29811
      vertex -6.35482 -4 6.31602
    endloop
  endfacet
  facet normal 0.111968 -5.66809e-06 0.993712
    outer loop
      vertex -4.75804 -2.99492 6.1361
      vertex -4.47169 -3.9 6.10383
      vertex -4.42859 -2.78755 6.09898
    endloop
  endfacet
  facet normal 0.111966 -6.23521e-06 0.993712
    outer loop
      vertex -4.47169 -3.9 6.10383
      vertex -4.75804 -2.99492 6.1361
      vertex -6.19595 -3.9 6.29811
    endloop
  endfacet
  facet normal 0.112032 -8.17843e-06 0.993705
    outer loop
      vertex -4.47169 -3.9 6.10383
      vertex -4.3233 -2.72128 6.08711
      vertex -4.42859 -2.78755 6.09898
    endloop
  endfacet
  facet normal 0.111959 1.07364e-06 0.993713
    outer loop
      vertex -4.3233 -2.72128 6.08711
      vertex -4.47169 -3.9 6.10383
      vertex -3.01041 -2.72128 5.93919
    endloop
  endfacet
  facet normal -0.490865 0.778346 0.391446
    outer loop
      vertex -3.18198 -4 8.78198
      vertex -2.56511 -2.82128 7.21177
      vertex -3.81026 -4 7.99413
    endloop
  endfacet
  facet normal -0.707107 0 -0.707107
    outer loop
      vertex -2.14215 -2.82128 7.74215
      vertex -3.07877 -2.72128 8.67877
      vertex -2.14215 -2.72128 7.74215
    endloop
  endfacet
  facet normal -0.707107 -4.63036e-16 -0.707107
    outer loop
      vertex -3.18198 -4 8.78198
      vertex -3.07877 -2.72128 8.67877
      vertex -2.14215 -2.82128 7.74215
    endloop
  endfacet
  facet normal -0.707112 8.49612e-07 -0.707102
    outer loop
      vertex -3.07877 -2.72128 8.67877
      vertex -3.18198 -4 8.78198
      vertex -4.52548 -4 10.1255
    endloop
  endfacet
  facet normal -0.781834 0 0.623486
    outer loop
      vertex -2.56511 -2.82128 7.21177
      vertex -2.14215 -2.72128 7.74215
      vertex -2.56511 -2.72128 7.21177
    endloop
  endfacet
  facet normal -0.781834 0 0.623486
    outer loop
      vertex -2.14215 -2.72128 7.74215
      vertex -2.56511 -2.82128 7.21177
      vertex -2.14215 -2.82128 7.74215
    endloop
  endfacet
  facet normal 0.532041 0 0.846718
    outer loop
      vertex -5.27863 -3.9 8.91679
      vertex -3.81026 -4 7.99413
      vertex -3.81026 -3.9 7.99413
    endloop
  endfacet
  facet normal 0.532038 -6.25447e-05 0.84672
    outer loop
      vertex -3.81026 -4 7.99413
      vertex -5.27863 -3.9 8.91679
      vertex -5.41398 -4 9.00183
    endloop
  endfacet
  facet normal -0.490863 0.778346 0.391447
    outer loop
      vertex -2.14215 -2.82128 7.74215
      vertex -2.56511 -2.82128 7.21177
      vertex -3.18198 -4 8.78198
    endloop
  endfacet
  facet normal 0.532042 -1.011e-05 0.846718
    outer loop
      vertex -4.50635 -3.32942 8.43153
      vertex -3.81026 -3.9 7.99413
      vertex -3.77354 -2.78799 7.97107
    endloop
  endfacet
  facet normal 0.532041 -1.07516e-05 0.846718
    outer loop
      vertex -3.81026 -3.9 7.99413
      vertex -4.50635 -3.32942 8.43153
      vertex -5.27863 -3.9 8.91679
    endloop
  endfacet
  facet normal 0.531999 -8.16012e-06 0.846745
    outer loop
      vertex -3.81026 -3.9 7.99413
      vertex -3.68323 -2.72128 7.91433
      vertex -3.77354 -2.78799 7.97107
    endloop
  endfacet
  facet normal 0.532031 -1.2991e-05 0.846725
    outer loop
      vertex -3.68323 -2.72128 7.91433
      vertex -3.81026 -3.9 7.99413
      vertex -2.56511 -2.72128 7.21177
    endloop
  endfacet
  facet normal 0.532023 0 0.84673
    outer loop
      vertex -3.81026 -3.9 7.99413
      vertex -2.56511 -2.82128 7.21177
      vertex -2.56511 -2.72128 7.21177
    endloop
  endfacet
  facet normal 0.532023 0 0.84673
    outer loop
      vertex -2.56511 -2.82128 7.21177
      vertex -3.81026 -3.9 7.99413
      vertex -3.81026 -4 7.99413
    endloop
  endfacet
  facet normal 0.846723 0.000338166 0.532033
    outer loop
      vertex -2.39413 -4 9.41026
      vertex -3.33488 -3.92127 10.9074
      vertex -3.40183 -4 11.014
    endloop
  endfacet
  facet normal 0.846716 3.29152e-05 0.532045
    outer loop
      vertex -3.33488 -3.92127 10.9074
      vertex -2.39413 -4 9.41026
      vertex -1.61177 -2.82128 8.16511
    endloop
  endfacet
  facet normal 0.846723 0 0.532034
    outer loop
      vertex -3.14882 -3.7025 10.6113
      vertex -1.61177 -2.82128 8.16511
      vertex -1.61177 -2.72128 8.16511
    endloop
  endfacet
  facet normal 0.846732 -5.4364e-05 0.53202
    outer loop
      vertex -1.61177 -2.82128 8.16511
      vertex -3.14882 -3.7025 10.6113
      vertex -3.33488 -3.92127 10.9074
    endloop
  endfacet
  facet normal -0.943883 3.43158e-05 -0.330279
    outer loop
      vertex -1.00056 -2.82128 8.45945
      vertex -1.71428 -3.24552 10.4991
      vertex -1.47107 -2.82128 9.80409
    endloop
  endfacet
  facet normal -0.943877 -5.85947e-05 -0.330296
    outer loop
      vertex -1.00056 -2.82128 8.45945
      vertex -1.97978 -3.74817 11.2579
      vertex -1.71428 -3.24552 10.4991
    endloop
  endfacet
  facet normal -0.943864 -0.000188964 -0.330335
    outer loop
      vertex -1.97978 -3.74817 11.2579
      vertex -1.00056 -2.82128 8.45945
      vertex -2.07235 -3.92344 11.5225
    endloop
  endfacet
  facet normal -0.272405 0.778347 0.565661
    outer loop
      vertex -1.48625 -4 9.84747
      vertex -1.00056 -2.82128 8.45945
      vertex -1.61177 -2.82128 8.16511
    endloop
  endfacet
  facet normal -0.943886 1.21572e-05 -0.33027
    outer loop
      vertex -1.48625 -4 9.84747
      vertex -2.07235 -3.92344 11.5225
      vertex -1.00056 -2.82128 8.45945
    endloop
  endfacet
  facet normal -0.943882 0.000300642 -0.330282
    outer loop
      vertex -2.07235 -3.92344 11.5225
      vertex -1.48625 -4 9.84747
      vertex -2.11279 -4 11.638
    endloop
  endfacet
  facet normal -0.943877 -0 -0.330298
    outer loop
      vertex -1.47107 -2.78507 9.80409
      vertex -1.47107 -2.82128 9.80409
      vertex -1.71428 -3.24552 10.4991
    endloop
  endfacet
  facet normal -0.943884 0 -0.330277
    outer loop
      vertex -1.00056 -2.82128 8.45945
      vertex -1.43737 -2.72128 9.70779
      vertex -1.00056 -2.72128 8.45945
    endloop
  endfacet
  facet normal -0.943883 2.98684e-05 -0.330279
    outer loop
      vertex -1.47107 -2.82128 9.80409
      vertex -1.43737 -2.72128 9.70779
      vertex -1.00056 -2.82128 8.45945
    endloop
  endfacet
  facet normal -0.943874 0 -0.330307
    outer loop
      vertex -1.43737 -2.72128 9.70779
      vertex -1.47107 -2.82128 9.80409
      vertex -1.47107 -2.78507 9.80409
    endloop
  endfacet
  facet normal 0.846725 -4.43362e-05 0.532031
    outer loop
      vertex -2.83153 -3.32942 10.1063
      vertex -1.61177 -2.72128 8.16511
      vertex -2.31433 -2.72128 9.28323
    endloop
  endfacet
  facet normal 0.846702 0.000119005 0.532068
    outer loop
      vertex -1.61177 -2.72128 8.16511
      vertex -2.83153 -3.32942 10.1063
      vertex -3.14882 -3.7025 10.6113
    endloop
  endfacet
  facet normal -0.272407 0.778346 0.565661
    outer loop
      vertex -1.48625 -4 9.84747
      vertex -1.61177 -2.82128 8.16511
      vertex -2.39413 -4 9.41026
    endloop
  endfacet
  facet normal -0.43388 0 0.900971
    outer loop
      vertex -1.61177 -2.72128 8.16511
      vertex -1.00056 -2.82128 8.45945
      vertex -1.00056 -2.72128 8.45945
    endloop
  endfacet
  facet normal -0.43388 0 0.900971
    outer loop
      vertex -1.00056 -2.82128 8.45945
      vertex -1.61177 -2.72128 8.16511
      vertex -1.61177 -2.82128 8.16511
    endloop
  endfacet
  facet normal 0.993712 -2.3468e-05 0.111964
    outer loop
      vertex -0.536099 -2.99492 10.358
      vertex -0.339188 -2.72128 8.61041
      vertex -0.487114 -2.72128 9.9233
    endloop
  endfacet
  facet normal 0.993712 -4.76395e-07 0.111967
    outer loop
      vertex -0.339188 -2.72128 8.61041
      vertex -0.536099 -2.99492 10.358
      vertex -0.662882 -3.70317 11.4832
    endloop
  endfacet
  facet normal -0.993712 -2.3468e-05 0.111964
    outer loop
      vertex 0.339188 -2.72128 8.61041
      vertex 0.536099 -2.99492 10.358
      vertex 0.487114 -2.72128 9.9233
    endloop
  endfacet
  facet normal -0.993712 -4.76395e-07 0.111967
    outer loop
      vertex 0.536099 -2.99492 10.358
      vertex 0.339188 -2.72128 8.61041
      vertex 0.662882 -3.70317 11.4832
    endloop
  endfacet
  facet normal 0.993712 -3.9822e-05 0.11197
    outer loop
      vertex -0.50383 -4 10.0717
      vertex -0.702051 -3.92199 11.8309
      vertex -0.716015 -4 11.9548
    endloop
  endfacet
  facet normal 0.993712 9.15704e-06 0.111968
    outer loop
      vertex -0.702051 -3.92199 11.8309
      vertex -0.50383 -4 10.0717
      vertex -0.339188 -2.82128 8.61041
    endloop
  endfacet
  facet normal -0.993712 0 0.111967
    outer loop
      vertex 0.339188 -2.82128 8.61041
      vertex 0.662882 -3.70317 11.4832
      vertex 0.339188 -2.72128 8.61041
    endloop
  endfacet
  facet normal -0.993709 7.43522e-05 0.11199
    outer loop
      vertex 0.662882 -3.70317 11.4832
      vertex 0.339188 -2.82128 8.61041
      vertex 0.702051 -3.92199 11.8309
    endloop
  endfacet
  facet normal 0.993712 0 0.111967
    outer loop
      vertex -0.662882 -3.70317 11.4832
      vertex -0.339188 -2.82128 8.61041
      vertex -0.339188 -2.72128 8.61041
    endloop
  endfacet
  facet normal 0.993709 7.43522e-05 0.11199
    outer loop
      vertex -0.339188 -2.82128 8.61041
      vertex -0.662882 -3.70317 11.4832
      vertex -0.702051 -3.92199 11.8309
    endloop
  endfacet
  facet normal 0 0.778345 0.627836
    outer loop
      vertex 0.339188 -2.82128 8.61041
      vertex -0.50383 -4 10.0717
      vertex 0.50383 -4 10.0717
    endloop
  endfacet
  facet normal 0 0.778345 0.627836
    outer loop
      vertex -0.50383 -4 10.0717
      vertex 0.339188 -2.82128 8.61041
      vertex -0.339188 -2.82128 8.61041
    endloop
  endfacet
  facet normal -0.993712 9.15704e-06 0.111968
    outer loop
      vertex 0.50383 -4 10.0717
      vertex 0.702051 -3.92199 11.8309
      vertex 0.339188 -2.82128 8.61041
    endloop
  endfacet
  facet normal -0.993712 -3.9822e-05 0.11197
    outer loop
      vertex 0.702051 -3.92199 11.8309
      vertex 0.50383 -4 10.0717
      vertex 0.716015 -4 11.9548
    endloop
  endfacet
  facet normal -0 0 1
    outer loop
      vertex -0.339188 -2.72128 8.61041
      vertex 0.339188 -2.82128 8.61041
      vertex 0.339188 -2.72128 8.61041
    endloop
  endfacet
  facet normal 0 0 1
    outer loop
      vertex 0.339188 -2.82128 8.61041
      vertex -0.339188 -2.72128 8.61041
      vertex -0.339188 -2.82128 8.61041
    endloop
  endfacet
  facet normal 0.943882 0.000300642 -0.330282
    outer loop
      vertex 1.48625 -4 9.84747
      vertex 2.07235 -3.92344 11.5225
      vertex 2.11279 -4 11.638
    endloop
  endfacet
  facet normal 0.943886 1.21572e-05 -0.33027
    outer loop
      vertex 2.07235 -3.92344 11.5225
      vertex 1.48625 -4 9.84747
      vertex 1.00056 -2.82128 8.45945
    endloop
  endfacet
  facet normal 0.943877 0 -0.330298
    outer loop
      vertex 1.47107 -2.78507 9.80409
      vertex 1.71428 -3.24552 10.4991
      vertex 1.47107 -2.82128 9.80409
    endloop
  endfacet
  facet normal 0.272405 0.778347 0.565661
    outer loop
      vertex 1.48625 -4 9.84747
      vertex 1.61177 -2.82128 8.16511
      vertex 1.00056 -2.82128 8.45945
    endloop
  endfacet
  facet normal -0.846723 0 0.532034
    outer loop
      vertex 1.61177 -2.82128 8.16511
      vertex 3.14882 -3.7025 10.6113
      vertex 1.61177 -2.72128 8.16511
    endloop
  endfacet
  facet normal -0.846732 -5.4364e-05 0.53202
    outer loop
      vertex 3.14882 -3.7025 10.6113
      vertex 1.61177 -2.82128 8.16511
      vertex 3.33488 -3.92127 10.9074
    endloop
  endfacet
  facet normal 0.943883 3.43158e-05 -0.330279
    outer loop
      vertex 1.71428 -3.24552 10.4991
      vertex 1.00056 -2.82128 8.45945
      vertex 1.47107 -2.82128 9.80409
    endloop
  endfacet
  facet normal 0.943877 -5.85947e-05 -0.330296
    outer loop
      vertex 1.97978 -3.74817 11.2579
      vertex 1.00056 -2.82128 8.45945
      vertex 1.71428 -3.24552 10.4991
    endloop
  endfacet
  facet normal 0.943864 -0.000188964 -0.330335
    outer loop
      vertex 1.00056 -2.82128 8.45945
      vertex 1.97978 -3.74817 11.2579
      vertex 2.07235 -3.92344 11.5225
    endloop
  endfacet
  facet normal 0.272407 0.778346 0.565661
    outer loop
      vertex 2.39413 -4 9.41026
      vertex 1.61177 -2.82128 8.16511
      vertex 1.48625 -4 9.84747
    endloop
  endfacet
  facet normal -0.846716 3.29152e-05 0.532045
    outer loop
      vertex 2.39413 -4 9.41026
      vertex 3.33488 -3.92127 10.9074
      vertex 1.61177 -2.82128 8.16511
    endloop
  endfacet
  facet normal -0.846723 0.000338166 0.532033
    outer loop
      vertex 3.33488 -3.92127 10.9074
      vertex 2.39413 -4 9.41026
      vertex 3.40183 -4 11.014
    endloop
  endfacet
  facet normal -0.846725 -4.43362e-05 0.532031
    outer loop
      vertex 1.61177 -2.72128 8.16511
      vertex 2.83153 -3.32942 10.1063
      vertex 2.31433 -2.72128 9.28323
    endloop
  endfacet
  facet normal -0.846702 0.000119005 0.532068
    outer loop
      vertex 2.83153 -3.32942 10.1063
      vertex 1.61177 -2.72128 8.16511
      vertex 3.14882 -3.7025 10.6113
    endloop
  endfacet
  facet normal 0.43388 0 0.900971
    outer loop
      vertex 1.00056 -2.72128 8.45945
      vertex 1.61177 -2.82128 8.16511
      vertex 1.61177 -2.72128 8.16511
    endloop
  endfacet
  facet normal 0.43388 0 0.900971
    outer loop
      vertex 1.61177 -2.82128 8.16511
      vertex 1.00056 -2.72128 8.45945
      vertex 1.00056 -2.82128 8.45945
    endloop
  endfacet
  facet normal 0.943874 0 -0.330307
    outer loop
      vertex 1.47107 -2.82128 9.80409
      vertex 1.43737 -2.72128 9.70779
      vertex 1.47107 -2.78507 9.80409
    endloop
  endfacet
  facet normal 0.943883 2.98684e-05 -0.330279
    outer loop
      vertex 1.43737 -2.72128 9.70779
      vertex 1.47107 -2.82128 9.80409
      vertex 1.00056 -2.82128 8.45945
    endloop
  endfacet
  facet normal 0.943884 0 -0.330277
    outer loop
      vertex 1.43737 -2.72128 9.70779
      vertex 1.00056 -2.82128 8.45945
      vertex 1.00056 -2.72128 8.45945
    endloop
  endfacet
  facet normal 0.490865 0.778346 0.391446
    outer loop
      vertex 3.18198 -4 8.78198
      vertex 3.81026 -4 7.99413
      vertex 2.56511 -2.82128 7.21177
    endloop
  endfacet
  facet normal -0.532041 0 0.846718
    outer loop
      vertex 3.81026 -4 7.99413
      vertex 5.27863 -3.9 8.91679
      vertex 3.81026 -3.9 7.99413
    endloop
  endfacet
  facet normal -0.532038 -6.25447e-05 0.84672
    outer loop
      vertex 5.27863 -3.9 8.91679
      vertex 3.81026 -4 7.99413
      vertex 5.41398 -4 9.00183
    endloop
  endfacet
  facet normal 0.490863 0.778346 0.391447
    outer loop
      vertex 3.18198 -4 8.78198
      vertex 2.56511 -2.82128 7.21177
      vertex 2.14215 -2.82128 7.74215
    endloop
  endfacet
  facet normal 0.707107 0 -0.707107
    outer loop
      vertex 3.07877 -2.72128 8.67877
      vertex 2.14215 -2.82128 7.74215
      vertex 2.14215 -2.72128 7.74215
    endloop
  endfacet
  facet normal 0.707112 8.49612e-07 -0.707102
    outer loop
      vertex 3.18198 -4 8.78198
      vertex 3.07877 -2.72128 8.67877
      vertex 4.52548 -4 10.1255
    endloop
  endfacet
  facet normal 0.707107 -4.63036e-16 -0.707107
    outer loop
      vertex 3.07877 -2.72128 8.67877
      vertex 3.18198 -4 8.78198
      vertex 2.14215 -2.82128 7.74215
    endloop
  endfacet
  facet normal -0.532023 0 0.84673
    outer loop
      vertex 2.56511 -2.82128 7.21177
      vertex 3.81026 -3.9 7.99413
      vertex 2.56511 -2.72128 7.21177
    endloop
  endfacet
  facet normal -0.532023 0 0.84673
    outer loop
      vertex 3.81026 -3.9 7.99413
      vertex 2.56511 -2.82128 7.21177
      vertex 3.81026 -4 7.99413
    endloop
  endfacet
  facet normal 0.781834 -0 0.623486
    outer loop
      vertex 2.14215 -2.82128 7.74215
      vertex 2.56511 -2.72128 7.21177
      vertex 2.14215 -2.72128 7.74215
    endloop
  endfacet
  facet normal 0.781834 0 0.623486
    outer loop
      vertex 2.56511 -2.72128 7.21177
      vertex 2.14215 -2.82128 7.74215
      vertex 2.56511 -2.82128 7.21177
    endloop
  endfacet
  facet normal -0.531999 -8.16012e-06 0.846745
    outer loop
      vertex 3.68323 -2.72128 7.91433
      vertex 3.81026 -3.9 7.99413
      vertex 3.77354 -2.78799 7.97107
    endloop
  endfacet
  facet normal -0.532031 -1.2991e-05 0.846725
    outer loop
      vertex 3.81026 -3.9 7.99413
      vertex 3.68323 -2.72128 7.91433
      vertex 2.56511 -2.72128 7.21177
    endloop
  endfacet
  facet normal -0.532041 -1.07516e-05 0.846718
    outer loop
      vertex 4.50635 -3.32942 8.43153
      vertex 3.81026 -3.9 7.99413
      vertex 5.27863 -3.9 8.91679
    endloop
  endfacet
  facet normal -0.532042 -1.011e-05 0.846718
    outer loop
      vertex 3.81026 -3.9 7.99413
      vertex 4.50635 -3.32942 8.43153
      vertex 3.77354 -2.78799 7.97107
    endloop
  endfacet
  facet normal 0.612096 0.778346 0.1397
    outer loop
      vertex 4.24747 -4 7.08625
      vertex 4.47169 -4 6.10383
      vertex 2.85945 -2.82128 6.60056
    endloop
  endfacet
  facet normal -0.11196 0 0.993713
    outer loop
      vertex 3.01041 -2.82128 5.93919
      vertex 4.47169 -3.9 6.10383
      vertex 3.01041 -2.72128 5.93919
    endloop
  endfacet
  facet normal -0.11196 0 0.993713
    outer loop
      vertex 4.47169 -3.9 6.10383
      vertex 3.01041 -2.82128 5.93919
      vertex 4.47169 -4 6.10383
    endloop
  endfacet
  facet normal 0.612097 0.778343 0.139713
    outer loop
      vertex 4.47169 -4 6.10383
      vertex 3.01041 -2.82128 5.93919
      vertex 2.85945 -2.82128 6.60056
    endloop
  endfacet
  facet normal 0.33028 0 -0.943883
    outer loop
      vertex 2.85945 -2.82128 6.60056
      vertex 4.24747 -3.9 7.08625
      vertex 4.24747 -4 7.08625
    endloop
  endfacet
  facet normal 0.33028 0 -0.943883
    outer loop
      vertex 4.24747 -3.9 7.08625
      vertex 2.85945 -2.82128 6.60056
      vertex 2.85945 -2.72128 6.60056
    endloop
  endfacet
  facet normal -0.112032 -8.17843e-06 0.993705
    outer loop
      vertex 4.3233 -2.72128 6.08711
      vertex 4.47169 -3.9 6.10383
      vertex 4.42859 -2.78755 6.09898
    endloop
  endfacet
  facet normal -0.111959 1.07364e-06 0.993713
    outer loop
      vertex 4.47169 -3.9 6.10383
      vertex 4.3233 -2.72128 6.08711
      vertex 3.01041 -2.72128 5.93919
    endloop
  endfacet
  facet normal 0.330308 8.02941e-07 -0.943873
    outer loop
      vertex 4.24747 -3.9 7.08625
      vertex 4.10779 -2.72128 7.03737
      vertex 4.20649 -2.78666 7.07191
    endloop
  endfacet
  facet normal 0.330277 -3.36027e-06 -0.943884
    outer loop
      vertex 4.10779 -2.72128 7.03737
      vertex 4.24747 -3.9 7.08625
      vertex 2.85945 -2.72128 6.60056
    endloop
  endfacet
  facet normal 0.974926 -0 0.22253
    outer loop
      vertex 2.85945 -2.82128 6.60056
      vertex 3.01041 -2.72128 5.93919
      vertex 2.85945 -2.72128 6.60056
    endloop
  endfacet
  facet normal 0.974926 0 0.22253
    outer loop
      vertex 3.01041 -2.72128 5.93919
      vertex 2.85945 -2.82128 6.60056
      vertex 3.01041 -2.82128 5.93919
    endloop
  endfacet
  facet normal -0.111966 -6.23521e-06 0.993712
    outer loop
      vertex 4.75804 -2.99492 6.1361
      vertex 4.47169 -3.9 6.10383
      vertex 6.19595 -3.9 6.29811
    endloop
  endfacet
  facet normal -0.111968 -5.66809e-06 0.993712
    outer loop
      vertex 4.47169 -3.9 6.10383
      vertex 4.75804 -2.99492 6.1361
      vertex 4.42859 -2.78755 6.09898
    endloop
  endfacet
  facet normal 0.330275 1.52489e-05 -0.943885
    outer loop
      vertex 4.24747 -3.9 7.08625
      vertex 5.65791 -3.74817 7.57978
      vertex 5.88709 -3.9 7.65997
    endloop
  endfacet
  facet normal 0.330277 -5.09026e-07 -0.943884
    outer loop
      vertex 5.65791 -3.74817 7.57978
      vertex 4.24747 -3.9 7.08625
      vertex 4.20649 -2.78666 7.07191
    endloop
  endfacet
  facet normal -0.111966 0 0.993712
    outer loop
      vertex 4.47169 -4 6.10383
      vertex 6.19595 -3.9 6.29811
      vertex 4.47169 -3.9 6.10383
    endloop
  endfacet
  facet normal -0.111971 8.56601e-05 0.993711
    outer loop
      vertex 6.19595 -3.9 6.29811
      vertex 4.47169 -4 6.10383
      vertex 6.35482 -4 6.31602
    endloop
  endfacet
  facet normal 0.330276 -8.93189e-06 -0.943885
    outer loop
      vertex 4.24747 -4 7.08625
      vertex 5.88709 -3.9 7.65997
      vertex 6.03804 -4 7.71279
    endloop
  endfacet
  facet normal 0.330275 0 -0.943885
    outer loop
      vertex 5.88709 -3.9 7.65997
      vertex 4.24747 -4 7.08625
      vertex 4.24747 -3.9 7.08625
    endloop
  endfacet
  facet normal -0.991444 0 0.13053
    outer loop
      vertex 1.57569 -8.72128 5.32216
      vertex 1.59391 -2.72128 5.46055
      vertex 1.57569 -2.72128 5.32216
    endloop
  endfacet
  facet normal -0.991444 0 0.13053
    outer loop
      vertex 1.59391 -2.72128 5.46055
      vertex 1.57569 -8.72128 5.32216
      vertex 1.59391 -8.72128 5.46055
    endloop
  endfacet
  facet normal -0.999048 0 0.04363
    outer loop
      vertex 1.59391 -8.72128 5.46055
      vertex 1.6 -2.72128 5.6
      vertex 1.59391 -2.72128 5.46055
    endloop
  endfacet
  facet normal -0.999048 0 0.04363
    outer loop
      vertex 1.6 -2.72128 5.6
      vertex 1.59391 -8.72128 5.46055
      vertex 1.6 -8.72128 5.6
    endloop
  endfacet
  facet normal -0.976297 0 0.216437
    outer loop
      vertex 1.54548 -8.72128 5.18589
      vertex 1.57569 -2.72128 5.32216
      vertex 1.54548 -2.72128 5.18589
    endloop
  endfacet
  facet normal -0.976297 0 0.216437
    outer loop
      vertex 1.57569 -2.72128 5.32216
      vertex 1.54548 -8.72128 5.18589
      vertex 1.57569 -8.72128 5.32216
    endloop
  endfacet
  facet normal -0.737276 0 -0.675592
    outer loop
      vertex 1.22567 -8.72128 6.62846
      vertex 1.13137 -2.72128 6.73137
      vertex 1.22567 -2.72128 6.62846
    endloop
  endfacet
  facet normal -0.737276 -0 -0.675592
    outer loop
      vertex 1.13137 -2.72128 6.73137
      vertex 1.22567 -8.72128 6.62846
      vertex 1.13137 -8.72128 6.73137
    endloop
  endfacet
  facet normal -0.923872 0 -0.382702
    outer loop
      vertex 1.50351 -8.72128 6.14723
      vertex 1.45009 -2.72128 6.27619
      vertex 1.50351 -2.72128 6.14723
    endloop
  endfacet
  facet normal -0.923872 -0 -0.382702
    outer loop
      vertex 1.45009 -2.72128 6.27619
      vertex 1.50351 -8.72128 6.14723
      vertex 1.45009 -8.72128 6.27619
    endloop
  endfacet
  facet normal 0 1 0
    outer loop
      vertex 1.45009 -2.72128 4.92381
      vertex 1.48165 -2.72128 5
      vertex 1.50351 -2.72128 5.05277
    endloop
  endfacet
  facet normal -0.923867 0 0.382713
    outer loop
      vertex 1.48165 -8.72128 5
      vertex 1.50351 -2.72128 5.05277
      vertex 1.48165 -2.72128 5
    endloop
  endfacet
  facet normal -0.923867 0 0.382713
    outer loop
      vertex 1.50351 -2.72128 5.05277
      vertex 1.48165 -8.72128 5
      vertex 1.50351 -8.72128 5.05277
    endloop
  endfacet
  facet normal 0.999048 0 -0.04363
    outer loop
      vertex -1.59391 -8.72128 5.73945
      vertex -1.6 -2.72128 5.6
      vertex -1.59391 -2.72128 5.73945
    endloop
  endfacet
  facet normal 0.999048 0 -0.04363
    outer loop
      vertex -1.6 -2.72128 5.6
      vertex -1.59391 -8.72128 5.73945
      vertex -1.6 -8.72128 5.6
    endloop
  endfacet
  facet normal 0.887015 0 -0.461741
    outer loop
      vertex -1.38564 -8.72128 6.4
      vertex -1.45009 -2.72128 6.27619
      vertex -1.38564 -2.72128 6.4
    endloop
  endfacet
  facet normal 0.887015 0 -0.461741
    outer loop
      vertex -1.45009 -2.72128 6.27619
      vertex -1.38564 -8.72128 6.4
      vertex -1.45009 -8.72128 6.27619
    endloop
  endfacet
  facet normal 0.976297 -0 0.216437
    outer loop
      vertex -1.57569 -8.72128 5.32216
      vertex -1.54548 -2.72128 5.18589
      vertex -1.57569 -2.72128 5.32216
    endloop
  endfacet
  facet normal 0.976297 0 0.216437
    outer loop
      vertex -1.54548 -2.72128 5.18589
      vertex -1.57569 -8.72128 5.32216
      vertex -1.54548 -8.72128 5.18589
    endloop
  endfacet
  facet normal 0.991444 -0 0.13053
    outer loop
      vertex -1.59391 -8.72128 5.46055
      vertex -1.57569 -2.72128 5.32216
      vertex -1.59391 -2.72128 5.46055
    endloop
  endfacet
  facet normal 0.991444 0 0.13053
    outer loop
      vertex -1.57569 -2.72128 5.32216
      vertex -1.59391 -8.72128 5.46055
      vertex -1.57569 -8.72128 5.32216
    endloop
  endfacet
  facet normal -0.300685 0 -0.953724
    outer loop
      vertex 0.41411 -8.72128 7.14548
      vertex 0.547232 -2.72128 7.10351
      vertex 0.547232 -8.72128 7.10351
    endloop
  endfacet
  facet normal -0.300685 0 -0.953724
    outer loop
      vertex 0.547232 -2.72128 7.10351
      vertex 0.41411 -8.72128 7.14548
      vertex 0.41411 -2.72128 7.14548
    endloop
  endfacet
  facet normal -0.976297 0 -0.216437
    outer loop
      vertex 1.57569 -8.72128 5.87784
      vertex 1.54548 -2.72128 6.01411
      vertex 1.57569 -2.72128 5.87784
    endloop
  endfacet
  facet normal -0.976297 -0 -0.216437
    outer loop
      vertex 1.54548 -2.72128 6.01411
      vertex 1.57569 -8.72128 5.87784
      vertex 1.54548 -8.72128 6.01411
    endloop
  endfacet
  facet normal 0.461738 0 -0.887016
    outer loop
      vertex -0.799999 -8.72128 6.98564
      vertex -0.676188 -2.72128 7.05009
      vertex -0.676188 -8.72128 7.05009
    endloop
  endfacet
  facet normal 0.461738 0 -0.887016
    outer loop
      vertex -0.676188 -2.72128 7.05009
      vertex -0.799999 -8.72128 6.98564
      vertex -0.799999 -2.72128 6.98564
    endloop
  endfacet
  facet normal -0.0436303 0 -0.999048
    outer loop
      vertex 0 -8.72128 7.2
      vertex 0.139449 -2.72128 7.19391
      vertex 0.139449 -8.72128 7.19391
    endloop
  endfacet
  facet normal -0.0436303 0 -0.999048
    outer loop
      vertex 0.139449 -2.72128 7.19391
      vertex 0 -8.72128 7.2
      vertex 0 -2.72128 7.2
    endloop
  endfacet
  facet normal -0.537311 0 -0.843384
    outer loop
      vertex 0.799999 -8.72128 6.98564
      vertex 0.917722 -2.72128 6.91064
      vertex 0.917722 -8.72128 6.91064
    endloop
  endfacet
  facet normal -0.537311 0 -0.843384
    outer loop
      vertex 0.917722 -2.72128 6.91064
      vertex 0.799999 -8.72128 6.98564
      vertex 0.799999 -2.72128 6.98564
    endloop
  endfacet
  facet normal 0.675592 0 -0.737276
    outer loop
      vertex -1.13137 -8.72128 6.73137
      vertex -1.02846 -2.72128 6.82567
      vertex -1.02846 -8.72128 6.82567
    endloop
  endfacet
  facet normal 0.675592 0 -0.737276
    outer loop
      vertex -1.02846 -2.72128 6.82567
      vertex -1.13137 -8.72128 6.73137
      vertex -1.13137 -2.72128 6.73137
    endloop
  endfacet
  facet normal 0.976297 0 -0.216437
    outer loop
      vertex -1.54548 -8.72128 6.01411
      vertex -1.57569 -2.72128 5.87784
      vertex -1.54548 -2.72128 6.01411
    endloop
  endfacet
  facet normal 0.976297 0 -0.216437
    outer loop
      vertex -1.57569 -2.72128 5.87784
      vertex -1.54548 -8.72128 6.01411
      vertex -1.57569 -8.72128 5.87784
    endloop
  endfacet
  facet normal -0.130532 0 -0.991444
    outer loop
      vertex 0.139449 -8.72128 7.19391
      vertex 0.277837 -2.72128 7.17569
      vertex 0.277837 -8.72128 7.17569
    endloop
  endfacet
  facet normal -0.130532 0 -0.991444
    outer loop
      vertex 0.277837 -2.72128 7.17569
      vertex 0.139449 -8.72128 7.19391
      vertex 0.139449 -2.72128 7.19391
    endloop
  endfacet
  facet normal 0.923872 0 -0.382702
    outer loop
      vertex -1.45009 -8.72128 6.27619
      vertex -1.50351 -2.72128 6.14723
      vertex -1.45009 -2.72128 6.27619
    endloop
  endfacet
  facet normal 0.923872 0 -0.382702
    outer loop
      vertex -1.50351 -2.72128 6.14723
      vertex -1.45009 -8.72128 6.27619
      vertex -1.50351 -8.72128 6.14723
    endloop
  endfacet
  facet normal -0.991444 0 -0.13053
    outer loop
      vertex 1.59391 -8.72128 5.73945
      vertex 1.57569 -2.72128 5.87784
      vertex 1.59391 -2.72128 5.73945
    endloop
  endfacet
  facet normal -0.991444 -0 -0.13053
    outer loop
      vertex 1.57569 -2.72128 5.87784
      vertex 1.59391 -8.72128 5.73945
      vertex 1.57569 -8.72128 5.87784
    endloop
  endfacet
  facet normal -0.999048 0 -0.04363
    outer loop
      vertex 1.6 -8.72128 5.6
      vertex 1.59391 -2.72128 5.73945
      vertex 1.6 -2.72128 5.6
    endloop
  endfacet
  facet normal -0.999048 -0 -0.04363
    outer loop
      vertex 1.59391 -2.72128 5.73945
      vertex 1.6 -8.72128 5.6
      vertex 1.59391 -8.72128 5.73945
    endloop
  endfacet
  facet normal -0.953722 0 0.300689
    outer loop
      vertex 1.50351 -8.72128 5.05277
      vertex 1.54548 -2.72128 5.18589
      vertex 1.50351 -2.72128 5.05277
    endloop
  endfacet
  facet normal -0.953722 0 0.300689
    outer loop
      vertex 1.54548 -2.72128 5.18589
      vertex 1.50351 -8.72128 5.05277
      vertex 1.54548 -8.72128 5.18589
    endloop
  endfacet
  facet normal -0.793366 0 -0.608744
    outer loop
      vertex 1.31064 -8.72128 6.51772
      vertex 1.22567 -2.72128 6.62846
      vertex 1.31064 -2.72128 6.51772
    endloop
  endfacet
  facet normal -0.793366 -0 -0.608744
    outer loop
      vertex 1.22567 -2.72128 6.62846
      vertex 1.31064 -8.72128 6.51772
      vertex 1.22567 -8.72128 6.62846
    endloop
  endfacet
  facet normal 0.991444 0 -0.13053
    outer loop
      vertex -1.57569 -8.72128 5.87784
      vertex -1.59391 -2.72128 5.73945
      vertex -1.57569 -2.72128 5.87784
    endloop
  endfacet
  facet normal 0.991444 0 -0.13053
    outer loop
      vertex -1.59391 -2.72128 5.73945
      vertex -1.57569 -8.72128 5.87784
      vertex -1.59391 -8.72128 5.73945
    endloop
  endfacet
  facet normal -0.216433 0 -0.976298
    outer loop
      vertex 0.277837 -8.72128 7.17569
      vertex 0.41411 -2.72128 7.14548
      vertex 0.41411 -8.72128 7.14548
    endloop
  endfacet
  facet normal -0.216433 0 -0.976298
    outer loop
      vertex 0.41411 -2.72128 7.14548
      vertex 0.277837 -8.72128 7.17569
      vertex 0.277837 -2.72128 7.17569
    endloop
  endfacet
  facet normal -0.461738 0 -0.887016
    outer loop
      vertex 0.676188 -8.72128 7.05009
      vertex 0.799999 -2.72128 6.98564
      vertex 0.799999 -8.72128 6.98564
    endloop
  endfacet
  facet normal -0.461738 0 -0.887016
    outer loop
      vertex 0.799999 -2.72128 6.98564
      vertex 0.676188 -8.72128 7.05009
      vertex 0.676188 -2.72128 7.05009
    endloop
  endfacet
  facet normal 0.843378 0 -0.53732
    outer loop
      vertex -1.31064 -8.72128 6.51772
      vertex -1.38564 -2.72128 6.4
      vertex -1.31064 -2.72128 6.51772
    endloop
  endfacet
  facet normal 0.843378 0 -0.53732
    outer loop
      vertex -1.38564 -2.72128 6.4
      vertex -1.31064 -8.72128 6.51772
      vertex -1.38564 -8.72128 6.4
    endloop
  endfacet
  facet normal -0.675592 0 -0.737276
    outer loop
      vertex 1.02846 -8.72128 6.82567
      vertex 1.13137 -2.72128 6.73137
      vertex 1.13137 -8.72128 6.73137
    endloop
  endfacet
  facet normal -0.675592 0 -0.737276
    outer loop
      vertex 1.13137 -2.72128 6.73137
      vertex 1.02846 -8.72128 6.82567
      vertex 1.02846 -2.72128 6.82567
    endloop
  endfacet
  facet normal 0.737276 0 -0.675592
    outer loop
      vertex -1.13137 -8.72128 6.73137
      vertex -1.22567 -2.72128 6.62846
      vertex -1.13137 -2.72128 6.73137
    endloop
  endfacet
  facet normal 0.737276 0 -0.675592
    outer loop
      vertex -1.22567 -2.72128 6.62846
      vertex -1.13137 -8.72128 6.73137
      vertex -1.22567 -8.72128 6.62846
    endloop
  endfacet
  facet normal 0.793366 0 -0.608744
    outer loop
      vertex -1.22567 -8.72128 6.62846
      vertex -1.31064 -2.72128 6.51772
      vertex -1.22567 -2.72128 6.62846
    endloop
  endfacet
  facet normal 0.793366 0 -0.608744
    outer loop
      vertex -1.31064 -2.72128 6.51772
      vertex -1.22567 -8.72128 6.62846
      vertex -1.31064 -8.72128 6.51772
    endloop
  endfacet
  facet normal 0.300685 0 -0.953724
    outer loop
      vertex -0.547232 -8.72128 7.10351
      vertex -0.41411 -2.72128 7.14548
      vertex -0.41411 -8.72128 7.14548
    endloop
  endfacet
  facet normal 0.300685 0 -0.953724
    outer loop
      vertex -0.41411 -2.72128 7.14548
      vertex -0.547232 -8.72128 7.10351
      vertex -0.547232 -2.72128 7.10351
    endloop
  endfacet
  facet normal -0.382712 0 -0.923868
    outer loop
      vertex 0.547232 -8.72128 7.10351
      vertex 0.676188 -2.72128 7.05009
      vertex 0.676188 -8.72128 7.05009
    endloop
  endfacet
  facet normal -0.382712 0 -0.923868
    outer loop
      vertex 0.676188 -2.72128 7.05009
      vertex 0.547232 -8.72128 7.10351
      vertex 0.547232 -2.72128 7.10351
    endloop
  endfacet
  facet normal -0.843378 0 -0.53732
    outer loop
      vertex 1.38564 -8.72128 6.4
      vertex 1.31064 -2.72128 6.51772
      vertex 1.38564 -2.72128 6.4
    endloop
  endfacet
  facet normal -0.843378 -0 -0.53732
    outer loop
      vertex 1.31064 -2.72128 6.51772
      vertex 1.38564 -8.72128 6.4
      vertex 1.31064 -8.72128 6.51772
    endloop
  endfacet
  facet normal -0.887015 0 -0.461741
    outer loop
      vertex 1.45009 -8.72128 6.27619
      vertex 1.38564 -2.72128 6.4
      vertex 1.45009 -2.72128 6.27619
    endloop
  endfacet
  facet normal -0.887015 -0 -0.461741
    outer loop
      vertex 1.38564 -2.72128 6.4
      vertex 1.45009 -8.72128 6.27619
      vertex 1.38564 -8.72128 6.4
    endloop
  endfacet
  facet normal -0.953722 0 -0.300689
    outer loop
      vertex 1.54548 -8.72128 6.01411
      vertex 1.50351 -2.72128 6.14723
      vertex 1.54548 -2.72128 6.01411
    endloop
  endfacet
  facet normal -0.953722 -0 -0.300689
    outer loop
      vertex 1.50351 -2.72128 6.14723
      vertex 1.54548 -8.72128 6.01411
      vertex 1.50351 -8.72128 6.14723
    endloop
  endfacet
  facet normal 0.0436303 0 -0.999048
    outer loop
      vertex -0.139449 -8.72128 7.19391
      vertex 0 -2.72128 7.2
      vertex 0 -8.72128 7.2
    endloop
  endfacet
  facet normal 0.0436303 0 -0.999048
    outer loop
      vertex 0 -2.72128 7.2
      vertex -0.139449 -8.72128 7.19391
      vertex -0.139449 -2.72128 7.19391
    endloop
  endfacet
  facet normal 0 1 0
    outer loop
      vertex -1.50351 -2.72128 5.05277
      vertex -1.48165 -2.72128 5
      vertex -1.45009 -2.72128 4.92381
    endloop
  endfacet
  facet normal 0.923867 -0 0.382713
    outer loop
      vertex -1.50351 -8.72128 5.05277
      vertex -1.48165 -2.72128 5
      vertex -1.50351 -2.72128 5.05277
    endloop
  endfacet
  facet normal 0.923867 0 0.382713
    outer loop
      vertex -1.48165 -2.72128 5
      vertex -1.50351 -8.72128 5.05277
      vertex -1.48165 -8.72128 5
    endloop
  endfacet
  facet normal 0.953722 -0 0.300689
    outer loop
      vertex -1.54548 -8.72128 5.18589
      vertex -1.50351 -2.72128 5.05277
      vertex -1.54548 -2.72128 5.18589
    endloop
  endfacet
  facet normal 0.953722 0 0.300689
    outer loop
      vertex -1.50351 -2.72128 5.05277
      vertex -1.54548 -8.72128 5.18589
      vertex -1.50351 -8.72128 5.05277
    endloop
  endfacet
  facet normal -0.608751 0 -0.793361
    outer loop
      vertex 0.917722 -8.72128 6.91064
      vertex 1.02846 -2.72128 6.82567
      vertex 1.02846 -8.72128 6.82567
    endloop
  endfacet
  facet normal -0.608751 0 -0.793361
    outer loop
      vertex 1.02846 -2.72128 6.82567
      vertex 0.917722 -8.72128 6.91064
      vertex 0.917722 -2.72128 6.91064
    endloop
  endfacet
  facet normal 0.999048 -0 0.04363
    outer loop
      vertex -1.6 -8.72128 5.6
      vertex -1.59391 -2.72128 5.46055
      vertex -1.6 -2.72128 5.6
    endloop
  endfacet
  facet normal 0.999048 0 0.04363
    outer loop
      vertex -1.59391 -2.72128 5.46055
      vertex -1.6 -8.72128 5.6
      vertex -1.59391 -8.72128 5.46055
    endloop
  endfacet
  facet normal 0.608751 0 -0.793361
    outer loop
      vertex -1.02846 -8.72128 6.82567
      vertex -0.917722 -2.72128 6.91064
      vertex -0.917722 -8.72128 6.91064
    endloop
  endfacet
  facet normal 0.608751 0 -0.793361
    outer loop
      vertex -0.917722 -2.72128 6.91064
      vertex -1.02846 -8.72128 6.82567
      vertex -1.02846 -2.72128 6.82567
    endloop
  endfacet
  facet normal 0.953722 0 -0.300689
    outer loop
      vertex -1.50351 -8.72128 6.14723
      vertex -1.54548 -2.72128 6.01411
      vertex -1.50351 -2.72128 6.14723
    endloop
  endfacet
  facet normal 0.953722 0 -0.300689
    outer loop
      vertex -1.54548 -2.72128 6.01411
      vertex -1.50351 -8.72128 6.14723
      vertex -1.54548 -8.72128 6.01411
    endloop
  endfacet
  facet normal 0.537311 0 -0.843384
    outer loop
      vertex -0.917722 -8.72128 6.91064
      vertex -0.799999 -2.72128 6.98564
      vertex -0.799999 -8.72128 6.98564
    endloop
  endfacet
  facet normal 0.537311 0 -0.843384
    outer loop
      vertex -0.799999 -2.72128 6.98564
      vertex -0.917722 -8.72128 6.91064
      vertex -0.917722 -2.72128 6.91064
    endloop
  endfacet
  facet normal 0.382712 0 -0.923868
    outer loop
      vertex -0.676188 -8.72128 7.05009
      vertex -0.547232 -2.72128 7.10351
      vertex -0.547232 -8.72128 7.10351
    endloop
  endfacet
  facet normal 0.382712 0 -0.923868
    outer loop
      vertex -0.547232 -2.72128 7.10351
      vertex -0.676188 -8.72128 7.05009
      vertex -0.676188 -2.72128 7.05009
    endloop
  endfacet
  facet normal 0.130532 0 -0.991444
    outer loop
      vertex -0.277837 -8.72128 7.17569
      vertex -0.139449 -2.72128 7.19391
      vertex -0.139449 -8.72128 7.19391
    endloop
  endfacet
  facet normal 0.130532 0 -0.991444
    outer loop
      vertex -0.139449 -2.72128 7.19391
      vertex -0.277837 -8.72128 7.17569
      vertex -0.277837 -2.72128 7.17569
    endloop
  endfacet
  facet normal 0.216433 0 -0.976298
    outer loop
      vertex -0.41411 -8.72128 7.14548
      vertex -0.277837 -2.72128 7.17569
      vertex -0.277837 -8.72128 7.17569
    endloop
  endfacet
  facet normal 0.216433 0 -0.976298
    outer loop
      vertex -0.277837 -2.72128 7.17569
      vertex -0.41411 -8.72128 7.14548
      vertex -0.41411 -2.72128 7.14548
    endloop
  endfacet
  facet normal -1 0 0
    outer loop
      vertex 1.7 -8.72128 4
      vertex 1.7 -2.72128 5
      vertex 1.7 -2.72128 4
    endloop
  endfacet
  facet normal -1 -0 0
    outer loop
      vertex 1.7 -2.72128 5
      vertex 1.7 -8.72128 4
      vertex 1.7 -8.72128 5
    endloop
  endfacet
  facet normal 0 -1 0
    outer loop
      vertex -1.7 -2.72128 5
      vertex -1.45009 -2.72128 4.92381
      vertex -1.48165 -2.72128 5
    endloop
  endfacet
  facet normal 0 -1 0
    outer loop
      vertex -1.7 -2.72128 5
      vertex -1.38564 -2.72128 4.8
      vertex -1.45009 -2.72128 4.92381
    endloop
  endfacet
  facet normal 0 -1 0
    outer loop
      vertex -1.7 -2.72128 4
      vertex -1.38564 -2.72128 4.8
      vertex -1.7 -2.72128 5
    endloop
  endfacet
  facet normal 0 -1 -0
    outer loop
      vertex -1.38564 -2.72128 4.8
      vertex -1.7 -2.72128 4
      vertex -1.31064 -2.72128 4.68228
    endloop
  endfacet
  facet normal 0 -1 -0
    outer loop
      vertex -1.31064 -2.72128 4.68228
      vertex -1.7 -2.72128 4
      vertex -1.22567 -2.72128 4.57154
    endloop
  endfacet
  facet normal 0 -1 -0
    outer loop
      vertex -1.22567 -2.72128 4.57154
      vertex -1.7 -2.72128 4
      vertex -1.13137 -2.72128 4.46863
    endloop
  endfacet
  facet normal 0 -1 0
    outer loop
      vertex -1.7 -2.72128 4
      vertex -1.02846 -2.72128 4.37433
      vertex -1.13137 -2.72128 4.46863
    endloop
  endfacet
  facet normal 0 -1 0
    outer loop
      vertex -1.7 -2.72128 4
      vertex -0.917722 -2.72128 4.28936
      vertex -1.02846 -2.72128 4.37433
    endloop
  endfacet
  facet normal 0 -1 0
    outer loop
      vertex -1.7 -2.72128 4
      vertex -0.799999 -2.72128 4.21436
      vertex -0.917722 -2.72128 4.28936
    endloop
  endfacet
  facet normal 0 -1 0
    outer loop
      vertex -1.7 -2.72128 4
      vertex -0.676188 -2.72128 4.14991
      vertex -0.799999 -2.72128 4.21436
    endloop
  endfacet
  facet normal 0 -1 0
    outer loop
      vertex -1.7 -2.72128 4
      vertex -0.547232 -2.72128 4.09649
      vertex -0.676188 -2.72128 4.14991
    endloop
  endfacet
  facet normal 0 -1 0
    outer loop
      vertex -1.7 -2.72128 4
      vertex -0.41411 -2.72128 4.05452
      vertex -0.547232 -2.72128 4.09649
    endloop
  endfacet
  facet normal 0 -1 0
    outer loop
      vertex -1.7 -2.72128 4
      vertex -0.277837 -2.72128 4.02431
      vertex -0.41411 -2.72128 4.05452
    endloop
  endfacet
  facet normal 0 -1 0
    outer loop
      vertex -1.7 -2.72128 4
      vertex -0.139449 -2.72128 4.00609
      vertex -0.277837 -2.72128 4.02431
    endloop
  endfacet
  facet normal 0 -1 -0
    outer loop
      vertex -0.139449 -2.72128 4.00609
      vertex -1.7 -2.72128 4
      vertex 0 -2.72128 4
    endloop
  endfacet
  facet normal 0 -1 0
    outer loop
      vertex 1.45009 -2.72128 4.92381
      vertex 1.7 -2.72128 5
      vertex 1.48165 -2.72128 5
    endloop
  endfacet
  facet normal 0 -1 0
    outer loop
      vertex 1.38564 -2.72128 4.8
      vertex 1.7 -2.72128 5
      vertex 1.45009 -2.72128 4.92381
    endloop
  endfacet
  facet normal 0 -1 0
    outer loop
      vertex 1.7 -2.72128 4
      vertex 1.38564 -2.72128 4.8
      vertex 1.31064 -2.72128 4.68228
    endloop
  endfacet
  facet normal 0 -1 0
    outer loop
      vertex 1.7 -2.72128 4
      vertex 1.31064 -2.72128 4.68228
      vertex 1.22567 -2.72128 4.57154
    endloop
  endfacet
  facet normal 0 -1 0
    outer loop
      vertex 1.7 -2.72128 4
      vertex 1.22567 -2.72128 4.57154
      vertex 1.13137 -2.72128 4.46863
    endloop
  endfacet
  facet normal 0 -1 0
    outer loop
      vertex 1.38564 -2.72128 4.8
      vertex 1.7 -2.72128 4
      vertex 1.7 -2.72128 5
    endloop
  endfacet
  facet normal 0 -1 0
    outer loop
      vertex 1.02846 -2.72128 4.37433
      vertex 1.7 -2.72128 4
      vertex 1.13137 -2.72128 4.46863
    endloop
  endfacet
  facet normal 0 -1 0
    outer loop
      vertex 0.917722 -2.72128 4.28936
      vertex 1.7 -2.72128 4
      vertex 1.02846 -2.72128 4.37433
    endloop
  endfacet
  facet normal 0 -1 0
    outer loop
      vertex 0.799999 -2.72128 4.21436
      vertex 1.7 -2.72128 4
      vertex 0.917722 -2.72128 4.28936
    endloop
  endfacet
  facet normal 0 -1 0
    outer loop
      vertex 0.676188 -2.72128 4.14991
      vertex 1.7 -2.72128 4
      vertex 0.799999 -2.72128 4.21436
    endloop
  endfacet
  facet normal 0 -1 0
    outer loop
      vertex 0.547232 -2.72128 4.09649
      vertex 1.7 -2.72128 4
      vertex 0.676188 -2.72128 4.14991
    endloop
  endfacet
  facet normal 0 -1 0
    outer loop
      vertex 0.41411 -2.72128 4.05452
      vertex 1.7 -2.72128 4
      vertex 0.547232 -2.72128 4.09649
    endloop
  endfacet
  facet normal 0 -1 0
    outer loop
      vertex 0.277837 -2.72128 4.02431
      vertex 1.7 -2.72128 4
      vertex 0.41411 -2.72128 4.05452
    endloop
  endfacet
  facet normal 0 -1 0
    outer loop
      vertex 0.139449 -2.72128 4.00609
      vertex 1.7 -2.72128 4
      vertex 0.277837 -2.72128 4.02431
    endloop
  endfacet
  facet normal 0 -1 0
    outer loop
      vertex 1.7 -2.72128 4
      vertex 0.139449 -2.72128 4.00609
      vertex 0 -2.72128 4
    endloop
  endfacet
  facet normal 1 -0 0
    outer loop
      vertex -1.7 -8.72128 5
      vertex -1.7 -2.72128 4
      vertex -1.7 -2.72128 5
    endloop
  endfacet
  facet normal 1 0 0
    outer loop
      vertex -1.7 -2.72128 4
      vertex -1.7 -8.72128 5
      vertex -1.7 -8.72128 4
    endloop
  endfacet
  facet normal -0 0 1
    outer loop
      vertex 0 -2.72128 4
      vertex 1.7 -8.72128 4
      vertex 1.7 -2.72128 4
    endloop
  endfacet
  facet normal 0 0 1
    outer loop
      vertex -1.7 -8.72128 4
      vertex 0 -2.72128 4
      vertex -1.7 -2.72128 4
    endloop
  endfacet
  facet normal 0 0 1
    outer loop
      vertex 0 -2.72128 4
      vertex -1.7 -8.72128 4
      vertex 1.7 -8.72128 4
    endloop
  endfacet
  facet normal 0 0 -1
    outer loop
      vertex -1.7 -8.72128 5
      vertex -1.48165 -2.72128 5
      vertex -1.48165 -8.72128 5
    endloop
  endfacet
  facet normal -0 0 -1
    outer loop
      vertex -1.48165 -2.72128 5
      vertex -1.7 -8.72128 5
      vertex -1.7 -2.72128 5
    endloop
  endfacet
  facet normal 0 0 -1
    outer loop
      vertex 1.48165 -8.72128 5
      vertex 1.7 -2.72128 5
      vertex 1.7 -8.72128 5
    endloop
  endfacet
  facet normal -0 0 -1
    outer loop
      vertex 1.7 -2.72128 5
      vertex 1.48165 -8.72128 5
      vertex 1.48165 -2.72128 5
    endloop
  endfacet
endsolid OpenSCAD_Model
