solid 
facet normal 1.0 0.0 -0.0
outer loop
vertex -188.60445989990234 188.06592572021486 -37.84348075467348
vertex -188.60445989990234 188.35886395263674 -37.770245756983755
vertex -188.60445989990234 187.96633160400393 -37.85519835402444
endloop
endfacet
facet normal 1.0 0.0 -0.0
outer loop
vertex -188.60445989990234 189.1527482299805 -37.19315395879745
vertex -188.60445989990234 189.22890484619143 -37.09941313791275
vertex -188.60445989990234 186.50164044189455 -37.09941313791275
endloop
endfacet
facet normal 1.0 -0.0 0.0
outer loop
vertex -188.60445989990234 186.57781231689455 -37.19315395879745
vertex -188.60445989990234 186.6568986206055 -37.28103594112396
vertex -188.60445989990234 189.1527482299805 -37.19315395879745
endloop
endfacet
facet normal -0.6044465656660355 0.796638143010257 0.0034667500204402964
outer loop
vertex -196.17695440673828 203.8290482788086 -34.92872778701782
vertex -197.32661260986328 202.96041119384768 -35.77029935646057
vertex -197.32662786865234 202.96022808837893 -35.73088328170776
endloop
endfacet
facet normal -0.6027787515950326 0.7979083398455719 -0.00024047955718674128
outer loop
vertex -197.32679571533203 202.9601975708008 -35.60786024856567
vertex -196.17695440673828 203.8290482788086 -34.92872778701782
vertex -197.32697882080078 202.96004498291018 -35.65517846870422
endloop
endfacet
facet normal 0.43184447181126195 0.9019375632439961 0.004357083374771265
outer loop
vertex -197.32661260986328 202.96041119384768 -35.77029935646057
vertex -198.48238958740234 203.50972760009768 -34.92872778701782
vertex -197.32662786865234 202.96022808837893 -35.73088328170776
endloop
endfacet
facet normal -0.604175133269393 0.7968463515098723 0.0028810456983583174
outer loop
vertex -197.32661260986328 202.96041119384768 -35.77029935646057
vertex -196.17695440673828 203.8290482788086 -34.92872778701782
vertex -197.32719244384765 202.96028912353518 -35.85813204574585
endloop
endfacet
facet normal 0.8004980870008161 -0.29846824547254885 -0.5197302369042732
outer loop
vertex -197.24757208251953 202.9181596069336 -36.897806864261625
vertex -197.30184759521484 202.95021832275393 -36.99981353807449
vertex -197.2479077758789 202.92183697509768 -36.900435727119444
endloop
endfacet
facet normal 0.4316356770872913 0.9017661022253957 0.022550812460149477
outer loop
vertex -197.25056280517578 202.92311871337893 -36.897770028591154
vertex -197.30184759521484 202.95021832275393 -36.99981353807449
vertex -197.25106634521484 202.92334759521486 -36.89728454875946
endloop
endfacet
facet normal -0.7324389067599109 -0.4404738925377701 -0.5191493020865691
outer loop
vertex -197.2344800415039 202.94142926025393 -36.93600330877304
vertex -197.2448102416992 202.91362774658205 -36.89784071969986
vertex -197.2479077758789 202.92183697509768 -36.900435727119444
endloop
endfacet
facet normal -0.7331783704148689 -0.439527790101513 -0.5189073124212819
outer loop
vertex -197.2479077758789 202.92183697509768 -36.900435727119444
vertex -197.25056280517578 202.92311871337893 -36.897770028591154
vertex -197.2344800415039 202.94142926025393 -36.93600330877304
endloop
endfacet
facet normal -0.729436980335066 -0.4406302462751604 -0.5232271760785671
outer loop
vertex -197.24757208251953 202.9181596069336 -36.897806864261625
vertex -197.2479077758789 202.92183697509768 -36.900435727119444
vertex -197.2448102416992 202.91362774658205 -36.89784071969986
endloop
endfacet
facet normal 0.44578956444910767 0.8950337178962203 0.013649470947403545
outer loop
vertex -197.2479077758789 202.92183697509768 -36.900435727119444
vertex -197.30184759521484 202.95021832275393 -36.99981353807449
vertex -197.25056280517578 202.92311871337893 -36.897770028591154
endloop
endfacet
facet normal -0.7307350801534533 -0.44144001934302135 -0.5207273297567154
outer loop
vertex -197.24757208251953 202.9181596069336 -36.897806864261625
vertex -197.2448102416992 202.91362774658205 -36.89784071969986
vertex -197.24751104736328 202.91744244384768 -36.89728454875946
endloop
endfacet
facet normal -0.7250379027804799 -0.43554435167028827 -0.5334989758751104
outer loop
vertex -197.24496282958984 202.9132005004883 -36.89728454875946
vertex -197.24751104736328 202.91744244384768 -36.89728454875946
vertex -197.2448102416992 202.91362774658205 -36.89784071969986
endloop
endfacet
facet normal -0.719875693718454 -0.4329062193843651 -0.5425598499812814
outer loop
vertex -197.25106634521484 202.92334759521486 -36.89728454875946
vertex -197.29012884521484 202.98830426025393 -36.89728454875946
vertex -197.25056280517578 202.92311871337893 -36.897770028591154
endloop
endfacet
facet normal 1.0 0.0 -0.0
outer loop
vertex -188.60445989990234 188.8246537475586 -37.5124585442543
vertex -188.60445989990234 188.90959942626955 -37.442152958393095
vertex -188.60445989990234 186.82387554931643 -37.442152958393095
endloop
endfacet
facet normal 1.0 0.0 -0.0
outer loop
vertex -188.60445989990234 188.90959942626955 -37.442152958393095
vertex -188.60445989990234 188.9945451049805 -37.36305917429924
vertex -188.60445989990234 186.7389298706055 -37.36305917429924
endloop
endfacet
facet normal 1.0 0.0 -0.0
outer loop
vertex -188.60445989990234 185.99190533447268 -36.050688069343565
vertex -188.60445989990234 189.47258770751955 -35.52047888565063
vertex -188.60445989990234 185.95383465576174 -35.915935557365415
endloop
endfacet
facet normal 1.0 -0.0 0.0
outer loop
vertex -188.60445989990234 186.50164044189455 -37.09941313791275
vertex -188.60445989990234 186.57781231689455 -37.19315395879745
vertex -188.60445989990234 189.1527482299805 -37.19315395879745
endloop
endfacet
facet normal 1.0 -0.0 0.0
outer loop
vertex -188.60445989990234 186.2965775756836 -36.7859673910141
vertex -188.60445989990234 186.36101544189455 -36.89728454875946
vertex -188.60445989990234 189.36951458740236 -36.89728454875946
endloop
endfacet
facet normal 1.0 0.0 -0.0
outer loop
vertex -188.60445989990234 189.43689739990236 -36.7859673910141
vertex -188.60445989990234 189.47177899169924 -36.719694178581236
vertex -188.60445989990234 186.2965775756836 -36.7859673910141
endloop
endfacet
facet normal 1.0 0.0 -0.0
outer loop
vertex -188.60445989990234 189.36951458740236 -36.89728454875946
vertex -188.60445989990234 189.43689739990236 -36.7859673910141
vertex -188.60445989990234 186.2965775756836 -36.7859673910141
endloop
endfacet
facet normal 1.0 -0.0 0.0
outer loop
vertex -188.60445989990234 186.36101544189455 -36.89728454875946
vertex -188.60445989990234 186.43132794189455 -36.99981353807449
vertex -188.60445989990234 189.36951458740236 -36.89728454875946
endloop
endfacet
facet normal 1.0 -0.0 0.0
outer loop
vertex -188.60445989990234 186.43132794189455 -36.99981353807449
vertex -188.60445989990234 186.50164044189455 -37.09941313791275
vertex -188.60445989990234 189.22890484619143 -37.09941313791275
endloop
endfacet
facet normal 0.9999999999999999 0.0 -0.0
outer loop
vertex -188.60445989990234 189.30214703369143 -36.99981353807449
vertex -188.60445989990234 189.36951458740236 -36.89728454875946
vertex -188.60445989990234 186.43132794189455 -36.99981353807449
endloop
endfacet
facet normal 1.0 0.0 -0.0
outer loop
vertex -188.60445989990234 189.47066510009768 -36.22383086013794
vertex -188.60445989990234 189.4711076049805 -35.98814670372009
vertex -188.60445989990234 186.2965775756836 -36.7859673910141
endloop
endfacet
facet normal 1.0 0.0 0.0
outer loop
vertex -188.60445989990234 189.4728928833008 -36.35509530830383
vertex -188.60445989990234 189.47066510009768 -36.22383086013794
vertex -188.60445989990234 186.2965775756836 -36.7859673910141
endloop
endfacet
facet normal 1.0 0.0 0.0
outer loop
vertex -188.60445989990234 189.4711076049805 -35.98814670372009
vertex -188.60445989990234 189.47042095947268 -35.88456491756439
vertex -188.60445989990234 186.2965775756836 -36.7859673910141
endloop
endfacet
facet normal 1.0 -0.0 0.0
outer loop
vertex -188.60445989990234 189.471717956543 -35.60425750541687
vertex -188.60445989990234 186.02999127197268 -36.182510893821714
vertex -188.60445989990234 189.47144329833986 -35.784245889663694
endloop
endfacet
facet normal 1.0 -0.0 0.0
outer loop
vertex -188.60445989990234 186.12375653076174 -36.43443934249878
vertex -188.60445989990234 186.17940533447268 -36.55747417736053
vertex -188.60445989990234 189.47144329833986 -35.784245889663694
endloop
endfacet
facet normal 1.0 0.0 -0.0
outer loop
vertex -188.60445989990234 188.16553509521486 -37.82590435448289
vertex -188.60445989990234 188.35886395263674 -37.770245756983755
vertex -188.60445989990234 188.06592572021486 -37.84348075467348
endloop
endfacet
facet normal -0.4199342965848268 0.15889918090771718 0.8935358061424642
outer loop
vertex -204.27674688720703 189.95247662353518 -32.16923300552368
vertex -204.1976605834961 189.91439068603518 -32.1252919845581
vertex -198.96574224853515 203.7411576538086 -32.1252919845581
endloop
endfacet
facet normal -0.3233390026625349 0.12234794003094915 0.9383404877374633
outer loop
vertex -198.8866559448242 203.70308697509768 -32.08720986175537
vertex -204.1185590209961 189.87630474853518 -32.08720986175537
vertex -198.8075543823242 203.66500103759768 -32.054986637115476
endloop
endfacet
facet normal -0.8388196328920993 0.3176459079298295 0.4421342563636049
outer loop
vertex -199.81820501708984 204.14539349365236 -33.18280569839477
vertex -205.0530377807617 190.321571472168 -33.18280569839477
vertex -199.76840032958984 204.12197125244143 -33.07148854064941
endloop
endfacet
facet normal -0.8768883805256424 0.33206245933349376 0.3475648014406923
outer loop
vertex -199.90901007080078 204.18935406494143 -33.42301623153686
vertex -205.1438580932617 190.365516784668 -33.42301623153686
vertex -199.86800970458984 204.16884625244143 -33.29998127746582
endloop
endfacet
facet normal -0.8470002097817924 0.3205644674486414 0.42406257420216736
outer loop
vertex -199.81820501708984 204.14539349365236 -33.18280569839477
vertex -199.86799444580078 204.16884625244143 -33.29998127746582
vertex -205.0999127807617 190.34499371337893 -33.29998127746582
endloop
endfacet
facet normal -0.8544436291386245 0.3235624342945124 0.4064891582045284
outer loop
vertex -199.81820501708984 204.14539349365236 -33.18280569839477
vertex -205.0999127807617 190.34499371337893 -33.29998127746582
vertex -205.0530377807617 190.321571472168 -33.18280569839477
endloop
endfacet
facet normal -0.8388459287517538 0.3176564409899266 0.4420767957201787
outer loop
vertex -199.76840032958984 204.12197125244143 -33.07148854064941
vertex -205.0530377807617 190.321571472168 -33.18280569839477
vertex -205.00324835205078 190.298133972168 -33.07148854064941
endloop
endfacet
facet normal -0.8273890508933208 0.3132506190358688 0.4661559912041188
outer loop
vertex -205.00324835205078 190.298133972168 -33.07148854064941
vertex -204.95051397705078 190.271766784668 -32.96017090606689
vertex -199.7156812133789 204.09853375244143 -32.96017090606689
endloop
endfacet
facet normal -0.8305791710761189 0.3145259628749813 0.4595776966434217
outer loop
vertex -199.76840032958984 204.12197125244143 -33.07148854064941
vertex -205.00324835205078 190.298133972168 -33.07148854064941
vertex -199.7156812133789 204.09853375244143 -32.96017090606689
endloop
endfacet
facet normal -0.7929326563603123 0.3001009574909142 0.5302803200104784
outer loop
vertex -199.6600171508789 204.0692521362305 -32.857641857147215
vertex -204.95051397705078 190.271766784668 -32.96017090606689
vertex -204.89192022705078 190.24541485595705 -32.857641857147215
endloop
endfacet
facet normal -0.7988027901005578 0.3024278218528682 0.5200495313880152
outer loop
vertex -199.7156812133789 204.09853375244143 -32.96017090606689
vertex -204.95051397705078 190.271766784668 -32.96017090606689
vertex -199.6600171508789 204.0692521362305 -32.857641857147215
endloop
endfacet
facet normal -0.7469603297927515 0.2826419260792948 0.6018004713674545
outer loop
vertex -199.6014234008789 204.0428849487305 -32.75804201889038
vertex -204.83332647705078 190.21611798095705 -32.75804201889038
vertex -199.53698553466796 204.0135880737305 -32.66430155563354
endloop
endfacet
facet normal -0.7573906980570061 0.28674883108177995 0.5866297285084975
outer loop
vertex -204.83332647705078 190.21611798095705 -32.75804201889038
vertex -204.77181829833984 190.186805847168 -32.66430155563354
vertex -199.53698553466796 204.0135880737305 -32.66430155563354
endloop
endfacet
facet normal 1.0 0.0 -0.0
outer loop
vertex -188.60445989990234 188.9945451049805 -37.36305917429924
vertex -188.60445989990234 189.0765763549805 -37.28103594112396
vertex -188.60445989990234 186.6568986206055 -37.28103594112396
endloop
endfacet
facet normal 0.9999999999999999 0.0 -0.0
outer loop
vertex -188.60445989990234 187.37166607666018 -37.770245756983755
vertex -188.60445989990234 188.35886395263674 -37.770245756983755
vertex -188.60445989990234 187.27793133544924 -37.73216354477405
endloop
endfacet
facet normal 1.0 -0.0 -0.0
outer loop
vertex -188.60445989990234 187.27793133544924 -37.73216354477405
vertex -188.60445989990234 188.35886395263674 -37.770245756983755
vertex -188.60445989990234 187.18123638916018 -37.6882225536108
endloop
endfacet
facet normal 0.6694582151409323 -0.2534577900023281 0.6982727596487299
outer loop
vertex -197.6240827026367 203.10254681396486 -32.41530243682861
vertex -202.8589154663086 189.27577984619143 -32.41530243682861
vertex -197.55378546142578 203.07032025146486 -32.49439636993408
endloop
endfacet
facet normal 0.6694582151409323 -0.2534577900023281 0.6982727596487299
outer loop
vertex -202.78861822509765 189.24355328369143 -32.49439636993408
vertex -197.55378546142578 203.07032025146486 -32.49439636993408
vertex -202.8589154663086 189.27577984619143 -32.41530243682861
endloop
endfacet
facet normal -0.6133116169734143 0.23207040386669162 0.7549782699751079
outer loop
vertex -204.57263006591796 190.09307110595705 -32.41530243682861
vertex -204.49938787841796 190.05791485595705 -32.344997089385984
vertex -199.2674848022461 203.88469708251955 -32.344997089385984
endloop
endfacet
facet normal -0.49422405294153504 0.1871142369786806 0.848958684397497
outer loop
vertex -204.35291876220703 189.98760235595705 -32.22196213531494
vertex -199.04191412353515 203.77629864501955 -32.16923300552368
vertex -199.1180707397461 203.81438458251955 -32.22196213531494
endloop
endfacet
facet normal -0.3733802023386244 0.14128298234453254 0.9168567736573704
outer loop
vertex -204.1185590209961 189.87630474853518 -32.08720986175537
vertex -198.8866559448242 203.70308697509768 -32.08720986175537
vertex -204.1976605834961 189.91439068603518 -32.1252919845581
endloop
endfacet
facet normal -0.3233390026625349 0.12234794003094915 0.9383404877374633
outer loop
vertex -204.0394574584961 189.83821881103518 -32.054986637115476
vertex -198.8075543823242 203.66500103759768 -32.054986637115476
vertex -204.1185590209961 189.87630474853518 -32.08720986175537
endloop
endfacet
facet normal -0.17887091361113377 0.06772077096705921 0.9815391451407048
outer loop
vertex -203.87833990478515 189.76206219482424 -32.01397482681274
vertex -198.64350714111328 203.58882916259768 -32.01397482681274
vertex -203.96037115478515 189.80014813232424 -32.03155152130127
endloop
endfacet
facet normal -0.17887091361113377 0.06772077096705921 0.9815391451407048
outer loop
vertex -198.72553839111328 203.62691510009768 -32.03155152130127
vertex -203.96037115478515 189.80014813232424 -32.03155152130127
vertex -198.64350714111328 203.58882916259768 -32.01397482681274
endloop
endfacet
facet normal -0.1191439487268921 0.04510806089684266 0.9918517945358019
outer loop
vertex -198.64350714111328 203.58882916259768 -32.01397482681274
vertex -203.87833990478515 189.76206219482424 -32.01397482681274
vertex -198.56149114990234 203.54781353759768 -32.00225750732422
endloop
endfacet
facet normal -0.12048789470962856 0.045626548263257245 0.991665712486835
outer loop
vertex -203.87833990478515 189.76206219482424 -32.01397482681274
vertex -203.7963239135742 189.72397625732424 -32.00225750732422
vertex -198.56149114990234 203.54781353759768 -32.00225750732422
endloop
endfacet
facet normal -0.03130795442935011 0.011855746149745343 0.9994394695391424
outer loop
vertex -198.48238958740234 203.50972760009768 -31.999327819824217
vertex -198.56149114990234 203.54781353759768 -32.00225750732422
vertex -203.7963239135742 189.72397625732424 -32.00225750732422
endloop
endfacet
facet normal -0.7863419050179541 0.2976065580326991 0.5413841011967977
outer loop
vertex -199.6014234008789 204.0428849487305 -32.75804201889038
vertex -199.6600171508789 204.0692521362305 -32.857641857147215
vertex -204.89192022705078 190.24541485595705 -32.857641857147215
endloop
endfacet
facet normal -0.6926560497309023 0.2621498824112318 0.6719412443978707
outer loop
vertex -199.40809454345703 203.94910443115236 -32.49439636993408
vertex -204.70736517333984 190.1575394897461 -32.57641951370239
vertex -204.6399976196289 190.12529766845705 -32.49439636993408
endloop
endfacet
facet normal -0.629888232344596 0.23852751308964293 0.7391518384290676
outer loop
vertex -199.2674848022461 203.88469708251955 -32.344997089385984
vertex -199.33778204345703 203.91692364501955 -32.41530243682861
vertex -204.57263006591796 190.09307110595705 -32.41530243682861
endloop
endfacet
facet normal -0.5484083654620311 0.20762852848906638 0.8100238631353573
outer loop
vertex -204.42614569091796 190.02275860595705 -32.28055016326904
vertex -204.35291876220703 189.98760235595705 -32.22196213531494
vertex -199.1180707397461 203.81438458251955 -32.22196213531494
endloop
endfacet
facet normal -0.4985875231580851 0.1888061274030852 0.8460276165741494
outer loop
vertex -204.35291876220703 189.98760235595705 -32.22196213531494
vertex -204.27674688720703 189.95247662353518 -32.16923300552368
vertex -199.04191412353515 203.77629864501955 -32.16923300552368
endloop
endfacet
facet normal 0.8514259974434257 -0.1981695092947772 0.4855951157737634
outer loop
vertex -190.8191968383789 185.83960736083986 -34.78518716621399
vertex -195.32743658447265 168.69541180419924 -33.87707320976257
vertex -190.7380200805664 185.83664715576174 -34.92872778701782
endloop
endfacet
facet normal 0.8514737421306539 -0.19818788944889915 0.4855038897246981
outer loop
vertex -190.7380200805664 185.83664715576174 -34.92872778701782
vertex -195.32743658447265 168.69541180419924 -33.87707320976257
vertex -190.65548529052734 185.83960736083986 -35.07226840782165
endloop
endfacet
facet normal 0.8514595061014335 -0.19818012083718178 0.4855320269296999
outer loop
vertex -190.48768438720703 185.8571702270508 -35.35934964942932
vertex -190.57226385498046 185.8454514770508 -35.215809028625486
vertex -193.52535833740234 166.6842423706055 -37.858127754211424
endloop
endfacet
facet normal 0.8514545944355696 -0.19818071706666782 0.4855403968749675
outer loop
vertex -195.32743658447265 166.6842423706055 -34.697962682724
vertex -193.52535833740234 166.6842423706055 -37.858127754211424
vertex -195.32743658447265 168.69541180419924 -33.87707320976257
endloop
endfacet
facet normal 0.03036716619138588 -0.011493084760498212 0.999472733104907
outer loop
vertex -203.71430792236328 189.68589031982424 -31.999327819824217
vertex -198.4003735961914 203.47165692138674 -32.00225750732422
vertex -198.48238958740234 203.50972760009768 -31.999327819824217
endloop
endfacet
facet normal 0.030016861805356877 -0.011358052006834566 0.9994848586456765
outer loop
vertex -203.71430792236328 189.68589031982424 -31.999327819824217
vertex -203.63227667236328 189.64487469482424 -32.00225750732422
vertex -198.4003735961914 203.47165692138674 -32.00225750732422
endloop
endfacet
facet normal 0.1204979203497983 -0.045604890317032194 0.9916654905614821
outer loop
vertex -203.63227667236328 189.64487469482424 -32.00225750732422
vertex -203.55026068115234 189.60678875732424 -32.01397482681274
vertex -198.3183423461914 203.43064129638674 -32.01397482681274
endloop
endfacet
facet normal 0.11913621332286761 -0.045079839311415966 0.9918540067785909
outer loop
vertex -198.4003735961914 203.47165692138674 -32.00225750732422
vertex -203.63227667236328 189.64487469482424 -32.00225750732422
vertex -198.3183423461914 203.43064129638674 -32.01397482681274
endloop
endfacet
facet normal 0.18426494941390525 -0.06977774512470043 0.9803966007197308
outer loop
vertex -203.47115911865234 189.5687180786133 -32.03155152130127
vertex -198.23632635498046 203.39255535888674 -32.03155152130127
vertex -203.55026068115234 189.60678875732424 -32.01397482681274
endloop
endfacet
facet normal 0.17890738228661304 -0.06771113993007594 0.9815331630121936
outer loop
vertex -198.23632635498046 203.39255535888674 -32.03155152130127
vertex -198.3183423461914 203.43064129638674 -32.01397482681274
vertex -203.55026068115234 189.60678875732424 -32.01397482681274
endloop
endfacet
facet normal 0.23521485500231873 -0.08902194720549168 0.967857977650637
outer loop
vertex -203.47115911865234 189.5687180786133 -32.03155152130127
vertex -203.3891431274414 189.5306321411133 -32.054986637115476
vertex -198.15722479248046 203.35446942138674 -32.054986637115476
endloop
endfacet
facet normal 0.5483282428944228 -0.20764204332848726 0.8100746384665337
outer loop
vertex -197.76762213134765 203.1699143676758 -32.28055016326904
vertex -203.07569708251953 189.38124859619143 -32.22196213531494
vertex -203.00245489501953 189.34609234619143 -32.28055016326904
endloop
endfacet
facet normal 0.5363897092422389 -0.20300745810022142 0.8191910960055128
outer loop
vertex -197.84379400634765 203.2050706176758 -32.22196213531494
vertex -203.07569708251953 189.38124859619143 -32.22196213531494
vertex -197.76762213134765 203.1699143676758 -32.28055016326904
endloop
endfacet
facet normal 0.5825253536127124 -0.2205918740867824 0.7823064856469397
outer loop
vertex -197.76762213134765 203.1699143676758 -32.28055016326904
vertex -203.00245489501953 189.34609234619143 -32.28055016326904
vertex -197.69437994384765 203.13477337646486 -32.344997089385984
endloop
endfacet
facet normal 0.6298881365976284 -0.23852774011923827 0.739151846758957
outer loop
vertex -197.6240827026367 203.10254681396486 -32.41530243682861
vertex -197.69437994384765 203.13477337646486 -32.344997089385984
vertex -202.9292279663086 189.31093609619143 -32.344997089385984
endloop
endfacet
facet normal 0.6252365958449831 -0.23671542484259064 0.7436699582864492
outer loop
vertex -197.6240827026367 203.10254681396486 -32.41530243682861
vertex -202.9292279663086 189.31093609619143 -32.344997089385984
vertex -202.8589154663086 189.27577984619143 -32.41530243682861
endloop
endfacet
facet normal -0.9320024095491878 0.35273182522078134 0.08337726351304828
outer loop
vertex -201.0496198120117 201.86753094482424 -34.523315113067625
vertex -200.1287213745117 204.29480755615236 -34.4981061630249
vertex -201.03332342529296 201.93856060791018 -34.641646545410154
endloop
endfacet
facet normal 0.13959744300229424 0.8404110712447825 0.523661899737243
outer loop
vertex -201.03332342529296 201.93856060791018 -34.641646545410154
vertex -201.00800909423828 202.0237962036133 -34.78518716621399
vertex -216.83617987060546 204.0871049194336 -33.87707320976257
endloop
endfacet
facet normal -0.9293840631056436 0.35186601095414055 0.11151490295232246
outer loop
vertex -200.1140729370117 204.28894818115236 -34.35749475288391
vertex -201.0534039916992 201.8524552612305 -34.4981061630249
vertex -201.06873907470703 201.76738751220705 -34.35749475288391
endloop
endfacet
facet normal -0.8515628444312799 -0.19811956189488794 0.4853754847318569
outer loop
vertex -199.91483892822265 185.83664715576174 -34.92872778701782
vertex -199.9973432006836 185.83960736083986 -35.07226840782165
vertex -195.32743658447265 168.69541180419924 -33.87707320976257
endloop
endfacet
facet normal -0.8515878481020355 -0.19812657645410742 0.4853287511239358
outer loop
vertex -199.59809698486328 185.87473309326174 -34.35749475288391
vertex -199.67414678955078 185.8571702270508 -34.4981061630249
vertex -195.32743658447265 168.69541180419924 -33.87707320976257
endloop
endfacet
facet normal -0.8515457964807054 -0.19811447289310882 0.48540747020037395
outer loop
vertex -199.37939276123046 185.95383465576174 -33.941519897460935
vertex -199.45106329345703 185.9245530395508 -34.079201858520506
vertex -195.32743658447265 168.69541180419924 -33.87707320976257
endloop
endfacet
facet normal -0.8515576963686009 -0.19811744485237018 0.48538538070338455
outer loop
vertex -195.32743658447265 168.69541180419924 -33.87707320976257
vertex -197.1287213745117 166.6842423706055 -37.858127754211424
vertex -195.32743658447265 166.6842423706055 -34.697962682724
endloop
endfacet
facet normal 0.2420407057299901 -0.09165636073463336 0.9659272272312294
outer loop
vertex -198.23632635498046 203.39255535888674 -32.03155152130127
vertex -203.47115911865234 189.5687180786133 -32.03155152130127
vertex -198.15722479248046 203.35446942138674 -32.054986637115476
endloop
endfacet
facet normal 0.4343635305711577 0.9006587987604934 0.011918537035412975
outer loop
vertex -197.32621588134765 202.95957196044924 -35.490640323638914
vertex -197.32604803466796 202.9601975708008 -35.54403344917297
vertex -198.48238958740234 203.50972760009768 -34.92872778701782
endloop
endfacet
facet normal -0.582565900975697 0.22043656140994564 0.7823200709518666
outer loop
vertex -204.49938787841796 190.05791485595705 -32.344997089385984
vertex -199.1942426147461 203.84954083251955 -32.28055016326904
vertex -199.2674848022461 203.88469708251955 -32.344997089385984
endloop
endfacet
facet normal 0.0 0.0 1.0
outer loop
vertex -191.3062116088867 185.9720383911133 -33.87707320976257
vertex -199.34689154052734 185.9720383911133 -33.87707320976257
vertex -195.32743658447265 168.69541180419924 -33.87707320976257
endloop
endfacet
facet normal -0.0 -0.9999999999999999 0.0
outer loop
vertex -193.52535833740234 166.6842423706055 -37.858127754211424
vertex -195.32743658447265 166.6842423706055 -34.697962682724
vertex -197.1287213745117 166.6842423706055 -37.858127754211424
endloop
endfacet
facet normal 0.8514241464775328 -0.19817210846649266 0.4855973004671148
outer loop
vertex -191.2020093383789 185.9245530395508 -34.079201858520506
vertex -195.32743658447265 168.69541180419924 -33.87707320976257
vertex -191.1296216430664 185.8981858520508 -34.2168835811615
endloop
endfacet
facet normal 0.851460079246695 -0.19818220277181547 0.48553017203230797
outer loop
vertex -191.1296216430664 185.8981858520508 -34.2168835811615
vertex -195.32743658447265 168.69541180419924 -33.87707320976257
vertex -191.05489935302734 185.87473309326174 -34.35749475288391
endloop
endfacet
facet normal 0.8514545330862328 -0.19818053237322997 0.48554057984391863
outer loop
vertex -191.05489935302734 185.87473309326174 -34.35749475288391
vertex -195.32743658447265 168.69541180419924 -33.87707320976257
vertex -190.97880377197265 185.8571702270508 -34.4981061630249
endloop
endfacet
facet normal 0.8514768164605219 -0.19818769877881223 0.48549857577856353
outer loop
vertex -190.97880377197265 185.8571702270508 -34.4981061630249
vertex -195.32743658447265 168.69541180419924 -33.87707320976257
vertex -190.8996869506836 185.8454514770508 -34.641646545410154
endloop
endfacet
facet normal -0.9090211528488125 0.344234172852956 0.23491142567711995
outer loop
vertex -200.0496198120117 204.25672161865236 -33.941519897460935
vertex -201.0891705932617 201.51157391357424 -33.941519897460935
vertex -200.02033819580078 204.24208843994143 -33.806767623901365
endloop
endfacet
facet normal 0.13960214884756525 0.8404367042741163 0.5236195051237146
outer loop
vertex -201.0891705932617 201.51157391357424 -33.941519897460935
vertex -201.08830084228515 201.52837384033205 -33.96871654319763
vertex -216.83617987060546 204.0871049194336 -33.87707320976257
endloop
endfacet
facet normal 0.13959358028901908 0.8403820640011931 0.52370947943224
outer loop
vertex -216.83617987060546 204.0871049194336 -33.87707320976257
vertex -201.0877973022461 201.4711838989258 -33.87707320976257
vertex -201.0891705932617 201.51157391357424 -33.941519897460935
endloop
endfacet
facet normal -0.8966770814954912 0.3392935433968008 0.28434152515939615
outer loop
vertex -205.25517095947265 190.41823590087893 -33.806767623901365
vertex -205.22001470947265 190.400673034668 -33.67494456100464
vertex -199.98811163330078 204.22742474365236 -33.67494456100464
endloop
endfacet
facet normal 0.13959670360929816 0.8403982282975199 0.5236827075776012
outer loop
vertex -201.0496198120117 201.86753094482424 -34.523315113067625
vertex -201.03332342529296 201.93856060791018 -34.641646545410154
vertex -216.83617987060546 204.0871049194336 -33.87707320976257
endloop
endfacet
facet normal 0.13960151136674084 0.8404631213153646 0.5235772719789854
outer loop
vertex -201.0534039916992 201.8524552612305 -34.4981061630249
vertex -201.0496198120117 201.86753094482424 -34.523315113067625
vertex -216.83617987060546 204.0871049194336 -33.87707320976257
endloop
endfacet
facet normal -0.9201876135774686 0.348260067260563 0.17880067497152058
outer loop
vertex -201.08601202392578 201.61333477783205 -34.10566274452209
vertex -201.08704962158203 201.59700787353518 -34.079201858520506
vertex -200.07600225830078 204.26844036865236 -34.079201858520506
endloop
endfacet
facet normal 0.1395982551646028 0.840419257784464 0.5236485446365811
outer loop
vertex -201.08028997802734 201.68169415283205 -34.2168835811615
vertex -201.06873907470703 201.76738751220705 -34.35749475288391
vertex -216.83617987060546 204.0871049194336 -33.87707320976257
endloop
endfacet
facet normal -0.9220837291197478 0.3491046446220455 0.16699563945185739
outer loop
vertex -200.0964948120117 204.28017437744143 -34.2168835811615
vertex -201.08028997802734 201.68169415283205 -34.2168835811615
vertex -200.07600225830078 204.26844036865236 -34.079201858520506
endloop
endfacet
facet normal 0.13959752570000653 0.840411770658174 0.523660755220046
outer loop
vertex -201.06873907470703 201.76738751220705 -34.35749475288391
vertex -201.0534039916992 201.8524552612305 -34.4981061630249
vertex -216.83617987060546 204.0871049194336 -33.87707320976257
endloop
endfacet
facet normal -0.9189467494269279 0.34799286374527666 0.18557434763469893
outer loop
vertex -200.0496198120117 204.25672161865236 -33.941519897460935
vertex -201.08830084228515 201.52837384033205 -33.96871654319763
vertex -201.0891705932617 201.51157391357424 -33.941519897460935
endloop
endfacet
facet normal 0.13959911852447043 0.8404168857695765 0.5236521213750185
outer loop
vertex -201.08830084228515 201.52837384033205 -33.96871654319763
vertex -201.08704962158203 201.59700787353518 -34.079201858520506
vertex -216.83617987060546 204.0871049194336 -33.87707320976257
endloop
endfacet
facet normal 0.13959418956175726 0.8403846219207013 0.5237052123855519
outer loop
vertex -201.08601202392578 201.61333477783205 -34.10566274452209
vertex -201.08028997802734 201.68169415283205 -34.2168835811615
vertex -216.83617987060546 204.0871049194336 -33.87707320976257
endloop
endfacet
facet normal 0.3146779673220263 -0.11909641248379789 0.9416973088076479
outer loop
vertex -198.15722479248046 203.35446942138674 -32.054986637115476
vertex -203.3891431274414 189.5306321411133 -32.054986637115476
vertex -198.07520880126953 203.31638348388674 -32.08720986175537
endloop
endfacet
facet normal -0.9343010693980394 0.3536071908007559 0.04520471585662261
outer loop
vertex -201.03332342529296 201.93856060791018 -34.641646545410154
vertex -200.1404401245117 204.29773724365236 -34.641646545410154
vertex -201.00800909423828 202.0237962036133 -34.78518716621399
endloop
endfacet
facet normal 0.13958563391938836 0.8400983645323408 0.5241665658103432
outer loop
vertex -201.00800909423828 202.0237962036133 -34.78518716621399
vertex -201.00324835205078 202.0376664428711 -34.80868522453308
vertex -216.83617987060546 204.0871049194336 -33.87707320976257
endloop
endfacet
facet normal 0.4323614954195091 0.9017002109089696 -0.0005166481641223449
outer loop
vertex -198.48238958740234 203.50972760009768 -34.92872778701782
vertex -199.1942426147461 203.84954083251955 -37.576905351161955
vertex -199.2674848022461 203.88469708251955 -37.5124585442543
endloop
endfacet
facet normal 0.41965656875185714 0.9076590071495991 0.006594773962882053
outer loop
vertex -198.48238958740234 203.50972760009768 -34.92872778701782
vertex -199.6014234008789 204.0428849487305 -37.09941313791275
vertex -199.6600171508789 204.0692521362305 -36.99981353807449
endloop
endfacet
facet normal -0.6694979406121753 0.253385221242533 0.6982610093453083
outer loop
vertex -199.33778204345703 203.91692364501955 -32.41530243682861
vertex -199.40809454345703 203.94910443115236 -32.49439636993408
vertex -204.6399976196289 190.12529766845705 -32.49439636993408
endloop
endfacet
facet normal -0.6811229677677753 0.25792919960600735 0.6852328296059835
outer loop
vertex -204.6399976196289 190.12529766845705 -32.49439636993408
vertex -204.57263006591796 190.09307110595705 -32.41530243682861
vertex -199.33778204345703 203.91692364501955 -32.41530243682861
endloop
endfacet
facet normal -0.7246872857302501 0.27436728839695423 0.6321004105034465
outer loop
vertex -199.53698553466796 204.0135880737305 -32.66430155563354
vertex -204.77181829833984 190.186805847168 -32.66430155563354
vertex -199.47253240966796 203.9813615112305 -32.57641951370239
endloop
endfacet
facet normal -0.7289057878626959 0.27602351173239276 0.6265040888862422
outer loop
vertex -204.77181829833984 190.186805847168 -32.66430155563354
vertex -204.70736517333984 190.1575394897461 -32.57641951370239
vertex -199.47253240966796 203.9813615112305 -32.57641951370239
endloop
endfacet
facet normal -0.23522236869228189 0.08900557007265031 0.9678576578003786
outer loop
vertex -198.72553839111328 203.62691510009768 -32.03155152130127
vertex -198.8075543823242 203.66500103759768 -32.054986637115476
vertex -204.0394574584961 189.83821881103518 -32.054986637115476
endloop
endfacet
facet normal -0.24209932330758926 0.0916591328014146 0.9659122739814936
outer loop
vertex -204.0394574584961 189.83821881103518 -32.054986637115476
vertex -203.96037115478515 189.80014813232424 -32.03155152130127
vertex -198.72553839111328 203.62691510009768 -32.03155152130127
endloop
endfacet
facet normal -0.879325569138157 0.3329144584239693 0.3405209344990868
outer loop
vertex -205.1848737182617 190.38307965087893 -33.54898039627075
vertex -199.90901007080078 204.18935406494143 -33.42301623153686
vertex -199.95002569580078 204.20986187744143 -33.54898039627075
endloop
endfacet
facet normal -0.8816147253914626 0.33385224436732175 0.33361378104604394
outer loop
vertex -205.1848737182617 190.38307965087893 -33.54898039627075
vertex -205.1438580932617 190.365516784668 -33.42301623153686
vertex -199.90901007080078 204.18935406494143 -33.42301623153686
endloop
endfacet
facet normal -0.7826342633620517 0.29614056702807096 0.5475256837555946
outer loop
vertex -204.89192022705078 190.24541485595705 -32.857641857147215
vertex -204.83332647705078 190.21611798095705 -32.75804201889038
vertex -199.6014234008789 204.0428849487305 -32.75804201889038
endloop
endfacet
facet normal -0.9033108998307081 0.3420668356273136 0.25888162972863277
outer loop
vertex -199.98811163330078 204.22742474365236 -33.67494456100464
vertex -200.02033819580078 204.24208843994143 -33.806767623901365
vertex -205.25517095947265 190.41823590087893 -33.806767623901365
endloop
endfacet
facet normal 0.4281742865901808 0.9036950549512404 0.0014240644875332875
outer loop
vertex -198.48238958740234 203.50972760009768 -34.92872778701782
vertex -199.76840032958984 204.12197125244143 -36.7859673910141
vertex -199.81820501708984 204.14539349365236 -36.674650114059446
endloop
endfacet
facet normal 0.13957633758571153 0.8402506632595533 0.5239248694975648
outer loop
vertex -201.08704962158203 201.59700787353518 -34.079201858520506
vertex -201.08601202392578 201.61333477783205 -34.10566274452209
vertex -216.83617987060546 204.0871049194336 -33.87707320976257
endloop
endfacet
facet normal -0.9090025427737717 0.3442221536816171 0.23500103435007844
outer loop
vertex -205.25517095947265 190.41823590087893 -33.806767623901365
vertex -200.02033819580078 204.24208843994143 -33.806767623901365
vertex -204.21845831298828 193.2039262084961 -33.87707320976257
endloop
endfacet
facet normal -0.908983240776527 0.3442103752422585 0.23509292963206302
outer loop
vertex -200.02033819580078 204.24208843994143 -33.806767623901365
vertex -201.0891705932617 201.51157391357424 -33.941519897460935
vertex -201.0877973022461 201.4711838989258 -33.87707320976257
endloop
endfacet
facet normal 0.4200985435900991 0.907476189747394 -0.002044190556021737
outer loop
vertex -198.48238958740234 203.50972760009768 -34.92872778701782
vertex -197.9199506225586 203.24314129638674 -37.6882225536108
vertex -197.99610723876953 203.27829754638674 -37.73216354477405
endloop
endfacet
facet normal -0.9320075058386089 0.35273914024003494 0.08328930305397018
outer loop
vertex -200.1404401245117 204.29773724365236 -34.641646545410154
vertex -201.03332342529296 201.93856060791018 -34.641646545410154
vertex -200.1287213745117 204.29480755615236 -34.4981061630249
endloop
endfacet
facet normal -0.9328444938007916 0.3531779955537727 0.0711790267014394
outer loop
vertex -200.1287213745117 204.29480755615236 -34.4981061630249
vertex -201.0496198120117 201.86753094482424 -34.523315113067625
vertex -201.0534039916992 201.8524552612305 -34.4981061630249
endloop
endfacet
facet normal -0.929386786089492 0.35186889603418187 0.1114831011675364
outer loop
vertex -200.1140729370117 204.28894818115236 -34.35749475288391
vertex -200.1287213745117 204.29480755615236 -34.4981061630249
vertex -201.0534039916992 201.8524552612305 -34.4981061630249
endloop
endfacet
facet normal -0.9263105244947804 0.3507023652521644 0.13768319874531731
outer loop
vertex -200.1140729370117 204.28894818115236 -34.35749475288391
vertex -201.06873907470703 201.76738751220705 -34.35749475288391
vertex -200.0964948120117 204.28017437744143 -34.2168835811615
endloop
endfacet
facet normal -0.9220658794631458 0.34909094731130924 0.16712278251377957
outer loop
vertex -201.08601202392578 201.61333477783205 -34.10566274452209
vertex -200.07600225830078 204.26844036865236 -34.079201858520506
vertex -201.08028997802734 201.68169415283205 -34.2168835811615
endloop
endfacet
facet normal -0.9350834784368777 0.35389378742211536 0.019444165665307857
outer loop
vertex -201.00324835205078 202.0376664428711 -34.80868522453308
vertex -201.00800909423828 202.0237962036133 -34.78518716621399
vertex -200.1462994995117 204.30066693115236 -34.78518716621399
endloop
endfacet
facet normal -0.9263155290241771 0.3507068212520981 0.1376381713621178
outer loop
vertex -201.08028997802734 201.68169415283205 -34.2168835811615
vertex -200.0964948120117 204.28017437744143 -34.2168835811615
vertex -201.06873907470703 201.76738751220705 -34.35749475288391
endloop
endfacet
facet normal -0.43477823623022904 0.1646426981201167 0.8853590612041305
outer loop
vertex -198.96574224853515 203.7411576538086 -32.1252919845581
vertex -199.04191412353515 203.77629864501955 -32.16923300552368
vertex -204.27674688720703 189.95247662353518 -32.16923300552368
endloop
endfacet
facet normal 0.32334765160622786 -0.12244616167420402 0.9383246952372042
outer loop
vertex -203.3891431274414 189.5306321411133 -32.054986637115476
vertex -203.31005682373046 189.4925462036133 -32.08720986175537
vertex -198.07520880126953 203.31638348388674 -32.08720986175537
endloop
endfacet
facet normal 0.3733368838500845 -0.1413762190996859 0.9168600415713328
outer loop
vertex -203.31005682373046 189.4925462036133 -32.08720986175537
vertex -197.99610723876953 203.27829754638674 -32.1252919845581
vertex -198.07520880126953 203.31638348388674 -32.08720986175537
endloop
endfacet
facet normal 0.4215913856001185 0.9067850057621896 -0.0012872111862753076
outer loop
vertex -198.48238958740234 203.50972760009768 -34.92872778701782
vertex -198.07520880126953 203.31638348388674 -37.770245756983755
vertex -198.15722479248046 203.35446942138674 -37.80246915671229
endloop
endfacet
facet normal 0.421036933625797 0.9070434942840317 0.0
outer loop
vertex -198.48238958740234 203.50972760009768 -34.92872778701782
vertex -198.4003735961914 203.47165692138674 -37.85519835402444
vertex -198.48238958740234 203.50972760009768 -37.85812775421153
endloop
endfacet
facet normal 0.44722888239150593 0.894419435083045 -0.00044821933414501745
outer loop
vertex -198.48238958740234 203.50972760009768 -34.92872778701782
vertex -198.56149114990234 203.54781353759768 -37.85519835402444
vertex -198.64350714111328 203.58882916259768 -37.84348075467348
endloop
endfacet
facet normal 0.42134383149841065 0.9069000109011535 0.001321319691263071
outer loop
vertex -198.48238958740234 203.50972760009768 -34.92872778701782
vertex -198.64350714111328 203.58882916259768 -37.84348075467348
vertex -198.72553839111328 203.62691510009768 -37.82590435448289
endloop
endfacet
facet normal 0.42108245513824943 0.9070167265093632 0.0031974688400811285
outer loop
vertex -198.48238958740234 203.50972760009768 -34.92872778701782
vertex -199.1180707397461 203.81438458251955 -37.635493364214895
vertex -199.1942426147461 203.84954083251955 -37.576905351161955
endloop
endfacet
facet normal 0.42683701157649967 0.904319392134375 -0.004074623682947601
outer loop
vertex -197.32661260986328 202.96041119384768 -35.77029935646057
vertex -197.32719244384765 202.96028912353518 -35.85813204574585
vertex -198.48238958740234 203.50972760009768 -34.92872778701782
endloop
endfacet
facet normal 0.4203939566240722 0.9073246325221888 -0.005561695104262337
outer loop
vertex -198.48238958740234 203.50972760009768 -34.92872778701782
vertex -197.36044134521484 202.97658551025393 -37.09941313791275
vertex -197.42487921142578 203.00586712646486 -37.19315395879745
endloop
endfacet
facet normal -0.7863597397774822 0.0 0.6177688561728328
outer loop
vertex -199.40809454345703 203.94915020751955 -32.49439636993408
vertex -199.47253240966796 203.9813615112305 -32.57641951370239
vertex -199.40809454345703 203.94910443115236 -32.49439636993408
endloop
endfacet
facet normal -0.7473774979204834 0.0 0.6643996354620598
outer loop
vertex -199.40809454345703 203.94915020751955 -32.49439636993408
vertex -199.40809454345703 203.94910443115236 -32.49439636993408
vertex -199.33778204345703 203.91692364501955 -32.41530243682861
endloop
endfacet
facet normal -0.0 0.0 1.0
outer loop
vertex -199.86800970458984 204.16884625244143 -33.29998127746582
vertex -205.0999127807617 190.34499371337893 -33.29998127746582
vertex -199.86799444580078 204.16884625244143 -33.29998127746582
endloop
endfacet
facet normal -0.3734505851413319 0.1413101825001294 0.9168239159071806
outer loop
vertex -204.1976605834961 189.91439068603518 -32.1252919845581
vertex -198.8866559448242 203.70308697509768 -32.08720986175537
vertex -198.96574224853515 203.7411576538086 -32.1252919845581
endloop
endfacet
facet normal -0.704165056132402 0.26665464161400765 0.6580629725396777
outer loop
vertex -204.70736517333984 190.1575394897461 -32.57641951370239
vertex -199.40809454345703 203.94910443115236 -32.49439636993408
vertex -199.47253240966796 203.9813615112305 -32.57641951370239
endloop
endfacet
facet normal 0.0 0.9863913406823831 0.1644144854531105
outer loop
vertex -199.86799444580078 204.16884625244143 -33.29998127746582
vertex -199.90901007080078 204.18935406494143 -33.42301623153686
vertex -199.86800970458984 204.16884625244143 -33.29998127746582
endloop
endfacet
facet normal -0.9154235053220201 0.34645936965817237 0.20485534183908263
outer loop
vertex -201.08830084228515 201.52837384033205 -33.96871654319763
vertex -200.0496198120117 204.25672161865236 -33.941519897460935
vertex -201.08704962158203 201.59700787353518 -34.079201858520506
endloop
endfacet
facet normal -0.9342978358074117 0.3535964513530761 0.045355303946711584
outer loop
vertex -201.00800909423828 202.0237962036133 -34.78518716621399
vertex -200.1404401245117 204.29773724365236 -34.641646545410154
vertex -200.1462994995117 204.30066693115236 -34.78518716621399
endloop
endfacet
facet normal -0.9351923332877722 0.35406648622234527 0.007226554776240927
outer loop
vertex -200.1462994995117 204.30359661865236 -34.92872778701782
vertex -200.97749151611328 202.10817730712893 -34.92872778701782
vertex -200.1462994995117 204.30066693115236 -34.78518716621399
endloop
endfacet
facet normal -0.9154157128687743 0.34645406331392253 0.20489913285864966
outer loop
vertex -200.07600225830078 204.26844036865236 -34.079201858520506
vertex -201.08704962158203 201.59700787353518 -34.079201858520506
vertex -200.0496198120117 204.25672161865236 -33.941519897460935
endloop
endfacet
facet normal -0.9351935800343171 0.35406147302591057 0.007310347551231995
outer loop
vertex -201.00324835205078 202.0376664428711 -34.80868522453308
vertex -200.1462994995117 204.30066693115236 -34.78518716621399
vertex -200.97749151611328 202.10817730712893 -34.92872778701782
endloop
endfacet
facet normal 0.4200475675126008 0.9074950480852054 -0.003574734616401257
outer loop
vertex -198.48238958740234 203.50972760009768 -34.92872778701782
vertex -197.55378546142578 203.07032025146486 -37.36305917429924
vertex -197.6240827026367 203.10254681396486 -37.442152958393095
endloop
endfacet
facet normal 0.41977298933648727 0.9076216329783604 -0.0036890070755709365
outer loop
vertex -198.48238958740234 203.50972760009768 -34.92872778701782
vertex -197.6240827026367 203.10254681396486 -37.442152958393095
vertex -197.69437994384765 203.13477337646486 -37.5124585442543
endloop
endfacet
facet normal 0.42084006684752967 0.9071304862819285 -0.002814070659874541
outer loop
vertex -198.48238958740234 203.50972760009768 -34.92872778701782
vertex -197.76762213134765 203.1699143676758 -37.576905351161955
vertex -197.84379400634765 203.2050706176758 -37.635493364214895
endloop
endfacet
facet normal 0.4299184702588391 0.9026831414995447 0.018255272740028135
outer loop
vertex -198.48238958740234 203.50972760009768 -34.92872778701782
vertex -197.32862677001953 202.96022808837893 -34.92872778701782
vertex -197.3257428588867 202.96086895751955 -35.02833453941345
endloop
endfacet
facet normal 0.42882598788010945 0.9033855132780099 0.0016989755958137609
outer loop
vertex -197.3257428588867 202.96086895751955 -35.02833453941345
vertex -197.32560552978515 202.96082318115236 -35.038656394958494
vertex -198.48238958740234 203.50972760009768 -34.92872778701782
endloop
endfacet
facet normal 0.4275166009910384 0.9040023154462661 -0.003060971228046308
outer loop
vertex -197.32716192626953 202.9601517944336 -35.888814490318296
vertex -197.3269635620117 202.9597092895508 -35.99179534244537
vertex -198.48238958740234 203.50972760009768 -34.92872778701782
endloop
endfacet
facet normal 1.0 0.0 0.0
outer loop
vertex -188.60445989990234 189.47177899169924 -36.719694178581236
vertex -188.60445989990234 189.4713822631836 -36.67059401798248
vertex -188.60445989990234 186.2965775756836 -36.7859673910141
endloop
endfacet
facet normal 1.0 -0.0 0.0
outer loop
vertex -188.60445989990234 186.17940533447268 -36.55747417736053
vertex -188.60445989990234 186.2350541381836 -36.674650114059446
vertex -188.60445989990234 189.47042095947268 -35.88456491756439
endloop
endfacet
facet normal 1.0 -0.0 0.0
outer loop
vertex -188.60445989990234 186.2350541381836 -36.674650114059446
vertex -188.60445989990234 186.2965775756836 -36.7859673910141
vertex -188.60445989990234 189.47042095947268 -35.88456491756439
endloop
endfacet
facet normal 1.0 -0.0 0.0
outer loop
vertex -188.60445989990234 189.47226727294924 -35.439705055236814
vertex -188.60445989990234 185.9245530395508 -35.778253953933714
vertex -188.60445989990234 189.47258770751955 -35.52047888565063
endloop
endfacet
facet normal 0.9999999999999999 -0.0 0.0
outer loop
vertex -188.60445989990234 189.47234356689455 -35.36127654838562
vertex -188.60445989990234 185.8981858520508 -35.64057199287414
vertex -188.60445989990234 189.47226727294924 -35.439705055236814
endloop
endfacet
facet normal 1.0 0.0 -0.0
outer loop
vertex -188.60445989990234 189.4710160522461 -35.14106599617004
vertex -188.60445989990234 189.4714280395508 -35.06945387649536
vertex -188.60445989990234 185.83960736083986 -35.07226840782165
endloop
endfacet
facet normal 1.0 0.0 0.0
outer loop
vertex -188.60445989990234 185.8571702270508 -34.4981061630249
vertex -188.60445989990234 185.8454514770508 -34.641646545410154
vertex -188.60445989990234 189.47097027587893 -34.644814889907835
endloop
endfacet
facet normal 0.7041713310053908 -0.2666002228414684 0.6580783067165913
outer loop
vertex -197.55378546142578 203.07032025146486 -32.49439636993408
vertex -202.78861822509765 189.24355328369143 -32.49439636993408
vertex -197.48933233642578 203.03809368896486 -32.57641951370239
endloop
endfacet
facet normal 1.0 0.0 0.0
outer loop
vertex -188.60445989990234 185.8981858520508 -34.2168835811615
vertex -188.60445989990234 185.87473309326174 -34.35749475288391
vertex -188.60445989990234 189.47164166259768 -34.570657413482664
endloop
endfacet
facet normal 1.0 0.0 0.0
outer loop
vertex -188.60445989990234 189.4710160522461 -34.7163895778656
vertex -188.60445989990234 189.47097027587893 -34.644814889907835
vertex -188.60445989990234 185.8454514770508 -34.641646545410154
endloop
endfacet
facet normal 1.0 0.0 0.0
outer loop
vertex -188.60445989990234 189.47214520263674 -34.858639638900755
vertex -188.60445989990234 189.4714280395508 -34.78800169754028
vertex -188.60445989990234 185.83960736083986 -34.78518716621399
endloop
endfacet
facet normal 0.7288807406529272 -0.2758593816318726 0.6266055118421167
outer loop
vertex -202.65678228759765 189.1820451049805 -32.66430155563354
vertex -197.42494024658203 203.00571453857424 -32.66430155563354
vertex -202.7212506713867 189.21132672119143 -32.57641951370239
endloop
endfacet
facet normal 1.0 0.0 -0.0
outer loop
vertex -188.60445989990234 189.47180950927736 -34.92872778701782
vertex -188.60445989990234 189.47214520263674 -34.858639638900755
vertex -188.60445989990234 185.83664715576174 -34.92872778701782
endloop
endfacet
facet normal 0.44061639520813833 0.8976752405567133 0.0060294912913461465
outer loop
vertex -198.48238958740234 203.50972760009768 -34.92872778701782
vertex -197.42487921142578 203.00586712646486 -37.19315395879745
vertex -197.48933233642578 203.03809368896486 -37.28103594112396
endloop
endfacet
facet normal 1.0 -0.0 0.0
outer loop
vertex -188.60445989990234 185.83664715576174 -34.92872778701782
vertex -188.60445989990234 185.83960736083986 -35.07226840782165
vertex -188.60445989990234 189.47214520263674 -34.998815935134886
endloop
endfacet
facet normal 0.7247525165713077 -0.2742395231362691 0.6320810657451688
outer loop
vertex -197.42494024658203 203.00571453857424 -32.664300601959226
vertex -197.48933233642578 203.03809368896486 -32.57641951370239
vertex -202.7212506713867 189.21132672119143 -32.57641951370239
endloop
endfacet
facet normal 1.0 0.0 -0.0
outer loop
vertex -188.60445989990234 186.02999127197268 -36.182510893821714
vertex -188.60445989990234 189.471717956543 -35.60425750541687
vertex -188.60445989990234 185.99190533447268 -36.050688069343565
endloop
endfacet
facet normal 1.0 -0.0 0.0
outer loop
vertex -188.60445989990234 189.47258770751955 -35.52047888565063
vertex -188.60445989990234 185.99190533447268 -36.050688069343565
vertex -188.60445989990234 189.471717956543 -35.60425750541687
endloop
endfacet
facet normal 1.0 0.0 0.0
outer loop
vertex -188.60445989990234 189.4713822631836 -36.67059401798248
vertex -188.60445989990234 189.47005474853518 -36.50626079368591
vertex -188.60445989990234 186.2965775756836 -36.7859673910141
endloop
endfacet
facet normal 0.9999999999999999 0.0 -0.0
outer loop
vertex -188.60445989990234 186.12375653076174 -36.43443934249878
vertex -188.60445989990234 189.47144329833986 -35.784245889663694
vertex -188.60445989990234 186.02999127197268 -36.182510893821714
endloop
endfacet
facet normal 1.0 0.0 -0.0
outer loop
vertex -188.60445989990234 189.47005474853518 -36.50626079368591
vertex -188.60445989990234 189.4728928833008 -36.35509530830383
vertex -188.60445989990234 186.2965775756836 -36.7859673910141
endloop
endfacet
facet normal 0.7862841189715524 -0.29775132505507473 0.5413884305016841
outer loop
vertex -202.5952741088867 189.1527482299805 -32.75804201889038
vertex -197.30184759521484 202.95021832275393 -32.857641857147215
vertex -197.36044134521484 202.97658551025393 -32.75804201889038
endloop
endfacet
facet normal 1.0 0.0 -0.0
outer loop
vertex -188.60445989990234 189.22890484619143 -37.09941313791275
vertex -188.60445989990234 189.30214703369143 -36.99981353807449
vertex -188.60445989990234 186.43132794189455 -36.99981353807449
endloop
endfacet
facet normal 1.0 0.0 -0.0
outer loop
vertex -188.60445989990234 189.47097027587893 -35.212640684127805
vertex -188.60445989990234 189.4710160522461 -35.14106599617004
vertex -188.60445989990234 185.8454514770508 -35.215809028625486
endloop
endfacet
facet normal 1.0 -0.0 0.0
outer loop
vertex -188.60445989990234 185.83960736083986 -35.07226840782165
vertex -188.60445989990234 185.8454514770508 -35.215809028625486
vertex -188.60445989990234 189.4710160522461 -35.14106599617004
endloop
endfacet
facet normal 1.0 0.0 -0.0
outer loop
vertex -188.60445989990234 189.4714280395508 -35.06945387649536
vertex -188.60445989990234 189.47214520263674 -34.998815935134886
vertex -188.60445989990234 185.83960736083986 -35.07226840782165
endloop
endfacet
facet normal 1.0 0.0 0.0
outer loop
vertex -188.60445989990234 189.47214520263674 -34.998815935134886
vertex -188.60445989990234 189.47180950927736 -34.92872778701782
vertex -188.60445989990234 185.83664715576174 -34.92872778701782
endloop
endfacet
facet normal 1.0 -0.0 0.0
outer loop
vertex -188.60445989990234 185.83960736083986 -34.78518716621399
vertex -188.60445989990234 185.83664715576174 -34.92872778701782
vertex -188.60445989990234 189.47214520263674 -34.858639638900755
endloop
endfacet
facet normal 0.433868206101262 0.9009610344472577 0.005253012678489969
outer loop
vertex -197.32691778564453 202.95961773681643 -36.01285354423523
vertex -197.3258344116211 202.959755065918 -36.12588767337799
vertex -198.48238958740234 203.50972760009768 -34.92872778701782
endloop
endfacet
facet normal 0.9999999999999999 0.0 0.0
outer loop
vertex -188.60445989990234 185.9245530395508 -34.079201858520506
vertex -188.60445989990234 185.8981858520508 -34.2168835811615
vertex -188.60445989990234 189.47226727294924 -34.417750757217405
endloop
endfacet
facet normal 0.9999999999999999 0.0 0.0
outer loop
vertex -188.60445989990234 186.17940533447268 -33.29998127746582
vertex -188.60445989990234 186.12375653076174 -33.42301623153686
vertex -188.60445989990234 189.47144329833986 -34.073209684371946
endloop
endfacet
facet normal 1.0 -0.0 0.0
outer loop
vertex -188.60445989990234 185.8454514770508 -35.215809028625486
vertex -188.60445989990234 185.8571702270508 -35.35934964942932
vertex -188.60445989990234 189.47097027587893 -35.212640684127805
endloop
endfacet
facet normal 1.0 0.0 0.0
outer loop
vertex -188.60445989990234 189.30214703369143 -32.857641857147215
vertex -188.60445989990234 189.22890484619143 -32.75804201889038
vertex -188.60445989990234 186.90882122802736 -32.344997089385984
endloop
endfacet
facet normal 0.9999999999999999 0.0 0.0
outer loop
vertex -188.60445989990234 185.95383465576174 -33.941519897460935
vertex -188.60445989990234 185.9245530395508 -34.079201858520506
vertex -188.60445989990234 189.47258770751955 -34.33697668838501
endloop
endfacet
facet normal 1.0 0.0 0.0
outer loop
vertex -188.60445989990234 189.47258770751955 -34.33697668838501
vertex -188.60445989990234 189.471717956543 -34.25319806861877
vertex -188.60445989990234 185.99190533447268 -33.806767623901365
endloop
endfacet
facet normal 1.0 0.0 0.0
outer loop
vertex -188.60445989990234 186.12375653076174 -33.42301623153686
vertex -188.60445989990234 186.02999127197268 -33.67494456100464
vertex -188.60445989990234 189.47144329833986 -34.073209684371946
endloop
endfacet
facet normal 0.9999999999999999 0.0 0.0
outer loop
vertex -188.60445989990234 189.47144329833986 -34.073209684371946
vertex -188.60445989990234 189.47042095947268 -33.97289077568054
vertex -188.60445989990234 186.17940533447268 -33.29998127746582
endloop
endfacet
facet normal 1.0 0.0 0.0
outer loop
vertex -188.60445989990234 186.36101544189455 -32.96017090606689
vertex -188.60445989990234 186.2965775756836 -33.07148854064941
vertex -188.60445989990234 189.4711076049805 -33.86930887031555
endloop
endfacet
facet normal 1.0 0.0 0.0
outer loop
vertex -188.60445989990234 186.2350541381836 -33.18280569839477
vertex -188.60445989990234 186.17940533447268 -33.29998127746582
vertex -188.60445989990234 189.47042095947268 -33.97289077568054
endloop
endfacet
facet normal 1.0 0.0 0.0
outer loop
vertex -188.60445989990234 186.2965775756836 -33.07148854064941
vertex -188.60445989990234 186.2350541381836 -33.18280569839477
vertex -188.60445989990234 189.47042095947268 -33.97289077568054
endloop
endfacet
facet normal 0.4337205347220526 0.9010473581252112 0.00039519108555019543
outer loop
vertex -198.48238958740234 203.50972760009768 -34.92872778701782
vertex -198.15722479248046 203.35446942138674 -37.80246915671229
vertex -198.23632635498046 203.39255535888674 -37.82590435448289
endloop
endfacet
facet normal 0.4335017099277828 0.9011523861517399 0.000802759437222487
outer loop
vertex -198.48238958740234 203.50972760009768 -34.92872778701782
vertex -197.99610723876953 203.27829754638674 -37.73216354477405
vertex -198.07520880126953 203.31638348388674 -37.770245756983755
endloop
endfacet
facet normal 0.4448399944162266 0.8956004639699808 0.004145878016333137
outer loop
vertex -198.48238958740234 203.50972760009768 -34.92872778701782
vertex -197.84379400634765 203.2050706176758 -37.635493364214895
vertex -197.9199506225586 203.24314129638674 -37.6882225536108
endloop
endfacet
facet normal 0.4319627526638728 0.9018910355892938 0.0008603689446189578
outer loop
vertex -198.48238958740234 203.50972760009768 -34.92872778701782
vertex -197.69437994384765 203.13477337646486 -37.5124585442543
vertex -197.76762213134765 203.1699143676758 -37.576905351161955
endloop
endfacet
facet normal 0.44090323624062044 0.8975333731241711 0.006179029122366329
outer loop
vertex -198.48238958740234 203.50972760009768 -34.92872778701782
vertex -197.48933233642578 203.03809368896486 -37.28103594112396
vertex -197.55378546142578 203.07032025146486 -37.36305917429924
endloop
endfacet
facet normal 1.0 0.0 0.0
outer loop
vertex -188.60445989990234 189.0765763549805 -32.57641951370239
vertex -188.60445989990234 188.9945451049805 -32.49439636993408
vertex -188.60445989990234 186.90882122802736 -32.344997089385984
endloop
endfacet
facet normal 1.0 0.0 0.0
outer loop
vertex -188.60445989990234 188.9945451049805 -32.49439636993408
vertex -188.60445989990234 188.90959942626955 -32.41530243682861
vertex -188.60445989990234 186.90882122802736 -32.344997089385984
endloop
endfacet
facet normal 1.0 0.0 0.0
outer loop
vertex -188.60445989990234 186.9996262817383 -32.28055016326904
vertex -188.60445989990234 186.90882122802736 -32.344997089385984
vertex -188.60445989990234 188.90959942626955 -32.41530243682861
endloop
endfacet
facet normal 1.0 0.0 0.0
outer loop
vertex -188.60445989990234 188.90959942626955 -32.41530243682861
vertex -188.60445989990234 188.8246537475586 -32.344997089385984
vertex -188.60445989990234 186.9996262817383 -32.28055016326904
endloop
endfacet
facet normal 0.49862716258113143 -0.1887154639083635 0.8460244833443896
outer loop
vertex -203.15186895751953 189.4163743286133 -32.16923300552368
vertex -203.07569708251953 189.38124859619143 -32.22196213531494
vertex -197.84379400634765 203.2050706176758 -32.22196213531494
endloop
endfacet
facet normal 1.0 0.0 0.0
outer loop
vertex -188.60445989990234 189.471717956543 -34.25319806861877
vertex -188.60445989990234 189.47144329833986 -34.073209684371946
vertex -188.60445989990234 186.02999127197268 -33.67494456100464
endloop
endfacet
facet normal 1.0 0.0 0.0
outer loop
vertex -188.60445989990234 189.4711076049805 -33.86930887031555
vertex -188.60445989990234 189.47066510009768 -33.6336247138977
vertex -188.60445989990234 186.6568986206055 -32.57641951370239
endloop
endfacet
facet normal 1.0 0.0 0.0
outer loop
vertex -188.60445989990234 186.6568986206055 -32.57641951370239
vertex -188.60445989990234 186.57781231689455 -32.66430155563354
vertex -188.60445989990234 189.4711076049805 -33.86930887031555
endloop
endfacet
facet normal 0.433597726896973 0.9011064722165019 -0.0003700801381239107
outer loop
vertex -198.48238958740234 203.50972760009768 -34.92872778701782
vertex -198.8866559448242 203.70308697509768 -37.770245756983755
vertex -198.96574224853515 203.7411576538086 -37.73216354477405
endloop
endfacet
facet normal 0.4471112280054856 0.8944779204507665 0.0008942133409451849
outer loop
vertex -198.48238958740234 203.50972760009768 -34.92872778701782
vertex -198.3183423461914 203.43064129638674 -37.84348075467348
vertex -198.4003735961914 203.47165692138674 -37.85519835402444
endloop
endfacet
facet normal 0.4213331521775147 0.9069054945050331 -0.000893819187774609
outer loop
vertex -198.23632635498046 203.39255535888674 -37.82590435448289
vertex -198.3183423461914 203.43064129638674 -37.84348075467348
vertex -198.48238958740234 203.50972760009768 -34.92872778701782
endloop
endfacet
facet normal 0.4338156187728998 0.9010016697590997 0.0
outer loop
vertex -198.48238958740234 203.50972760009768 -34.92872778701782
vertex -198.48238958740234 203.50972760009768 -37.85812775421153
vertex -198.56149114990234 203.54781353759768 -37.85519835402444
endloop
endfacet
facet normal 1.0 0.0 0.0
outer loop
vertex -188.60445989990234 189.4714280395508 -34.78800169754028
vertex -188.60445989990234 189.4710160522461 -34.7163895778656
vertex -188.60445989990234 185.83960736083986 -34.78518716621399
endloop
endfacet
facet normal 1.0 -0.0 0.0
outer loop
vertex -188.60445989990234 185.8454514770508 -34.641646545410154
vertex -188.60445989990234 185.83960736083986 -34.78518716621399
vertex -188.60445989990234 189.4710160522461 -34.7163895778656
endloop
endfacet
facet normal 1.0 0.0 0.0
outer loop
vertex -188.60445989990234 185.87473309326174 -34.35749475288391
vertex -188.60445989990234 185.8571702270508 -34.4981061630249
vertex -188.60445989990234 189.47097027587893 -34.644814889907835
endloop
endfacet
facet normal 1.0 0.0 -0.0
outer loop
vertex -188.60445989990234 189.47164166259768 -34.570657413482664
vertex -188.60445989990234 189.47234356689455 -34.49617878723144
vertex -188.60445989990234 185.8981858520508 -34.2168835811615
endloop
endfacet
facet normal 1.0 0.0 -0.0
outer loop
vertex -188.60445989990234 189.47097027587893 -34.644814889907835
vertex -188.60445989990234 189.47164166259768 -34.570657413482664
vertex -188.60445989990234 185.87473309326174 -34.35749475288391
endloop
endfacet
facet normal 1.0 0.0 0.0
outer loop
vertex -188.60445989990234 189.4728928833008 -33.50236002731323
vertex -188.60445989990234 189.47005474853518 -33.35119454193115
vertex -188.60445989990234 186.90882122802736 -32.344997089385984
endloop
endfacet
facet normal 1.0 0.0 -0.0
outer loop
vertex -188.60445989990234 189.47066510009768 -33.6336247138977
vertex -188.60445989990234 189.4728928833008 -33.50236002731323
vertex -188.60445989990234 186.90882122802736 -32.344997089385984
endloop
endfacet
facet normal 1.0 0.0 0.0
outer loop
vertex -188.60445989990234 186.90882122802736 -32.344997089385984
vertex -188.60445989990234 186.82387554931643 -32.41530243682861
vertex -188.60445989990234 189.47066510009768 -33.6336247138977
endloop
endfacet
facet normal 1.0 0.0 0.0
outer loop
vertex -188.60445989990234 186.7389298706055 -32.49439636993408
vertex -188.60445989990234 186.6568986206055 -32.57641951370239
vertex -188.60445989990234 189.47066510009768 -33.6336247138977
endloop
endfacet
facet normal 1.0 0.0 0.0
outer loop
vertex -188.60445989990234 186.82387554931643 -32.41530243682861
vertex -188.60445989990234 186.7389298706055 -32.49439636993408
vertex -188.60445989990234 189.47066510009768 -33.6336247138977
endloop
endfacet
facet normal 0.4203226156117917 0.9073661190898366 0.003952813315924351
outer loop
vertex -199.33778204345703 203.91692364501955 -37.442152958393095
vertex -199.40809454345703 203.94915020751955 -37.36305917429924
vertex -198.48238958740234 203.50972760009768 -34.92872778701782
endloop
endfacet
facet normal 0.44519315626275174 0.8954266274369546 -0.0037694155635315495
outer loop
vertex -198.48238958740234 203.50972760009768 -34.92872778701782
vertex -199.04191412353515 203.77629864501955 -37.6882225536108
vertex -199.1180707397461 203.81438458251955 -37.635493364214895
endloop
endfacet
facet normal 0.42008862188349017 0.9074796821472078 0.0024852070401956317
outer loop
vertex -198.96574224853515 203.7411576538086 -37.73216354477405
vertex -199.04191412353515 203.77629864501955 -37.6882225536108
vertex -198.48238958740234 203.50972760009768 -34.92872778701782
endloop
endfacet
facet normal 0.4336879722163847 0.9010630354504302 -0.0003858752353103382
outer loop
vertex -198.48238958740234 203.50972760009768 -34.92872778701782
vertex -198.8075543823242 203.66500103759768 -37.80246915671229
vertex -198.8866559448242 203.70308697509768 -37.770245756983755
endloop
endfacet
facet normal 0.4214826009810205 0.9068355466396694 0.0013070658001490142
outer loop
vertex -198.72553839111328 203.62691510009768 -37.82590435448289
vertex -198.8075543823242 203.66500103759768 -37.80246915671229
vertex -198.48238958740234 203.50972760009768 -34.92872778701782
endloop
endfacet
facet normal 1.0 0.0 -0.0
outer loop
vertex -188.60445989990234 189.47042095947268 -33.97289077568054
vertex -188.60445989990234 189.4711076049805 -33.86930887031555
vertex -188.60445989990234 186.2965775756836 -33.07148854064941
endloop
endfacet
facet normal 1.0 0.0 0.0
outer loop
vertex -188.60445989990234 189.1527482299805 -32.66430155563354
vertex -188.60445989990234 189.0765763549805 -32.57641951370239
vertex -188.60445989990234 186.90882122802736 -32.344997089385984
endloop
endfacet
facet normal 1.0 0.0 0.0
outer loop
vertex -188.60445989990234 189.22890484619143 -32.75804201889038
vertex -188.60445989990234 189.1527482299805 -32.66430155563354
vertex -188.60445989990234 186.90882122802736 -32.344997089385984
endloop
endfacet
facet normal 1.0 0.0 0.0
outer loop
vertex -188.60445989990234 186.50164044189455 -32.75804201889038
vertex -188.60445989990234 186.43132794189455 -32.857641857147215
vertex -188.60445989990234 189.4711076049805 -33.86930887031555
endloop
endfacet
facet normal 1.0 0.0 0.0
outer loop
vertex -188.60445989990234 186.43132794189455 -32.857641857147215
vertex -188.60445989990234 186.36101544189455 -32.96017090606689
vertex -188.60445989990234 189.4711076049805 -33.86930887031555
endloop
endfacet
facet normal 0.43450178240476245 0.9006562301623007 0.005153266625879864
outer loop
vertex -198.48238958740234 203.50972760009768 -34.92872778701782
vertex -199.95002569580078 204.20986187744143 -33.54898039627075
vertex -199.90901007080078 204.18935406494143 -33.42301623153686
endloop
endfacet
facet normal 0.43053734605213184 0.9023848278317176 -0.018417821627657607
outer loop
vertex -200.1462994995117 204.30359661865236 -34.92872778701782
vertex -198.48238958740234 203.50972760009768 -34.92872778701782
vertex -200.1462994995117 204.30066693115236 -35.07226840782165
endloop
endfacet
facet normal 0.4293781454738002 0.9031243481115182 -0.0009055592886842547
outer loop
vertex -198.48238958740234 203.50972760009768 -34.92872778701782
vertex -200.1404401245117 204.29773724365236 -35.215809028625486
vertex -200.1462994995117 204.30066693115236 -35.07226840782165
endloop
endfacet
facet normal 0.43503289178599364 0.9003348447649996 -0.011981250615024749
outer loop
vertex -198.48238958740234 203.50972760009768 -34.92872778701782
vertex -200.07600225830078 204.26844036865236 -35.778253953933714
vertex -200.0964948120117 204.28017437744143 -35.64057199287414
endloop
endfacet
facet normal 0.4322989949753638 0.9017215309591335 -0.003982404801994189
outer loop
vertex -198.48238958740234 203.50972760009768 -34.92872778701782
vertex -200.02033819580078 204.24208843994143 -36.050688069343565
vertex -200.0496198120117 204.25672161865236 -35.915935557365415
endloop
endfacet
facet normal 0.4276782234005147 0.9039171372251917 0.005014604629808265
outer loop
vertex -198.48238958740234 203.50972760009768 -34.92872778701782
vertex -200.0496198120117 204.25672161865236 -35.915935557365415
vertex -200.07600225830078 204.26844036865236 -35.778253953933714
endloop
endfacet
facet normal 0.43160118688768606 0.9020615176930683 -0.002331045777901061
outer loop
vertex -198.48238958740234 203.50972760009768 -34.92872778701782
vertex -200.0964948120117 204.28017437744143 -35.64057199287414
vertex -200.1140729370117 204.28894818115236 -35.49996082115173
endloop
endfacet
facet normal 0.4345792796288936 0.9006183166113597 -0.005243805998744094
outer loop
vertex -198.48238958740234 203.50972760009768 -34.92872778701782
vertex -199.86799444580078 204.16884625244143 -36.55747417736053
vertex -199.90901007080078 204.18935406494143 -36.43443934249878
endloop
endfacet
facet normal 0.4284230153569107 0.9035775016699182 0.0011909611416894993
outer loop
vertex -199.81820501708984 204.14539349365236 -36.674650114059446
vertex -199.86799444580078 204.16884625244143 -36.55747417736053
vertex -198.48238958740234 203.50972760009768 -34.92872778701782
endloop
endfacet
facet normal 0.43450178240476245 0.9006562301623007 -0.005153266625879864
outer loop
vertex -198.48238958740234 203.50972760009768 -34.92872778701782
vertex -199.90901007080078 204.18935406494143 -36.43443934249878
vertex -199.95002569580078 204.20986187744143 -36.30847517776489
endloop
endfacet
facet normal 0.4412121989701008 0.8973841092966126 -0.005792742173892287
outer loop
vertex -198.48238958740234 203.50972760009768 -34.92872778701782
vertex -199.40809454345703 203.94915020751955 -37.36305917429924
vertex -199.47253240966796 203.9813615112305 -37.28103594112396
endloop
endfacet
facet normal 1.0 0.0 0.0
outer loop
vertex -188.60445989990234 186.57781231689455 -32.66430155563354
vertex -188.60445989990234 186.50164044189455 -32.75804201889038
vertex -188.60445989990234 189.4711076049805 -33.86930887031555
endloop
endfacet
facet normal 1.0 0.0 0.0
outer loop
vertex -188.60445989990234 185.99190533447268 -33.806767623901365
vertex -188.60445989990234 185.95383465576174 -33.941519897460935
vertex -188.60445989990234 189.47258770751955 -34.33697668838501
endloop
endfacet
facet normal 0.9999999999999999 0.0 0.0
outer loop
vertex -188.60445989990234 186.02999127197268 -33.67494456100464
vertex -188.60445989990234 185.99190533447268 -33.806767623901365
vertex -188.60445989990234 189.471717956543 -34.25319806861877
endloop
endfacet
facet normal 1.0 0.0 0.0
outer loop
vertex -188.60445989990234 189.47234356689455 -34.49617878723144
vertex -188.60445989990234 189.47226727294924 -34.417750757217405
vertex -188.60445989990234 185.8981858520508 -34.2168835811615
endloop
endfacet
facet normal 1.0 0.0 -0.0
outer loop
vertex -188.60445989990234 189.47226727294924 -34.417750757217405
vertex -188.60445989990234 189.47258770751955 -34.33697668838501
vertex -188.60445989990234 185.9245530395508 -34.079201858520506
endloop
endfacet
facet normal 1.0 0.0 0.0
outer loop
vertex -188.60445989990234 187.27793133544924 -32.1252919845581
vertex -188.60445989990234 187.18123638916018 -32.16923300552368
vertex -188.60445989990234 188.73384869384768 -32.28055016326904
endloop
endfacet
facet normal 1.0 0.0 0.0
outer loop
vertex -188.60445989990234 189.30214703369143 -32.857641857147215
vertex -188.60445989990234 186.90882122802736 -32.344997089385984
vertex -188.60445989990234 189.36951458740236 -32.96017090606689
endloop
endfacet
facet normal 1.0 0.0 0.0
outer loop
vertex -188.60445989990234 188.54927838134768 -32.16923300552368
vertex -188.60445989990234 188.45554364013674 -32.1252919845581
vertex -188.60445989990234 188.06592572021486 -32.01397482681274
endloop
endfacet
facet normal 1.0 0.0 0.0
outer loop
vertex -188.60445989990234 188.6430131225586 -32.22196213531494
vertex -188.60445989990234 188.54927838134768 -32.16923300552368
vertex -188.60445989990234 188.06592572021486 -32.01397482681274
endloop
endfacet
facet normal 0.9999999999999999 0.0 0.0
outer loop
vertex -188.60445989990234 188.06592572021486 -32.01397482681274
vertex -188.60445989990234 187.96633160400393 -32.00225750732422
vertex -188.60445989990234 188.6430131225586 -32.22196213531494
endloop
endfacet
facet normal 1.0 0.0 0.0
outer loop
vertex -188.60445989990234 189.43689739990236 -33.07148854064941
vertex -188.60445989990234 186.90882122802736 -32.344997089385984
vertex -188.60445989990234 189.47177899169924 -33.137761276245115
endloop
endfacet
facet normal 1.0 -0.0 -0.0
outer loop
vertex -188.60445989990234 187.76714337158205 -32.00225750732422
vertex -188.60445989990234 188.6430131225586 -32.22196213531494
vertex -188.60445989990234 187.86672222900393 -31.999327819824217
endloop
endfacet
facet normal 0.9999999999999999 -0.0 -0.0
outer loop
vertex -188.60445989990234 187.86672222900393 -31.999327819824217
vertex -188.60445989990234 188.6430131225586 -32.22196213531494
vertex -188.60445989990234 187.96633160400393 -32.00225750732422
endloop
endfacet
facet normal 1.0 0.0 0.0
outer loop
vertex -188.60445989990234 188.35886395263674 -32.08720986175537
vertex -188.60445989990234 188.2621995239258 -32.054986637115476
vertex -188.60445989990234 188.16553509521486 -32.03155152130127
endloop
endfacet
facet normal 1.0 -0.0 -0.0
outer loop
vertex -188.60445989990234 187.667518737793 -32.01397482681274
vertex -188.60445989990234 188.6430131225586 -32.22196213531494
vertex -188.60445989990234 187.76714337158205 -32.00225750732422
endloop
endfacet
facet normal 0.9999999999999999 0.0 0.0
outer loop
vertex -188.60445989990234 187.5679398803711 -32.03155152130127
vertex -188.60445989990234 187.47127545166018 -32.054986637115476
vertex -188.60445989990234 188.6430131225586 -32.22196213531494
endloop
endfacet
facet normal 1.0 0.0 0.0
outer loop
vertex -188.60445989990234 187.47127545166018 -32.054986637115476
vertex -188.60445989990234 187.37166607666018 -32.08720986175537
vertex -188.60445989990234 188.6430131225586 -32.22196213531494
endloop
endfacet
facet normal 1.0 0.0 0.0
outer loop
vertex -188.60445989990234 187.667518737793 -32.01397482681274
vertex -188.60445989990234 187.5679398803711 -32.03155152130127
vertex -188.60445989990234 188.6430131225586 -32.22196213531494
endloop
endfacet
facet normal 1.0 0.0 0.0
outer loop
vertex -188.60445989990234 188.8246537475586 -32.344997089385984
vertex -188.60445989990234 188.73384869384768 -32.28055016326904
vertex -188.60445989990234 186.9996262817383 -32.28055016326904
endloop
endfacet
facet normal 1.0 0.0 0.0
outer loop
vertex -188.60445989990234 188.16553509521486 -32.03155152130127
vertex -188.60445989990234 188.06592572021486 -32.01397482681274
vertex -188.60445989990234 188.35886395263674 -32.08720986175537
endloop
endfacet
facet normal 1.0 0.0 0.0
outer loop
vertex -188.60445989990234 188.45554364013674 -32.1252919845581
vertex -188.60445989990234 188.35886395263674 -32.08720986175537
vertex -188.60445989990234 188.06592572021486 -32.01397482681274
endloop
endfacet
facet normal 0.4279680409633855 0.903787526804193 -0.0033856029185265492
outer loop
vertex -198.48238958740234 203.50972760009768 -34.92872778701782
vertex -199.98811163330078 204.22742474365236 -33.67494456100464
vertex -199.95002569580078 204.20986187744143 -33.54898039627075
endloop
endfacet
facet normal 0.4276782291294978 0.9039171345795086 -0.00501459292737706
outer loop
vertex -198.48238958740234 203.50972760009768 -34.92872778701782
vertex -200.07600225830078 204.26844036865236 -34.079201858520506
vertex -200.0496198120117 204.25672161865236 -33.941519897460935
endloop
endfacet
facet normal 1.0 0.0 0.0
outer loop
vertex -188.60445989990234 189.36951458740236 -32.96017090606689
vertex -188.60445989990234 186.90882122802736 -32.344997089385984
vertex -188.60445989990234 189.43689739990236 -33.07148854064941
endloop
endfacet
facet normal 1.0 0.0 -0.0
outer loop
vertex -188.60445989990234 189.4713822631836 -33.18686167526245
vertex -188.60445989990234 189.47177899169924 -33.137761276245115
vertex -188.60445989990234 186.90882122802736 -32.344997089385984
endloop
endfacet
facet normal 1.0 0.0 -0.0
outer loop
vertex -188.60445989990234 189.47005474853518 -33.35119454193115
vertex -188.60445989990234 189.4713822631836 -33.18686167526245
vertex -188.60445989990234 186.90882122802736 -32.344997089385984
endloop
endfacet
facet normal 1.0 0.0 0.0
outer loop
vertex -188.60445989990234 187.18123638916018 -32.16923300552368
vertex -188.60445989990234 187.09043133544924 -32.22196213531494
vertex -188.60445989990234 188.73384869384768 -32.28055016326904
endloop
endfacet
facet normal 1.0 -0.0 0.0
outer loop
vertex -188.60445989990234 187.09043133544924 -32.22196213531494
vertex -188.60445989990234 186.9996262817383 -32.28055016326904
vertex -188.60445989990234 188.73384869384768 -32.28055016326904
endloop
endfacet
facet normal 0.8300063568545225 -0.3143257776150695 0.4607480364665324
outer loop
vertex -199.13484014892578 197.8305131225586 -33.03061692047119
vertex -197.24671759033203 202.90847027587893 -32.96772114562988
vertex -197.24751104736328 202.91744244384768 -32.96017090606689
endloop
endfacet
facet normal 0.4268754735771022 0.9041617611938961 -0.016396330475957444
outer loop
vertex -198.48238958740234 203.50972760009768 -34.92872778701782
vertex -200.1404401245117 204.29773724365236 -34.641646545410154
vertex -200.1287213745117 204.29480755615236 -34.4981061630249
endloop
endfacet
facet normal 0.4293781454738002 0.9031243481115182 0.0009055592886842547
outer loop
vertex -198.48238958740234 203.50972760009768 -34.92872778701782
vertex -200.1462994995117 204.30066693115236 -34.78518716621399
vertex -200.1404401245117 204.29773724365236 -34.641646545410154
endloop
endfacet
facet normal 0.42891883206607284 0.9033155881011927 -0.007041575993510324
outer loop
vertex -198.48238958740234 203.50972760009768 -34.92872778701782
vertex -200.1287213745117 204.29480755615236 -34.4981061630249
vertex -200.1140729370117 204.28894818115236 -34.35749475288391
endloop
endfacet
facet normal 0.43053734605213184 0.9023848278317176 0.018417821627657607
outer loop
vertex -198.48238958740234 203.50972760009768 -34.92872778701782
vertex -200.1462994995117 204.30359661865236 -34.92872778701782
vertex -200.1462994995117 204.30066693115236 -34.78518716621399
endloop
endfacet
facet normal 0.43160118688768606 0.9020615176930683 0.002331045777901061
outer loop
vertex -198.48238958740234 203.50972760009768 -34.92872778701782
vertex -200.1140729370117 204.28894818115236 -34.35749475288391
vertex -200.0964948120117 204.28017437744143 -34.2168835811615
endloop
endfacet
facet normal 0.43503289864586114 0.9003348411919203 0.011981270036992677
outer loop
vertex -198.48238958740234 203.50972760009768 -34.92872778701782
vertex -200.0964948120117 204.28017437744143 -34.2168835811615
vertex -200.07600225830078 204.26844036865236 -34.079201858520506
endloop
endfacet
facet normal 1.0 0.0 0.0
outer loop
vertex -188.60445989990234 188.73384869384768 -32.28055016326904
vertex -188.60445989990234 188.6430131225586 -32.22196213531494
vertex -188.60445989990234 187.27793133544924 -32.1252919845581
endloop
endfacet
facet normal 1.0 0.0 0.0
outer loop
vertex -188.60445989990234 187.37166607666018 -32.08720986175537
vertex -188.60445989990234 187.27793133544924 -32.1252919845581
vertex -188.60445989990234 188.6430131225586 -32.22196213531494
endloop
endfacet
facet normal 0.4335017106123977 0.9011523858222856 -0.000802759570371812
outer loop
vertex -198.48238958740234 203.50972760009768 -34.92872778701782
vertex -198.07520880126953 203.31638348388674 -32.08720986175537
vertex -197.99610723876953 203.27829754638674 -32.1252919845581
endloop
endfacet
facet normal 0.4448399967069336 0.8956004628296312 -0.0041458785710020785
outer loop
vertex -198.48238958740234 203.50972760009768 -34.92872778701782
vertex -197.9199506225586 203.24314129638674 -32.16923300552368
vertex -197.84379400634765 203.2050706176758 -32.22196213531494
endloop
endfacet
facet normal 0.440616392573883 0.897675241860994 -0.006029489612195175
outer loop
vertex -198.48238958740234 203.50972760009768 -34.92872778701782
vertex -197.48933233642578 203.03809368896486 -32.57641951370239
vertex -197.42487921142578 203.00586712646486 -32.66430155563354
endloop
endfacet
facet normal -0.0 0.0 -1.0
outer loop
vertex -188.6468335571289 187.64409649658205 -37.858127754211424
vertex -193.52535833740234 166.6842423706055 -37.858127754211424
vertex -202.00509466552734 187.64409649658205 -37.858127754211424
endloop
endfacet
facet normal 0.4271350471117646 0.9041805858058177 0.003622123780169904
outer loop
vertex -197.32716192626953 202.9601517944336 -33.968641202926634
vertex -197.32719244384765 202.96028912353518 -33.99932352828979
vertex -198.48238958740234 203.50972760009768 -34.92872778701782
endloop
endfacet
facet normal 0.7469481379511393 -0.28269734670407015 0.6017895723405353
outer loop
vertex -202.65678228759765 189.1820451049805 -32.66430155563354
vertex -197.36044134521484 202.97658551025393 -32.75804201889038
vertex -197.42494024658203 203.00571453857424 -32.66430155563354
endloop
endfacet
facet normal 0.4199342965848268 -0.15889918090771718 0.8935358061424642
outer loop
vertex -203.23095526123046 189.4544602661133 -32.1252919845581
vertex -203.15186895751953 189.4163743286133 -32.16923300552368
vertex -197.9199506225586 203.24314129638674 -32.16923300552368
endloop
endfacet
facet normal 0.43481423490562365 -0.16465662837204245 0.885338791568848
outer loop
vertex -197.9199506225586 203.24314129638674 -32.16923300552368
vertex -197.99610723876953 203.27829754638674 -32.1252919845581
vertex -203.23095526123046 189.4544602661133 -32.1252919845581
endloop
endfacet
facet normal 0.7988307524216857 -0.3024389562281605 0.5200001026355903
outer loop
vertex -197.30184759521484 202.95021832275393 -32.857641857147215
vertex -202.53669561767578 189.12343609619143 -32.857641857147215
vertex -197.2479077758789 202.92183697509768 -32.9570118598938
endloop
endfacet
facet normal 0.49428810282421043 -0.18703396057418956 0.8489390843861385
outer loop
vertex -197.84379400634765 203.2050706176758 -32.22196213531494
vertex -197.9199506225586 203.24314129638674 -32.16923300552368
vertex -203.15186895751953 189.4163743286133 -32.16923300552368
endloop
endfacet
facet normal 0.4409032409354603 0.8975333708031907 -0.006179031256567987
outer loop
vertex -198.48238958740234 203.50972760009768 -34.92872778701782
vertex -197.55378546142578 203.07032025146486 -32.49439636993408
vertex -197.48933233642578 203.03809368896486 -32.57641951370239
endloop
endfacet
facet normal 0.4337242238894568 0.9010313395133213 -0.0050816165064379165
outer loop
vertex -197.32600225830078 202.9599534301758 -33.71072165298462
vertex -197.3258344116211 202.959755065918 -33.73156801986694
vertex -198.48238958740234 203.50972760009768 -34.92872778701782
endloop
endfacet
facet normal 0.42877861518461313 0.9034089468645429 -0.0010834599499440145
outer loop
vertex -197.32624639892578 202.96123516845705 -34.728900115966795
vertex -197.32560552978515 202.96082318115236 -34.818799179077146
vertex -198.48238958740234 203.50972760009768 -34.92872778701782
endloop
endfacet
facet normal 0.42034909922380953 0.907326841903875 -0.008039697909295854
outer loop
vertex -198.48238958740234 203.50972760009768 -34.92872778701782
vertex -199.76840032958984 204.12197125244143 -33.07148854064941
vertex -199.7156812133789 204.09853375244143 -32.96017090606689
endloop
endfacet
facet normal 0.427569278871887 0.9039738611739406 -0.003971155908803984
outer loop
vertex -198.48238958740234 203.50972760009768 -34.92872778701782
vertex -200.02033819580078 204.24208843994143 -33.806767623901365
vertex -199.98811163330078 204.22742474365236 -33.67494456100464
endloop
endfacet
facet normal 0.43229899835586644 0.9017215293113849 0.003982410934587659
outer loop
vertex -198.48238958740234 203.50972760009768 -34.92872778701782
vertex -200.0496198120117 204.25672161865236 -33.941519897460935
vertex -200.02033819580078 204.24208843994143 -33.806767623901365
endloop
endfacet
facet normal 0.4471112304265692 0.894477919240399 -0.0008942135123346641
outer loop
vertex -198.48238958740234 203.50972760009768 -34.92872778701782
vertex -198.4003735961914 203.47165692138674 -32.00225750732422
vertex -198.3183423461914 203.43064129638674 -32.01397482681274
endloop
endfacet
facet normal 0.4337205350366531 0.9010473579737455 -0.00039519115955587766
outer loop
vertex -198.48238958740234 203.50972760009768 -34.92872778701782
vertex -198.23632635498046 203.39255535888674 -32.03155152130127
vertex -198.15722479248046 203.35446942138674 -32.054986637115476
endloop
endfacet
facet normal 0.4276685922969522 0.9039334401959012 0.0019775890236716034
outer loop
vertex -197.32600225830078 202.9599534301758 -33.71072165298462
vertex -198.48238958740234 203.50972760009768 -34.92872778701782
vertex -197.3279096069336 202.96057904052736 -33.58420244979858
endloop
endfacet
facet normal 0.42785345460968477 0.9038463593199392 0.001783289838998892
outer loop
vertex -197.32783331298828 202.9605180053711 -33.5715719871521
vertex -197.3279096069336 202.96057904052736 -33.58420244979858
vertex -198.48238958740234 203.50972760009768 -34.92872778701782
endloop
endfacet
facet normal 0.4156108198752449 0.90943530617242 0.01396675659212107
outer loop
vertex -197.32797064208984 202.95903790283205 -33.423177879333494
vertex -197.32792486572265 202.95906842041018 -33.42652718353271
vertex -198.48238958740234 203.50972760009768 -34.92872778701782
endloop
endfacet
facet normal -0.0 0.0 -0.9999999999999999
outer loop
vertex -175.2496930541992 206.92226422119143 -37.858127754211424
vertex -187.7357770385742 190.1928635864258 -37.858127754211424
vertex -195.98820318603515 203.9096604614258 -37.858127754211424
endloop
endfacet
facet normal -0.0 0.0 -1.0
outer loop
vertex -198.68087591552734 203.55208599853518 -37.858127754211424
vertex -203.88126959228515 189.81690228271486 -37.858127754211424
vertex -219.18830694580078 203.0196915893555 -37.858127754211424
endloop
endfacet
facet normal 0.0 0.0 -0.9999999999999999
outer loop
vertex -219.18830694580078 203.0196915893555 -37.858127754211424
vertex -217.7865277709961 206.7256547241211 -37.858127754211424
vertex -198.68087591552734 203.55208599853518 -37.858127754211424
endloop
endfacet
facet normal 0.4200985441749939 0.9074761894769805 0.002044190399646383
outer loop
vertex -198.48238958740234 203.50972760009768 -34.92872778701782
vertex -197.99610723876953 203.27829754638674 -32.1252919845581
vertex -197.9199506225586 203.24314129638674 -32.16923300552368
endloop
endfacet
facet normal -0.0 0.0 -1.0
outer loop
vertex -189.00285162353515 189.2582169799805 -37.858127754211424
vertex -202.38435186767578 189.09120953369143 -37.858127754211424
vertex -197.2344800415039 202.94142926025393 -37.858127754211424
endloop
endfacet
facet normal 0.42103693362579697 0.9070434942840316 0.0
outer loop
vertex -198.48238958740234 203.50972760009768 -31.999327819824217
vertex -198.4003735961914 203.47165692138674 -32.00225750732422
vertex -198.48238958740234 203.50972760009768 -34.92872778701782
endloop
endfacet
facet normal 0.4213438353523449 0.9069000091110001 -0.0013213194330265099
outer loop
vertex -198.48238958740234 203.50972760009768 -34.92872778701782
vertex -198.72553839111328 203.62691510009768 -32.03155152130127
vertex -198.64350714111328 203.58882916259768 -32.01397482681274
endloop
endfacet
facet normal 0.42088486119683466 0.9070953780203262 -0.005823125405043068
outer loop
vertex -199.53698553466796 204.0135880737305 -32.66430155563354
vertex -198.48238958740234 203.50972760009768 -34.92872778701782
vertex -199.6014234008789 204.0428849487305 -32.75804201889038
endloop
endfacet
facet normal 0.0 0.0 -1.0
outer loop
vertex -197.1287213745117 166.6842423706055 -37.858127754211424
vertex -202.00509466552734 187.64409649658205 -37.858127754211424
vertex -193.52535833740234 166.6842423706055 -37.858127754211424
endloop
endfacet
facet normal 0.42004757185376534 0.9074950460839513 0.0035747325554146498
outer loop
vertex -198.48238958740234 203.50972760009768 -34.92872778701782
vertex -197.6240827026367 203.10254681396486 -32.41530243682861
vertex -197.55378546142578 203.07032025146486 -32.49439636993408
endloop
endfacet
facet normal 0.42108245552721074 0.9070167263294916 -0.003197468640475926
outer loop
vertex -199.1180707397461 203.81438458251955 -32.22196213531494
vertex -198.48238958740234 203.50972760009768 -34.92872778701782
vertex -199.1942426147461 203.84954083251955 -32.28055016326904
endloop
endfacet
facet normal -0.38479182590374555 -0.23146274058150298 -0.8935100729371558
outer loop
vertex -188.30859197998046 189.69467938232424 -37.73216354477405
vertex -188.37890447998046 189.64194500732424 -37.6882225536108
vertex -196.6837445678711 203.44820416259768 -37.6882225536108
endloop
endfacet
facet normal -0.7290749367409246 -0.4385910483983982 -0.525440414206036
outer loop
vertex -194.17664923095703 197.85845196533205 -36.935493629455564
vertex -188.9830609741211 189.30214703369143 -36.99981353807449
vertex -188.98371710205078 189.302528503418 -36.99922154474258
endloop
endfacet
facet normal -0.2847899436348264 -0.17130889069420596 -0.9431584978006575
outer loop
vertex -188.23829473876953 189.74741375732424 -37.770245756983755
vertex -196.54313482666015 203.55367291259768 -37.770245756983755
vertex -188.16505255126953 189.80306256103518 -37.80246915671229
endloop
endfacet
facet normal -0.7099171880565294 -0.42712589012655194 -0.5599830891067256
outer loop
vertex -188.8798657836914 189.26120770263674 -37.099412601470945
vertex -188.9830609741211 189.30214703369143 -36.99981353807449
vertex -197.24032415771484 203.02637493896486 -36.99981353807449
endloop
endfacet
facet normal -0.21607788976965536 -0.12995830473762954 -0.9676885783052387
outer loop
vertex -188.0947553100586 189.85872662353518 -37.82590435448289
vertex -196.46989263916015 203.6093217163086 -37.80246915671229
vertex -196.3966657104492 203.66207135009768 -37.82590435448289
endloop
endfacet
facet normal 0.8568927850525668 0.5154946701192406 -1.8736206454508862e-06
outer loop
vertex -189.00285162353515 189.2582169799805 -30.692814987182615
vertex -192.15775885009765 194.50252545166018 -32.92076842117309
vertex -197.2344800415039 202.94142926025393 -30.692814987182615
endloop
endfacet
facet normal -0.5239429528240662 -0.31516615580841023 -0.7912989804232956
outer loop
vertex -188.58102239990234 189.4896165161133 -37.5124585442543
vertex -196.88587774658203 203.2958909301758 -37.5124585442543
vertex -188.51363958740234 189.53940594482424 -37.576905351161955
endloop
endfacet
facet normal -0.49261051076462953 -0.2963191540984239 -0.8182480330551398
outer loop
vertex -196.7511273803711 203.39548504638674 -37.635493364214895
vertex -188.4462720336914 189.5892258911133 -37.635493364214895
vertex -196.81849493408203 203.3456956176758 -37.576905351161955
endloop
endfacet
facet normal -0.6144592367886464 -0.36961392978835206 -0.6970117568818517
outer loop
vertex -188.70699896240234 189.39295208740236 -37.36305917429924
vertex -197.01183905029296 203.1992112426758 -37.36305917429924
vertex -188.64547552490234 189.43982708740236 -37.442152958393095
endloop
endfacet
facet normal 0.856894048998761 0.5154925690933955 -0.0
outer loop
vertex -194.17664923095703 197.85845196533205 -36.935493629455564
vertex -197.2344800415039 202.94142926025393 -37.858127754211424
vertex -197.2344800415039 202.94142926025393 -36.93600330877304
endloop
endfacet
facet normal 0.8568930035545329 0.5154943069125897 -0.0
outer loop
vertex -197.2344800415039 202.94142926025393 -32.92144123840332
vertex -197.2344800415039 202.94142926025393 -30.692814987182615
vertex -192.15775885009765 194.50252545166018 -32.92076842117309
endloop
endfacet
facet normal 0.8568924334529291 0.5154952545767204 0.0
outer loop
vertex -189.00285162353515 189.2582169799805 -30.692814987182615
vertex -189.00285162353515 189.2582169799805 -32.79788224029541
vertex -192.15775885009765 194.50252545166018 -32.92076842117309
endloop
endfacet
facet normal 0.8568936439255103 0.5154932422957531 -1.2143837657669525e-05
outer loop
vertex -189.05445684814453 189.34397137451174 -32.92127339172363
vertex -192.15775885009765 194.50252545166018 -32.92076842117309
vertex -189.02929510498046 189.30214703369143 -32.857641857147215
endloop
endfacet
facet normal 0.8568920380270508 0.5154959118808288 0.0
outer loop
vertex -189.00285162353515 189.2582169799805 -37.05957333374023
vertex -189.00285162353515 189.2582169799805 -37.858127754211424
vertex -194.17664923095703 197.85845196533205 -36.935493629455564
endloop
endfacet
facet normal 0.5825642562902199 -0.22060700536088504 0.7822732492414178
outer loop
vertex -202.9292279663086 189.31093609619143 -32.344997089385984
vertex -197.69437994384765 203.13477337646486 -32.344997089385984
vertex -203.00245489501953 189.34609234619143 -32.28055016326904
endloop
endfacet
facet normal -0.0 0.0 -1.0
outer loop
vertex -175.2496930541992 206.92226422119143 -37.858127754211424
vertex -195.98820318603515 203.9096604614258 -37.858127754211424
vertex -177.47538580322265 210.62175762939455 -37.858127754211424
endloop
endfacet
facet normal 0.4335977272127694 0.9011064720645208 0.00037008019921685716
outer loop
vertex -198.48238958740234 203.50972760009768 -34.92872778701782
vertex -198.96574224853515 203.7411576538086 -32.1252919845581
vertex -198.8866559448242 203.70308697509768 -32.08720986175537
endloop
endfacet
facet normal 0.4336879728699513 0.9010630351358124 0.00038587535577385253
outer loop
vertex -198.48238958740234 203.50972760009768 -34.92872778701782
vertex -198.8866559448242 203.70308697509768 -32.08720986175537
vertex -198.8075543823242 203.66500103759768 -32.054986637115476
endloop
endfacet
facet normal -0.65977894917985 -0.39682033638107184 -0.6381421149348676
outer loop
vertex -197.1290112915039 203.10840618896486 -37.19315395879745
vertex -197.07043280029296 203.1523362426758 -37.28103594112396
vertex -188.76850714111328 189.34902203369143 -37.28103594112396
endloop
endfacet
facet normal -0.6689757199866364 -0.4024932243992932 -0.6248765401109417
outer loop
vertex -188.76850714111328 189.34902203369143 -37.28103594112396
vertex -188.8241559448242 189.30507672119143 -37.19315395879745
vertex -197.1290112915039 203.10840618896486 -37.19315395879745
endloop
endfacet
facet normal -0.6853715825005329 -0.41227039615083744 -0.6002490436130211
outer loop
vertex -188.8798657836914 189.26120770263674 -37.09941313791275
vertex -197.1846753540039 203.06739056396486 -37.09941313791275
vertex -188.8241559448242 189.30507672119143 -37.19315395879745
endloop
endfacet
facet normal -0.6906349137774045 -0.4155246072825308 -0.5919144504186189
outer loop
vertex -197.1846753540039 203.06739056396486 -37.09941313791275
vertex -197.1290112915039 203.10840618896486 -37.19315395879745
vertex -188.8241559448242 189.30507672119143 -37.19315395879745
endloop
endfacet
facet normal 0.5884913430721501 -0.8084608500216243 0.008306209210570953
outer loop
vertex -187.87211431884765 190.02568829345705 -34.92872778701782
vertex -188.76850714111328 189.34902203369143 -37.28103594112396
vertex -188.70699896240234 189.39295208740236 -37.36305917429924
endloop
endfacet
facet normal 0.6133018375667108 -0.7898217998496224 -0.006510032227192946
outer loop
vertex -187.87211431884765 190.02568829345705 -34.92872778701782
vertex -188.60445989990234 189.47177899169924 -36.719694178581236
vertex -188.76850714111328 189.34902203369143 -37.28103594112396
endloop
endfacet
facet normal 0.4338156187728999 0.9010016697590999 0.0
outer loop
vertex -198.48238958740234 203.50972760009768 -34.92872778701782
vertex -198.56149114990234 203.54781353759768 -32.00225750732422
vertex -198.48238958740234 203.50972760009768 -31.999327819824217
endloop
endfacet
facet normal 0.4214825999631946 0.9068355471123918 -0.001307066040826634
outer loop
vertex -198.48238958740234 203.50972760009768 -34.92872778701782
vertex -198.8075543823242 203.66500103759768 -32.054986637115476
vertex -198.72553839111328 203.62691510009768 -32.03155152130127
endloop
endfacet
facet normal 0.44722888360531504 0.8944194344760718 0.0004482194188581923
outer loop
vertex -198.48238958740234 203.50972760009768 -34.92872778701782
vertex -198.64350714111328 203.58882916259768 -32.01397482681274
vertex -198.56149114990234 203.54781353759768 -32.00225750732422
endloop
endfacet
facet normal -0.5621159141836772 -0.338128372434636 -0.7547813609093386
outer loop
vertex -188.64547552490234 189.43982708740236 -37.442152958393095
vertex -196.95031561279296 203.24607098388674 -37.442152958393095
vertex -188.58102239990234 189.4896165161133 -37.5124585442543
endloop
endfacet
facet normal -0.5621054658298152 -0.3381219613120088 -0.7547920141090303
outer loop
vertex -196.88587774658203 203.2958909301758 -37.5124585442543
vertex -188.58102239990234 189.4896165161133 -37.5124585442543
vertex -196.95031561279296 203.24607098388674 -37.442152958393095
endloop
endfacet
facet normal -0.4925486224914201 -0.29628127164687545 -0.8182990055921583
outer loop
vertex -188.51363958740234 189.53940594482424 -37.576905351161955
vertex -196.81849493408203 203.3456956176758 -37.576905351161955
vertex -188.4462720336914 189.5892258911133 -37.635493364214895
endloop
endfacet
facet normal -0.45209636666898473 -0.27194875061513485 -0.8495014727965869
outer loop
vertex -188.4462720336914 189.5892258911133 -37.635493364214895
vertex -196.7511273803711 203.39548504638674 -37.635493364214895
vertex -188.37890447998046 189.64194500732424 -37.6882225536108
endloop
endfacet
facet normal -0.4520463791488502 -0.27191818210273366 -0.8495378586857437
outer loop
vertex -196.6837445678711 203.44820416259768 -37.6882225536108
vertex -188.37890447998046 189.64194500732424 -37.6882225536108
vertex -196.7511273803711 203.39548504638674 -37.635493364214895
endloop
endfacet
facet normal 0.1643712364031391 0.09890544310971859 -0.9814274348960159
outer loop
vertex -187.70231451416015 190.2716447143555 -37.826009050041435
vertex -187.6524030151367 190.189735534668 -37.82590435448289
vertex -187.74230780029296 190.20375836181643 -37.83954858969152
endloop
endfacet
facet normal 0.16436986953482643 0.0988954800489222 -0.9814286678179914
outer loop
vertex -187.72562994384765 190.13701641845705 -37.84348075467348
vertex -187.74230780029296 190.20375836181643 -37.83954858969152
vertex -187.6524030151367 190.189735534668 -37.82590435448289
endloop
endfacet
facet normal 0.16027918864283555 0.09641076496191293 -0.9823520479377306
outer loop
vertex -187.70231451416015 190.2716447143555 -37.826009050041435
vertex -187.70199407958984 190.27217877197268 -37.82590435448289
vertex -187.6524030151367 190.189735534668 -37.82590435448289
endloop
endfacet
facet normal 0.6772421379293072 -0.5055870461170604 0.5345323427179752
outer loop
vertex -187.74230780029296 190.20375836181643 -37.83954858969152
vertex -187.7357770385742 190.1928635864258 -37.858127754211424
vertex -187.70231451416015 190.2716447143555 -37.826009050041435
endloop
endfacet
facet normal -0.2183600841865406 -0.1313495249040643 -0.9669881984499725
outer loop
vertex -188.0947553100586 189.85872662353518 -37.82590435448289
vertex -188.16505255126953 189.80306256103518 -37.80246915671229
vertex -196.46989263916015 203.6093217163086 -37.80246915671229
endloop
endfacet
facet normal 0.21269989054175995 0.1279671108870216 -0.9687017988497555
outer loop
vertex -187.6511517944336 190.36507427978518 -37.80246915671229
vertex -187.5791608276367 190.24541485595705 -37.80246915671229
vertex -187.70199407958984 190.27217877197268 -37.82590435448289
endloop
endfacet
facet normal 0.29192929947966506 0.17563407739671763 -0.9401754915771395
outer loop
vertex -187.6511517944336 190.36507427978518 -37.80246915671229
vertex -187.50886358642578 190.301063659668 -37.770245756983755
vertex -187.5791608276367 190.24541485595705 -37.80246915671229
endloop
endfacet
facet normal -0.6310763570787821 -0.3795573238725449 -0.6765196740900339
outer loop
vertex -188.70699896240234 189.39295208740236 -37.36305917429924
vertex -188.76850714111328 189.34902203369143 -37.28103594112396
vertex -197.07043280029296 203.1523362426758 -37.28103594112396
endloop
endfacet
facet normal -0.6348150003129494 -0.38185847474691037 -0.6717097741150065
outer loop
vertex -197.07043280029296 203.1523362426758 -37.28103594112396
vertex -197.01183905029296 203.1992112426758 -37.36305917429924
vertex -188.70699896240234 189.39295208740236 -37.36305917429924
endloop
endfacet
facet normal -0.5239121858761123 -0.3151473003365727 -0.7913268607731473
outer loop
vertex -196.81849493408203 203.3456956176758 -37.576905351161955
vertex -188.51363958740234 189.53940594482424 -37.576905351161955
vertex -196.88587774658203 203.2958909301758 -37.5124585442543
endloop
endfacet
facet normal 0.6131065688626752 -0.7899744253922778 -0.0063829807753324995
outer loop
vertex -187.87211431884765 190.02568829345705 -34.92872778701782
vertex -188.60445989990234 189.4713822631836 -36.67059401798248
vertex -188.60445989990234 189.47177899169924 -36.719694178581236
endloop
endfacet
facet normal -0.3422522010988973 -0.20587400018268254 -0.9167765959554928
outer loop
vertex -196.54313482666015 203.55367291259768 -37.770245756983755
vertex -188.23829473876953 189.74741375732424 -37.770245756983755
vertex -196.6134320678711 203.50095379638674 -37.73216354477405
endloop
endfacet
facet normal -0.1617351700743389 -0.09727431409904962 -0.9820282290125799
outer loop
vertex -188.0947553100586 189.85872662353518 -37.82590435448289
vertex -196.3966657104492 203.66207135009768 -37.82590435448289
vertex -188.0215131225586 189.91439068603518 -37.84348075467348
endloop
endfacet
facet normal 0.44121220337550127 0.8973841071177372 0.005792744171529495
outer loop
vertex -198.48238958740234 203.50972760009768 -34.92872778701782
vertex -199.47253240966796 203.9813615112305 -32.57641951370239
vertex -199.40809454345703 203.94915020751955 -32.49439636993408
endloop
endfacet
facet normal 0.432361494873358 0.9017002111709568 0.0005166479720654975
outer loop
vertex -198.48238958740234 203.50972760009768 -34.92872778701782
vertex -199.2674848022461 203.88469708251955 -32.344997089385984
vertex -199.1942426147461 203.84954083251955 -32.28055016326904
endloop
endfacet
facet normal 0.445193158346061 0.8954266263990488 0.003769416065858854
outer loop
vertex -198.48238958740234 203.50972760009768 -34.92872778701782
vertex -199.1180707397461 203.81438458251955 -32.22196213531494
vertex -199.04191412353515 203.77629864501955 -32.16923300552368
endloop
endfacet
facet normal 0.6642114448903156 -0.5063379429671792 0.5499500377202325
outer loop
vertex -187.70231451416015 190.2716447143555 -37.826009050041435
vertex -187.7357770385742 190.1928635864258 -37.858127754211424
vertex -187.70199407958984 190.27217877197268 -37.82590435448289
endloop
endfacet
facet normal -0.8547038940457883 -0.5191158382316668 0.0
outer loop
vertex -188.8798657836914 189.26120770263674 -37.099412601470945
vertex -197.24032415771484 203.02637493896486 -36.99981353807449
vertex -188.8798657836914 189.26120770263674 -37.09941313791275
endloop
endfacet
facet normal -0.6348402401315347 -0.381821090155099 0.6717071717813553
outer loop
vertex -197.01183905029296 203.1992112426758 -32.49439636993408
vertex -197.07043280029296 203.1523362426758 -32.57641951370239
vertex -188.76850714111328 189.34902203369143 -32.57641951370239
endloop
endfacet
facet normal -0.6690435975067608 -0.402392506984737 0.6248687341816278
outer loop
vertex -197.07043280029296 203.1523362426758 -32.57641951370239
vertex -188.8241559448242 189.30507672119143 -32.66430155563354
vertex -188.76850714111328 189.34902203369143 -32.57641951370239
endloop
endfacet
facet normal 0.6049789516334687 -0.7962414633841127 -8.270185464436235e-06
outer loop
vertex -187.72562994384765 190.13701641845705 -37.84348075467348
vertex -187.87211431884765 190.02568829345705 -34.92872778701782
vertex -187.79887213134765 190.0813676147461 -37.85519835402444
endloop
endfacet
facet normal 0.42032262041487467 0.9073661168747958 -0.0039528110412218815
outer loop
vertex -198.48238958740234 203.50972760009768 -34.92872778701782
vertex -199.40809454345703 203.94915020751955 -32.49439636993408
vertex -199.33778204345703 203.91692364501955 -32.41530243682861
endloop
endfacet
facet normal 0.4196565796109551 0.9076590021876292 -0.006594765878449506
outer loop
vertex -198.48238958740234 203.50972760009768 -34.92872778701782
vertex -199.6600171508789 204.0692521362305 -32.857641857147215
vertex -199.6014234008789 204.0428849487305 -32.75804201889038
endloop
endfacet
facet normal 0.4471754579432 0.8943568534468701 0.0126462842725899
outer loop
vertex -198.48238958740234 203.50972760009768 -34.92872778701782
vertex -199.7156812133789 204.09853375244143 -32.96017090606689
vertex -199.6600171508789 204.0692521362305 -32.857641857147215
endloop
endfacet
facet normal 0.42817428569337845 0.9036950553745181 -0.0014240655222582288
outer loop
vertex -198.48238958740234 203.50972760009768 -34.92872778701782
vertex -199.81820501708984 204.14539349365236 -33.18280569839477
vertex -199.76840032958984 204.12197125244143 -33.07148854064941
endloop
endfacet
facet normal 0.4284230129734244 0.9035775027968678 -0.0011909635382502874
outer loop
vertex -198.48238958740234 203.50972760009768 -34.92872778701782
vertex -199.86799444580078 204.16884625244143 -33.29998127746582
vertex -199.81820501708984 204.14539349365236 -33.18280569839477
endloop
endfacet
facet normal 0.43457927641987226 0.9006183181816526 0.005243802249507934
outer loop
vertex -198.48238958740234 203.50972760009768 -34.92872778701782
vertex -199.90901007080078 204.18935406494143 -33.42301623153686
vertex -199.86799444580078 204.16884625244143 -33.29998127746582
endloop
endfacet
facet normal 0.44099827708364425 0.8974899667830214 0.00568147279042926
outer loop
vertex -198.48238958740234 203.50972760009768 -34.92872778701782
vertex -199.53698553466796 204.0135880737305 -32.66430155563354
vertex -199.47253240966796 203.9813615112305 -32.57641951370239
endloop
endfacet
facet normal -0.026708739597807715 -0.016063773857317904 -0.9995141811893203
outer loop
vertex -196.2501813354492 203.77336895751955 -37.85519835402444
vertex -187.87211431884765 190.02568829345705 -37.858127754211424
vertex -187.9482709350586 189.9700394897461 -37.85519835402444
endloop
endfacet
facet normal -0.02743363653497288 -0.016505543917860875 -0.9994873498981579
outer loop
vertex -187.87211431884765 190.02568829345705 -37.858127754211424
vertex -196.2501813354492 203.77336895751955 -37.85519835402444
vertex -196.17695440673828 203.8290482788086 -37.858127754211424
endloop
endfacet
facet normal -0.38476432117042475 -0.2314459399410067 -0.8935262693615036
outer loop
vertex -196.6134320678711 203.50095379638674 -37.73216354477405
vertex -188.30859197998046 189.69467938232424 -37.73216354477405
vertex -196.6837445678711 203.44820416259768 -37.6882225536108
endloop
endfacet
facet normal 0.02742971890480322 0.01650318686188921 -0.9994874963421029
outer loop
vertex -196.17695440673828 203.8290482788086 -37.858127754211424
vertex -187.79887213134765 190.0813676147461 -37.85519835402444
vertex -187.87211431884765 190.02568829345705 -37.858127754211424
endloop
endfacet
facet normal -0.6906754914068165 -0.4154599290620284 0.5919125044410929
outer loop
vertex -197.1290112915039 203.10840618896486 -32.66430155563354
vertex -197.1846753540039 203.06739056396486 -32.75804201889038
vertex -188.8798657836914 189.2611771850586 -32.75804201889038
endloop
endfacet
facet normal -0.7049225890896476 -0.4241208600111455 0.5685117760385919
outer loop
vertex -197.24032415771484 203.02637493896486 -32.857641857147215
vertex -188.9830609741211 189.30214703369143 -32.857641857147215
vertex -197.1846753540039 203.06739056396486 -32.75804201889038
endloop
endfacet
facet normal 0.6773487663770225 -0.5055427082942582 0.5344391628408537
outer loop
vertex -187.6511517944336 190.36507427978518 -37.80246915671229
vertex -187.70199407958984 190.27217877197268 -37.82590435448289
vertex -175.2496930541992 206.92226422119143 -37.858127754211424
endloop
endfacet
facet normal 0.2993474338243105 0.18011703949875474 -0.9369893094080657
outer loop
vertex -187.60555853271484 190.4598313598633 -37.77061781662702
vertex -187.60505499267578 190.4609299926758 -37.770245756983755
vertex -187.50886358642578 190.301063659668 -37.770245756983755
endloop
endfacet
facet normal 0.29190825868829456 0.17557882196683314 -0.9401923451008878
outer loop
vertex -187.60555853271484 190.4598313598633 -37.77061781662702
vertex -187.50886358642578 190.301063659668 -37.770245756983755
vertex -187.6511517944336 190.36507427978518 -37.80246915671229
endloop
endfacet
facet normal 0.21269482000327727 0.1279396936906628 -0.9687065336427296
outer loop
vertex -187.6524030151367 190.189735534668 -37.82590435448289
vertex -187.70199407958984 190.27217877197268 -37.82590435448289
vertex -187.5791608276367 190.24541485595705 -37.80246915671229
endloop
endfacet
facet normal 0.6774277646154726 -0.5056020922087691 0.5342828352868909
outer loop
vertex -175.2496930541992 206.92226422119143 -37.858127754211424
vertex -187.70199407958984 190.27217877197268 -37.82590435448289
vertex -187.7357770385742 190.1928635864258 -37.858127754211424
endloop
endfacet
facet normal -0.6852738522641258 -0.4122990927082118 0.6003409077807962
outer loop
vertex -188.8241559448242 189.30507672119143 -32.66430155563354
vertex -197.1290112915039 203.10840618896486 -32.66430155563354
vertex -188.8798657836914 189.2611771850586 -32.75804201889038
endloop
endfacet
facet normal 0.4203939413680158 0.9073246395384862 0.005561703643807475
outer loop
vertex -198.48238958740234 203.50972760009768 -34.92872778701782
vertex -197.42487921142578 203.00586712646486 -32.66430155563354
vertex -197.36044134521484 202.97658551025393 -32.75804201889038
endloop
endfacet
facet normal 0.4197729814877225 0.9076216365961873 0.0036890100794845344
outer loop
vertex -198.48238958740234 203.50972760009768 -34.92872778701782
vertex -197.69437994384765 203.13477337646486 -32.344997089385984
vertex -197.6240827026367 203.10254681396486 -32.41530243682861
endloop
endfacet
facet normal 0.43196275175474724 0.9018910360250274 -0.0008603686239594449
outer loop
vertex -198.48238958740234 203.50972760009768 -34.92872778701782
vertex -197.76762213134765 203.1699143676758 -32.28055016326904
vertex -197.69437994384765 203.13477337646486 -32.344997089385984
endloop
endfacet
facet normal 0.42084006718966893 0.9071304861237476 0.0028140704838917623
outer loop
vertex -198.48238958740234 203.50972760009768 -34.92872778701782
vertex -197.84379400634765 203.2050706176758 -32.22196213531494
vertex -197.76762213134765 203.1699143676758 -32.28055016326904
endloop
endfacet
facet normal 0.4215913834669969 0.9067850067533829 0.0012872115796391315
outer loop
vertex -198.48238958740234 203.50972760009768 -34.92872778701782
vertex -198.15722479248046 203.35446942138674 -32.054986637115476
vertex -198.07520880126953 203.31638348388674 -32.08720986175537
endloop
endfacet
facet normal 0.421333154784468 0.9069054932940611 0.0008938190104781743
outer loop
vertex -198.48238958740234 203.50972760009768 -34.92872778701782
vertex -198.3183423461914 203.43064129638674 -32.01397482681274
vertex -198.23632635498046 203.39255535888674 -32.03155152130127
endloop
endfacet
facet normal 0.4200886225948726 0.9074796818184148 -0.002485206850771425
outer loop
vertex -198.48238958740234 203.50972760009768 -34.92872778701782
vertex -199.04191412353515 203.77629864501955 -32.16923300552368
vertex -198.96574224853515 203.7411576538086 -32.1252919845581
endloop
endfacet
facet normal 0.4200748894427529 0.90748037945916 -0.004055632665544356
outer loop
vertex -198.48238958740234 203.50972760009768 -34.92872778701782
vertex -199.33778204345703 203.91692364501955 -32.41530243682861
vertex -199.2674848022461 203.88469708251955 -32.344997089385984
endloop
endfacet
facet normal 0.5621371746015963 0.3381443739260289 -0.7547583582267297
outer loop
vertex -187.39359869384765 191.08847821044924 -37.44460518288612
vertex -187.10168280029296 190.60866558837893 -37.442152958393095
vertex -187.4201489868164 190.98116314697268 -37.5124585442543
endloop
endfacet
facet normal 0.5884300149630726 -0.8085077334578638 -0.008084703419806646
outer loop
vertex -186.97865118408203 190.69947064208986 -37.28103594112396
vertex -187.87211431884765 190.02568829345705 -34.92872778701782
vertex -187.04015936279296 190.65552532958986 -37.36305917429924
endloop
endfacet
facet normal 0.39228367770180317 0.23596454009538512 -0.8890636940210308
outer loop
vertex -187.36825384521484 190.406532409668 -37.6882225536108
vertex -187.52165045166015 190.6585160522461 -37.68902764844894
vertex -187.52091802978515 190.66033184814455 -37.6882225536108
endloop
endfacet
facet normal 0.38485515271704285 0.23141111927095728 -0.893496169720332
outer loop
vertex -187.43855108642578 190.35378277587893 -37.73216354477405
vertex -187.5619183959961 190.5589524536133 -37.73216354477405
vertex -187.36825384521484 190.406532409668 -37.6882225536108
endloop
endfacet
facet normal 0.44256793863572447 0.26621128034933106 -0.8563090411215424
outer loop
vertex -187.36825384521484 190.406532409668 -37.6882225536108
vertex -187.52091802978515 190.66033184814455 -37.6882225536108
vertex -187.29794134521484 190.45925152587893 -37.635493364214895
endloop
endfacet
facet normal -0.7274167616343797 -0.4376537962816317 0.5285111252316529
outer loop
vertex -188.9830609741211 189.30214703369143 -32.857641857147215
vertex -192.15775885009765 194.50252545166018 -32.92076842117309
vertex -189.05445684814453 189.34397137451174 -32.92127339172363
endloop
endfacet
facet normal 0.3421795068767431 0.2058890532930217 -0.9168003505713184
outer loop
vertex -187.50886358642578 190.301063659668 -37.770245756983755
vertex -187.60505499267578 190.4609299926758 -37.770245756983755
vertex -187.43855108642578 190.35378277587893 -37.73216354477405
endloop
endfacet
facet normal 0.3285120065086163 0.19753231984398056 -0.9236129298557586
outer loop
vertex -187.5626050415039 190.55745709228518 -37.73272758352756
vertex -187.5619183959961 190.5589524536133 -37.73216354477405
vertex -187.43855108642578 190.35378277587893 -37.73216354477405
endloop
endfacet
facet normal -0.5239435596630331 -0.3151665208388078 0.7912984332285709
outer loop
vertex -196.88587774658203 203.2958909301758 -32.344997089385984
vertex -188.58102239990234 189.4896165161133 -32.344997089385984
vertex -188.51363958740234 189.53940594482424 -32.28055016326904
endloop
endfacet
facet normal -0.5621148282096738 -0.33812771919103807 0.7547824623171073
outer loop
vertex -188.64547552490234 189.43982708740236 -32.41530243682861
vertex -188.58102239990234 189.4896165161133 -32.344997089385984
vertex -196.95031561279296 203.24607098388674 -32.41530243682861
endloop
endfacet
facet normal -0.6144901427411171 -0.3696329290799761 0.6969744344047054
outer loop
vertex -196.95031561279296 203.24607098388674 -32.41530243682861
vertex -197.01183905029296 203.1992112426758 -32.49439636993408
vertex -188.64547552490234 189.43982708740236 -32.41530243682861
endloop
endfacet
facet normal 0.6774048105259739 -0.5055862287934485 0.534326948534966
outer loop
vertex -187.60505499267578 190.4609299926758 -37.770245756983755
vertex -175.2496930541992 206.92226422119143 -37.858127754211424
vertex -187.5626050415039 190.55745709228518 -37.73272758352756
endloop
endfacet
facet normal 0.6839315570867152 -0.5105984557645771 0.5210823756295838
outer loop
vertex -187.5626050415039 190.55745709228518 -37.73272758352756
vertex -175.2496930541992 206.92226422119143 -37.858127754211424
vertex -187.5619183959961 190.5589524536133 -37.73216354477405
endloop
endfacet
facet normal -0.631051577233415 -0.3795946734878508 0.6765218331516518
outer loop
vertex -197.01183905029296 203.1992112426758 -32.49439636993408
vertex -188.76850714111328 189.34902203369143 -32.57641951370239
vertex -188.70699896240234 189.39295208740236 -32.49439636993408
endloop
endfacet
facet normal 0.4926013763473909 0.29630762913466685 -0.8182577056998906
outer loop
vertex -187.4497357788086 190.87339031982424 -37.576905351161955
vertex -187.2305737915039 190.50904095458986 -37.576905351161955
vertex -187.48299993896484 190.76689923095705 -37.635493364214895
endloop
endfacet
facet normal 0.6773643828409989 -0.5055545092052682 0.5344082064121518
outer loop
vertex -187.6511517944336 190.36507427978518 -37.80246915671229
vertex -175.2496930541992 206.92226422119143 -37.858127754211424
vertex -187.60555853271484 190.4598313598633 -37.77061781662702
endloop
endfacet
facet normal -0.4926105946497442 -0.2963192045576928 0.8182479642804629
outer loop
vertex -196.7511273803711 203.39548504638674 -32.22196213531494
vertex -196.81849493408203 203.3456956176758 -32.28055016326904
vertex -188.4462720336914 189.5892258911133 -32.22196213531494
endloop
endfacet
facet normal 0.38487423665180487 0.2314398850514518 -0.8934804987066373
outer loop
vertex -187.52165045166015 190.6585160522461 -37.68902764844894
vertex -187.36825384521484 190.406532409668 -37.6882225536108
vertex -187.5619183959961 190.5589524536133 -37.73216354477405
endloop
endfacet
facet normal 0.44257532060734706 0.26622128203183737 -0.8563021164183988
outer loop
vertex -187.48299993896484 190.76689923095705 -37.635493364214895
vertex -187.29794134521484 190.45925152587893 -37.635493364214895
vertex -187.52091802978515 190.66033184814455 -37.6882225536108
endloop
endfacet
facet normal 0.49261066850765184 0.2963189260817777 -0.8182480206625532
outer loop
vertex -187.29794134521484 190.45925152587893 -37.635493364214895
vertex -187.48299993896484 190.76689923095705 -37.635493364214895
vertex -187.2305737915039 190.50904095458986 -37.576905351161955
endloop
endfacet
facet normal 0.5677420125599062 0.3415838017263191 -0.7489923321187087
outer loop
vertex -187.39359869384765 191.08847821044924 -37.44460518288612
vertex -187.39266790771484 191.09230816650393 -37.442152958393095
vertex -187.10168280029296 190.60866558837893 -37.442152958393095
endloop
endfacet
facet normal -0.2160679968445825 -0.12997077207693303 0.9676891128587195
outer loop
vertex -188.16505255126953 189.80306256103518 -32.054986637115476
vertex -196.3966657104492 203.66207135009768 -32.03155152130127
vertex -196.46989263916015 203.6093217163086 -32.054986637115476
endloop
endfacet
facet normal 0.5621353893371435 0.33814243249330694 -0.7547605576620229
outer loop
vertex -187.1661206665039 190.55886090087893 -37.5124585442543
vertex -187.4201489868164 190.98116314697268 -37.5124585442543
vertex -187.10168280029296 190.60866558837893 -37.442152958393095
endloop
endfacet
facet normal -0.28478856711958217 -0.1713080626828777 0.943159063836962
outer loop
vertex -196.46989263916015 203.6093217163086 -32.054986637115476
vertex -196.54313482666015 203.55367291259768 -32.08720986175537
vertex -188.16505255126953 189.80306256103518 -32.054986637115476
endloop
endfacet
facet normal 0.6144525370253345 0.36968733849927843 -0.6969787310215787
outer loop
vertex -187.10168280029296 190.60866558837893 -37.442152958393095
vertex -187.39266790771484 191.09230816650393 -37.442152958393095
vertex -187.04015936279296 190.65552532958986 -37.36305917429924
endloop
endfacet
facet normal -0.34222575976214337 -0.20585786748426485 0.9167900892516534
outer loop
vertex -188.30859197998046 189.69467938232424 -32.1252919845581
vertex -188.23829473876953 189.74741375732424 -32.08720986175537
vertex -196.6134320678711 203.50095379638674 -32.1252919845581
endloop
endfacet
facet normal -0.6597132051126301 -0.3969203771848088 0.6381478677982791
outer loop
vertex -188.8241559448242 189.30507672119143 -32.66430155563354
vertex -197.07043280029296 203.1523362426758 -32.57641951370239
vertex -197.1290112915039 203.10840618896486 -32.66430155563354
endloop
endfacet
facet normal 0.6625175061756212 -0.4942601159220464 0.5628298959895085
outer loop
vertex -187.60555853271484 190.4598313598633 -37.77061781662702
vertex -175.2496930541992 206.92226422119143 -37.858127754211424
vertex -187.60505499267578 190.4609299926758 -37.770245756983755
endloop
endfacet
facet normal 0.5339040936714827 0.3211604043735672 -0.782177993441032
outer loop
vertex -187.4201489868164 190.98116314697268 -37.5124585442543
vertex -187.1661206665039 190.55886090087893 -37.5124585442543
vertex -187.4497357788086 190.87339031982424 -37.576905351161955
endloop
endfacet
facet normal 0.5338881746227859 0.32114230053216664 -0.7821962923760616
outer loop
vertex -187.2305737915039 190.50904095458986 -37.576905351161955
vertex -187.4497357788086 190.87339031982424 -37.576905351161955
vertex -187.1661206665039 190.55886090087893 -37.5124585442543
endloop
endfacet
facet normal -0.7107235476392042 -0.427505969281692 0.5586686719869524
outer loop
vertex -188.9823590698242 189.30171978759768 -32.85707585144043
vertex -197.1846753540039 203.06739056396486 -32.75804201889038
vertex -188.9830609741211 189.30214703369143 -32.857641857147215
endloop
endfacet
facet normal -0.727442350088968 -0.43767000788937094 0.528462478792163
outer loop
vertex -197.24032415771484 203.02637493896486 -32.857641857147215
vertex -192.15775885009765 194.50252545166018 -32.92076842117309
vertex -188.9830609741211 189.30214703369143 -32.857641857147215
endloop
endfacet
facet normal -0.026708497430783927 -0.016069261425181093 0.999514099451448
outer loop
vertex -187.87211431884765 190.02568829345705 -31.999327819824217
vertex -196.17695440673828 203.8290482788086 -31.999327819824217
vertex -187.9482709350586 189.9700394897461 -32.00225750732422
endloop
endfacet
facet normal -0.10891302726854232 -0.06550493458333644 0.9918906472169371
outer loop
vertex -196.2501813354492 203.77336895751955 -32.00225750732422
vertex -196.3234235229492 203.7177201538086 -32.01397482681274
vertex -187.9482709350586 189.9700394897461 -32.00225750732422
endloop
endfacet
facet normal -0.027439343239795966 -0.01650319001326393 0.9994872321155256
outer loop
vertex -187.9482709350586 189.9700394897461 -32.00225750732422
vertex -196.17695440673828 203.8290482788086 -31.999327819824217
vertex -196.2501813354492 203.77336895751955 -32.00225750732422
endloop
endfacet
facet normal 0.6032169810151783 -0.7975679790752305 -0.003820022092444236
outer loop
vertex -187.9482709350586 189.96811688232424 -34.932534616470335
vertex -188.60445989990234 189.47180950927736 -34.92872778701782
vertex -188.60445989990234 189.47214520263674 -34.998815935134886
endloop
endfacet
facet normal -0.5621043798453426 -0.3381213080623569 0.7547931154911813
outer loop
vertex -196.88587774658203 203.2958909301758 -32.344997089385984
vertex -196.95031561279296 203.24607098388674 -32.41530243682861
vertex -188.58102239990234 189.4896165161133 -32.344997089385984
endloop
endfacet
facet normal 0.6068011766376081 -0.7948275906959766 0.006436854794310546
outer loop
vertex -186.51579107666015 191.05100262451174 -36.182510893821714
vertex -186.4865094604492 191.07442486572268 -36.050688069343565
vertex -187.87211431884765 190.02568829345705 -34.92872778701782
endloop
endfacet
facet normal -0.21836923928753885 -0.13133641843183008 0.9669879112618114
outer loop
vertex -188.16505255126953 189.80306256103518 -32.054986637115476
vertex -188.0947553100586 189.85872662353518 -32.03155152130127
vertex -196.3966657104492 203.66207135009768 -32.03155152130127
endloop
endfacet
facet normal -0.8568751977825172 -0.5155227280283763 0.0011010501136960807
outer loop
vertex -187.74230780029296 190.20375836181643 -37.83954858969152
vertex -194.13502325439453 200.82939923095705 -37.83950426059961
vertex -187.7357770385742 190.1928635864258 -37.858127754211424
endloop
endfacet
facet normal -0.1617377816902477 -0.09727588483438257 0.982027643299111
outer loop
vertex -196.3966657104492 203.66207135009768 -32.03155152130127
vertex -188.0947553100586 189.85872662353518 -32.03155152130127
vertex -188.0215131225586 189.91439068603518 -32.01397482681274
endloop
endfacet
facet normal 0.10890094093565375 0.06552089941049558 0.9918909198111298
outer loop
vertex -187.79887213134765 190.0813676147461 -32.00225750732422
vertex -187.72562994384765 190.13701641845705 -32.01397482681274
vertex -196.10372747802734 203.88469708251955 -32.00225750732422
endloop
endfacet
facet normal 0.02743240643044119 0.016504803821142545 0.9994873958826398
outer loop
vertex -187.87211431884765 190.02568829345705 -31.999327819824217
vertex -187.79887213134765 190.0813676147461 -32.00225750732422
vertex -196.17695440673828 203.8290482788086 -31.999327819824217
endloop
endfacet
facet normal -0.3847645295185582 -0.23144606526793265 0.89352614718113
outer loop
vertex -196.6134320678711 203.50095379638674 -32.1252919845581
vertex -196.6837445678711 203.44820416259768 -32.16923300552368
vertex -188.30859197998046 189.69467938232424 -32.1252919845581
endloop
endfacet
facet normal -0.3847920342592191 -0.2314628659129827 0.8935099507414569
outer loop
vertex -188.37890447998046 189.64194500732424 -32.16923300552368
vertex -188.30859197998046 189.69467938232424 -32.1252919845581
vertex -196.6837445678711 203.44820416259768 -32.16923300552368
endloop
endfacet
facet normal 0.34216864793075846 0.20586914975570916 -0.9168088729675875
outer loop
vertex -187.5626050415039 190.55745709228518 -37.73272758352756
vertex -187.43855108642578 190.35378277587893 -37.73216354477405
vertex -187.60505499267578 190.4609299926758 -37.770245756983755
endloop
endfacet
facet normal -0.45204601036008357 -0.27191796026626813 0.8495381259261784
outer loop
vertex -196.6837445678711 203.44820416259768 -32.16923300552368
vertex -196.7511273803711 203.39548504638674 -32.22196213531494
vertex -188.37890447998046 189.64194500732424 -32.16923300552368
endloop
endfacet
facet normal -0.45209599787103055 -0.2719485287727352 0.8495017400849405
outer loop
vertex -188.4462720336914 189.5892258911133 -32.22196213531494
vertex -188.37890447998046 189.64194500732424 -32.16923300552368
vertex -196.7511273803711 203.39548504638674 -32.22196213531494
endloop
endfacet
facet normal 0.534001859141282 0.3212172207655866 0.7820879180228314
outer loop
vertex -195.4709760131836 204.36512005615236 -32.344997089385984
vertex -195.53541387939453 204.31533062744143 -32.28055016326904
vertex -187.1661206665039 190.55886090087893 -32.344997089385984
endloop
endfacet
facet normal 0.6056436068585949 -0.7957006899709739 -0.00749889665404724
outer loop
vertex -188.60445989990234 189.47234356689455 -35.36127654838562
vertex -187.87211431884765 190.02568829345705 -34.92872778701782
vertex -188.60445989990234 189.47164166259768 -35.286798160552976
endloop
endfacet
facet normal 0.6853286929314902 0.4123320879222027 0.6002556388027787
outer loop
vertex -186.92005743408203 190.7434006958008 -32.66430155563354
vertex -186.86439337158203 190.7873460083008 -32.75804201889038
vertex -195.1692487182617 204.59067547607424 -32.75804201889038
endloop
endfacet
facet normal 0.6907213840970854 0.41548768393368335 0.5918394664522044
outer loop
vertex -195.1692487182617 204.59067547607424 -32.75804201889038
vertex -195.22489752197265 204.54965985107424 -32.66430155563354
vertex -186.92005743408203 190.7434006958008 -32.66430155563354
endloop
endfacet
facet normal 0.598381040973596 -0.8011684912044659 -0.008317361631887635
outer loop
vertex -187.9482709350586 189.96814739990236 -34.86307803916931
vertex -188.60445989990234 189.471717956543 -34.25319806861877
vertex -188.60445989990234 189.47258770751955 -34.33697668838501
endloop
endfacet
facet normal 0.6029058976393326 -0.797799105420756 -0.004589769226459539
outer loop
vertex -188.60445989990234 189.4710160522461 -34.7163895778656
vertex -188.60445989990234 189.4714280395508 -34.78800169754028
vertex -187.9482709350586 189.96802532958986 -34.91103116798401
endloop
endfacet
facet normal 0.6144900126074735 0.36963312141907806 0.6969744471325016
outer loop
vertex -187.04015936279296 190.65552532958986 -32.49439636993408
vertex -195.34501470947265 204.4617844848633 -32.49439636993408
vertex -187.10168280029296 190.60866558837893 -32.41530243682861
endloop
endfacet
facet normal 0.603212701184367 -0.7975712159065349 0.003820037595532897
outer loop
vertex -188.60445989990234 189.47214520263674 -34.858639638900755
vertex -188.60445989990234 189.47180950927736 -34.92872778701782
vertex -187.9482709350586 189.96810162353518 -34.926951091766355
endloop
endfacet
facet normal 0.6025539374845423 -0.7980777842320257 -0.0007763614974699825
outer loop
vertex -188.60445989990234 189.47226727294924 -34.417750757217405
vertex -188.60445989990234 189.47234356689455 -34.49617878723144
vertex -187.9482709350586 189.96814739990236 -34.88360134887695
endloop
endfacet
facet normal 0.5983693246887567 -0.8011772408499794 0.008317452466670438
outer loop
vertex -187.9482709350586 189.96810162353518 -34.99734703826904
vertex -188.60445989990234 189.47258770751955 -35.52047888565063
vertex -188.60445989990234 189.471717956543 -35.60425750541687
endloop
endfacet
facet normal 0.38481034130319436 0.23147387809745545 0.8934992137571489
outer loop
vertex -187.43855108642578 190.35378277587893 -32.1252919845581
vertex -187.36825384521484 190.406532409668 -32.16923300552368
vertex -195.67309393310546 204.21279156494143 -32.16923300552368
endloop
endfacet
facet normal 0.21272721574042341 0.12796157798400212 0.9686965294885551
outer loop
vertex -195.8840161743164 204.05165875244143 -32.054986637115476
vertex -195.9572583618164 203.9960099487305 -32.03155152130127
vertex -187.5791608276367 190.24541485595705 -32.054986637115476
endloop
endfacet
facet normal 0.5992543056932165 -0.800546122147479 -0.0044925964402388685
outer loop
vertex -186.62418951416015 190.96897137451174 -36.55747417736053
vertex -187.87211431884765 190.02568829345705 -34.92872778701782
vertex -186.6681195678711 190.93674481201174 -36.674650114059446
endloop
endfacet
facet normal 0.21269302936439313 0.1279407310866727 0.9687067897918363
outer loop
vertex -187.6524030151367 190.189735534668 -32.03155152130127
vertex -187.5791608276367 190.24541485595705 -32.054986637115476
vertex -195.9572583618164 203.9960099487305 -32.03155152130127
endloop
endfacet
facet normal 0.16174212714608716 0.0973131136620766 0.9820232391423588
outer loop
vertex -187.72562994384765 190.13701641845705 -32.01397482681274
vertex -195.9572583618164 203.9960099487305 -32.03155152130127
vertex -196.03048529052734 203.9403458862305 -32.01397482681274
endloop
endfacet
facet normal 0.1643837560180106 0.09888136901602836 0.9814277638313108
outer loop
vertex -187.72562994384765 190.13701641845705 -32.01397482681274
vertex -187.6524030151367 190.189735534668 -32.03155152130127
vertex -195.9572583618164 203.9960099487305 -32.03155152130127
endloop
endfacet
facet normal 0.6049171428216904 -0.796288195498135 0.0006000256380050608
outer loop
vertex -187.87211431884765 190.02568829345705 -34.92872778701782
vertex -187.9482709350586 189.9700394897461 -32.00225750732422
vertex -188.0215131225586 189.91439068603518 -32.01397482681274
endloop
endfacet
facet normal 0.6043068902556721 -0.7966908631152817 -0.009841291487744578
outer loop
vertex -187.87211431884765 190.02568829345705 -34.92872778701782
vertex -186.3751813354492 191.1593705444336 -34.78518716621399
vertex -187.81405462646484 190.06963360595705 -34.921102445602415
endloop
endfacet
facet normal 0.6029406912763496 -0.7976910945126827 0.012306117923843557
outer loop
vertex -187.87211431884765 190.02568829345705 -34.92872778701782
vertex -186.3722516479492 191.1593705444336 -34.92872778701782
vertex -186.3751813354492 191.1593705444336 -34.78518716621399
endloop
endfacet
facet normal 0.6031879165020713 -0.7975917196299361 0.003433098258364445
outer loop
vertex -187.87211431884765 190.02568829345705 -34.92872778701782
vertex -188.60445989990234 189.47214520263674 -34.858639638900755
vertex -187.9482709350586 189.96810162353518 -34.926951091766355
endloop
endfacet
facet normal 0.6056435995357812 -0.795700695770413 0.007498872703476135
outer loop
vertex -187.87211431884765 190.02568829345705 -34.92872778701782
vertex -188.60445989990234 189.47234356689455 -34.49617878723144
vertex -188.60445989990234 189.47164166259768 -34.570657413482664
endloop
endfacet
facet normal 0.6057468313743495 -0.7956194348387875 0.007777608034848252
outer loop
vertex -187.9482709350586 189.96814739990236 -34.88360134887695
vertex -188.60445989990234 189.47234356689455 -34.49617878723144
vertex -187.87211431884765 190.02568829345705 -34.92872778701782
endloop
endfacet
facet normal 0.6055535789145167 -0.7957719256350814 0.00720454265409929
outer loop
vertex -187.87211431884765 190.02568829345705 -34.92872778701782
vertex -188.60445989990234 189.47164166259768 -34.570657413482664
vertex -188.60445989990234 189.47097027587893 -34.644814889907835
endloop
endfacet
facet normal 0.6042975427403107 -0.7967524643617411 0.0031607548963879795
outer loop
vertex -187.87211431884765 190.02568829345705 -34.92872778701782
vertex -188.60445989990234 189.47258770751955 -34.33697668838501
vertex -188.60445989990234 189.47226727294924 -34.417750757217405
endloop
endfacet
facet normal 0.6188197090774383 -0.7854199395113975 0.013329901546040968
outer loop
vertex -187.87211431884765 190.02568829345705 -34.92872778701782
vertex -188.60445989990234 189.4728928833008 -33.50236002731323
vertex -188.60445989990234 189.47066510009768 -33.6336247138977
endloop
endfacet
facet normal 0.6132197923597811 -0.7898859226667763 0.006458748414554659
outer loop
vertex -187.87211431884765 190.02568829345705 -34.92872778701782
vertex -188.1846753540039 189.7897416381836 -34.108495872497556
vertex -188.60445989990234 189.4713822631836 -33.18686167526245
endloop
endfacet
facet normal 0.588515506080481 -0.8084433924995933 -0.00829338450717203
outer loop
vertex -187.87211431884765 190.02568829345705 -34.92872778701782
vertex -188.70699896240234 189.39295208740236 -32.49439636993408
vertex -188.1846753540039 189.7897416381836 -34.108495872497556
endloop
endfacet
facet normal 0.6036753216894659 -0.797230264201403 0.00010874042869629264
outer loop
vertex -187.87211431884765 190.02568829345705 -34.92872778701782
vertex -188.60445989990234 189.4713822631836 -33.18686167526245
vertex -187.90199102783203 190.00307476806643 -34.858421962738035
endloop
endfacet
facet normal 0.5919602045855754 -0.8059009875211386 -0.010330271025344635
outer loop
vertex -187.87211431884765 190.02568829345705 -34.92872778701782
vertex -186.7618695678711 190.86643231201174 -36.89728454875946
vertex -186.7120648803711 190.90158856201174 -36.7859673910141
endloop
endfacet
facet normal 0.5962613566752416 -0.8027848886429133 0.002969360602102007
outer loop
vertex -188.4462720336914 189.5892258911133 -37.635493364214895
vertex -187.87211431884765 190.02568829345705 -34.92872778701782
vertex -188.51363958740234 189.53940594482424 -37.576905351161955
endloop
endfacet
facet normal 0.5961354512433532 -0.8028782108723215 0.003016998068187767
outer loop
vertex -188.58102239990234 189.4896165161133 -37.5124585442543
vertex -188.51363958740234 189.53940594482424 -37.576905351161955
vertex -187.87211431884765 190.02568829345705 -34.92872778701782
endloop
endfacet
facet normal 0.589988196702585 -0.8074118699595837 0.0
outer loop
vertex -187.87211431884765 190.02568829345705 -34.92872778701782
vertex -187.9482709350586 189.9700394897461 -37.85519835402444
vertex -187.87211431884765 190.02568829345705 -37.858127754211424
endloop
endfacet
facet normal 0.5971910377999013 -0.8020071222617793 0.012142496154272295
outer loop
vertex -187.87211431884765 190.02568829345705 -34.92872778701782
vertex -186.4601422729492 191.09201824951174 -33.941519897460935
vertex -186.4865094604492 191.07442486572268 -33.806767623901365
endloop
endfacet
facet normal 0.5992542977828808 -0.8005461280175691 0.004492605571863398
outer loop
vertex -186.62418951416015 190.96897137451174 -33.29998127746582
vertex -186.6681195678711 190.93674481201174 -33.18280569839477
vertex -187.87211431884765 190.02568829345705 -34.92872778701782
endloop
endfacet
facet normal 0.5884300096134937 -0.8085077373239798 0.0080847061493811
outer loop
vertex -187.87211431884765 190.02568829345705 -34.92872778701782
vertex -186.97865118408203 190.69947064208986 -32.57641951370239
vertex -187.04015936279296 190.65552532958986 -32.49439636993408
endloop
endfacet
facet normal 0.6002628723710736 -0.7998023982688182 0.0007796000736880617
outer loop
vertex -187.87211431884765 190.02568829345705 -34.92872778701782
vertex -187.29794134521484 190.45925152587893 -32.22196213531494
vertex -187.36825384521484 190.406532409668 -32.16923300552368
endloop
endfacet
facet normal 0.6049909765009067 -0.7962320962975867 0.000605952167760289
outer loop
vertex -187.87211431884765 190.02568829345705 -34.92872778701782
vertex -188.0215131225586 189.91439068603518 -32.01397482681274
vertex -188.0947553100586 189.85872662353518 -32.03155152130127
endloop
endfacet
facet normal 0.589988196702585 -0.8074118699595837 0.0
outer loop
vertex -187.87211431884765 190.02568829345705 -31.999327819824217
vertex -187.9482709350586 189.9700394897461 -32.00225750732422
vertex -187.87211431884765 190.02568829345705 -34.92872778701782
endloop
endfacet
facet normal 0.6049789516135957 -0.7962414633992121 8.270187061035085e-06
outer loop
vertex -187.72562994384765 190.13701641845705 -32.01397482681274
vertex -187.79887213134765 190.0813676147461 -32.00225750732422
vertex -187.87211431884765 190.02568829345705 -34.92872778701782
endloop
endfacet
facet normal 0.6197820376291839 -0.7847675614605504 -0.0031780987206778324
outer loop
vertex -187.87211431884765 190.02568829345705 -34.92872778701782
vertex -187.50886358642578 190.301063659668 -32.08720986175537
vertex -187.5791608276367 190.24541485595705 -32.054986637115476
endloop
endfacet
facet normal 0.6096697137303959 -0.7926498076813704 -0.003020354711549213
outer loop
vertex -187.87211431884765 190.02568829345705 -34.92872778701782
vertex -187.1661206665039 190.55886090087893 -32.344997089385984
vertex -187.2305737915039 190.50904095458986 -32.28055016326904
endloop
endfacet
facet normal 0.6095159219165756 -0.7927683240094459 -0.0029538749874204215
outer loop
vertex -187.87211431884765 190.02568829345705 -34.92872778701782
vertex -187.10168280029296 190.60866558837893 -32.41530243682861
vertex -187.1661206665039 190.55886090087893 -32.344997089385984
endloop
endfacet
facet normal 0.6052104832990636 -0.7960650192607933 -0.0008694907857763818
outer loop
vertex -187.87211431884765 190.02568829345705 -34.92872778701782
vertex -187.04015936279296 190.65552532958986 -32.49439636993408
vertex -187.10168280029296 190.60866558837893 -32.41530243682861
endloop
endfacet
facet normal 0.605367004236068 -0.795945092800319 -0.0014830473154867014
outer loop
vertex -187.87211431884765 190.02568829345705 -34.92872778701782
vertex -186.7618695678711 190.86643231201174 -32.96017090606689
vertex -186.8116742553711 190.8283616333008 -32.857641857147215
endloop
endfacet
facet normal 0.6112925902001685 -0.7913579130514089 -0.008603639769743043
outer loop
vertex -187.87211431884765 190.02568829345705 -34.92872778701782
vertex -186.6681195678711 190.93674481201174 -33.18280569839477
vertex -186.7120648803711 190.90158856201174 -33.07148854064941
endloop
endfacet
facet normal 0.6094623198231919 -0.7928103407583256 0.00272842489375494
outer loop
vertex -187.87211431884765 190.02568829345705 -34.92872778701782
vertex -188.58102239990234 189.4896165161133 -32.344997089385984
vertex -188.64547552490234 189.43982708740236 -32.41530243682861
endloop
endfacet
facet normal 0.596135454004779 -0.8028782088261492 -0.0030169969555852863
outer loop
vertex -188.51363958740234 189.53940594482424 -32.28055016326904
vertex -188.58102239990234 189.4896165161133 -32.344997089385984
vertex -187.87211431884765 190.02568829345705 -34.92872778701782
endloop
endfacet
facet normal 0.6202788810357149 -0.7843774847838272 0.002463961298056996
outer loop
vertex -187.87211431884765 190.02568829345705 -34.92872778701782
vertex -188.0947553100586 189.85872662353518 -32.03155152130127
vertex -188.16505255126953 189.80306256103518 -32.054986637115476
endloop
endfacet
facet normal 0.6023214679336066 -0.7982522176787585 -0.0014987452249972696
outer loop
vertex -187.87211431884765 190.02568829345705 -34.92872778701782
vertex -188.60445989990234 189.47066510009768 -33.6336247138977
vertex -188.60445989990234 189.4711076049805 -33.86930887031555
endloop
endfacet
facet normal 0.596408244120364 -0.8025973931788419 -0.011603051658590909
outer loop
vertex -187.87211431884765 190.02568829345705 -34.92872778701782
vertex -188.60445989990234 189.471717956543 -34.25319806861877
vertex -187.9482709350586 189.96814739990236 -34.86307803916931
endloop
endfacet
facet normal 0.6036702797541306 -0.7972339263756704 -0.0005098795955581457
outer loop
vertex -187.87211431884765 190.02568829345705 -34.92872778701782
vertex -188.60445989990234 189.47097027587893 -34.644814889907835
vertex -188.60445989990234 189.4710160522461 -34.7163895778656
endloop
endfacet
facet normal 0.6131086973510016 -0.7899727849070685 0.006381562404952771
outer loop
vertex -188.60445989990234 189.4713822631836 -33.18686167526245
vertex -188.60445989990234 189.47005474853518 -33.35119454193115
vertex -187.90199102783203 190.00307476806643 -34.858421962738035
endloop
endfacet
facet normal 0.6054215324468017 -0.7959046328448448 0.0007638493824362816
outer loop
vertex -187.87211431884765 190.02568829345705 -34.92872778701782
vertex -188.64547552490234 189.43982708740236 -32.41530243682861
vertex -188.70699896240234 189.39295208740236 -32.49439636993408
endloop
endfacet
facet normal 0.5833063656837754 -0.8121091069936085 -0.015247363405829838
outer loop
vertex -187.87211431884765 190.02568829345705 -34.92872778701782
vertex -188.60445989990234 189.47005474853518 -33.35119454193115
vertex -188.60445989990234 189.4728928833008 -33.50236002731323
endloop
endfacet
facet normal 0.602563249878682 -0.7980702016542768 -0.0012178370758269379
outer loop
vertex -187.87211431884765 190.02568829345705 -34.92872778701782
vertex -188.60445989990234 189.47144329833986 -34.073209684371946
vertex -188.60445989990234 189.471717956543 -34.25319806861877
endloop
endfacet
facet normal 0.6002688692247646 -0.799784705858417 -0.004659282625855998
outer loop
vertex -187.9482709350586 189.96814739990236 -34.86307803916931
vertex -188.60445989990234 189.47258770751955 -34.33697668838501
vertex -187.87211431884765 190.02568829345705 -34.92872778701782
endloop
endfacet
facet normal 0.6024833120996347 -0.7981309348937431 -0.0009324200200862794
outer loop
vertex -187.87211431884765 190.02568829345705 -34.92872778701782
vertex -188.60445989990234 189.47226727294924 -34.417750757217405
vertex -187.9482709350586 189.96814739990236 -34.88360134887695
endloop
endfacet
facet normal 0.58452790311871 -0.8113720019705691 0.001613968374919844
outer loop
vertex -187.87211431884765 190.02568829345705 -34.92872778701782
vertex -187.6524030151367 190.189735534668 -32.03155152130127
vertex -187.72562994384765 190.13701641845705 -32.01397482681274
endloop
endfacet
facet normal 0.6003792473033249 -0.7997148608732333 -0.0009490553186234796
outer loop
vertex -187.87211431884765 190.02568829345705 -34.92872778701782
vertex -188.30859197998046 189.69467938232424 -32.1252919845581
vertex -188.37890447998046 189.64194500732424 -32.16923300552368
endloop
endfacet
facet normal 0.6049820851323946 -0.7962390824783979 -1.424145459046888e-05
outer loop
vertex -187.87211431884765 190.02568829345705 -34.92872778701782
vertex -188.16505255126953 189.80306256103518 -32.054986637115476
vertex -188.23829473876953 189.74741375732424 -32.08720986175537
endloop
endfacet
facet normal 0.6004094598288812 -0.7996921869054463 -0.0009416742407825827
outer loop
vertex -187.87211431884765 190.02568829345705 -34.92872778701782
vertex -188.23829473876953 189.74741375732424 -32.08720986175537
vertex -188.30859197998046 189.69467938232424 -32.1252919845581
endloop
endfacet
facet normal 0.5956555611304486 -0.8032366588756563 0.0023070181279848676
outer loop
vertex -187.87211431884765 190.02568829345705 -34.92872778701782
vertex -187.2305737915039 190.50904095458986 -32.28055016326904
vertex -187.29794134521484 190.45925152587893 -32.22196213531494
endloop
endfacet
facet normal 0.600481037754651 -0.7996386740058176 0.0007171689587971437
outer loop
vertex -187.87211431884765 190.02568829345705 -34.92872778701782
vertex -187.36825384521484 190.406532409668 -32.16923300552368
vertex -187.43855108642578 190.35378277587893 -32.1252919845581
endloop
endfacet
facet normal 0.6001639491761342 -0.7998766177264212 0.0007940553175764881
outer loop
vertex -187.87211431884765 190.02568829345705 -34.92872778701782
vertex -187.43855108642578 190.35378277587893 -32.1252919845581
vertex -187.50886358642578 190.301063659668 -32.08720986175537
endloop
endfacet
facet normal 0.6027062956604654 -0.7979508870800718 0.0044162177671042985
outer loop
vertex -187.87211431884765 190.02568829345705 -34.92872778701782
vertex -186.3810407104492 191.1535111694336 -34.641646545410154
vertex -186.3898297729492 191.14766705322268 -34.4981061630249
endloop
endfacet
facet normal 0.6024227473503776 -0.7981765251540279 0.0010335220677554172
outer loop
vertex -187.87211431884765 190.02568829345705 -34.92872778701782
vertex -186.9848004760742 190.6964494018555 -34.108495872497556
vertex -186.58610357666015 190.99825299072268 -33.42301623153686
endloop
endfacet
facet normal 0.6082202607850534 -0.7935314068169947 -0.019391254874371808
outer loop
vertex -187.87211431884765 190.02568829345705 -34.92872778701782
vertex -186.4015485229492 191.13887799072268 -34.35749475288391
vertex -186.4161969604492 191.1242142944336 -34.2168835811615
endloop
endfacet
facet normal 0.6023386984763319 -0.7982403062042399 0.0007112445431672209
outer loop
vertex -187.87211431884765 190.02568829345705 -34.92872778701782
vertex -186.4367047729492 191.10958111572268 -34.079201858520506
vertex -186.4601422729492 191.09201824951174 -33.941519897460935
endloop
endfacet
facet normal 0.6008850285879984 -0.7993225231536306 0.004548230217805387
outer loop
vertex -187.87211431884765 190.02568829345705 -34.92872778701782
vertex -186.4161969604492 191.1242142944336 -34.2168835811615
vertex -186.4367047729492 191.10958111572268 -34.079201858520506
endloop
endfacet
facet normal 0.6048835514785708 -0.7963106936544401 -0.0022733944347420767
outer loop
vertex -187.87211431884765 190.02568829345705 -34.92872778701782
vertex -186.58610357666015 190.99825299072268 -33.42301623153686
vertex -186.62418951416015 190.96897137451174 -33.29998127746582
endloop
endfacet
facet normal 0.6068208029384313 -0.7948122938259091 -0.006475392216233674
outer loop
vertex -187.87211431884765 190.02568829345705 -34.92872778701782
vertex -186.4865094604492 191.07442486572268 -33.806767623901365
vertex -186.9848004760742 190.6964494018555 -34.108495872497556
endloop
endfacet
facet normal 0.6041987060917784 -0.7967949014869588 -0.007861839568994677
outer loop
vertex -186.3751813354492 191.1593705444336 -34.78518716621399
vertex -186.3810407104492 191.1535111694336 -34.641646545410154
vertex -187.81405462646484 190.06963360595705 -34.921102445602415
endloop
endfacet
facet normal 0.6034450885899796 -0.7974044288406064 0.00044935733873642286
outer loop
vertex -187.87211431884765 190.02568829345705 -34.92872778701782
vertex -186.3898297729492 191.14766705322268 -34.4981061630249
vertex -186.4015485229492 191.13887799072268 -34.35749475288391
endloop
endfacet
facet normal 0.6040616928635367 -0.7969092611490878 -0.006715706191683204
outer loop
vertex -187.87211431884765 190.02568829345705 -34.92872778701782
vertex -187.81405462646484 190.06963360595705 -34.921102445602415
vertex -186.3810407104492 191.1535111694336 -34.641646545410154
endloop
endfacet
facet normal 0.6124129117887813 -0.790507676462839 -0.006931012026370206
outer loop
vertex -187.87211431884765 190.02568829345705 -34.92872778701782
vertex -186.86439337158203 190.7873460083008 -32.75804201889038
vertex -186.92005743408203 190.7434006958008 -32.66430155563354
endloop
endfacet
facet normal 0.6089113275103051 -0.7932263609744709 -0.004351492253972472
outer loop
vertex -187.87211431884765 190.02568829345705 -34.92872778701782
vertex -186.8116742553711 190.8283616333008 -32.857641857147215
vertex -186.86439337158203 190.7873460083008 -32.75804201889038
endloop
endfacet
facet normal 0.6085177338470504 -0.7935228397107577 0.005260271003068178
outer loop
vertex -187.87211431884765 190.02568829345705 -34.92872778701782
vertex -188.60445989990234 189.4711076049805 -33.86930887031555
vertex -188.60445989990234 189.47042095947268 -33.97289077568054
endloop
endfacet
facet normal 0.6141702116266247 -0.7891410113537274 0.00717044978526219
outer loop
vertex -187.87211431884765 190.02568829345705 -34.92872778701782
vertex -187.90199102783203 190.00307476806643 -34.858421962738035
vertex -188.60445989990234 189.47005474853518 -33.35119454193115
endloop
endfacet
facet normal 0.6147209626044468 -0.7887381223581605 0.0032113040319946317
outer loop
vertex -187.87211431884765 190.02568829345705 -34.92872778701782
vertex -188.37890447998046 189.64194500732424 -32.16923300552368
vertex -188.4462720336914 189.5892258911133 -32.22196213531494
endloop
endfacet
facet normal 0.6050260978534692 -0.7962052386085852 -0.0007993300009033424
outer loop
vertex -187.87211431884765 190.02568829345705 -34.92872778701782
vertex -187.5791608276367 190.24541485595705 -32.054986637115476
vertex -187.6524030151367 190.189735534668 -32.03155152130127
endloop
endfacet
facet normal 0.6025527265562464 -0.798078698493079 0.0007763576666508142
outer loop
vertex -187.87211431884765 190.02568829345705 -34.92872778701782
vertex -188.60445989990234 189.47234356689455 -35.36127654838562
vertex -188.60445989990234 189.47226727294924 -35.439705055236814
endloop
endfacet
facet normal 0.6024689603901201 -0.7981011812883704 0.008102850890603787
outer loop
vertex -187.87211431884765 190.02568829345705 -34.92872778701782
vertex -188.60445989990234 189.47214520263674 -34.998815935134886
vertex -188.60445989990234 189.4714280395508 -35.06945387649536
endloop
endfacet
facet normal 0.6032074317228691 -0.7975685469445192 0.0050206811398751765
outer loop
vertex -187.9482709350586 189.96810162353518 -34.926951091766355
vertex -188.60445989990234 189.47180950927736 -34.92872778701782
vertex -187.87211431884765 190.02568829345705 -34.92872778701782
endloop
endfacet
facet normal 0.6030993818247488 -0.797663697195374 -0.0019395409799704722
outer loop
vertex -187.87211431884765 190.02568829345705 -34.92872778701782
vertex -187.9482709350586 189.96811688232424 -34.932534616470335
vertex -188.60445989990234 189.47214520263674 -34.998815935134886
endloop
endfacet
facet normal 0.603205777349185 -0.7975663595105688 -0.00554006765516495
outer loop
vertex -187.87211431884765 190.02568829345705 -34.92872778701782
vertex -188.60445989990234 189.47180950927736 -34.92872778701782
vertex -187.9482709350586 189.96811688232424 -34.932534616470335
endloop
endfacet
facet normal 0.5919602327567521 -0.8059009671516936 0.01033024581202476
outer loop
vertex -187.87211431884765 190.02568829345705 -34.92872778701782
vertex -186.7120648803711 190.90158856201174 -33.07148854064941
vertex -186.7618695678711 190.86643231201174 -32.96017090606689
endloop
endfacet
facet normal 0.600680579460959 -0.7994886627678968 0.0008482712107402394
outer loop
vertex -187.87211431884765 190.02568829345705 -34.92872778701782
vertex -186.92005743408203 190.7434006958008 -32.66430155563354
vertex -186.97865118408203 190.69947064208986 -32.57641951370239
endloop
endfacet
facet normal 0.5962613569942602 -0.8027848884066588 -0.0029693604146023055
outer loop
vertex -187.87211431884765 190.02568829345705 -34.92872778701782
vertex -188.4462720336914 189.5892258911133 -32.22196213531494
vertex -188.51363958740234 189.53940594482424 -32.28055016326904
endloop
endfacet
facet normal 0.5973608520244674 -0.8019309350085821 -0.008172389177211194
outer loop
vertex -187.87211431884765 190.02568829345705 -34.92872778701782
vertex -188.60445989990234 189.47042095947268 -33.97289077568054
vertex -188.60445989990234 189.47144329833986 -34.073209684371946
endloop
endfacet
facet normal 0.6026557539176558 -0.7979737467590097 -0.006628857618777599
outer loop
vertex -187.87211431884765 190.02568829345705 -34.92872778701782
vertex -187.9482709350586 189.96802532958986 -34.91103116798401
vertex -188.60445989990234 189.4714280395508 -34.78800169754028
endloop
endfacet
facet normal 0.6031778426328733 -0.7976004441591519 -0.003165696428331582
outer loop
vertex -187.87211431884765 190.02568829345705 -34.92872778701782
vertex -188.60445989990234 189.4710160522461 -34.7163895778656
vertex -187.9482709350586 189.96802532958986 -34.91103116798401
endloop
endfacet
facet normal 0.6024689603901201 -0.7981011812883704 -0.008102850890603787
outer loop
vertex -187.87211431884765 190.02568829345705 -34.92872778701782
vertex -188.60445989990234 189.4714280395508 -34.78800169754028
vertex -188.60445989990234 189.47214520263674 -34.858639638900755
endloop
endfacet
facet normal 0.6029406912763496 -0.7976910945126827 -0.012306117923843557
outer loop
vertex -187.87211431884765 190.02568829345705 -34.92872778701782
vertex -186.3751813354492 191.1593705444336 -35.07226840782165
vertex -186.3722516479492 191.1593705444336 -34.92872778701782
endloop
endfacet
facet normal 0.602706296568548 -0.7979508864343244 -0.0044162105137335
outer loop
vertex -187.87211431884765 190.02568829345705 -34.92872778701782
vertex -186.3898297729492 191.14766705322268 -35.35934964942932
vertex -186.3810407104492 191.1535111694336 -35.215809028625486
endloop
endfacet
facet normal 0.4337242726227376 0.9010313157305736 0.005081674006535483
outer loop
vertex -197.32600225830078 202.9599534301758 -36.146733801841734
vertex -198.48238958740234 203.50972760009768 -34.92872778701782
vertex -197.3258344116211 202.959755065918 -36.12588767337799
endloop
endfacet
facet normal 0.42882598788010945 0.9033855132780099 -0.0016989755958137609
outer loop
vertex -197.3257428588867 202.96086895751955 -34.82912103462219
vertex -198.48238958740234 203.50972760009768 -34.92872778701782
vertex -197.32560552978515 202.96082318115236 -34.818799179077146
endloop
endfacet
facet normal 0.6089113335633869 -0.7932263562988866 0.004351497541056648
outer loop
vertex -187.87211431884765 190.02568829345705 -34.92872778701782
vertex -186.86439337158203 190.7873460083008 -37.09941313791275
vertex -186.8116742553711 190.8283616333008 -36.99981353807449
endloop
endfacet
facet normal 0.6048835526766918 -0.7963106927397301 0.002273396048870156
outer loop
vertex -187.87211431884765 190.02568829345705 -34.92872778701782
vertex -186.62418951416015 190.96897137451174 -36.55747417736053
vertex -186.58610357666015 190.99825299072268 -36.43443934249878
endloop
endfacet
facet normal 0.602338697774306 -0.7982403067324968 -0.0007112462037335451
outer loop
vertex -187.87211431884765 190.02568829345705 -34.92872778701782
vertex -186.4601422729492 191.09201824951174 -35.915935557365415
vertex -186.4367047729492 191.10958111572268 -35.778253953933714
endloop
endfacet
facet normal 0.6095159166653875 -0.7927683280555063 0.0029538726494760773
outer loop
vertex -187.87211431884765 190.02568829345705 -34.92872778701782
vertex -187.1661206665039 190.55886090087893 -37.5124585442543
vertex -187.10168280029296 190.60866558837893 -37.442152958393095
endloop
endfacet
facet normal 0.6042975475080965 -0.7967524607086567 -0.0031607642114360947
outer loop
vertex -187.87211431884765 190.02568829345705 -34.92872778701782
vertex -188.60445989990234 189.47226727294924 -35.439705055236814
vertex -188.60445989990234 189.47258770751955 -35.52047888565063
endloop
endfacet
facet normal 0.6188197352979833 -0.7854199184478106 -0.013329925399956666
outer loop
vertex -187.87211431884765 190.02568829345705 -34.92872778701782
vertex -188.60445989990234 189.47066510009768 -36.22383086013794
vertex -188.60445989990234 189.4728928833008 -36.35509530830383
endloop
endfacet
facet normal 0.6049909780259709 -0.7962320951387246 -0.0006059522886304453
outer loop
vertex -187.87211431884765 190.02568829345705 -34.92872778701782
vertex -188.0947553100586 189.85872662353518 -37.82590435448289
vertex -188.0215131225586 189.91439068603518 -37.84348075467348
endloop
endfacet
facet normal 0.6049171413799478 -0.7962881965934737 -0.000600025520748559
outer loop
vertex -187.87211431884765 190.02568829345705 -34.92872778701782
vertex -188.0215131225586 189.91439068603518 -37.84348075467348
vertex -187.9482709350586 189.9700394897461 -37.85519835402444
endloop
endfacet
facet normal 0.60344508840749 -0.7974044289782916 -0.00044935807684608935
outer loop
vertex -187.87211431884765 190.02568829345705 -34.92872778701782
vertex -186.4015485229492 191.13887799072268 -35.49996082115173
vertex -186.3898297729492 191.14766705322268 -35.35934964942932
endloop
endfacet
facet normal 0.6008850309014752 -0.7993225214563187 -0.004548222866797592
outer loop
vertex -187.87211431884765 190.02568829345705 -34.92872778701782
vertex -186.4367047729492 191.10958111572268 -35.778253953933714
vertex -186.4161969604492 191.1242142944336 -35.64057199287414
endloop
endfacet
facet normal 0.5971910470166972 -0.8020071156837228 -0.012142477332764742
outer loop
vertex -187.87211431884765 190.02568829345705 -34.92872778701782
vertex -186.4865094604492 191.07442486572268 -36.050688069343565
vertex -186.4601422729492 191.09201824951174 -35.915935557365415
endloop
endfacet
facet normal 0.6053670047017341 -0.7959450924452109 0.00148304781958759
outer loop
vertex -187.87211431884765 190.02568829345705 -34.92872778701782
vertex -186.8116742553711 190.8283616333008 -36.99981353807449
vertex -186.7618695678711 190.86643231201174 -36.89728454875946
endloop
endfacet
facet normal 0.6112925855901897 -0.7913579166803585 0.008603633522136339
outer loop
vertex -187.87211431884765 190.02568829345705 -34.92872778701782
vertex -186.7120648803711 190.90158856201174 -36.7859673910141
vertex -186.6681195678711 190.93674481201174 -36.674650114059446
endloop
endfacet
facet normal 0.5833063689586946 -0.8121091046421902 0.015247363361681917
outer loop
vertex -187.87211431884765 190.02568829345705 -34.92872778701782
vertex -188.60445989990234 189.4728928833008 -36.35509530830383
vertex -188.60445989990234 189.47005474853518 -36.50626079368591
endloop
endfacet
facet normal 0.5972498846186518 -0.8019904489186598 0.0101928978339501
outer loop
vertex -187.87211431884765 190.02568829345705 -34.92872778701782
vertex -187.9482709350586 189.96810162353518 -34.99734703826904
vertex -188.60445989990234 189.471717956543 -35.60425750541687
endloop
endfacet
facet normal 0.5985908769871521 -0.8010160790322448 0.007886895432362298
outer loop
vertex -187.87211431884765 190.02568829345705 -34.92872778701782
vertex -188.60445989990234 189.47258770751955 -35.52047888565063
vertex -187.9482709350586 189.96810162353518 -34.99734703826904
endloop
endfacet
facet normal 0.602563249878682 -0.7980702016542768 0.0012178370758269379
outer loop
vertex -187.87211431884765 190.02568829345705 -34.92872778701782
vertex -188.60445989990234 189.471717956543 -35.60425750541687
vertex -188.60445989990234 189.47144329833986 -35.784245889663694
endloop
endfacet
facet normal 0.60291195068176 -0.7977945311827656 0.0045897429106907936
outer loop
vertex -187.87211431884765 190.02568829345705 -34.92872778701782
vertex -188.60445989990234 189.4714280395508 -35.06945387649536
vertex -188.60445989990234 189.4710160522461 -35.14106599617004
endloop
endfacet
facet normal 0.6036702797541306 -0.7972339263756704 0.0005098795955581457
outer loop
vertex -187.87211431884765 190.02568829345705 -34.92872778701782
vertex -188.60445989990234 189.4710160522461 -35.14106599617004
vertex -188.60445989990234 189.47097027587893 -35.212640684127805
endloop
endfacet
facet normal 0.6055535789145167 -0.7957719256350814 -0.00720454265409929
outer loop
vertex -187.87211431884765 190.02568829345705 -34.92872778701782
vertex -188.60445989990234 189.47097027587893 -35.212640684127805
vertex -188.60445989990234 189.47164166259768 -35.286798160552976
endloop
endfacet
facet normal 0.6085177393424042 -0.7935228354566682 -0.005260277028761892
outer loop
vertex -187.87211431884765 190.02568829345705 -34.92872778701782
vertex -188.60445989990234 189.47042095947268 -35.88456491756439
vertex -188.60445989990234 189.4711076049805 -35.98814670372009
endloop
endfacet
facet normal 0.6131044680255049 -0.7899760672243619 -0.006381575032342851
outer loop
vertex -187.87211431884765 190.02568829345705 -34.92872778701782
vertex -188.60445989990234 189.47005474853518 -36.50626079368591
vertex -188.60445989990234 189.4713822631836 -36.67059401798248
endloop
endfacet
facet normal 0.6002628727447338 -0.799802397988481 -0.0007795999709807047
outer loop
vertex -187.87211431884765 190.02568829345705 -34.92872778701782
vertex -187.36825384521484 190.406532409668 -37.6882225536108
vertex -187.29794134521484 190.45925152587893 -37.635493364214895
endloop
endfacet
facet normal 0.5845278988984142 -0.8113720050103059 -0.0016139686989921043
outer loop
vertex -187.87211431884765 190.02568829345705 -34.92872778701782
vertex -187.72562994384765 190.13701641845705 -37.84348075467348
vertex -187.6524030151367 190.189735534668 -37.82590435448289
endloop
endfacet
facet normal 0.6023214679336066 -0.7982522176787585 0.0014987452249972696
outer loop
vertex -187.87211431884765 190.02568829345705 -34.92872778701782
vertex -188.60445989990234 189.4711076049805 -35.98814670372009
vertex -188.60445989990234 189.47066510009768 -36.22383086013794
endloop
endfacet
facet normal 0.5973608593682657 -0.801930929637688 0.008172379411211643
outer loop
vertex -187.87211431884765 190.02568829345705 -34.92872778701782
vertex -188.60445989990234 189.47144329833986 -35.784245889663694
vertex -188.60445989990234 189.47042095947268 -35.88456491756439
endloop
endfacet
facet normal 0.6096697165193725 -0.7926498055318895 0.0030203558475100805
outer loop
vertex -187.87211431884765 190.02568829345705 -34.92872778701782
vertex -187.2305737915039 190.50904095458986 -37.576905351161955
vertex -187.1661206665039 190.55886090087893 -37.5124585442543
endloop
endfacet
facet normal 0.5956555608823711 -0.8032366590592049 -0.002307018273511158
outer loop
vertex -187.87211431884765 190.02568829345705 -34.92872778701782
vertex -187.29794134521484 190.45925152587893 -37.635493364214895
vertex -187.2305737915039 190.50904095458986 -37.576905351161955
endloop
endfacet
facet normal 0.6001639497763221 -0.7998766172762197 -0.000794055184728445
outer loop
vertex -187.87211431884765 190.02568829345705 -34.92872778701782
vertex -187.50886358642578 190.301063659668 -37.770245756983755
vertex -187.43855108642578 190.35378277587893 -37.73216354477405
endloop
endfacet
facet normal 0.619782033039332 -0.7847675650894581 0.003178097732244522
outer loop
vertex -187.87211431884765 190.02568829345705 -34.92872778701782
vertex -187.5791608276367 190.24541485595705 -37.80246915671229
vertex -187.50886358642578 190.301063659668 -37.770245756983755
endloop
endfacet
facet normal 0.6004810375815219 -0.7996386741357794 -0.0007171690122180558
outer loop
vertex -187.87211431884765 190.02568829345705 -34.92872778701782
vertex -187.43855108642578 190.35378277587893 -37.73216354477405
vertex -187.36825384521484 190.406532409668 -37.6882225536108
endloop
endfacet
facet normal 0.6052104842199689 -0.7960650185601192 0.0008694912924350638
outer loop
vertex -187.87211431884765 190.02568829345705 -34.92872778701782
vertex -187.10168280029296 190.60866558837893 -37.442152958393095
vertex -187.04015936279296 190.65552532958986 -37.36305917429924
endloop
endfacet
facet normal -0.1534437329446139 0.0 -0.9881573866647064
outer loop
vertex -198.64350714111328 203.5888139038086 -37.84348075467348
vertex -198.7566968383789 203.5445939331055 -37.82590435448289
vertex -198.64350714111328 203.58882916259768 -37.84348075467348
endloop
endfacet
facet normal 0.6050260973164407 -0.7962052390168137 0.0007993298538095709
outer loop
vertex -187.87211431884765 190.02568829345705 -34.92872778701782
vertex -187.6524030151367 190.189735534668 -37.82590435448289
vertex -187.5791608276367 190.24541485595705 -37.80246915671229
endloop
endfacet
facet normal 0.6006805791357133 -0.7994886630120129 -0.0008482714471880249
outer loop
vertex -187.87211431884765 190.02568829345705 -34.92872778701782
vertex -186.97865118408203 190.69947064208986 -37.28103594112396
vertex -186.92005743408203 190.7434006958008 -37.19315395879745
endloop
endfacet
facet normal 0.6124128954294682 -0.7905076892307232 0.006931001283893667
outer loop
vertex -187.87211431884765 190.02568829345705 -34.92872778701782
vertex -186.92005743408203 190.7434006958008 -37.19315395879745
vertex -186.86439337158203 190.7873460083008 -37.09941313791275
endloop
endfacet
facet normal -0.6144895803658811 -0.36963259079561434 -0.6969751096298098
outer loop
vertex -196.95031561279296 203.24607098388674 -37.442152958393095
vertex -188.64547552490234 189.43982708740236 -37.442152958393095
vertex -197.01183905029296 203.1992112426758 -37.36305917429924
endloop
endfacet
facet normal 0.6082202607850534 -0.7935314068169947 0.019391254874371808
outer loop
vertex -187.87211431884765 190.02568829345705 -34.92872778701782
vertex -186.4161969604492 191.1242142944336 -35.64057199287414
vertex -186.4015485229492 191.13887799072268 -35.49996082115173
endloop
endfacet
facet normal 0.6041969137372823 -0.7967962593329458 0.00786196816120678
outer loop
vertex -187.87211431884765 190.02568829345705 -34.92872778701782
vertex -186.3810407104492 191.1535111694336 -35.215809028625486
vertex -186.3751813354492 191.1593705444336 -35.07226840782165
endloop
endfacet
facet normal 0.6094623149774819 -0.7928103444908575 -0.0027284227268516256
outer loop
vertex -187.87211431884765 190.02568829345705 -34.92872778701782
vertex -188.64547552490234 189.43982708740236 -37.442152958393095
vertex -188.58102239990234 189.4896165161133 -37.5124585442543
endloop
endfacet
facet normal 0.6004094605401067 -0.7996921863716447 0.0009416740820377286
outer loop
vertex -187.87211431884765 190.02568829345705 -34.92872778701782
vertex -188.30859197998046 189.69467938232424 -37.73216354477405
vertex -188.23829473876953 189.74741375732424 -37.770245756983755
endloop
endfacet
facet normal 0.6003792470743443 -0.7997148610450545 0.0009490553896953286
outer loop
vertex -187.87211431884765 190.02568829345705 -34.92872778701782
vertex -188.37890447998046 189.64194500732424 -37.6882225536108
vertex -188.30859197998046 189.69467938232424 -37.73216354477405
endloop
endfacet
facet normal 0.6054215332546521 -0.7959046322299084 -0.0007638498286856639
outer loop
vertex -187.87211431884765 190.02568829345705 -34.92872778701782
vertex -188.70699896240234 189.39295208740236 -37.36305917429924
vertex -188.64547552490234 189.43982708740236 -37.442152958393095
endloop
endfacet
facet normal 0.6147209610524894 -0.7887381235694894 -0.003211303595862681
outer loop
vertex -187.87211431884765 190.02568829345705 -34.92872778701782
vertex -188.4462720336914 189.5892258911133 -37.635493364214895
vertex -188.37890447998046 189.64194500732424 -37.6882225536108
endloop
endfacet
facet normal 0.6202788793645038 -0.7843774861068555 -0.0024639608367555245
outer loop
vertex -187.87211431884765 190.02568829345705 -34.92872778701782
vertex -188.16505255126953 189.80306256103518 -37.80246915671229
vertex -188.0947553100586 189.85872662353518 -37.82590435448289
endloop
endfacet
facet normal 0.6051883906035269 -0.7960822896401559 0.0
outer loop
vertex -187.87211431884765 190.02568829345705 -37.858127754211424
vertex -187.79887213134765 190.0813676147461 -37.85519835402444
vertex -187.87211431884765 190.02568829345705 -34.92872778701782
endloop
endfacet
facet normal 0.6049820851527618 -0.7962390824629232 1.4241450226275984e-05
outer loop
vertex -188.16505255126953 189.80306256103518 -37.80246915671229
vertex -187.87211431884765 190.02568829345705 -34.92872778701782
vertex -188.23829473876953 189.74741375732424 -37.770245756983755
endloop
endfacet
facet normal -0.7321703537703795 -0.4405146393688158 -0.5194934316827498
outer loop
vertex -188.9830609741211 189.30214703369143 -36.99981353807449
vertex -194.17664923095703 197.85845196533205 -36.935493629455564
vertex -197.24032415771484 203.02637493896486 -36.99981353807449
endloop
endfacet
facet normal -1.0 0.0 -0.0
outer loop
vertex -202.0474683227539 187.09043133544924 -37.635493364214895
vertex -202.0474683227539 188.9181596069336 -35.215809028625486
vertex -202.0474683227539 187.18123638916018 -37.6882225536108
endloop
endfacet
facet normal -1.0 0.0 -0.0
outer loop
vertex -202.0474683227539 187.18123638916018 -37.6882225536108
vertex -202.0474683227539 188.9181596069336 -35.215809028625486
vertex -202.0474683227539 187.27793133544924 -37.73216354477405
endloop
endfacet
facet normal -1.0 0.0 -0.0
outer loop
vertex -202.0474683227539 187.47127545166018 -37.80246915671229
vertex -202.0474683227539 188.9181596069336 -35.215809028625486
vertex -202.0474683227539 187.5679398803711 -37.82590435448289
endloop
endfacet
facet normal -1.0 0.0 -0.0
outer loop
vertex -202.0474683227539 187.27793133544924 -37.73216354477405
vertex -202.0474683227539 188.9181596069336 -35.215809028625486
vertex -202.0474683227539 187.37166607666018 -37.770245756983755
endloop
endfacet
facet normal -1.0 0.0 -0.0
outer loop
vertex -202.0474683227539 187.37166607666018 -37.770245756983755
vertex -202.0474683227539 188.9181596069336 -35.215809028625486
vertex -202.0474683227539 187.47127545166018 -37.80246915671229
endloop
endfacet
facet normal -1.0 0.0 -0.0
outer loop
vertex -202.0474683227539 187.5679398803711 -37.82590435448289
vertex -202.0474683227539 188.9181596069336 -35.215809028625486
vertex -202.0474683227539 187.667518737793 -37.84348075467348
endloop
endfacet
facet normal -1.0 0.0 -0.0
outer loop
vertex -202.0474683227539 186.12375653076174 -36.43443934249878
vertex -202.0474683227539 188.9181596069336 -35.215809028625486
vertex -202.0474683227539 186.17940533447268 -36.55747417736053
endloop
endfacet
facet normal 0.10890349996664064 0.06552243906672298 -0.9918905371429672
outer loop
vertex -196.03048529052734 203.9403458862305 -37.84348075467348
vertex -187.72562994384765 190.13701641845705 -37.84348075467348
vertex -196.10372747802734 203.88469708251955 -37.85519835402444
endloop
endfacet
facet normal -1.0 0.0 -0.0
outer loop
vertex -202.0474683227539 186.02999127197268 -36.182510893821714
vertex -202.0474683227539 188.9181596069336 -35.215809028625486
vertex -202.0474683227539 186.12375653076174 -36.43443934249878
endloop
endfacet
facet normal -0.10891558658213561 -0.06550647386356499 -0.9918902645360683
outer loop
vertex -188.0215131225586 189.91439068603518 -37.84348075467348
vertex -196.3234235229492 203.7177201538086 -37.84348075467348
vertex -187.9482709350586 189.9700394897461 -37.85519835402444
endloop
endfacet
facet normal -0.16174852810804233 -0.09728245572078179 -0.9820252224173348
outer loop
vertex -188.0215131225586 189.91439068603518 -37.84348075467348
vertex -196.3966657104492 203.66207135009768 -37.82590435448289
vertex -196.3234235229492 203.7177201538086 -37.84348075467348
endloop
endfacet
facet normal -0.6144597991952508 -0.36961426809120884 0.6970110816883274
outer loop
vertex -188.70699896240234 189.39295208740236 -32.49439636993408
vertex -188.64547552490234 189.43982708740236 -32.41530243682861
vertex -197.01183905029296 203.1992112426758 -32.49439636993408
endloop
endfacet
facet normal -0.7099795127259481 -0.4270718183322304 0.5599453129510307
outer loop
vertex -197.1846753540039 203.06739056396486 -32.75804201889038
vertex -188.9823590698242 189.30171978759768 -32.85707585144043
vertex -188.8798657836914 189.2611771850586 -32.75804201889038
endloop
endfacet
facet normal 0.09776862547932501 -0.0375488199304654 -0.9945005691268924
outer loop
vertex -198.23710455322265 203.39043438720705 -37.8259007782042
vertex -198.23713507080078 203.3904496459961 -37.82590435448289
vertex -198.23632635498046 203.39255535888674 -37.82590435448289
endloop
endfacet
facet normal -0.14125584205277425 0.00036253896168575287 -0.9899730580432292
outer loop
vertex -198.56149114990234 203.54781353759768 -37.85519835402444
vertex -198.64350714111328 203.5888139038086 -37.843480760261414
vertex -198.64350714111328 203.58882916259768 -37.84348075467348
endloop
endfacet
facet normal 0.0 0.0 0.0
outer loop
vertex -198.64350714111328 203.58882916259768 -37.84348075467348
vertex -198.64350714111328 203.5888139038086 -37.843480760261414
vertex -198.64350714111328 203.5888139038086 -37.84348075467348
endloop
endfacet
facet normal -0.1788752428505704 0.06770403075085538 -0.9815395110311336
outer loop
vertex -198.72553839111328 203.62691510009768 -37.82590435448289
vertex -198.64350714111328 203.58882916259768 -37.84348075467348
vertex -198.7566968383789 203.5445939331055 -37.82590435448289
endloop
endfacet
facet normal -0.17922039149581817 0.06866235778086541 -0.9814099713657173
outer loop
vertex -198.64440740966796 203.586464050293 -37.84348075467348
vertex -198.7566968383789 203.5445939331055 -37.82590435448289
vertex -198.64350714111328 203.5888139038086 -37.84348075467348
endloop
endfacet
facet normal -0.23521306569174594 0.0890278183767461 -0.9678578724600878
outer loop
vertex -198.7566968383789 203.5445939331055 -37.82590435448289
vertex -198.8075543823242 203.66500103759768 -37.80246915671229
vertex -198.72553839111328 203.62691510009768 -37.82590435448289
endloop
endfacet
facet normal 0.17851279537410483 -0.06855926199150403 -0.9815461321216153
outer loop
vertex -198.23632635498046 203.39255535888674 -37.82590435448289
vertex -198.23713507080078 203.3904496459961 -37.82590435448289
vertex -198.3183423461914 203.43064129638674 -37.84348075467348
endloop
endfacet
facet normal 0.9330016583643194 -0.35987206822623746 0.0
outer loop
vertex -198.48280157470703 203.5086594848633 -37.858127529053405
vertex -198.48280157470703 203.5086594848633 -37.858127754211424
vertex -198.48238958740234 203.50972760009768 -37.85812775421153
endloop
endfacet
facet normal 0.030194678923577932 -0.011857207540524972 -0.9994737055040732
outer loop
vertex -198.48238958740234 203.50972760009768 -37.85812775421153
vertex -198.4003735961914 203.47165692138674 -37.85519835402444
vertex -198.48280157470703 203.5086594848633 -37.858127529053405
endloop
endfacet
facet normal -0.031215506446129686 0.012040266672349895 -0.9994401553548717
outer loop
vertex -198.48238958740234 203.50972760009768 -37.85812775421153
vertex -198.48280157470703 203.5086594848633 -37.858127754211424
vertex -198.56149114990234 203.54781353759768 -37.85519835402444
endloop
endfacet
facet normal 0.030331861104425966 -0.011551571068765134 -0.9994731309083728
outer loop
vertex -198.4012280883789 203.46941387939455 -37.85519836170785
vertex -198.48280157470703 203.5086594848633 -37.858127529053405
vertex -198.4003735961914 203.47165692138674 -37.85519835402444
endloop
endfacet
facet normal 0.00133632652816435 -0.0005056513336878758 -0.9999989792735484
outer loop
vertex -198.4003735961914 203.47165692138674 -37.85519835402444
vertex -203.63227667236328 189.64487469482424 -37.85519835402444
vertex -198.4012280883789 203.46941387939455 -37.85519836170785
endloop
endfacet
facet normal -1.0 0.0 -0.0
outer loop
vertex -202.0474683227539 186.50164044189455 -37.09941313791275
vertex -202.0474683227539 188.9181596069336 -35.215809028625486
vertex -202.0474683227539 186.57781231689455 -37.19315395879745
endloop
endfacet
facet normal -1.0 0.0 -0.0
outer loop
vertex -202.0474683227539 186.57781231689455 -37.19315395879745
vertex -202.0474683227539 188.9181596069336 -35.215809028625486
vertex -202.0474683227539 186.6568986206055 -37.28103594112396
endloop
endfacet
facet normal -1.0 0.0 -0.0
outer loop
vertex -202.0474683227539 186.6568986206055 -37.28103594112396
vertex -202.0474683227539 188.9181596069336 -35.215809028625486
vertex -202.0474683227539 186.7389298706055 -37.36305917429924
endloop
endfacet
facet normal -1.0 0.0 -0.0
outer loop
vertex -202.0474683227539 186.7389298706055 -37.36305917429924
vertex -202.0474683227539 188.9181596069336 -35.215809028625486
vertex -202.0474683227539 186.82387554931643 -37.442152958393095
endloop
endfacet
facet normal -1.0 0.0 -0.0
outer loop
vertex -202.0474683227539 186.82387554931643 -37.442152958393095
vertex -202.0474683227539 188.9181596069336 -35.215809028625486
vertex -202.0474683227539 186.90882122802736 -37.5124585442543
endloop
endfacet
facet normal -1.0 0.0 -0.0
outer loop
vertex -202.0474683227539 186.90882122802736 -37.5124585442543
vertex -202.0474683227539 188.9181596069336 -35.215809028625486
vertex -202.0474683227539 186.9996262817383 -37.576905351161955
endloop
endfacet
facet normal -1.0 0.0 -0.0
outer loop
vertex -202.0474683227539 186.9996262817383 -37.576905351161955
vertex -202.0474683227539 188.9181596069336 -35.215809028625486
vertex -202.0474683227539 187.09043133544924 -37.635493364214895
endloop
endfacet
facet normal 0.20706021620890958 -0.20706021620890958 -0.9561653276118305
outer loop
vertex -198.23713507080078 203.39043438720705 -37.82590405645966
vertex -198.2371198120117 203.3904496459961 -37.82590405645966
vertex -198.2371198120117 203.39043438720705 -37.82590075212717
endloop
endfacet
facet normal 0.2115405603050046 0.0 -0.9773692195612897
outer loop
vertex -198.23713507080078 203.3904496459961 -37.82590435448289
vertex -198.23713507080078 203.39043438720705 -37.82590435448289
vertex -198.3183423461914 203.43064129638674 -37.84348075467348
endloop
endfacet
facet normal 0.019527525775176944 0.0 -0.9998093196890595
outer loop
vertex -198.2371198120117 203.3904496459961 -37.82590405645966
vertex -198.23713507080078 203.39043438720705 -37.82590435448289
vertex -198.23713507080078 203.3904496459961 -37.82590435448289
endloop
endfacet
facet normal 0.7071067811865475 -0.7071067811865475 0.0
outer loop
vertex -198.2371198120117 203.3904496459961 -37.82590405645966
vertex -198.23713507080078 203.39043438720705 -37.82590405645966
vertex -198.23713507080078 203.39043438720705 -37.82590435448289
endloop
endfacet
facet normal 0.03036211206102546 -0.011488678853052147 -0.9994729373071615
outer loop
vertex -203.63227667236328 189.64487469482424 -37.85519835402444
vertex -198.48280157470703 203.5086594848633 -37.858127529053405
vertex -198.4012280883789 203.46941387939455 -37.85519836170785
endloop
endfacet
facet normal -0.06343846312753892 0.03171923156376946 -0.9974815545888654
outer loop
vertex -198.6443921508789 203.58643353271486 -37.84348276260495
vertex -198.64442266845703 203.58643353271486 -37.843480821728704
vertex -198.64440740966796 203.586464050293 -37.843480821728704
endloop
endfacet
facet normal -0.18809552318916453 0.09404776159458227 -0.9776375057736088
outer loop
vertex -198.64440740966796 203.586464050293 -37.84348075467348
vertex -198.64442266845703 203.58643353271486 -37.84348075467348
vertex -198.7566968383789 203.5445939331055 -37.82590435448289
endloop
endfacet
facet normal -0.8944271909999159 0.4472135954999579 0.0
outer loop
vertex -198.64440740966796 203.586464050293 -37.843480821728704
vertex -198.64442266845703 203.58643353271486 -37.84348075467348
vertex -198.64440740966796 203.586464050293 -37.84348075467348
endloop
endfacet
facet normal -0.8944271909999159 0.4472135954999579 0.0
outer loop
vertex -198.64440740966796 203.586464050293 -37.843480821728704
vertex -198.64442266845703 203.58643353271486 -37.843480821728704
vertex -198.64442266845703 203.58643353271486 -37.84348075467348
endloop
endfacet
facet normal -0.019165530344116243 0.19165530344116244 0.9812751536187516
outer loop
vertex -198.23713507080078 203.3904496459961 -37.82590435448289
vertex -198.23710455322265 203.39043438720705 -37.8259007782042
vertex -198.2371198120117 203.3904496459961 -37.82590405645966
endloop
endfacet
facet normal 0.8944271909999159 0.4472135954999579 0.0
outer loop
vertex -198.64440740966796 203.586464050293 -37.84348075467348
vertex -198.6443921508789 203.58643353271486 -37.84348276260495
vertex -198.64440740966796 203.586464050293 -37.843480821728704
endloop
endfacet
facet normal -0.07427084478049294 0.028452044098799954 -0.9968321437444682
outer loop
vertex -198.6443921508789 203.58643353271486 -37.84348276260495
vertex -198.64440740966796 203.586464050293 -37.84348075467348
vertex -198.64350714111328 203.5888139038086 -37.843480760261414
endloop
endfacet
facet normal -0.9338136548864726 0.35775977687209015 0.0
outer loop
vertex -198.64350714111328 203.5888139038086 -37.84348075467348
vertex -198.64350714111328 203.5888139038086 -37.843480760261414
vertex -198.64440740966796 203.586464050293 -37.84348075467348
endloop
endfacet
facet normal -0.11914383913842432 0.045131402982797726 -0.9918507458585498
outer loop
vertex -198.64350714111328 203.5888139038086 -37.843480760261414
vertex -198.56149114990234 203.54781353759768 -37.85519835402444
vertex -198.6443921508789 203.58643353271486 -37.84348276260495
endloop
endfacet
facet normal -0.11882272983225607 0.045822759844423085 -0.9918575671715426
outer loop
vertex -198.56149114990234 203.54781353759768 -37.85519835402444
vertex -198.56190313720703 203.5467454223633 -37.85519834447838
vertex -198.6443921508789 203.58643353271486 -37.84348276260495
endloop
endfacet
facet normal -0.001270819957249367 0.00048123612959696896 -0.9999990767137857
outer loop
vertex -198.56149114990234 203.54781353759768 -37.85519835402444
vertex -203.7963239135742 189.72397625732424 -37.85519835402444
vertex -198.56190313720703 203.5467454223633 -37.85519834447838
endloop
endfacet
facet normal -1.0 0.0 -0.0
outer loop
vertex -202.0474683227539 186.43132794189455 -36.99981353807449
vertex -202.0474683227539 188.9181596069336 -35.215809028625486
vertex -202.0474683227539 186.50164044189455 -37.09941313791275
endloop
endfacet
facet normal 0.027438317283424756 0.016508426936207934 -0.9994871737970157
outer loop
vertex -196.10372747802734 203.88469708251955 -37.85519835402444
vertex -187.79887213134765 190.0813676147461 -37.85519835402444
vertex -196.17695440673828 203.8290482788086 -37.858127754211424
endloop
endfacet
facet normal -1.0 -0.0 0.0
outer loop
vertex -202.0474683227539 188.9181596069336 -34.641646545410154
vertex -202.0474683227539 188.8997727661133 -34.78518716621399
vertex -202.0474683227539 185.8981858520508 -34.2168835811615
endloop
endfacet
facet normal -0.9999999999999999 0.0 0.0
outer loop
vertex -202.0474683227539 185.87473309326174 -34.35749475288391
vertex -202.0474683227539 185.8981858520508 -34.2168835811615
vertex -202.0474683227539 188.8997727661133 -34.78518716621399
endloop
endfacet
facet normal -0.9999999999999999 0.0 0.0
outer loop
vertex -202.0474683227539 185.8571702270508 -34.4981061630249
vertex -202.0474683227539 185.87473309326174 -34.35749475288391
vertex -202.0474683227539 188.8997727661133 -34.78518716621399
endloop
endfacet
facet normal -1.0 0.0 0.0
outer loop
vertex -202.0474683227539 185.8454514770508 -34.641646545410154
vertex -202.0474683227539 185.8571702270508 -34.4981061630249
vertex -202.0474683227539 188.8997727661133 -34.78518716621399
endloop
endfacet
facet normal -1.0 0.0 0.0
outer loop
vertex -202.0474683227539 185.83960736083986 -34.78518716621399
vertex -202.0474683227539 185.8454514770508 -34.641646545410154
vertex -202.0474683227539 188.8997727661133 -34.78518716621399
endloop
endfacet
facet normal -1.0 -0.0 -0.0
outer loop
vertex -202.0474683227539 188.8997727661133 -34.78518716621399
vertex -202.0474683227539 188.8997727661133 -34.785267513275144
vertex -202.0474683227539 185.83960736083986 -34.78518716621399
endloop
endfacet
facet normal -1.0 0.0 0.0
outer loop
vertex -202.0474683227539 185.83664715576174 -34.92872778701782
vertex -202.0474683227539 185.83960736083986 -34.78518716621399
vertex -202.0474683227539 188.8920365600586 -34.92872778701782
endloop
endfacet
facet normal -1.0 0.0 0.0
outer loop
vertex -202.0474683227539 185.83960736083986 -35.07226840782165
vertex -202.0474683227539 185.83664715576174 -34.92872778701782
vertex -202.0474683227539 188.8920365600586 -34.92872778701782
endloop
endfacet
facet normal -0.17888482004153178 0.06769257472137007 -0.9815385557818401
outer loop
vertex -198.7566968383789 203.5445939331055 -37.82590435448289
vertex -198.64442266845703 203.58643353271486 -37.84348075467348
vertex -198.68507208251953 203.54097760009768 -37.839207327023146
endloop
endfacet
facet normal 0.1395824358536928 0.8403200482342095 0.523811951120634
outer loop
vertex -217.7865277709961 206.7256547241211 -37.858127754211424
vertex -198.7566968383789 203.5445939331055 -37.82590435448289
vertex -198.68087591552734 203.55208599853518 -37.858127754211424
endloop
endfacet
facet normal 0.13977433841601264 0.8400462322697897 0.5241998301885423
outer loop
vertex -198.68507208251953 203.54097760009768 -37.839207327023146
vertex -198.68087591552734 203.55208599853518 -37.858127754211424
vertex -198.7566968383789 203.5445939331055 -37.82590435448289
endloop
endfacet
facet normal 0.0 1.0 0.0
outer loop
vertex -198.23713507080078 203.39043438720705 -37.82590435448289
vertex -198.23713507080078 203.39043438720705 -37.82590405645966
vertex -198.2371198120117 203.39043438720705 -37.82590075212717
endloop
endfacet
facet normal 0.0 -1.0 0.0
outer loop
vertex -198.64442266845703 203.58643353271486 -37.84348075467348
vertex -198.64442266845703 203.58643353271486 -37.843480821728704
vertex -198.6443921508789 203.58643353271486 -37.84348276260495
endloop
endfacet
facet normal -0.0016702670182542642 -0.21164669217021892 -0.9773448152527809
outer loop
vertex -198.23710455322265 203.39043438720705 -37.8259007782042
vertex -198.2371198120117 203.39043438720705 -37.82590075212717
vertex -198.2371198120117 203.3904496459961 -37.82590405645966
endloop
endfacet
facet normal 0.9980584783466903 0.062283816515970605 -7.028112567209429e-07
outer loop
vertex -190.73119940185546 190.96016705322268 -28.829716842651365
vertex -190.72242559814453 190.8195725708008 -28.817999999999998
vertex -190.7245465698242 190.85353863525393 -30.692814987182615
endloop
endfacet
facet normal -0.9999999999999999 0.0 -0.0
outer loop
vertex -202.0474683227539 185.95383465576174 -35.915935557365415
vertex -202.0474683227539 188.9181596069336 -35.215809028625486
vertex -202.0474683227539 185.99190533447268 -36.050688069343565
endloop
endfacet
facet normal -1.0 0.0 -0.0
outer loop
vertex -202.0474683227539 185.99190533447268 -36.050688069343565
vertex -202.0474683227539 188.9181596069336 -35.215809028625486
vertex -202.0474683227539 186.02999127197268 -36.182510893821714
endloop
endfacet
facet normal -0.8568763817879258 -0.5155218906169302 0.00021593697812534088
outer loop
vertex -195.98820318603515 203.9096604614258 -37.858127754211424
vertex -187.7357770385742 190.1928635864258 -37.858127754211424
vertex -194.13502325439453 200.82939923095705 -37.83950426059961
endloop
endfacet
facet normal -1.0 -0.0 0.0
outer loop
vertex -202.0474683227539 188.45554364013674 -37.73216354477405
vertex -202.0474683227539 188.35886395263674 -37.770245756983755
vertex -202.0474683227539 188.91823590087893 -35.216050546646116
endloop
endfacet
facet normal -1.0 0.0 -0.0
outer loop
vertex -202.0474683227539 187.667518737793 -37.84348075467348
vertex -202.0474683227539 188.9181596069336 -35.215809028625486
vertex -202.0474683227539 187.76714337158205 -37.85519835402444
endloop
endfacet
facet normal -1.0 0.0 -0.0
outer loop
vertex -202.0474683227539 187.76714337158205 -37.85519835402444
vertex -202.0474683227539 188.9181596069336 -35.215809028625486
vertex -202.0474683227539 187.86672222900393 -37.858127754211424
endloop
endfacet
facet normal -1.0 0.0 -0.0
outer loop
vertex -202.0474683227539 187.86672222900393 -37.858127754211424
vertex -202.0474683227539 188.9181596069336 -35.215809028625486
vertex -202.0474683227539 187.96633160400393 -37.85519835402444
endloop
endfacet
facet normal -1.0 0.0 -0.0
outer loop
vertex -202.0474683227539 187.96633160400393 -37.85519835402444
vertex -202.0474683227539 188.9181596069336 -35.215809028625486
vertex -202.0474683227539 188.06592572021486 -37.84348075467348
endloop
endfacet
facet normal -0.9999999999999999 0.0 -0.0
outer loop
vertex -202.0474683227539 188.9181596069336 -35.215809028625486
vertex -202.0474683227539 188.91823590087893 -35.216050546646116
vertex -202.0474683227539 188.2621995239258 -37.80246915671229
endloop
endfacet
facet normal -1.0 0.0 -0.0
outer loop
vertex -202.0474683227539 188.06592572021486 -37.84348075467348
vertex -202.0474683227539 188.9181596069336 -35.215809028625486
vertex -202.0474683227539 188.16553509521486 -37.82590435448289
endloop
endfacet
facet normal -1.0 0.0 -0.0
outer loop
vertex -202.0474683227539 188.16553509521486 -37.82590435448289
vertex -202.0474683227539 188.9181596069336 -35.215809028625486
vertex -202.0474683227539 188.2621995239258 -37.80246915671229
endloop
endfacet
facet normal -1.0 0.0 -0.0
outer loop
vertex -202.0474683227539 186.17940533447268 -36.55747417736053
vertex -202.0474683227539 188.9181596069336 -35.215809028625486
vertex -202.0474683227539 186.2350541381836 -36.674650114059446
endloop
endfacet
facet normal -0.9999999999999999 0.0 -0.0
outer loop
vertex -202.0474683227539 186.2350541381836 -36.674650114059446
vertex -202.0474683227539 188.9181596069336 -35.215809028625486
vertex -202.0474683227539 186.2965775756836 -36.7859673910141
endloop
endfacet
facet normal -1.0 0.0 -0.0
outer loop
vertex -202.0474683227539 186.2965775756836 -36.7859673910141
vertex -202.0474683227539 188.9181596069336 -35.215809028625486
vertex -202.0474683227539 186.36101544189455 -36.89728454875946
endloop
endfacet
facet normal -1.0 0.0 -0.0
outer loop
vertex -202.0474683227539 186.36101544189455 -36.89728454875946
vertex -202.0474683227539 188.9181596069336 -35.215809028625486
vertex -202.0474683227539 186.43132794189455 -36.99981353807449
endloop
endfacet
facet normal 0.997808870624837 0.06615873014208629 -0.0006929129626397395
outer loop
vertex -190.75756658935546 191.37029278564455 -28.98204628753662
vertex -190.74877752685546 191.2384721069336 -28.911740463256834
vertex -190.72692694091796 190.89026654052736 -30.692814987182615
endloop
endfacet
facet normal 0.9980260699799749 0.06280096018581474 -5.5136791671485686e-05
outer loop
vertex -190.7245465698242 190.85353863525393 -30.692814987182615
vertex -190.72567572021484 190.87148297119143 -30.692814987182615
vertex -190.74000372314453 191.10079205322268 -28.859010856628416
endloop
endfacet
facet normal 0.9975637824529231 0.06967537500006984 -0.0034412289689526665
outer loop
vertex -190.7279340209961 190.91089642333986 -30.692814987182615
vertex -190.7295209350586 190.93361676025393 -30.692814987182615
vertex -190.76342596435546 191.49919903564455 -29.069927375793455
endloop
endfacet
facet normal -1.0 0.0 -0.0
outer loop
vertex -202.0474683227539 188.73384869384768 -37.576905351161955
vertex -202.0474683227539 189.09543621826174 -35.73490468788147
vertex -202.0474683227539 188.8246537475586 -37.5124585442543
endloop
endfacet
facet normal -1.0 -0.0 0.0
outer loop
vertex -202.0474683227539 188.90959942626955 -37.442152958393095
vertex -202.0474683227539 188.8246537475586 -37.5124585442543
vertex -202.0474683227539 189.09543621826174 -35.73490468788147
endloop
endfacet
facet normal -1.0 -0.0 0.0
outer loop
vertex -202.0474683227539 188.9945451049805 -37.36305917429924
vertex -202.0474683227539 188.90959942626955 -37.442152958393095
vertex -202.0474683227539 189.09543621826174 -35.73490468788147
endloop
endfacet
facet normal -1.0 -0.0 0.0
outer loop
vertex -202.0474683227539 189.0765763549805 -37.28103594112396
vertex -202.0474683227539 188.9945451049805 -37.36305917429924
vertex -202.0474683227539 189.09543621826174 -35.73490468788147
endloop
endfacet
facet normal -0.9999999999999999 -0.0 0.0
outer loop
vertex -202.0474683227539 188.35886395263674 -37.770245756983755
vertex -202.0474683227539 188.2621995239258 -37.80246915671229
vertex -202.0474683227539 188.91823590087893 -35.216050546646116
endloop
endfacet
facet normal -1.0 0.0 -0.0
outer loop
vertex -202.0474683227539 188.45554364013674 -37.73216354477405
vertex -202.0474683227539 188.91823590087893 -35.216050546646116
vertex -202.0474683227539 188.54927838134768 -37.6882225536108
endloop
endfacet
facet normal -0.9999999999999999 -0.0 0.0
outer loop
vertex -202.0474683227539 189.09543621826174 -37.259285252571104
vertex -202.0474683227539 189.0765763549805 -37.28103594112396
vertex -202.0474683227539 189.09543621826174 -35.73490468788147
endloop
endfacet
facet normal -1.0 -0.0 0.0
outer loop
vertex -202.0474683227539 188.73384869384768 -37.576905351161955
vertex -202.0474683227539 188.6430131225586 -37.635493364214895
vertex -202.0474683227539 189.04705059814455 -35.64057199287414
endloop
endfacet
facet normal -1.0 -0.0 0.0
outer loop
vertex -202.0474683227539 189.0476762084961 -35.641887825012205
vertex -202.0474683227539 188.73384869384768 -37.576905351161955
vertex -202.0474683227539 189.04705059814455 -35.64057199287414
endloop
endfacet
facet normal -0.9999999999999999 0.0 -0.0
outer loop
vertex -202.0474683227539 189.0476762084961 -35.641887825012205
vertex -202.0474683227539 189.09543621826174 -35.73490468788147
vertex -202.0474683227539 188.73384869384768 -37.576905351161955
endloop
endfacet
facet normal 0.24253484730757152 -0.0906162615577086 -0.965901413697484
outer loop
vertex -198.15722479248046 203.35446942138674 -37.80246915671229
vertex -198.23710455322265 203.39043438720705 -37.8259007782042
vertex -198.23632635498046 203.39255535888674 -37.82590435448289
endloop
endfacet
facet normal 0.9980993755630058 0.061624882485092354 -0.0001017813180906475
outer loop
vertex -190.7477857055664 191.23098004150393 -30.692814987182615
vertex -190.75703253173828 191.38074505615236 -30.692814987182615
vertex -190.80444158935546 192.1495286254883 -30.130370777130125
endloop
endfacet
facet normal 0.9980458573223191 0.062485731612904424 5.153352369766488e-06
outer loop
vertex -190.71362127685546 190.6789475708008 -28.829716842651365
vertex -190.72028936767578 190.78560650634768 -30.692814987182615
vertex -190.72242559814453 190.8195725708008 -28.817999999999998
endloop
endfacet
facet normal 0.9971270823735648 0.07531171317020882 -0.008107247162276966
outer loop
vertex -190.7309400024414 190.95967877197268 -30.692814987182615
vertex -190.73322882080078 190.9899827270508 -30.692814987182615
vertex -190.77807440185546 191.73352825927736 -29.301350753784178
endloop
endfacet
facet normal 0.9988213547170898 0.048345127518746873 0.004318565307348645
outer loop
vertex -190.76342596435546 191.49919903564455 -29.069927375793455
vertex -190.75756658935546 191.37029278564455 -28.98204628753662
vertex -190.7279340209961 190.91089642333986 -30.692814987182615
endloop
endfacet
facet normal -1.0 -0.0 0.0
outer loop
vertex -202.0474683227539 188.6430131225586 -37.635493364214895
vertex -202.0474683227539 188.54927838134768 -37.6882225536108
vertex -202.0474683227539 188.9472581176758 -35.35934964942932
endloop
endfacet
facet normal 0.6773104991168 -0.5055131733019764 0.5345155932284081
outer loop
vertex -175.2496930541992 206.92226422119143 -37.858127754211424
vertex -187.52165045166015 190.6585160522461 -37.68902764844894
vertex -187.5619183959961 190.5589524536133 -37.73216354477405
endloop
endfacet
facet normal -0.9999999999999999 0.0 -0.0
outer loop
vertex -202.0474683227539 188.91823590087893 -35.216050546646116
vertex -202.0474683227539 188.9472581176758 -35.35934964942932
vertex -202.0474683227539 188.54927838134768 -37.6882225536108
endloop
endfacet
facet normal -1.0 0.0 -0.0
outer loop
vertex -202.0474683227539 188.99179852294924 -35.49996082115173
vertex -202.0474683227539 189.04705059814455 -35.64057199287414
vertex -202.0474683227539 188.6430131225586 -37.635493364214895
endloop
endfacet
facet normal -1.0 0.0 -0.0
outer loop
vertex -202.0474683227539 188.9472581176758 -35.35934964942932
vertex -202.0474683227539 188.99179852294924 -35.49996082115173
vertex -202.0474683227539 188.6430131225586 -37.635493364214895
endloop
endfacet
facet normal 0.6810041254141012 -0.5083778184972457 0.5270534838410202
outer loop
vertex -187.52091802978515 190.66033184814455 -37.6882225536108
vertex -187.52165045166015 190.6585160522461 -37.68902764844894
vertex -175.2496930541992 206.92226422119143 -37.858127754211424
endloop
endfacet
facet normal 0.6772822826274181 -0.5054907632934265 0.534572537513875
outer loop
vertex -187.48299993896484 190.76689923095705 -37.635493364214895
vertex -187.52091802978515 190.66033184814455 -37.6882225536108
vertex -175.2496930541992 206.92226422119143 -37.858127754211424
endloop
endfacet
facet normal -1.0 0.0 -0.0
outer loop
vertex -202.0474683227539 188.8997727661133 -35.07226840782165
vertex -202.0474683227539 188.9181596069336 -35.215809028625486
vertex -202.0474683227539 185.8981858520508 -35.64057199287414
endloop
endfacet
facet normal 0.6773923983875557 -0.5055771959075747 0.5343512305450312
outer loop
vertex -187.4497357788086 190.87339031982424 -37.576905351161955
vertex -187.48299993896484 190.76689923095705 -37.635493364214895
vertex -175.2496930541992 206.92226422119143 -37.858127754211424
endloop
endfacet
facet normal 0.9975518922311414 0.06984249614690576 -0.003499719708634846
outer loop
vertex -190.77221502685546 191.6193009643555 -29.178315322875974
vertex -190.76342596435546 191.49919903564455 -29.069927375793455
vertex -190.7295209350586 190.93361676025393 -30.692814987182615
endloop
endfacet
facet normal 0.9988017563805188 0.04875807390614959 0.004207336467770732
outer loop
vertex -190.72692694091796 190.89026654052736 -30.692814987182615
vertex -190.7279340209961 190.91089642333986 -30.692814987182615
vertex -190.75756658935546 191.37029278564455 -28.98204628753662
endloop
endfacet
facet normal 0.9980459887552016 0.062483631306304965 -1.218316520222097e-05
outer loop
vertex -190.74000372314453 191.10079205322268 -28.859010856628416
vertex -190.73119940185546 190.96016705322268 -28.829716842651365
vertex -190.7245465698242 190.85353863525393 -30.692814987182615
endloop
endfacet
facet normal 0.9979792446085751 0.06354058096812865 -0.00014798895285119426
outer loop
vertex -190.74877752685546 191.2384721069336 -28.911740463256834
vertex -190.74000372314453 191.10079205322268 -28.859010856628416
vertex -190.72567572021484 190.87148297119143 -30.692814987182615
endloop
endfacet
facet normal 0.9977884599805822 0.06646519392234584 -0.00075307797947936
outer loop
vertex -190.72567572021484 190.87148297119143 -30.692814987182615
vertex -190.72692694091796 190.89026654052736 -30.692814987182615
vertex -190.74877752685546 191.2384721069336 -28.911740463256834
endloop
endfacet
facet normal -1.0 0.0 0.0
outer loop
vertex -202.0474683227539 185.95383465576174 -35.915935557365415
vertex -202.0474683227539 185.9245530395508 -35.778253953933714
vertex -202.0474683227539 188.9181596069336 -35.215809028625486
endloop
endfacet
facet normal 0.6085368251691189 0.36606132027023114 -0.7040469034198678
outer loop
vertex -187.37171759033203 191.2006760864258 -37.36619360375404
vertex -187.37081732177734 191.20520794677736 -37.36305917429924
vertex -187.04015936279296 190.65552532958986 -37.36305917429924
endloop
endfacet
facet normal -1.0 0.0 0.0
outer loop
vertex -202.0474683227539 185.8981858520508 -34.2168835811615
vertex -202.0474683227539 185.9245530395508 -34.079201858520506
vertex -202.0474683227539 188.9181596069336 -34.641646545410154
endloop
endfacet
facet normal -1.0 0.0 -0.0
outer loop
vertex -202.0474683227539 188.06592572021486 -32.01397482681274
vertex -202.0474683227539 188.16553509521486 -32.03155152130127
vertex -202.0474683227539 186.17940533447268 -33.29998127746582
endloop
endfacet
facet normal -1.0 0.0 -0.0
outer loop
vertex -202.0474683227539 187.09043133544924 -32.22196213531494
vertex -202.0474683227539 187.18123638916018 -32.16923300552368
vertex -202.0474683227539 186.17940533447268 -33.29998127746582
endloop
endfacet
facet normal -1.0 0.0 -0.0
outer loop
vertex -202.0474683227539 187.18123638916018 -32.16923300552368
vertex -202.0474683227539 187.27793133544924 -32.1252919845581
vertex -202.0474683227539 186.17940533447268 -33.29998127746582
endloop
endfacet
facet normal -1.0 0.0 -0.0
outer loop
vertex -202.0474683227539 187.27793133544924 -32.1252919845581
vertex -202.0474683227539 187.37166607666018 -32.08720986175537
vertex -202.0474683227539 186.17940533447268 -33.29998127746582
endloop
endfacet
facet normal -1.0 0.0 -0.0
outer loop
vertex -202.0474683227539 187.37166607666018 -32.08720986175537
vertex -202.0474683227539 187.47127545166018 -32.054986637115476
vertex -202.0474683227539 186.17940533447268 -33.29998127746582
endloop
endfacet
facet normal -1.0 0.0 -0.0
outer loop
vertex -202.0474683227539 187.47127545166018 -32.054986637115476
vertex -202.0474683227539 187.5679398803711 -32.03155152130127
vertex -202.0474683227539 186.17940533447268 -33.29998127746582
endloop
endfacet
facet normal 0.9982374321762196 0.059222623545575094 0.003835343870708581
outer loop
vertex -190.80444158935546 192.1495286254883 -30.130370777130125
vertex -190.80151190185546 192.0880051879883 -29.942889373779295
vertex -190.7477857055664 191.23098004150393 -30.692814987182615
endloop
endfacet
facet normal 0.998241605411569 0.059146515323114913 0.0039226203570618245
outer loop
vertex -190.74230780029296 191.13852703857424 -30.692814987182615
vertex -190.7477857055664 191.23098004150393 -30.692814987182615
vertex -190.80151190185546 192.0880051879883 -29.942889373779295
endloop
endfacet
facet normal 0.998079141695319 0.06194526869335862 0.0009003328512456394
outer loop
vertex -190.79272283935546 191.9327317504883 -29.59721962738037
vertex -190.78686346435546 191.83606732177736 -29.44196144866943
vertex -190.73556341552734 191.02768719482424 -30.692814987182615
endloop
endfacet
facet normal 0.9985146737791892 0.05436877322099801 0.003533092991002239
outer loop
vertex -190.7309400024414 190.95967877197268 -30.692814987182615
vertex -190.77221502685546 191.6193009643555 -29.178315322875974
vertex -190.7295209350586 190.93361676025393 -30.692814987182615
endloop
endfacet
facet normal 0.9980583921572064 0.06228519731022039 -6.371729518907877e-06
outer loop
vertex -190.70484747314453 190.53835308837893 -28.859010856628416
vertex -190.72028936767578 190.78560650634768 -30.692814987182615
vertex -190.71362127685546 190.6789475708008 -28.829716842651365
endloop
endfacet
facet normal 0.9978846613508735 0.06498895933725612 -0.0016241320491156542
outer loop
vertex -190.73556341552734 191.02768719482424 -30.692814987182615
vertex -190.73866094970703 191.07524884033205 -30.692814987182615
vertex -190.79272283935546 191.9327317504883 -29.59721962738037
endloop
endfacet
facet normal 0.998490989726752 0.0548142157700139 0.00333844035584303
outer loop
vertex -190.77807440185546 191.73352825927736 -29.301350753784178
vertex -190.77221502685546 191.6193009643555 -29.178315322875974
vertex -190.7309400024414 190.95967877197268 -30.692814987182615
endloop
endfacet
facet normal 0.6310169469754642 0.37958408952249356 -0.6765600724334419
outer loop
vertex -187.04015936279296 190.65552532958986 -37.36305917429924
vertex -187.37081732177734 191.20520794677736 -37.36305917429924
vertex -186.97865118408203 190.69947064208986 -37.28103594112396
endloop
endfacet
facet normal -1.0 0.0 -0.0
outer loop
vertex -202.0474683227539 186.82387554931643 -32.41530243682861
vertex -202.0474683227539 186.90882122802736 -32.344997089385984
vertex -202.0474683227539 186.17940533447268 -33.29998127746582
endloop
endfacet
facet normal -1.0 0.0 0.0
outer loop
vertex -202.0474683227539 186.17940533447268 -33.29998127746582
vertex -202.0474683227539 186.7389298706055 -32.49439636993408
vertex -202.0474683227539 186.82387554931643 -32.41530243682861
endloop
endfacet
facet normal -1.0 0.0 0.0
outer loop
vertex -202.0474683227539 186.17940533447268 -33.29998127746582
vertex -202.0474683227539 186.6568986206055 -32.57641951370239
vertex -202.0474683227539 186.7389298706055 -32.49439636993408
endloop
endfacet
facet normal -0.9999999999999999 0.0 0.0
outer loop
vertex -202.0474683227539 186.17940533447268 -33.29998127746582
vertex -202.0474683227539 186.57781231689455 -32.66430155563354
vertex -202.0474683227539 186.6568986206055 -32.57641951370239
endloop
endfacet
facet normal -0.9999999999999999 0.0 -0.0
outer loop
vertex -202.0474683227539 186.50164044189455 -32.75804201889038
vertex -202.0474683227539 186.57781231689455 -32.66430155563354
vertex -202.0474683227539 186.17940533447268 -33.29998127746582
endloop
endfacet
facet normal 0.9979990325140028 0.06313311227398158 -0.003484427602254148
outer loop
vertex -190.80737127685546 192.19638836669924 -30.32664028930664
vertex -190.77564825439453 191.67470562744143 -30.692814987182615
vertex -190.81030096435546 192.23154461669924 -30.528768699645994
endloop
endfacet
facet normal 0.997994441738802 0.06320027090170457 -0.003580505049287503
outer loop
vertex -190.80737127685546 192.19638836669924 -30.32664028930664
vertex -190.75703253173828 191.38074505615236 -30.692814987182615
vertex -190.77564825439453 191.67470562744143 -30.692814987182615
endloop
endfacet
facet normal 0.9978971211190756 0.0643616006431189 -0.007675938047999767
outer loop
vertex -190.81030096435546 192.23154461669924 -30.528768699645994
vertex -190.77564825439453 191.67470562744143 -30.692814987182615
vertex -190.8126050415039 192.24770367431643 -30.692814987182615
endloop
endfacet
facet normal 0.9983252671935289 0.05753550490939315 0.0060271517145688205
outer loop
vertex -190.73866094970703 191.07524884033205 -30.692814987182615
vertex -190.74230780029296 191.13852703857424 -30.692814987182615
vertex -190.79858221435546 192.0176926879883 -29.76419560241699
endloop
endfacet
facet normal 0.9983346708175759 0.05735370066780221 0.006199843810155774
outer loop
vertex -190.80151190185546 192.0880051879883 -29.942889373779295
vertex -190.79858221435546 192.0176926879883 -29.76419560241699
vertex -190.74230780029296 191.13852703857424 -30.692814987182615
endloop
endfacet
facet normal 0.9978679720648227 0.06523951322418431 -0.0018210550540596316
outer loop
vertex -190.79858221435546 192.0176926879883 -29.76419560241699
vertex -190.79272283935546 191.9327317504883 -29.59721962738037
vertex -190.73866094970703 191.07524884033205 -30.692814987182615
endloop
endfacet
facet normal 0.6773474014241315 -0.5055413972169216 0.5344421329610335
outer loop
vertex -187.4201489868164 190.98116314697268 -37.5124585442543
vertex -187.4497357788086 190.87339031982424 -37.576905351161955
vertex -175.2496930541992 206.92226422119143 -37.858127754211424
endloop
endfacet
facet normal 0.6773234528628146 -0.5055220585942691 0.5344907749218942
outer loop
vertex -187.39359869384765 191.08847821044924 -37.44460518288612
vertex -187.4201489868164 190.98116314697268 -37.5124585442543
vertex -175.2496930541992 206.92226422119143 -37.858127754211424
endloop
endfacet
facet normal 0.6144802041225904 0.3697169265503692 -0.6969386436147793
outer loop
vertex -187.37171759033203 191.2006760864258 -37.36619360375404
vertex -187.04015936279296 190.65552532958986 -37.36305917429924
vertex -187.39266790771484 191.09230816650393 -37.442152958393095
endloop
endfacet
facet normal -0.9999999999999999 0.0 0.0
outer loop
vertex -202.0474683227539 185.9245530395508 -35.778253953933714
vertex -202.0474683227539 185.8981858520508 -35.64057199287414
vertex -202.0474683227539 188.9181596069336 -35.215809028625486
endloop
endfacet
facet normal -1.0 0.0 -0.0
outer loop
vertex -202.0474683227539 186.2350541381836 -33.18280569839477
vertex -202.0474683227539 186.2965775756836 -33.07148854064941
vertex -202.0474683227539 186.17940533447268 -33.29998127746582
endloop
endfacet
facet normal 0.6309867347682616 0.3795532896643853 -0.6766055282448041
outer loop
vertex -187.35099615478515 191.3184739379883 -37.28103594112396
vertex -186.97865118408203 190.69947064208986 -37.28103594112396
vertex -187.37081732177734 191.20520794677736 -37.36305917429924
endloop
endfacet
facet normal 0.6780159347023612 -0.5060901856626429 0.533073274762143
outer loop
vertex -187.39266790771484 191.09230816650393 -37.442152958393095
vertex -187.39359869384765 191.08847821044924 -37.44460518288612
vertex -175.2496930541992 206.92226422119143 -37.858127754211424
endloop
endfacet
facet normal 0.6773566020875553 -0.5055489428457954 0.5344233340675723
outer loop
vertex -187.37171759033203 191.2006760864258 -37.36619360375404
vertex -187.39266790771484 191.09230816650393 -37.442152958393095
vertex -175.2496930541992 206.92226422119143 -37.858127754211424
endloop
endfacet
facet normal -1.0 0.0 -0.0
outer loop
vertex -202.0474683227539 188.16553509521486 -32.03155152130127
vertex -202.0474683227539 188.2621995239258 -32.054986637115476
vertex -202.0474683227539 186.17940533447268 -33.29998127746582
endloop
endfacet
facet normal -1.0 0.0 -0.0
outer loop
vertex -202.0474683227539 188.54927838134768 -32.16923300552368
vertex -202.0474683227539 188.6430131225586 -32.22196213531494
vertex -202.0474683227539 186.17940533447268 -33.29998127746582
endloop
endfacet
facet normal -1.0 0.0 -0.0
outer loop
vertex -202.0474683227539 188.45554364013674 -32.1252919845581
vertex -202.0474683227539 188.54927838134768 -32.16923300552368
vertex -202.0474683227539 186.17940533447268 -33.29998127746582
endloop
endfacet
facet normal -0.9999999999999999 0.0 -0.0
outer loop
vertex -202.0474683227539 188.35886395263674 -32.08720986175537
vertex -202.0474683227539 188.45554364013674 -32.1252919845581
vertex -202.0474683227539 186.17940533447268 -33.29998127746582
endloop
endfacet
facet normal -1.0 0.0 -0.0
outer loop
vertex -202.0474683227539 188.2621995239258 -32.054986637115476
vertex -202.0474683227539 188.35886395263674 -32.08720986175537
vertex -202.0474683227539 186.17940533447268 -33.29998127746582
endloop
endfacet
facet normal 0.9971709347280231 0.07476036302932927 -0.007811213309323576
outer loop
vertex -190.78686346435546 191.83606732177736 -29.44196144866943
vertex -190.77807440185546 191.73352825927736 -29.301350753784178
vertex -190.73322882080078 190.9899827270508 -30.692814987182615
endloop
endfacet
facet normal 0.9980961602541867 0.06167677813819975 -0.0001729865318241855
outer loop
vertex -190.80737127685546 192.19638836669924 -30.32664028930664
vertex -190.80444158935546 192.1495286254883 -30.130370777130125
vertex -190.75703253173828 191.38074505615236 -30.692814987182615
endloop
endfacet
facet normal -1.0 0.0 -0.0
outer loop
vertex -202.0474683227539 187.96633160400393 -32.00225750732422
vertex -202.0474683227539 188.06592572021486 -32.01397482681274
vertex -202.0474683227539 186.17940533447268 -33.29998127746582
endloop
endfacet
facet normal -1.0 0.0 -0.0
outer loop
vertex -202.0474683227539 187.5679398803711 -32.03155152130127
vertex -202.0474683227539 187.667518737793 -32.01397482681274
vertex -202.0474683227539 186.17940533447268 -33.29998127746582
endloop
endfacet
facet normal -1.0 0.0 -0.0
outer loop
vertex -202.0474683227539 187.86672222900393 -31.999327819824217
vertex -202.0474683227539 187.96633160400393 -32.00225750732422
vertex -202.0474683227539 186.17940533447268 -33.29998127746582
endloop
endfacet
facet normal -1.0 0.0 -0.0
outer loop
vertex -202.0474683227539 187.667518737793 -32.01397482681274
vertex -202.0474683227539 187.76714337158205 -32.00225750732422
vertex -202.0474683227539 186.17940533447268 -33.29998127746582
endloop
endfacet
facet normal -0.9999999999999999 0.0 -0.0
outer loop
vertex -202.0474683227539 187.76714337158205 -32.00225750732422
vertex -202.0474683227539 187.86672222900393 -31.999327819824217
vertex -202.0474683227539 186.17940533447268 -33.29998127746582
endloop
endfacet
facet normal -0.004563378807985406 0.9501401931278771 0.31178965501885253
outer loop
vertex -201.17744268798828 192.09970867919924 -30.130370777130125
vertex -201.17451300048828 192.0382005004883 -29.942889373779295
vertex -190.80444158935546 192.1495286254883 -30.130370777130125
endloop
endfacet
facet normal -1.0 -0.0 0.0
outer loop
vertex -202.0474683227539 187.09043133544924 -32.22196213531494
vertex -202.0474683227539 186.17940533447268 -33.29998127746582
vertex -202.0474683227539 186.9996262817383 -32.28055016326904
endloop
endfacet
facet normal -1.0 -0.0 0.0
outer loop
vertex -202.0474683227539 186.9996262817383 -32.28055016326904
vertex -202.0474683227539 186.17940533447268 -33.29998127746582
vertex -202.0474683227539 186.90882122802736 -32.344997089385984
endloop
endfacet
facet normal 0.6596970402469587 0.39681957868552403 -0.6382272612958849
outer loop
vertex -187.3348676147461 191.43300640869143 -37.19315395879745
vertex -186.92005743408203 190.7434006958008 -37.19315395879745
vertex -187.35099615478515 191.3184739379883 -37.28103594112396
endloop
endfacet
facet normal 0.6597060953892839 0.39682865727535455 -0.6382122565974929
outer loop
vertex -186.97865118408203 190.69947064208986 -37.28103594112396
vertex -187.35099615478515 191.3184739379883 -37.28103594112396
vertex -186.92005743408203 190.7434006958008 -37.19315395879745
endloop
endfacet
facet normal 0.6766956641195429 -0.5049968528223535 0.5357808850652749
outer loop
vertex -187.37081732177734 191.20520794677736 -37.36305917429924
vertex -187.37171759033203 191.2006760864258 -37.36619360375404
vertex -175.2496930541992 206.92226422119143 -37.858127754211424
endloop
endfacet
facet normal -0.2847899436348264 -0.17130889069420596 -0.9431584978006575
outer loop
vertex -196.46989263916015 203.6093217163086 -37.80246915671229
vertex -188.16505255126953 189.80306256103518 -37.80246915671229
vertex -196.54313482666015 203.55367291259768 -37.770245756983755
endloop
endfacet
facet normal -1.0 0.0 0.0
outer loop
vertex -202.0474683227539 185.8454514770508 -35.215809028625486
vertex -202.0474683227539 185.83960736083986 -35.07226840782165
vertex -202.0474683227539 188.8920365600586 -34.92872778701782
endloop
endfacet
facet normal 0.6853746171031743 0.4122651008087311 -0.6002492156478374
outer loop
vertex -187.3348676147461 191.43300640869143 -37.19315395879745
vertex -186.86439337158203 190.7873460083008 -37.09941313791275
vertex -186.92005743408203 190.7434006958008 -37.19315395879745
endloop
endfacet
facet normal -0.004671421407254746 0.9726357212125 0.23228846644522802
outer loop
vertex -190.80444158935546 192.1495286254883 -30.130370777130125
vertex -190.80737127685546 192.19638836669924 -30.32664028930664
vertex -201.17744268798828 192.09970867919924 -30.130370777130125
endloop
endfacet
facet normal 0.998088065725482 0.06179986809226983 0.0009946658454110331
outer loop
vertex -190.78686346435546 191.83606732177736 -29.44196144866943
vertex -190.73322882080078 190.9899827270508 -30.692814987182615
vertex -190.73556341552734 191.02768719482424 -30.692814987182615
endloop
endfacet
facet normal 0.9980420969501269 0.06254576483582332 4.061444445711e-06
outer loop
vertex -190.7245465698242 190.85353863525393 -30.692814987182615
vertex -190.72242559814453 190.8195725708008 -28.817999999999998
vertex -190.72028936767578 190.78560650634768 -30.692814987182615
endloop
endfacet
facet normal 0.9979759435718039 0.06359234984527212 0.0001705670662073479
outer loop
vertex -190.70484747314453 190.53835308837893 -28.859010856628416
vertex -190.7191449584961 190.7676469116211 -30.692814987182615
vertex -190.72028936767578 190.78560650634768 -30.692814987182615
endloop
endfacet
facet normal -1.0 0.0 -0.0
outer loop
vertex -202.0474683227539 186.43132794189455 -32.857641857147215
vertex -202.0474683227539 186.50164044189455 -32.75804201889038
vertex -202.0474683227539 186.17940533447268 -33.29998127746582
endloop
endfacet
facet normal -1.0 0.0 -0.0
outer loop
vertex -202.0474683227539 186.36101544189455 -32.96017090606689
vertex -202.0474683227539 186.43132794189455 -32.857641857147215
vertex -202.0474683227539 186.2965775756836 -33.07148854064941
endloop
endfacet
facet normal -1.0 0.0 -0.0
outer loop
vertex -202.0474683227539 186.2965775756836 -33.07148854064941
vertex -202.0474683227539 186.43132794189455 -32.857641857147215
vertex -202.0474683227539 186.17940533447268 -33.29998127746582
endloop
endfacet
facet normal -0.9999999999999999 -0.0 0.0
outer loop
vertex -202.0474683227539 188.8997727661133 -34.785267513275144
vertex -202.0474683227539 188.8920365600586 -34.92872778701782
vertex -202.0474683227539 185.83960736083986 -34.78518716621399
endloop
endfacet
facet normal 0.6854002587786897 0.4122905767396886 -0.6002024371807899
outer loop
vertex -187.3231030883789 191.5424271850586 -37.10455624389648
vertex -186.86439337158203 190.7873460083008 -37.09941313791275
vertex -187.3348676147461 191.43300640869143 -37.19315395879745
endloop
endfacet
facet normal 0.16437363983023126 0.09889637964813294 -0.98142794571046
outer loop
vertex -194.13502325439453 200.82939923095705 -37.83950426059961
vertex -187.74230780029296 190.20375836181643 -37.83954858969152
vertex -187.72562994384765 190.13701641845705 -37.84348075467348
endloop
endfacet
facet normal -0.9999999999999999 0.0 0.0
outer loop
vertex -202.0474683227539 185.8981858520508 -35.64057199287414
vertex -202.0474683227539 185.87473309326174 -35.49996082115173
vertex -202.0474683227539 188.8997727661133 -35.07226840782165
endloop
endfacet
facet normal -1.0 0.0 -0.0
outer loop
vertex -202.0474683227539 188.90959942626955 -32.41530243682861
vertex -202.0474683227539 188.9945451049805 -32.49439636993408
vertex -202.0474683227539 186.17940533447268 -33.29998127746582
endloop
endfacet
facet normal 0.7131973659762785 0.42909512820368345 -0.5542805139244593
outer loop
vertex -186.8116742553711 190.8283616333008 -36.99981353807449
vertex -187.32246221923828 191.54868328857424 -37.09941313791275
vertex -187.3146802368164 191.66440594482424 -36.99981353807449
endloop
endfacet
facet normal -1.0 0.0 0.0
outer loop
vertex -202.0474683227539 185.8571702270508 -35.35934964942932
vertex -202.0474683227539 185.8454514770508 -35.215809028625486
vertex -202.0474683227539 188.8997727661133 -35.07226840782165
endloop
endfacet
facet normal -1.0 0.0 -0.0
outer loop
vertex -202.0474683227539 188.8920365600586 -34.92872778701782
vertex -202.0474683227539 188.8997727661133 -35.07226840782165
vertex -202.0474683227539 185.8454514770508 -35.215809028625486
endloop
endfacet
facet normal 0.6773547507580618 -0.5055477991620324 0.5344267624173675
outer loop
vertex -187.35099615478515 191.3184739379883 -37.28103594112396
vertex -187.37081732177734 191.20520794677736 -37.36305917429924
vertex -175.2496930541992 206.92226422119143 -37.858127754211424
endloop
endfacet
facet normal -1.0 0.0 0.0
outer loop
vertex -202.0474683227539 185.87473309326174 -35.49996082115173
vertex -202.0474683227539 185.8571702270508 -35.35934964942932
vertex -202.0474683227539 188.8997727661133 -35.07226840782165
endloop
endfacet
facet normal -1.0 -0.0 0.0
outer loop
vertex -202.0474683227539 188.9472581176758 -34.4981061630249
vertex -202.0474683227539 188.94715130615236 -34.49858705329895
vertex -202.0474683227539 185.95383465576174 -33.941519897460935
endloop
endfacet
facet normal 0.6773152652513381 -0.5055141488867724 0.5345086311115954
outer loop
vertex -175.2496930541992 206.92226422119143 -37.858127754211424
vertex -187.3348676147461 191.43300640869143 -37.19315395879745
vertex -187.35099615478515 191.3184739379883 -37.28103594112396
endloop
endfacet
facet normal 0.6773554196698076 -0.5055490817594925 0.5344247013154171
outer loop
vertex -187.3348676147461 191.43300640869143 -37.19315395879745
vertex -175.2496930541992 206.92226422119143 -37.858127754211424
vertex -187.3231030883789 191.5424271850586 -37.10455624389648
endloop
endfacet
facet normal 0.6786170015121255 -0.50667021068522 0.5317558301164986
outer loop
vertex -187.32246221923828 191.54868328857424 -37.09941313791275
vertex -187.3231030883789 191.5424271850586 -37.10455624389648
vertex -175.2496930541992 206.92226422119143 -37.858127754211424
endloop
endfacet
facet normal 0.677373822447112 -0.5055666464672901 0.5343847589922512
outer loop
vertex -187.3198071899414 192.12514508056643 -36.55747417736053
vertex -187.31361212158203 192.0095902709961 -36.674650114059446
vertex -175.2496930541992 206.92226422119143 -37.858127754211424
endloop
endfacet
facet normal 0.6773423825300663 -0.5055348544850642 0.5344546825777263
outer loop
vertex -187.3198071899414 192.12514508056643 -36.55747417736053
vertex -175.2496930541992 206.92226422119143 -37.858127754211424
vertex -187.33117498779296 192.22837078857424 -36.44542710113525
endloop
endfacet
facet normal 0.7520544718764032 0.4524829056990425 -0.47924241400449497
outer loop
vertex -187.3104535522461 191.88770306396486 -36.79394022750854
vertex -186.7120648803711 190.90158856201174 -36.7859673910141
vertex -187.3105298461914 191.77837384033205 -36.89728454875946
endloop
endfacet
facet normal -0.9999999999999999 0.0 0.0
outer loop
vertex -202.0474683227539 185.99190533447268 -33.806767623901365
vertex -202.0474683227539 186.02999127197268 -33.67494456100464
vertex -202.0474683227539 188.99179852294924 -34.35749475288391
endloop
endfacet
facet normal -0.9999999999999999 0.0 0.0
outer loop
vertex -202.0474683227539 186.02999127197268 -33.67494456100464
vertex -202.0474683227539 186.12375653076174 -33.42301623153686
vertex -202.0474683227539 189.04705059814455 -34.2168835811615
endloop
endfacet
facet normal 0.6773213920181109 -0.505516985628631 0.5344981844268426
outer loop
vertex -187.3105298461914 191.77837384033205 -36.89728454875946
vertex -187.3146802368164 191.66440594482424 -36.99981353807449
vertex -175.2496930541992 206.92226422119143 -37.858127754211424
endloop
endfacet
facet normal -1.0 0.0 -0.0
outer loop
vertex -202.0474683227539 189.0765763549805 -32.57641951370239
vertex -202.0474683227539 189.09543621826174 -32.598170440673826
vertex -202.0474683227539 186.17940533447268 -33.29998127746582
endloop
endfacet
facet normal -1.0 0.0 0.0
outer loop
vertex -202.0474683227539 186.12375653076174 -33.42301623153686
vertex -202.0474683227539 186.17940533447268 -33.29998127746582
vertex -202.0474683227539 189.09543621826174 -34.12266890335083
endloop
endfacet
facet normal -1.0 -0.0 -0.0
outer loop
vertex -202.0474683227539 189.09543621826174 -32.598170440673826
vertex -202.0474683227539 189.09543621826174 -34.12266890335083
vertex -202.0474683227539 186.17940533447268 -33.29998127746582
endloop
endfacet
facet normal -0.9999999999999999 0.0 -0.0
outer loop
vertex -202.0474683227539 188.9945451049805 -32.49439636993408
vertex -202.0474683227539 189.0765763549805 -32.57641951370239
vertex -202.0474683227539 186.17940533447268 -33.29998127746582
endloop
endfacet
facet normal -1.0 0.0 -0.0
outer loop
vertex -202.0474683227539 188.6430131225586 -32.22196213531494
vertex -202.0474683227539 188.73384869384768 -32.28055016326904
vertex -202.0474683227539 186.17940533447268 -33.29998127746582
endloop
endfacet
facet normal -1.0 -0.0 0.0
outer loop
vertex -202.0474683227539 188.94715130615236 -34.49858705329895
vertex -202.0474683227539 188.9181596069336 -34.641646545410154
vertex -202.0474683227539 185.9245530395508 -34.079201858520506
endloop
endfacet
facet normal -1.0 0.0 0.0
outer loop
vertex -202.0474683227539 185.9245530395508 -34.079201858520506
vertex -202.0474683227539 185.95383465576174 -33.941519897460935
vertex -202.0474683227539 188.94715130615236 -34.49858705329895
endloop
endfacet
facet normal -1.0 0.0 -0.0
outer loop
vertex -202.0474683227539 188.73384869384768 -32.28055016326904
vertex -202.0474683227539 188.8246537475586 -32.344997089385984
vertex -202.0474683227539 186.17940533447268 -33.29998127746582
endloop
endfacet
facet normal 0.7322526983657678 0.44055233456266896 -0.5193453824262173
outer loop
vertex -186.7618695678711 190.86643231201174 -36.89728454875946
vertex -187.3146802368164 191.66440594482424 -36.99981353807449
vertex -187.3105298461914 191.77837384033205 -36.89728454875946
endloop
endfacet
facet normal 0.7322722989808226 0.44057155985294694 -0.5193014353861178
outer loop
vertex -186.7618695678711 190.86643231201174 -36.89728454875946
vertex -186.8116742553711 190.8283616333008 -36.99981353807449
vertex -187.3146802368164 191.66440594482424 -36.99981353807449
endloop
endfacet
facet normal -1.0 0.0 -0.0
outer loop
vertex -202.0474683227539 188.8246537475586 -32.344997089385984
vertex -202.0474683227539 188.90959942626955 -32.41530243682861
vertex -202.0474683227539 186.17940533447268 -33.29998127746582
endloop
endfacet
facet normal 0.6907983204902761 0.41562813069682514 -0.5916510266882637
outer loop
vertex -187.32246221923828 191.54868328857424 -37.09941313791275
vertex -186.86439337158203 190.7873460083008 -37.09941313791275
vertex -187.3231030883789 191.5424271850586 -37.10455624389648
endloop
endfacet
facet normal -0.9221272520436448 0.34899132652211934 -0.1669921706271524
outer loop
vertex -200.07600225830078 204.26844036865236 -35.778253953933714
vertex -200.71005072021484 202.59311688232424 -35.778253953933714
vertex -200.0964948120117 204.28017437744143 -35.64057199287414
endloop
endfacet
facet normal 0.9978384975246516 0.0657113156906478 0.0005965299239470445
outer loop
vertex -190.69604315185546 190.400673034668 -28.911740463256834
vertex -190.71790899658203 190.74887860107424 -30.692814987182615
vertex -190.7191449584961 190.7676469116211 -30.692814987182615
endloop
endfacet
facet normal 0.677306112985396 -0.5055000634165737 0.5345335491795197
outer loop
vertex -187.31361212158203 192.0095902709961 -36.674650114059446
vertex -187.3132916870117 192.0009232788086 -36.68325237560272
vertex -175.2496930541992 206.92226422119143 -37.858127754211424
endloop
endfacet
facet normal 0.7661187804675962 0.4608483462389356 -0.44797412423451594
outer loop
vertex -186.6681195678711 190.93674481201174 -36.674650114059446
vertex -187.31037725830078 191.8962327270508 -36.7859673910141
vertex -187.3132916870117 192.0009232788086 -36.68325237560272
endloop
endfacet
facet normal 0.770212616247174 0.4634092491125615 -0.4382058803925565
outer loop
vertex -187.3132916870117 192.0009232788086 -36.68325237560272
vertex -187.31361212158203 192.0095902709961 -36.674650114059446
vertex -186.6681195678711 190.93674481201174 -36.674650114059446
endloop
endfacet
facet normal -0.9034063237864173 0.34183059776842223 -0.25886068950691243
outer loop
vertex -200.5807477416992 202.75025189208986 -36.064895909309385
vertex -200.02033819580078 204.24208843994143 -36.050688069343565
vertex -200.52294744873046 202.81394207763674 -36.182510893821714
endloop
endfacet
facet normal 0.9974057420013603 0.07184988595919821 0.0044022392445113336
outer loop
vertex -190.7134381713867 190.67946636962893 -30.692814987182615
vertex -190.67260565185546 190.0198441772461 -29.178315322875974
vertex -190.66383184814453 189.9055863647461 -29.301350753784178
endloop
endfacet
facet normal 0.9978159741185185 0.06605181093986606 0.0006633743107565807
outer loop
vertex -190.69604315185546 190.400673034668 -28.911740463256834
vertex -190.68726934814453 190.268837097168 -28.98204628753662
vertex -190.71790899658203 190.74887860107424 -30.692814987182615
endloop
endfacet
facet normal 0.9977300810704854 0.06733218011188152 0.001030945422296063
outer loop
vertex -190.67848028564453 190.13994610595705 -29.069927375793455
vertex -190.71650518798828 190.72824871826174 -30.692814987182615
vertex -190.68726934814453 190.268837097168 -28.98204628753662
endloop
endfacet
facet normal 0.9976920930845762 0.06789029035782619 0.0011814701212596265
outer loop
vertex -190.71790899658203 190.74887860107424 -30.692814987182615
vertex -190.68726934814453 190.268837097168 -28.98204628753662
vertex -190.71650518798828 190.72824871826174 -30.692814987182615
endloop
endfacet
facet normal -0.8875461724330918 0.33601803735957014 -0.31520417251107435
outer loop
vertex -200.4531842651367 202.88083660888674 -36.30847517776489
vertex -199.98811163330078 204.22742474365236 -36.182510893821714
vertex -199.95002569580078 204.20986187744143 -36.30847517776489
endloop
endfacet
facet normal 0.6773438102938065 -0.5055373968593273 0.534450468269383
outer loop
vertex -187.32246221923828 191.54868328857424 -37.09941313791275
vertex -175.2496930541992 206.92226422119143 -37.858127754211424
vertex -187.3146802368164 191.66440594482424 -36.99981353807449
endloop
endfacet
facet normal -1.0 -0.0 0.0
outer loop
vertex -202.0474683227539 188.99179852294924 -34.35749475288391
vertex -202.0474683227539 188.9472581176758 -34.4981061630249
vertex -202.0474683227539 185.99190533447268 -33.806767623901365
endloop
endfacet
facet normal -1.0 -0.0 0.0
outer loop
vertex -202.0474683227539 189.09543621826174 -34.12266890335083
vertex -202.0474683227539 189.04705059814455 -34.2168835811615
vertex -202.0474683227539 186.12375653076174 -33.42301623153686
endloop
endfacet
facet normal -1.0 -0.0 0.0
outer loop
vertex -202.0474683227539 189.04705059814455 -34.2168835811615
vertex -202.0474683227539 188.99179852294924 -34.35749475288391
vertex -202.0474683227539 186.02999127197268 -33.67494456100464
endloop
endfacet
facet normal -1.0 0.0 0.0
outer loop
vertex -202.0474683227539 185.95383465576174 -33.941519897460935
vertex -202.0474683227539 185.99190533447268 -33.806767623901365
vertex -202.0474683227539 188.9472581176758 -34.4981061630249
endloop
endfacet
facet normal 0.9982350360879337 0.059330462768970804 -0.002590157165377948
outer loop
vertex -190.66383184814453 189.9055863647461 -29.301350753784178
vertex -190.7116071166992 190.64865887451174 -30.692814987182615
vertex -190.7134381713867 190.67946636962893 -30.692814987182615
endloop
endfacet
facet normal 0.9974074087434546 0.07182734852192325 0.0043923783964589505
outer loop
vertex -190.7153150024414 190.70552838134768 -30.692814987182615
vertex -190.67260565185546 190.0198441772461 -29.178315322875974
vertex -190.7134381713867 190.67946636962893 -30.692814987182615
endloop
endfacet
facet normal 0.8095989272908117 0.48682860865592165 -0.3279443286957503
outer loop
vertex -186.51579107666015 191.05100262451174 -36.182510893821714
vertex -187.34815802001953 192.350380065918 -36.30847517776489
vertex -187.3626080932617 192.45064556884768 -36.19530550765991
endloop
endfacet
facet normal 0.8341525839757717 0.5018625550606899 -0.22874318017046738
outer loop
vertex -186.4865094604492 191.07442486572268 -36.050688069343565
vertex -187.3869000854492 192.57097637939455 -36.050688069343565
vertex -186.4601422729492 191.09201824951174 -35.915935557365415
endloop
endfacet
facet normal 0.8341709356386018 0.501884552391849 -0.22862796461993198
outer loop
vertex -187.4108258666992 192.66512310791018 -35.93131248283386
vertex -186.4601422729492 191.09201824951174 -35.915935557365415
vertex -187.3869000854492 192.57097637939455 -36.050688069343565
endloop
endfacet
facet normal 0.8321168584284482 0.5005435181416708 -0.23882571127399338
outer loop
vertex -187.4108258666992 192.66512310791018 -35.93131248283386
vertex -187.4138013305664 192.6774064331055 -35.915935557365415
vertex -186.4601422729492 191.09201824951174 -35.915935557365415
endloop
endfacet
facet normal 0.8383467174962292 0.5042909672453978 -0.20703961364434226
outer loop
vertex -186.4601422729492 191.09201824951174 -35.915935557365415
vertex -187.4138013305664 192.6774064331055 -35.915935557365415
vertex -186.4367047729492 191.10958111572268 -35.778253953933714
endloop
endfacet
facet normal 0.8095544772815804 0.48696893487832765 -0.3278457026968852
outer loop
vertex -187.34676947021484 192.3395463256836 -36.320494931221006
vertex -186.55094732666015 191.02463543701174 -36.30847517776489
vertex -187.33219732666015 192.23860943603518 -36.43443934249878
endloop
endfacet
facet normal 0.6773443500645163 -0.5055366037813918 0.5344505343554761
outer loop
vertex -187.33219732666015 192.23860943603518 -36.43443934249878
vertex -175.2496930541992 206.92226422119143 -37.858127754211424
vertex -187.34676947021484 192.3395463256836 -36.320494931221006
endloop
endfacet
facet normal 0.6774521151824573 -0.5056488200848747 0.5342077333599625
outer loop
vertex -187.33219732666015 192.23860943603518 -36.43443934249878
vertex -187.33117498779296 192.22837078857424 -36.44542710113525
vertex -175.2496930541992 206.92226422119143 -37.858127754211424
endloop
endfacet
facet normal 0.7132221045265406 0.4291197029338962 -0.5542296547178407
outer loop
vertex -187.32246221923828 191.54868328857424 -37.09941313791275
vertex -186.8116742553711 190.8283616333008 -36.99981353807449
vertex -186.86439337158203 190.7873460083008 -37.09941313791275
endloop
endfacet
facet normal 0.6773869556313195 -0.5055781445912209 0.5343572326189955
outer loop
vertex -187.3104535522461 191.88770306396486 -36.79394022750854
vertex -187.3105298461914 191.77837384033205 -36.89728454875946
vertex -175.2496930541992 206.92226422119143 -37.858127754211424
endloop
endfacet
facet normal 0.6773716821277843 -0.5055635439654785 0.5343904071598232
outer loop
vertex -187.31037725830078 191.8962327270508 -36.7859673910141
vertex -187.3104535522461 191.88770306396486 -36.79394022750854
vertex -175.2496930541992 206.92226422119143 -37.858127754211424
endloop
endfacet
facet normal 0.6773350455708919 -0.505528455944389 0.5344700330906869
outer loop
vertex -175.2496930541992 206.92226422119143 -37.858127754211424
vertex -187.3132916870117 192.0009232788086 -36.68325237560272
vertex -187.31037725830078 191.8962327270508 -36.7859673910141
endloop
endfacet
facet normal 0.9986001576578885 0.05271906569606144 -0.004292462903105074
outer loop
vertex -190.67260565185546 190.0198441772461 -29.178315322875974
vertex -190.7153150024414 190.70552838134768 -30.692814987182615
vertex -190.67848028564453 190.13994610595705 -29.069927375793455
endloop
endfacet
facet normal 0.9979662032341136 0.06374497004823361 0.00018972621826240729
outer loop
vertex -190.7191449584961 190.7676469116211 -30.692814987182615
vertex -190.70484747314453 190.53835308837893 -28.859010856628416
vertex -190.69604315185546 190.400673034668 -28.911740463256834
endloop
endfacet
facet normal 0.4289188287403727 0.9033155895904378 0.007041587524601111
outer loop
vertex -200.1287213745117 204.29480755615236 -35.35934964942932
vertex -198.48238958740234 203.50972760009768 -34.92872778701782
vertex -200.1140729370117 204.28894818115236 -35.49996082115173
endloop
endfacet
facet normal 0.42687547756746336 0.9041617597973999 0.016396303596204167
outer loop
vertex -198.48238958740234 203.50972760009768 -34.92872778701782
vertex -200.1287213745117 204.29480755615236 -35.35934964942932
vertex -200.1404401245117 204.29773724365236 -35.215809028625486
endloop
endfacet
facet normal 0.8546904548847113 0.5139388571402708 -0.07328763504382987
outer loop
vertex -187.59579290771484 193.17366802978518 -35.215809028625486
vertex -186.3810407104492 191.1535111694336 -35.215809028625486
vertex -187.55207647705078 193.08049786376955 -35.35934964942932
endloop
endfacet
facet normal 0.8556535454070681 0.5145179786684847 -0.05593084890479872
outer loop
vertex -186.3810407104492 191.1535111694336 -35.215809028625486
vertex -187.59579290771484 193.17366802978518 -35.215809028625486
vertex -186.3751813354492 191.1593705444336 -35.07226840782165
endloop
endfacet
facet normal 0.8568677374972514 0.515429803169982 -0.01047847510351492
outer loop
vertex -187.6824780883789 193.3370744018555 -34.9513737373352
vertex -187.69030584716796 193.35054791259768 -34.92872778701782
vertex -186.3722516479492 191.1593705444336 -34.92872778701782
endloop
endfacet
facet normal 0.8568160589218985 0.5153255471806649 -0.017487755616253535
outer loop
vertex -186.3751813354492 191.1593705444336 -35.07226840782165
vertex -187.64127935791015 193.2644730834961 -35.07226840782165
vertex -186.3722516479492 191.1593705444336 -34.92872778701782
endloop
endfacet
facet normal 0.8568159872619718 0.5153258271305867 -0.017483016457958335
outer loop
vertex -187.6824780883789 193.3370744018555 -34.9513737373352
vertex -186.3722516479492 191.1593705444336 -34.92872778701782
vertex -187.64127935791015 193.2644730834961 -35.07226840782165
endloop
endfacet
facet normal 0.8523025297379313 0.5127903405705375 -0.10308474387548806
outer loop
vertex -186.4015485229492 191.13887799072268 -35.49996082115173
vertex -187.51234259033203 192.98511517333986 -35.49996082115173
vertex -186.3898297729492 191.14766705322268 -35.35934964942932
endloop
endfacet
facet normal 0.852300531835608 0.5127863295729255 -0.10312120846783575
outer loop
vertex -187.5468579711914 193.06682598876955 -35.3789118938446
vertex -186.3898297729492 191.14766705322268 -35.35934964942932
vertex -187.51234259033203 192.98511517333986 -35.49996082115173
endloop
endfacet
facet normal 0.8496745512021109 0.5109249300585268 -0.13041806962296595
outer loop
vertex -187.55207647705078 193.08049786376955 -35.35934964942932
vertex -186.3898297729492 191.14766705322268 -35.35934964942932
vertex -187.5468579711914 193.06682598876955 -35.3789118938446
endloop
endfacet
facet normal 0.8567811145941082 0.5153816281772042 0.017547051384534856
outer loop
vertex -187.73393072509765 193.418983581543 -34.80867997932434
vertex -186.3751813354492 191.1593705444336 -34.78518716621399
vertex -187.69030584716796 193.35054791259768 -34.92872778701782
endloop
endfacet
facet normal 0.856783751081892 0.5153792830025823 0.01748709620796556
outer loop
vertex -187.69030584716796 193.35054791259768 -34.92872778701782
vertex -186.3751813354492 191.1593705444336 -34.78518716621399
vertex -186.3722516479492 191.1593705444336 -34.92872778701782
endloop
endfacet
facet normal 0.8495039485255399 0.5111065658978778 -0.13081712325072464
outer loop
vertex -187.5073529663086 192.9720383911133 -35.5186504535675
vertex -187.51234259033203 192.98511517333986 -35.49996082115173
vertex -186.4015485229492 191.13887799072268 -35.49996082115173
endloop
endfacet
facet normal 0.602463444164996 -0.7981458764340851 -0.0009789668619419743
outer loop
vertex -186.58610357666015 190.99825299072268 -36.43443934249878
vertex -186.55094732666015 191.02463543701174 -36.30847517776489
vertex -187.87211431884765 190.02568829345705 -34.92872778701782
endloop
endfacet
facet normal 0.6024135898203762 -0.7981834100872055 -0.0010538791616816247
outer loop
vertex -186.51579107666015 191.05100262451174 -36.182510893821714
vertex -187.87211431884765 190.02568829345705 -34.92872778701782
vertex -186.55094732666015 191.02463543701174 -36.30847517776489
endloop
endfacet
facet normal 0.9986209472877077 0.05231190993179395 -0.004434830040606201
outer loop
vertex -190.71650518798828 190.72824871826174 -30.692814987182615
vertex -190.67848028564453 190.13994610595705 -29.069927375793455
vertex -190.7153150024414 190.70552838134768 -30.692814987182615
endloop
endfacet
facet normal 0.6774644242515352 -0.505694714180293 0.5341486777327523
outer loop
vertex -187.55207647705078 193.08049786376955 -35.35934964942932
vertex -187.5468579711914 193.06682598876955 -35.3789118938446
vertex -175.2496930541992 206.92226422119143 -37.858127754211424
endloop
endfacet
facet normal 0.6773635047742845 -0.5055593216072132 0.534404766760133
outer loop
vertex -187.5468579711914 193.06682598876955 -35.3789118938446
vertex -187.51234259033203 192.98511517333986 -35.49996082115173
vertex -175.2496930541992 206.92226422119143 -37.858127754211424
endloop
endfacet
facet normal 0.8560710545149811 0.5148774699070786 -0.045205537312299586
outer loop
vertex -186.3751813354492 191.1593705444336 -35.07226840782165
vertex -187.6342603149414 193.2508927612305 -35.09402243423462
vertex -187.64127935791015 193.2644730834961 -35.07226840782165
endloop
endfacet
facet normal -0.9373041865884498 0.34851235531005825 0.0
outer loop
vertex -200.5002728881836 194.15833294677736 -36.7859673910141
vertex -202.38435186767578 189.09120953369143 -37.858127754211424
vertex -202.38435186767578 189.09120953369143 -36.722873251914976
endloop
endfacet
facet normal 0.6775397438016383 -0.5057580790633619 0.5339931282622921
outer loop
vertex -187.3869000854492 192.57097637939455 -36.050688069343565
vertex -187.38439764404296 192.55933392333986 -36.0648900680542
vertex -175.2496930541992 206.92226422119143 -37.858127754211424
endloop
endfacet
facet normal 0.6773444967793186 -0.5055352039737139 0.5344516724887548
outer loop
vertex -187.3869000854492 192.57097637939455 -36.050688069343565
vertex -175.2496930541992 206.92226422119143 -37.858127754211424
vertex -187.4108258666992 192.66512310791018 -35.93131248283386
endloop
endfacet
facet normal 0.6772176460991731 -0.5053862498582273 0.5347532124879031
outer loop
vertex -187.4138013305664 192.6774064331055 -35.915935557365415
vertex -187.4108258666992 192.66512310791018 -35.93131248283386
vertex -175.2496930541992 206.92226422119143 -37.858127754211424
endloop
endfacet
facet normal 0.677365745581024 -0.5055590584897915 0.5344021754188308
outer loop
vertex -187.3626080932617 192.45064556884768 -36.19530550765991
vertex -187.34815802001953 192.350380065918 -36.30847517776489
vertex -175.2496930541992 206.92226422119143 -37.858127754211424
endloop
endfacet
facet normal 0.6775073730079331 -0.5057110419571841 0.5340787409759622
outer loop
vertex -187.34676947021484 192.3395463256836 -36.320494931221006
vertex -175.2496930541992 206.92226422119143 -37.858127754211424
vertex -187.34815802001953 192.350380065918 -36.30847517776489
endloop
endfacet
facet normal 0.8269067134960157 0.4975031235340535 -0.26213723361834423
outer loop
vertex -187.38439764404296 192.55933392333986 -36.0648900680542
vertex -187.3869000854492 192.57097637939455 -36.050688069343565
vertex -186.4865094604492 191.07442486572268 -36.050688069343565
endloop
endfacet
facet normal 0.6773460987324937 -0.5055377836213379 0.5344472021286071
outer loop
vertex -187.38439764404296 192.55933392333986 -36.0648900680542
vertex -187.3644086303711 192.46176922607424 -36.182510893821714
vertex -175.2496930541992 206.92226422119143 -37.858127754211424
endloop
endfacet
facet normal 0.8247615774857694 0.49611781775453406 -0.2713585289053285
outer loop
vertex -186.4865094604492 191.07442486572268 -36.050688069343565
vertex -187.3644086303711 192.46176922607424 -36.182510893821714
vertex -187.38439764404296 192.55933392333986 -36.0648900680542
endloop
endfacet
facet normal 0.6772323320601706 -0.5054119869890615 0.5347102877447859
outer loop
vertex -187.3644086303711 192.46176922607424 -36.182510893821714
vertex -187.3626080932617 192.45064556884768 -36.19530550765991
vertex -175.2496930541992 206.92226422119143 -37.858127754211424
endloop
endfacet
facet normal 0.8049144985676394 0.4840196456443636 -0.3432748645413909
outer loop
vertex -187.34676947021484 192.3395463256836 -36.320494931221006
vertex -187.34815802001953 192.350380065918 -36.30847517776489
vertex -186.55094732666015 191.02463543701174 -36.30847517776489
endloop
endfacet
facet normal 0.32938386336838 0.1981757622457267 0.9231644695344625
outer loop
vertex -195.74047674560546 204.16005718994143 -32.1252919845581
vertex -195.81371893310546 204.10439312744143 -32.08720986175537
vertex -187.50886358642578 190.301063659668 -32.08720986175537
endloop
endfacet
facet normal 0.3422450838845712 0.20579724539846914 0.9167964857825562
outer loop
vertex -195.74047674560546 204.16005718994143 -32.1252919845581
vertex -187.50886358642578 190.301063659668 -32.08720986175537
vertex -187.43855108642578 190.35378277587893 -32.1252919845581
endloop
endfacet
facet normal 0.6773522337799823 -0.5055434874419975 0.534434031193983
outer loop
vertex -187.55207647705078 193.08049786376955 -35.35934964942932
vertex -175.2496930541992 206.92226422119143 -37.858127754211424
vertex -187.59579290771484 193.17366802978518 -35.215809028625486
endloop
endfacet
facet normal 0.6773315438034566 -0.5055146212163574 0.5344875559873298
outer loop
vertex -187.59579290771484 193.17366802978518 -35.215809028625486
vertex -175.2496930541992 206.92226422119143 -37.858127754211424
vertex -187.6342603149414 193.2508927612305 -35.09402243423462
endloop
endfacet
facet normal 0.5338861908647851 0.3211463431035866 0.7821959866395916
outer loop
vertex -187.2305737915039 190.50904095458986 -32.28055016326904
vertex -187.1661206665039 190.55886090087893 -32.344997089385984
vertex -195.53541387939453 204.31533062744143 -32.28055016326904
endloop
endfacet
facet normal 0.4926105946497442 0.2963192045576928 0.8182479642804629
outer loop
vertex -187.29794134521484 190.45925152587893 -32.22196213531494
vertex -187.2305737915039 190.50904095458986 -32.28055016326904
vertex -195.60279669189453 204.26551068115236 -32.22196213531494
endloop
endfacet
facet normal -0.9373045997290086 0.348511244189973 0.0
outer loop
vertex -202.38435186767578 189.09120953369143 -30.692814987182615
vertex -201.2524243774414 192.13547528076174 -33.09620920944214
vertex -202.38435186767578 189.09120953369143 -33.134576957702635
endloop
endfacet
facet normal 0.752011901530503 0.45244025672772187 -0.4793494696446738
outer loop
vertex -186.7618695678711 190.86643231201174 -36.89728454875946
vertex -187.3105298461914 191.77837384033205 -36.89728454875946
vertex -186.7120648803711 190.90158856201174 -36.7859673910141
endloop
endfacet
facet normal -0.9293865554377586 0.3518694457164174 -0.11148328907400996
outer loop
vertex -200.1140729370117 204.28894818115236 -35.49996082115173
vertex -200.8151685180664 202.43715679931643 -35.49996082115173
vertex -200.1287213745117 204.29480755615236 -35.35934964942932
endloop
endfacet
facet normal -0.9319672625125843 0.35284574743648167 -0.08328805509069473
outer loop
vertex -200.1287213745117 204.29480755615236 -35.35934964942932
vertex -200.8622418823242 202.3573685913086 -35.35934964942932
vertex -200.1404401245117 204.29773724365236 -35.215809028625486
endloop
endfacet
facet normal -0.934295897639405 0.35360156922654384 -0.045355329286693676
outer loop
vertex -200.9059125366211 202.275184753418 -35.215809028625486
vertex -200.1462994995117 204.30066693115236 -35.07226840782165
vertex -200.1404401245117 204.29773724365236 -35.215809028625486
endloop
endfacet
facet normal 0.6773582938185817 -0.5055520189771364 0.5344182799112703
outer loop
vertex -187.44344915771484 192.78322613525393 -35.778253953933714
vertex -187.4138013305664 192.6774064331055 -35.915935557365415
vertex -175.2496930541992 206.92226422119143 -37.858127754211424
endloop
endfacet
facet normal 0.8482824584193922 0.5102597536830478 -0.14160457093352435
outer loop
vertex -187.5073529663086 192.9720383911133 -35.5186504535675
vertex -186.4015485229492 191.13887799072268 -35.49996082115173
vertex -187.4756909790039 192.8855668334961 -35.64057199287414
endloop
endfacet
facet normal 0.6773622623253868 -0.5055568542809312 0.5344086757033453
outer loop
vertex -187.4756909790039 192.8855668334961 -35.64057199287414
vertex -187.44344915771484 192.78322613525393 -35.778253953933714
vertex -175.2496930541992 206.92226422119143 -37.858127754211424
endloop
endfacet
facet normal 0.6773463758918813 -0.5055368460319076 0.5344477377351741
outer loop
vertex -175.2496930541992 206.92226422119143 -37.858127754211424
vertex -187.5073529663086 192.9720383911133 -35.5186504535675
vertex -187.4756909790039 192.8855668334961 -35.64057199287414
endloop
endfacet
facet normal 0.6773191405026627 -0.5055015244093513 0.5345156599469808
outer loop
vertex -187.51234259033203 192.98511517333986 -35.49996082115173
vertex -187.5073529663086 192.9720383911133 -35.5186504535675
vertex -175.2496930541992 206.92226422119143 -37.858127754211424
endloop
endfacet
facet normal 0.8546913493655366 0.513941623034843 -0.07325780116840414
outer loop
vertex -186.3898297729492 191.14766705322268 -35.35934964942932
vertex -187.55207647705078 193.08049786376955 -35.35934964942932
vertex -186.3810407104492 191.1535111694336 -35.215809028625486
endloop
endfacet
facet normal 0.027441005649784498 0.01651004440783235 0.999487073274377
outer loop
vertex -196.10372747802734 203.88469708251955 -32.00225750732422
vertex -196.17695440673828 203.8290482788086 -31.999327819824217
vertex -187.79887213134765 190.0813676147461 -32.00225750732422
endloop
endfacet
facet normal 0.7775544421884775 0.46782656191010047 -0.4201754364599872
outer loop
vertex -186.6681195678711 190.93674481201174 -36.674650114059446
vertex -187.31361212158203 192.0095902709961 -36.674650114059446
vertex -186.62418951416015 190.96897137451174 -36.55747417736053
endloop
endfacet
facet normal 0.777536539634569 0.4678087364408644 -0.42022840889533164
outer loop
vertex -187.3198071899414 192.12514508056643 -36.55747417736053
vertex -186.62418951416015 190.96897137451174 -36.55747417736053
vertex -187.31361212158203 192.0095902709961 -36.674650114059446
endloop
endfacet
facet normal -0.8310905278711832 0.3146504749817593 -0.45856691232202007
outer loop
vertex -204.6052838745117 191.19443524169924 -36.88986883687973
vertex -204.60384954833984 191.1874161987305 -36.89728454875946
vertex -204.95051397705078 190.271766784668 -36.89728454875946
endloop
endfacet
facet normal 0.7988590278281794 0.480637517792177 -0.36167918124767817
outer loop
vertex -186.62418951416015 190.96897137451174 -36.55747417736053
vertex -187.3198071899414 192.12514508056643 -36.55747417736053
vertex -186.58610357666015 190.99825299072268 -36.43443934249878
endloop
endfacet
facet normal 0.7988434323323673 0.4806212419636472 -0.36173525179717275
outer loop
vertex -187.33117498779296 192.22837078857424 -36.44542710113525
vertex -186.58610357666015 190.99825299072268 -36.43443934249878
vertex -187.3198071899414 192.12514508056643 -36.55747417736053
endloop
endfacet
facet normal -0.8273616213569227 0.31331628114125865 -0.46616054689072056
outer loop
vertex -204.95051397705078 190.271766784668 -36.89728454875946
vertex -205.00324835205078 190.298133972168 -36.7859673910141
vertex -204.6052838745117 191.19443524169924 -36.88986883687973
endloop
endfacet
facet normal 0.7954710987375164 0.47848827433163077 -0.37185306560584735
outer loop
vertex -187.33117498779296 192.22837078857424 -36.44542710113525
vertex -187.33219732666015 192.23860943603518 -36.43443934249878
vertex -186.58610357666015 190.99825299072268 -36.43443934249878
endloop
endfacet
facet normal 0.8095343774270347 0.4869475558344687 -0.3279270797458791
outer loop
vertex -187.33219732666015 192.23860943603518 -36.43443934249878
vertex -186.55094732666015 191.02463543701174 -36.30847517776489
vertex -186.58610357666015 190.99825299072268 -36.43443934249878
endloop
endfacet
facet normal 0.0022600633958689167 -0.4704351377396808 0.8824316819410408
outer loop
vertex -201.06612982177734 190.35085308837893 -28.911740463256834
vertex -190.68726934814453 190.268837097168 -28.98204628753662
vertex -190.69604315185546 190.400673034668 -28.911740463256834
endloop
endfacet
facet normal 0.0017170873848295616 -0.35752295002027357 0.9339027742863354
outer loop
vertex -201.07491888427734 190.48854840087893 -28.859010856628416
vertex -201.06612982177734 190.35085308837893 -28.911740463256834
vertex -190.70484747314453 190.53835308837893 -28.859010856628416
endloop
endfacet
facet normal 0.0009789644846171833 -0.20389763078413192 0.9789917250871714
outer loop
vertex -201.08370794677734 190.62915814208986 -28.829716842651365
vertex -201.07491888427734 190.48854840087893 -28.859010856628416
vertex -190.71362127685546 190.6789475708008 -28.829716842651365
endloop
endfacet
facet normal 0.8556526230472125 0.5145134426609159 -0.055986659068365696
outer loop
vertex -187.6342603149414 193.2508927612305 -35.09402243423462
vertex -186.3751813354492 191.1593705444336 -35.07226840782165
vertex -187.59579290771484 193.17366802978518 -35.215809028625486
endloop
endfacet
facet normal 0.6773550662379862 -0.5055480476570098 0.5344261274974486
outer loop
vertex -177.8501264038086 207.6465531616211 -33.87707320976257
vertex -187.85526861572265 193.58472454833986 -34.4981061630249
vertex -175.2496930541992 206.92226422119143 -37.858127754211424
endloop
endfacet
facet normal 0.6774269645970712 -0.5056517477836495 0.5342368553367869
outer loop
vertex -187.6342603149414 193.2508927612305 -35.09402243423462
vertex -175.2496930541992 206.92226422119143 -37.858127754211424
vertex -187.64127935791015 193.2644730834961 -35.07226840782165
endloop
endfacet
facet normal 0.6773455974615117 -0.5055326633459022 0.5344526806836192
outer loop
vertex -187.74235357666015 193.43251812744143 -34.78518716621399
vertex -175.2496930541992 206.92226422119143 -37.858127754211424
vertex -187.7886334838867 193.49651348876955 -34.66600124168396
endloop
endfacet
facet normal 0.677354375924593 -0.5055468775766141 0.5344281092797619
outer loop
vertex -187.64127935791015 193.2644730834961 -35.07226840782165
vertex -175.2496930541992 206.92226422119143 -37.858127754211424
vertex -187.6824780883789 193.3370744018555 -34.9513737373352
endloop
endfacet
facet normal -0.8545070110811323 0.32340282360586514 -0.4064829414587326
outer loop
vertex -204.66206182861328 191.5018998413086 -36.55747417736053
vertex -204.64729132080078 191.40517437744143 -36.66548065471649
vertex -205.0999127807617 190.34499371337893 -36.55747417736053
endloop
endfacet
facet normal -0.8466174174170495 0.3206037689099006 -0.42479662414719394
outer loop
vertex -204.64729132080078 191.40517437744143 -36.66548065471649
vertex -204.6458569946289 191.39681256103518 -36.674650114059446
vertex -205.0530377807617 190.321571472168 -36.674650114059446
endloop
endfacet
facet normal 0.29636496786843225 0.178272106912253 0.938289327295909
outer loop
vertex -187.5791608276367 190.24541485595705 -32.054986637115476
vertex -195.81371893310546 204.10439312744143 -32.08720986175537
vertex -195.8840161743164 204.05165875244143 -32.054986637115476
endloop
endfacet
facet normal -0.8768839738422014 0.33187176867806184 -0.34775799857545253
outer loop
vertex -204.66206182861328 191.5018998413086 -36.55747417736053
vertex -205.0999127807617 190.34499371337893 -36.55747417736053
vertex -204.66285528564453 191.5106583862305 -36.54711500930786
endloop
endfacet
facet normal -0.8703598205050277 0.32958637163559346 -0.3658505247810098
outer loop
vertex -205.0999127807617 190.34499371337893 -36.55747417736053
vertex -205.1438580932617 190.365516784668 -36.43443934249878
vertex -204.66285528564453 191.5106583862305 -36.54711500930786
endloop
endfacet
facet normal -0.8703749667747949 0.32959724308495 -0.36580469456060183
outer loop
vertex -204.67353643798828 191.60750592041018 -36.43443934249878
vertex -204.66285528564453 191.5106583862305 -36.54711500930786
vertex -205.1438580932617 190.365516784668 -36.43443934249878
endloop
endfacet
facet normal -0.8816396300775542 0.3337963194995127 -0.3336039264836262
outer loop
vertex -204.6815778198242 191.71241009521486 -36.30847517776489
vertex -204.67432989501953 191.61704266357424 -36.42305223274231
vertex -205.1848737182617 190.38307965087893 -36.30847517776489
endloop
endfacet
facet normal -0.8816369523869874 0.33379437379078614 -0.33361294970579614
outer loop
vertex -205.1438580932617 190.365516784668 -36.43443934249878
vertex -205.1848737182617 190.38307965087893 -36.30847517776489
vertex -204.67432989501953 191.61704266357424 -36.42305223274231
endloop
endfacet
facet normal -0.8794156981201574 0.3330208251509013 -0.3401840089064286
outer loop
vertex -204.67353643798828 191.60750592041018 -36.43443934249878
vertex -205.1438580932617 190.365516784668 -36.43443934249878
vertex -204.67432989501953 191.61704266357424 -36.42305223274231
endloop
endfacet
facet normal -0.004776872569505043 0.9951656953165552 0.09809393637515121
outer loop
vertex -190.81030096435546 192.23154461669924 -30.528768699645994
vertex -190.8126050415039 192.24770367431643 -30.692814987182615
vertex -198.99181951904296 192.2084428100586 -30.692814987182615
endloop
endfacet
facet normal 0.0009793681777358434 -0.2039189170881096 0.9789872910776651
outer loop
vertex -190.70484747314453 190.53835308837893 -28.859010856628416
vertex -190.71362127685546 190.6789475708008 -28.829716842651365
vertex -201.07491888427734 190.48854840087893 -28.859010856628416
endloop
endfacet
facet normal 0.00039853905602374 -0.08300727000322343 0.9965488619697644
outer loop
vertex -190.71362127685546 190.6789475708008 -28.829716842651365
vertex -190.72242559814453 190.8195725708008 -28.817999999999998
vertex -201.08370794677734 190.62915814208986 -28.829716842651365
endloop
endfacet
facet normal 0.42007489807684545 0.9074803754771432 0.004055629370520639
outer loop
vertex -198.48238958740234 203.50972760009768 -34.92872778701782
vertex -199.2674848022461 203.88469708251955 -37.5124585442543
vertex -199.33778204345703 203.91692364501955 -37.442152958393095
endloop
endfacet
facet normal 0.7477689177898679 0.4498084994317482 -0.4883789096862482
outer loop
vertex -187.3104535522461 191.88770306396486 -36.79394022750854
vertex -187.31037725830078 191.8962327270508 -36.7859673910141
vertex -186.7120648803711 190.90158856201174 -36.7859673910141
endloop
endfacet
facet normal 0.7661141465186184 0.4608437799975692 -0.4479867463905609
outer loop
vertex -186.7120648803711 190.90158856201174 -36.7859673910141
vertex -187.31037725830078 191.8962327270508 -36.7859673910141
vertex -186.6681195678711 190.93674481201174 -36.674650114059446
endloop
endfacet
facet normal -0.7928960987701389 0.3001923843311329 -0.5302832346441697
outer loop
vertex -204.89192022705078 190.24541485595705 -36.99981353807449
vertex -204.95051397705078 190.271766784668 -36.89728454875946
vertex -204.57667364501953 191.0891038208008 -36.99356929588318
endloop
endfacet
facet normal -0.9089915133350764 0.3442212131045738 -0.23504507043038256
outer loop
vertex -205.25517095947265 190.41823590087893 -36.050688069343565
vertex -205.28446783447265 190.43288433837893 -35.915935557365415
vertex -204.68729986572265 191.91782391357424 -36.050688069343565
endloop
endfacet
facet normal -0.9189242247468262 0.34778830691056495 -0.18606870438020182
outer loop
vertex -205.28446783447265 190.43288433837893 -35.915935557365415
vertex -205.30790533447265 190.444618347168 -35.778253953933714
vertex -204.6827985229492 192.0311204223633 -35.90003113079071
endloop
endfacet
facet normal -0.9189296709730225 0.34779322296381954 -0.1860326150594341
outer loop
vertex -204.67436041259765 192.11855328369143 -35.778253953933714
vertex -204.6827985229492 192.0311204223633 -35.90003113079071
vertex -205.30790533447265 190.444618347168 -35.778253953933714
endloop
endfacet
facet normal 0.8096175109977282 0.4868477105058159 -0.32787008503535214
outer loop
vertex -187.34815802001953 192.350380065918 -36.30847517776489
vertex -186.51579107666015 191.05100262451174 -36.182510893821714
vertex -186.55094732666015 191.02463543701174 -36.30847517776489
endloop
endfacet
facet normal -0.7858788182959032 0.2973684729417004 -0.5421867521935183
outer loop
vertex -204.83332647705078 190.21611798095705 -37.09941313791275
vertex -204.54626287841796 190.98484051513674 -37.09388617801666
vertex -204.5446149291992 190.9791184692383 -37.09941313791275
endloop
endfacet
facet normal -0.7989183984860686 0.30236584370261205 -0.5199079621649035
outer loop
vertex -204.57667364501953 191.0891038208008 -36.99356929588318
vertex -204.57499517822265 191.082801940918 -36.99981353807449
vertex -204.89192022705078 190.24541485595705 -36.99981353807449
endloop
endfacet
facet normal -0.8273364238753896 0.3132985261969479 -0.46621719746476764
outer loop
vertex -204.62635626220703 191.2934037475586 -36.7859673910141
vertex -204.6052838745117 191.19443524169924 -36.88986883687973
vertex -205.00324835205078 190.298133972168 -36.7859673910141
endloop
endfacet
facet normal -0.8388572549534463 0.317665089310354 -0.4420490887281786
outer loop
vertex -204.6458569946289 191.39681256103518 -36.674650114059446
vertex -204.62635626220703 191.2934037475586 -36.7859673910141
vertex -205.0530377807617 190.321571472168 -36.674650114059446
endloop
endfacet
facet normal -0.7574467227228814 0.28661006000799216 -0.5866252089184214
outer loop
vertex -204.5446149291992 190.9791184692383 -37.09941313791275
vertex -204.51237310791015 190.88208782958986 -37.188450258255
vertex -204.83332647705078 190.21611798095705 -37.09941313791275
endloop
endfacet
facet normal -0.7826140912062233 0.2961877375470638 -0.5475290023114837
outer loop
vertex -204.83332647705078 190.21611798095705 -37.09941313791275
vertex -204.89192022705078 190.24541485595705 -36.99981353807449
vertex -204.54626287841796 190.98484051513674 -37.09388617801666
endloop
endfacet
facet normal -0.7826373979118318 0.2962039897707456 -0.5474868946684381
outer loop
vertex -204.57499517822265 191.082801940918 -36.99981353807449
vertex -204.54626287841796 190.98484051513674 -37.09388617801666
vertex -204.89192022705078 190.24541485595705 -36.99981353807449
endloop
endfacet
facet normal 0.8143418677376528 0.48985055566139096 -0.3112776181606668
outer loop
vertex -186.51579107666015 191.05100262451174 -36.182510893821714
vertex -187.3626080932617 192.45064556884768 -36.19530550765991
vertex -187.3644086303711 192.46176922607424 -36.182510893821714
endloop
endfacet
facet normal -0.004779564874105795 0.9951522509162297 0.098230103613789
outer loop
vertex -198.99181951904296 192.2084428100586 -30.692814987182615
vertex -201.18330206298828 192.18172467041018 -30.528768699645994
vertex -190.81030096435546 192.23154461669924 -30.528768699645994
endloop
endfacet
facet normal -0.8388459172117738 0.31765697965735773 -0.44207643055483375
outer loop
vertex -205.00324835205078 190.298133972168 -36.7859673910141
vertex -205.0530377807617 190.321571472168 -36.674650114059446
vertex -204.62635626220703 191.2934037475586 -36.7859673910141
endloop
endfacet
facet normal 0.2919242607460415 0.17563796932779777 0.9401763290565686
outer loop
vertex -187.50886358642578 190.301063659668 -32.08720986175537
vertex -195.81371893310546 204.10439312744143 -32.08720986175537
vertex -187.5791608276367 190.24541485595705 -32.054986637115476
endloop
endfacet
facet normal -0.8545075031784475 0.32340316691138155 -0.40648163383285163
outer loop
vertex -205.0530377807617 190.321571472168 -36.674650114059446
vertex -205.0999127807617 190.34499371337893 -36.55747417736053
vertex -204.64729132080078 191.40517437744143 -36.66548065471649
endloop
endfacet
facet normal -0.9263103474860035 0.3506958559495156 -0.1377009686247554
outer loop
vertex -204.64835943603515 192.3125687866211 -35.49996082115173
vertex -204.66381658935546 192.21652996826174 -35.64057199287414
vertex -205.3489057006836 190.46218121337893 -35.49996082115173
endloop
endfacet
facet normal -0.8932523532583857 0.338001069894674 -0.2964043018385728
outer loop
vertex -205.1848737182617 190.38307965087893 -36.30847517776489
vertex -205.22001470947265 190.400673034668 -36.182510893821714
vertex -204.68214239501953 191.7223588256836 -36.29628960418701
endloop
endfacet
facet normal -0.8966051082231651 0.3395306705295574 -0.2842854264254075
outer loop
vertex -204.68729986572265 191.91782391357424 -36.050688069343565
vertex -204.6852857055664 191.82411968994143 -36.16895429420471
vertex -205.25517095947265 190.41823590087893 -36.050688069343565
endloop
endfacet
facet normal -0.9090047114407578 0.3442326769606486 -0.2349772301543504
outer loop
vertex -204.68363775634765 192.0194779663086 -35.915935557365415
vertex -204.68729986572265 191.91782391357424 -36.050688069343565
vertex -205.28446783447265 190.43288433837893 -35.915935557365415
endloop
endfacet
facet normal -0.91524483545559 0.34659576107578755 -0.20542217401284973
outer loop
vertex -204.68363775634765 192.0194779663086 -35.915935557365415
vertex -205.28446783447265 190.43288433837893 -35.915935557365415
vertex -204.6827985229492 192.0311204223633 -35.90003113079071
endloop
endfacet
facet normal -0.8932454677652347 0.3379959821277112 -0.2964308526155655
outer loop
vertex -204.6853619995117 191.8136369018555 -36.182510893821714
vertex -204.68214239501953 191.7223588256836 -36.29628960418701
vertex -205.22001470947265 190.400673034668 -36.182510893821714
endloop
endfacet
facet normal -0.9033125846918303 0.34180528785115594 -0.2592209859065298
outer loop
vertex -204.6853619995117 191.8136369018555 -36.182510893821714
vertex -205.22001470947265 190.400673034668 -36.182510893821714
vertex -204.6852857055664 191.82411968994143 -36.16895429420471
endloop
endfacet
facet normal -0.004467775859809894 0.930519720704064 0.3662145387060668
outer loop
vertex -201.17451300048828 192.0382005004883 -29.942889373779295
vertex -190.79858221435546 192.0176926879883 -29.76419560241699
vertex -190.80151190185546 192.0880051879883 -29.942889373779295
endloop
endfacet
facet normal 0.8247625494429163 0.4961189018264665 -0.27135359272897386
outer loop
vertex -186.51579107666015 191.05100262451174 -36.182510893821714
vertex -187.3644086303711 192.46176922607424 -36.182510893821714
vertex -186.4865094604492 191.07442486572268 -36.050688069343565
endloop
endfacet
facet normal -0.7928884308244443 0.3001871793744259 -0.5302976462365044
outer loop
vertex -204.60384954833984 191.1874161987305 -36.89728454875946
vertex -204.57667364501953 191.0891038208008 -36.99356929588318
vertex -204.95051397705078 190.271766784668 -36.89728454875946
endloop
endfacet
facet normal 0.8429969063394336 0.5070820066504831 -0.17951059699489558
outer loop
vertex -186.4161969604492 191.1242142944336 -35.64057199287414
vertex -187.44344915771484 192.78322613525393 -35.778253953933714
vertex -187.4756909790039 192.8855668334961 -35.64057199287414
endloop
endfacet
facet normal 0.8430028497179138 0.5070898400741085 -0.17946055126709942
outer loop
vertex -186.4161969604492 191.1242142944336 -35.64057199287414
vertex -186.4367047729492 191.10958111572268 -35.778253953933714
vertex -187.44344915771484 192.78322613525393 -35.778253953933714
endloop
endfacet
facet normal 0.848284189135166 0.510262428725139 -0.1415845623463807
outer loop
vertex -187.4756909790039 192.8855668334961 -35.64057199287414
vertex -186.4015485229492 191.13887799072268 -35.49996082115173
vertex -186.4161969604492 191.1242142944336 -35.64057199287414
endloop
endfacet
facet normal -0.16175113992365647 -0.09728402657796242 0.9820246366085609
outer loop
vertex -196.3234235229492 203.7177201538086 -32.01397482681274
vertex -196.3966657104492 203.66207135009768 -32.03155152130127
vertex -188.0215131225586 189.91439068603518 -32.01397482681274
endloop
endfacet
facet normal 0.8383437322746566 0.5042872503557246 -0.20706075360739265
outer loop
vertex -187.44344915771484 192.78322613525393 -35.778253953933714
vertex -186.4367047729492 191.10958111572268 -35.778253953933714
vertex -187.4138013305664 192.6774064331055 -35.915935557365415
endloop
endfacet
facet normal -0.8965894588967172 0.339519003456854 -0.28434870931121986
outer loop
vertex -205.22001470947265 190.400673034668 -36.182510893821714
vertex -205.25517095947265 190.41823590087893 -36.050688069343565
vertex -204.6852857055664 191.82411968994143 -36.16895429420471
endloop
endfacet
facet normal -0.8874983498203083 0.33601446974589405 -0.3153425997032671
outer loop
vertex -200.51612677001953 202.8207932739258 -36.195309560775755
vertex -199.98811163330078 204.22742474365236 -36.182510893821714
vertex -200.4531842651367 202.88083660888674 -36.30847517776489
endloop
endfacet
facet normal -0.9034014307707612 0.34183046775423653 -0.258877936866512
outer loop
vertex -199.98811163330078 204.22742474365236 -36.182510893821714
vertex -200.52294744873046 202.81394207763674 -36.182510893821714
vertex -200.02033819580078 204.24208843994143 -36.050688069343565
endloop
endfacet
facet normal -0.8964080520290226 0.33945064957162036 -0.2850015101064169
outer loop
vertex -200.5807477416992 202.75025189208986 -36.064895909309385
vertex -200.58814825439453 202.74263775634768 -36.050688069343565
vertex -200.02033819580078 204.24208843994143 -36.050688069343565
endloop
endfacet
facet normal -0.8874674151110828 0.3360027688566668 -0.3154421126557237
outer loop
vertex -205.1848737182617 190.38307965087893 -36.30847517776489
vertex -204.68214239501953 191.7223588256836 -36.29628960418701
vertex -204.6815778198242 191.71241009521486 -36.30847517776489
endloop
endfacet
facet normal -0.10891302726854232 -0.06550493458333644 0.9918906472169371
outer loop
vertex -188.0215131225586 189.91439068603518 -32.01397482681274
vertex -187.9482709350586 189.9700394897461 -32.00225750732422
vertex -196.3234235229492 203.7177201538086 -32.01397482681274
endloop
endfacet
facet normal -0.9328720623382486 0.35306284068904986 -0.07138869541714041
outer loop
vertex -204.60648931884765 192.49744427490236 -35.215809028625486
vertex -204.6267377319336 192.4190140991211 -35.339100282669065
vertex -205.3723432006836 190.47388470458986 -35.215809028625486
endloop
endfacet
facet normal -0.9342951780780918 0.35359892884459015 -0.04539072306083229
outer loop
vertex -204.5798932495117 192.58614361572268 -35.07226840782165
vertex -204.60648931884765 192.49744427490236 -35.215809028625486
vertex -205.3782025756836 190.47681439208986 -35.07226840782165
endloop
endfacet
facet normal -0.9342958484502519 0.3536016991129773 -0.0453553299297797
outer loop
vertex -205.3723432006836 190.47388470458986 -35.215809028625486
vertex -205.3782025756836 190.47681439208986 -35.07226840782165
vertex -204.60648931884765 192.49744427490236 -35.215809028625486
endloop
endfacet
facet normal 0.8320092867459646 0.5005824206541779 0.2391187715351406
outer loop
vertex -186.4865094604492 191.07442486572268 -33.806767623901365
vertex -190.80570806884765 198.28687298583986 -33.87707320976257
vertex -194.79134954833984 204.8777543334961 -33.806767623901365
endloop
endfacet
facet normal -0.9352344880055107 0.3539544256853976 -0.007260646168972144
outer loop
vertex -204.5798932495117 192.58614361572268 -35.07226840782165
vertex -205.3782025756836 190.47681439208986 -35.07226840782165
vertex -204.5751325073242 192.59917462158205 -35.05023567008972
endloop
endfacet
facet normal -0.003217151449018362 0.6698424627258585 0.7424962794963429
outer loop
vertex -201.14521612548828 191.56948101806643 -29.178315322875974
vertex -190.76342596435546 191.49919903564455 -29.069927375793455
vertex -190.77221502685546 191.6193009643555 -29.178315322875974
endloop
endfacet
facet normal 0.4279680428828859 0.9037875259046159 0.0033856004202772027
outer loop
vertex -198.48238958740234 203.50972760009768 -34.92872778701782
vertex -199.95002569580078 204.20986187744143 -36.30847517776489
vertex -199.98811163330078 204.22742474365236 -36.182510893821714
endloop
endfacet
facet normal 0.42756927501446956 0.9039738629719238 0.003971161948129648
outer loop
vertex -199.98811163330078 204.22742474365236 -36.182510893821714
vertex -200.02033819580078 204.24208843994143 -36.050688069343565
vertex -198.48238958740234 203.50972760009768 -34.92872778701782
endloop
endfacet
facet normal -0.9220945638969509 0.3489910603447618 -0.1671731289147001
outer loop
vertex -204.67436041259765 192.11855328369143 -35.778253953933714
vertex -205.30790533447265 190.444618347168 -35.778253953933714
vertex -204.67292608642578 192.13037884521486 -35.76147834587097
endloop
endfacet
facet normal -0.9201334717435478 0.3483557525802321 -0.17889288365227407
outer loop
vertex -204.66381658935546 192.21652996826174 -35.64057199287414
vertex -204.67292608642578 192.13037884521486 -35.76147834587097
vertex -205.3313275756836 190.45339215087893 -35.64057199287414
endloop
endfacet
facet normal -0.9263083413875165 0.35069351272913046 -0.1377204298773844
outer loop
vertex -205.3313275756836 190.45339215087893 -35.64057199287414
vertex -205.3489057006836 190.46218121337893 -35.49996082115173
vertex -204.66381658935546 192.21652996826174 -35.64057199287414
endloop
endfacet
facet normal 0.7322705095021816 0.4405745888574733 0.519301388951044
outer loop
vertex -186.8116742553711 190.8283616333008 -32.857641857147215
vertex -186.7618695678711 190.86643231201174 -32.96017090606689
vertex -195.1165143432617 204.63167584228518 -32.857641857147215
endloop
endfacet
facet normal 0.713208092198771 0.4291055804007635 0.5542586202226476
outer loop
vertex -195.1165143432617 204.63167584228518 -32.857641857147215
vertex -195.1692487182617 204.59067547607424 -32.75804201889038
vertex -186.8116742553711 190.8283616333008 -32.857641857147215
endloop
endfacet
facet normal -0.11915825824710073 0.045122975336240344 -0.9918493971305937
outer loop
vertex -198.6443921508789 203.58643353271486 -37.84348276260495
vertex -198.56190313720703 203.5467454223633 -37.85519834447838
vertex -203.7963239135742 189.72397625732424 -37.85519835402444
endloop
endfacet
facet normal 0.6596760937211209 0.39681309806977577 0.6382529409043953
outer loop
vertex -195.22489752197265 204.54965985107424 -32.66430155563354
vertex -195.28349127197265 204.50571453857424 -32.57641951370239
vertex -186.92005743408203 190.7434006958008 -32.66430155563354
endloop
endfacet
facet normal -0.9351959286735891 0.35406329994831526 0.006910471912445338
outer loop
vertex -205.3811322631836 190.47681439208986 -34.92872778701782
vertex -204.54481329345703 192.68535626220705 -34.905795495986936
vertex -204.5500317993164 192.67202008056643 -34.92872778701782
endloop
endfacet
facet normal -0.9350481466001399 0.35400734995217614 -0.019072485928183485
outer loop
vertex -204.5500317993164 192.67202008056643 -34.92872778701782
vertex -204.5751325073242 192.59917462158205 -35.05023567008972
vertex -205.3811322631836 190.47681439208986 -34.92872778701782
endloop
endfacet
facet normal -0.9350481599393106 0.3540066680229846 -0.01908448556744049
outer loop
vertex -205.3782025756836 190.47681439208986 -35.07226840782165
vertex -205.3811322631836 190.47681439208986 -34.92872778701782
vertex -204.5751325073242 192.59917462158205 -35.05023567008972
endloop
endfacet
facet normal 0.8044692303701967 0.4839104590210253 0.34447049951722136
outer loop
vertex -186.58610357666015 190.99825299072268 -33.42301623153686
vertex -194.85287298583984 204.8308793334961 -33.54898039627075
vertex -194.89095892333984 204.80452740478518 -33.42301623153686
endloop
endfacet
facet normal 0.613295934572687 -0.7898264060447863 0.006507299823347137
outer loop
vertex -188.76850714111328 189.34902203369143 -32.57641951370239
vertex -188.60445989990234 189.47177899169924 -33.137761276245115
vertex -188.1846753540039 189.7897416381836 -34.108495872497556
endloop
endfacet
facet normal 0.613115261007583 -0.7899676799511911 0.00638289527847055
outer loop
vertex -188.60445989990234 189.4713822631836 -33.18686167526245
vertex -188.1846753540039 189.7897416381836 -34.108495872497556
vertex -188.60445989990234 189.47177899169924 -33.137761276245115
endloop
endfacet
facet normal -0.9293895547160674 0.3518616575809634 -0.1114828664371649
outer loop
vertex -204.6298657836914 192.40596783447268 -35.35934964942932
vertex -204.64835943603515 192.3125687866211 -35.49996082115173
vertex -205.3635541381836 190.46804058837893 -35.35934964942932
endloop
endfacet
facet normal 0.5884909052051973 -0.808461173813715 -0.008305716496345523
outer loop
vertex -188.76850714111328 189.34902203369143 -32.57641951370239
vertex -188.1846753540039 189.7897416381836 -34.108495872497556
vertex -188.70699896240234 189.39295208740236 -32.49439636993408
endloop
endfacet
facet normal -0.9328672175103677 0.35305429763314977 -0.07149417750577768
outer loop
vertex -205.3635541381836 190.46804058837893 -35.35934964942932
vertex -205.3723432006836 190.47388470458986 -35.215809028625486
vertex -204.6267377319336 192.4190140991211 -35.339100282669065
endloop
endfacet
facet normal -0.9319644314122563 0.3528364914144083 -0.08335891619257314
outer loop
vertex -205.3635541381836 190.46804058837893 -35.35934964942932
vertex -204.6267377319336 192.4190140991211 -35.339100282669065
vertex -204.6298657836914 192.40596783447268 -35.35934964942932
endloop
endfacet
facet normal -0.9293895225149867 0.3518616141917056 -0.11148327182932917
outer loop
vertex -205.3489057006836 190.46218121337893 -35.49996082115173
vertex -205.3635541381836 190.46804058837893 -35.35934964942932
vertex -204.64835943603515 192.3125687866211 -35.49996082115173
endloop
endfacet
facet normal -0.8935990943929455 0.3381214441519003 -0.2952194903876452
outer loop
vertex -200.51612677001953 202.8207932739258 -36.195309560775755
vertex -200.52294744873046 202.81394207763674 -36.182510893821714
vertex -199.98811163330078 204.22742474365236 -36.182510893821714
endloop
endfacet
facet normal 0.002259126913761563 -0.4705164741451224 0.8823883180910941
outer loop
vertex -201.06612982177734 190.35085308837893 -28.911740463256834
vertex -201.06027044677734 190.219032409668 -28.98204628753662
vertex -190.68726934814453 190.268837097168 -28.98204628753662
endloop
endfacet
facet normal -0.9201587440521551 0.3483699751260739 -0.17873512854226248
outer loop
vertex -200.0964948120117 204.28017437744143 -35.64057199287414
vertex -200.75721563720703 202.5260392456055 -35.658027809143064
vertex -200.76428045654296 202.51633465576174 -35.64057199287414
endloop
endfacet
facet normal 0.13969337189076972 0.8406389676400045 0.5232703774674566
outer loop
vertex -200.5807477416992 202.75025189208986 -36.064895909309385
vertex -217.7865277709961 206.7256547241211 -37.858127754211424
vertex -200.58814825439453 202.74263775634768 -36.050688069343565
endloop
endfacet
facet normal -0.9263003796616558 0.3507010072950016 -0.13775489145922784
outer loop
vertex -200.8151685180664 202.43715679931643 -35.49996082115173
vertex -200.1140729370117 204.28894818115236 -35.49996082115173
vertex -200.76428045654296 202.51633465576174 -35.64057199287414
endloop
endfacet
facet normal -0.9293878478465053 0.3518691729017201 -0.11147337546114217
outer loop
vertex -200.8622418823242 202.3573685913086 -35.35934964942932
vertex -200.1287213745117 204.29480755615236 -35.35934964942932
vertex -200.8151685180664 202.43715679931643 -35.49996082115173
endloop
endfacet
facet normal -0.0035167656692411523 0.7326738847007298 0.6805707979606305
outer loop
vertex -201.15107550048828 191.68373883056643 -29.301350753784178
vertex -201.14521612548828 191.56948101806643 -29.178315322875974
vertex -190.77807440185546 191.73352825927736 -29.301350753784178
endloop
endfacet
facet normal -0.9342962019136775 0.35360135660546954 -0.04535071880850887
outer loop
vertex -200.1462994995117 204.30066693115236 -35.07226840782165
vertex -200.9059125366211 202.275184753418 -35.215809028625486
vertex -200.9443189086914 202.19211590576174 -35.07226840782165
endloop
endfacet
facet normal -0.9352340580576879 0.3539563052867803 -0.00722430596536178
outer loop
vertex -200.1462994995117 204.30066693115236 -35.07226840782165
vertex -200.9443189086914 202.19211590576174 -35.07226840782165
vertex -200.1462994995117 204.30359661865236 -34.92872778701782
endloop
endfacet
facet normal -0.9352333127760507 0.3539577540412834 -0.007249760546667019
outer loop
vertex -200.9720288696289 202.121376159668 -34.95138208198547
vertex -200.1462994995117 204.30359661865236 -34.92872778701782
vertex -200.9443189086914 202.19211590576174 -35.07226840782165
endloop
endfacet
facet normal -0.9350441029170613 0.3540103657809762 -0.019214227011448908
outer loop
vertex -200.1462994995117 204.30359661865236 -34.92872778701782
vertex -200.9720288696289 202.121376159668 -34.95138208198547
vertex -200.97749151611328 202.10817730712893 -34.92872778701782
endloop
endfacet
facet normal -0.8819480523614596 0.3338986328961197 -0.33268504006932825
outer loop
vertex -199.95002569580078 204.20986187744143 -36.30847517776489
vertex -200.44624151611328 202.88718426513674 -36.32050959396362
vertex -200.4531842651367 202.88083660888674 -36.30847517776489
endloop
endfacet
facet normal -0.004728801490098557 0.9851863000234291 0.1714222642558813
outer loop
vertex -190.80737127685546 192.19638836669924 -30.32664028930664
vertex -190.81030096435546 192.23154461669924 -30.528768699645994
vertex -201.18037237548828 192.1465989379883 -30.32664028930664
endloop
endfacet
facet normal 0.00039853984840403995 -0.08300731290021907 0.9965488583963531
outer loop
vertex -190.72242559814453 190.8195725708008 -28.817999999999998
vertex -201.09249700927734 190.76978314208986 -28.817999999999998
vertex -201.08370794677734 190.62915814208986 -28.829716842651365
endloop
endfacet
facet normal -0.00039862514744803967 0.08302520102903832 0.9965473682129111
outer loop
vertex -201.10128607177734 190.91037762451174 -28.829716842651365
vertex -201.09249700927734 190.76978314208986 -28.817999999999998
vertex -190.73119940185546 190.96016705322268 -28.829716842651365
endloop
endfacet
facet normal -0.3233684267244312 0.12233160851829976 -0.938332477406112
outer loop
vertex -204.05763067626953 190.03736126708986 -37.770245756983755
vertex -203.99427618408203 189.95766461181643 -37.80246915671229
vertex -204.1185590209961 189.87630474853518 -37.770245756983755
endloop
endfacet
facet normal -0.030359847151450202 0.011496715372602977 -0.9994729136983063
outer loop
vertex -198.56149114990234 203.54781353759768 -37.85519835402444
vertex -203.71430792236328 189.68589031982424 -37.858127754211424
vertex -203.7963239135742 189.72397625732424 -37.85519835402444
endloop
endfacet
facet normal -0.004075478985380783 0.8488349677265064 0.5286422117422903
outer loop
vertex -190.78686346435546 191.83606732177736 -29.44196144866943
vertex -190.79272283935546 191.9327317504883 -29.59721962738037
vertex -201.15693487548828 191.78627789306643 -29.44196144866943
endloop
endfacet
facet normal 0.42034907374720604 0.9073268535301957 0.008039717834623058
outer loop
vertex -198.48238958740234 203.50972760009768 -34.92872778701782
vertex -199.7156812133789 204.09853375244143 -36.89728454875946
vertex -199.76840032958984 204.12197125244143 -36.7859673910141
endloop
endfacet
facet normal -0.004668395952009744 0.9726015660913221 0.23243149467303859
outer loop
vertex -190.80737127685546 192.19638836669924 -30.32664028930664
vertex -201.18037237548828 192.1465989379883 -30.32664028930664
vertex -201.17744268798828 192.09970867919924 -30.130370777130125
endloop
endfacet
facet normal 0.0017177759589427472 -0.3575573018563296 0.9338896214944123
outer loop
vertex -190.69604315185546 190.400673034668 -28.911740463256834
vertex -190.70484747314453 190.53835308837893 -28.859010856628416
vertex -201.06612982177734 190.35085308837893 -28.911740463256834
endloop
endfacet
facet normal -0.8793002223348992 0.3329790801786563 -0.3405232020952066
outer loop
vertex -199.90901007080078 204.18935406494143 -36.43443934249878
vertex -200.37943853759765 202.9470902709961 -36.43443934249878
vertex -199.95002569580078 204.20986187744143 -36.30847517776489
endloop
endfacet
facet normal -0.004561871199769239 0.9501172950242425 0.3118594475512536
outer loop
vertex -190.80151190185546 192.0880051879883 -29.942889373779295
vertex -190.80444158935546 192.1495286254883 -30.130370777130125
vertex -201.17451300048828 192.0382005004883 -29.942889373779295
endloop
endfacet
facet normal 0.13957597461968058 0.8403468651332591 0.5237706497787659
outer loop
vertex -200.4531842651367 202.88083660888674 -36.30847517776489
vertex -200.44624151611328 202.88718426513674 -36.32050959396362
vertex -217.7865277709961 206.7256547241211 -37.858127754211424
endloop
endfacet
facet normal 0.13961703551236224 0.8404565922384194 0.5235836131485812
outer loop
vertex -200.51612677001953 202.8207932739258 -36.195309560775755
vertex -200.4531842651367 202.88083660888674 -36.30847517776489
vertex -217.7865277709961 206.7256547241211 -37.858127754211424
endloop
endfacet
facet normal 0.1395019759614273 0.8401619979694481 0.5240868400092131
outer loop
vertex -200.52294744873046 202.81394207763674 -36.182510893821714
vertex -200.51612677001953 202.8207932739258 -36.195309560775755
vertex -217.7865277709961 206.7256547241211 -37.858127754211424
endloop
endfacet
facet normal -0.9090236650624679 0.34422791370847633 -0.23491087624949972
outer loop
vertex -200.02033819580078 204.24208843994143 -36.050688069343565
vertex -200.58814825439453 202.74263775634768 -36.050688069343565
vertex -200.0496198120117 204.25672161865236 -35.915935557365415
endloop
endfacet
facet normal -0.9090180483676474 0.3442278575631793 -0.23493269210422166
outer loop
vertex -200.65083135986328 202.66907513427736 -35.915935557365415
vertex -200.0496198120117 204.25672161865236 -35.915935557365415
vertex -200.58814825439453 202.74263775634768 -36.050688069343565
endloop
endfacet
facet normal -0.0003986259400440027 0.08302524394456783 0.9965473646371782
outer loop
vertex -190.72242559814453 190.8195725708008 -28.817999999999998
vertex -190.73119940185546 190.96016705322268 -28.829716842651365
vertex -201.09249700927734 190.76978314208986 -28.817999999999998
endloop
endfacet
facet normal 0.13959651574196957 0.8404029136949162 0.52367523852651
outer loop
vertex -216.83617987060546 204.0871049194336 -33.87707320976257
vertex -200.9443189086914 202.19211590576174 -35.07226840782165
vertex -217.7865277709961 206.7256547241211 -37.858127754211424
endloop
endfacet
facet normal -0.0009788622177142338 0.2038763307476682 0.9789961611720579
outer loop
vertex -190.73119940185546 190.96016705322268 -28.829716842651365
vertex -190.74000372314453 191.10079205322268 -28.859010856628416
vertex -201.10128607177734 190.91037762451174 -28.829716842651365
endloop
endfacet
facet normal -0.9153501559119979 0.3466257063383114 -0.20490171248027192
outer loop
vertex -200.0496198120117 204.25672161865236 -35.915935557365415
vertex -200.65083135986328 202.66907513427736 -35.915935557365415
vertex -200.07600225830078 204.26844036865236 -35.778253953933714
endloop
endfacet
facet normal 0.13959367189196745 0.8403956706788884 0.523687620124726
outer loop
vertex -200.52294744873046 202.81394207763674 -36.182510893821714
vertex -217.7865277709961 206.7256547241211 -37.858127754211424
vertex -200.5807477416992 202.75025189208986 -36.064895909309385
endloop
endfacet
facet normal -0.8388216547220253 0.31764131410002056 -0.4421337208879408
outer loop
vertex -199.76840032958984 204.12197125244143 -36.7859673910141
vertex -200.14509405517578 203.12720501708986 -36.7859673910141
vertex -199.81820501708984 204.14539349365236 -36.674650114059446
endloop
endfacet
facet normal -0.8469364148518022 0.32072740872354727 -0.4240667854141073
outer loop
vertex -199.81820501708984 204.14539349365236 -36.674650114059446
vertex -200.22501959228515 203.07112896728518 -36.674650114059446
vertex -199.86799444580078 204.16884625244143 -36.55747417736053
endloop
endfacet
facet normal -0.8769136785526491 0.33190079711687603 -0.34765537711999145
outer loop
vertex -199.86799444580078 204.16884625244143 -36.55747417736053
vertex -200.3060132446289 203.01155865478518 -36.55747417736053
vertex -199.90901007080078 204.18935406494143 -36.43443934249878
endloop
endfacet
facet normal -0.0035193561852323104 0.732764450689694 0.6804732720228417
outer loop
vertex -190.77221502685546 191.6193009643555 -29.178315322875974
vertex -190.77807440185546 191.73352825927736 -29.301350753784178
vertex -201.14521612548828 191.56948101806643 -29.178315322875974
endloop
endfacet
facet normal -0.003877824665635234 0.8078959843157096 0.5893123458764574
outer loop
vertex -201.15693487548828 191.78627789306643 -29.44196144866943
vertex -201.15107550048828 191.68373883056643 -29.301350753784178
vertex -190.77807440185546 191.73352825927736 -29.301350753784178
endloop
endfacet
facet normal -0.003878735340093975 0.8078574810564776 0.5893651208828398
outer loop
vertex -190.77807440185546 191.73352825927736 -29.301350753784178
vertex -190.78686346435546 191.83606732177736 -29.44196144866943
vertex -201.15693487548828 191.78627789306643 -29.44196144866943
endloop
endfacet
facet normal -0.7988380356530995 0.30234296345563444 -0.520044733886194
outer loop
vertex -199.6600171508789 204.0692521362305 -36.99981353807449
vertex -199.9767133178711 203.2324906616211 -36.99981353807449
vertex -199.7156812133789 204.09853375244143 -36.89728454875946
endloop
endfacet
facet normal -0.004075478985380783 0.8488349677265064 0.5286422117422903
outer loop
vertex -201.16279425048828 191.88294232177736 -29.59721962738037
vertex -201.15693487548828 191.78627789306643 -29.44196144866943
vertex -190.79272283935546 191.9327317504883 -29.59721962738037
endloop
endfacet
facet normal -0.8305705291209207 0.3144562266982565 -0.45964103129125505
outer loop
vertex -200.13911260986328 203.1311723022461 -36.79393057155609
vertex -199.76840032958984 204.12197125244143 -36.7859673910141
vertex -200.0623609008789 203.18282330322268 -36.89728454875946
endloop
endfacet
facet normal -0.004731820430862817 0.9852113898936287 0.17127792356072857
outer loop
vertex -201.18037237548828 192.1465989379883 -30.32664028930664
vertex -190.81030096435546 192.23154461669924 -30.528768699645994
vertex -201.18330206298828 192.18172467041018 -30.528768699645994
endloop
endfacet
facet normal -0.9980592093624834 -0.06227210081892984 -8.144422348267801e-06
outer loop
vertex -201.11005987548828 191.05100262451174 -28.859010856628416
vertex -201.09461798095703 190.803749206543 -30.692814987182615
vertex -201.10128607177734 190.91037762451174 -28.829716842651365
endloop
endfacet
facet normal 0.44717546242466316 0.8943568511458928 -0.012646288534257793
outer loop
vertex -199.7156812133789 204.09853375244143 -36.89728454875946
vertex -198.48238958740234 203.50972760009768 -34.92872778701782
vertex -199.6600171508789 204.0692521362305 -36.99981353807449
endloop
endfacet
facet normal -0.0009788660747653325 0.20387653411076223 0.9789961188177361
outer loop
vertex -190.74000372314453 191.10079205322268 -28.859010856628416
vertex -201.11005987548828 191.05100262451174 -28.859010856628416
vertex -201.10128607177734 190.91037762451174 -28.829716842651365
endloop
endfacet
facet normal -0.0022595772864564398 0.47047735857246337 0.8824091734457232
outer loop
vertex -201.12763800048828 191.32048809814455 -28.98204628753662
vertex -190.74877752685546 191.2384721069336 -28.911740463256834
vertex -190.75756658935546 191.37029278564455 -28.98204628753662
endloop
endfacet
facet normal -0.0028640463587217254 0.5632039048126066 0.8263129908468627
outer loop
vertex -190.76342596435546 191.49919903564455 -29.069927375793455
vertex -201.13644232177734 191.4464494018555 -29.069927375793455
vertex -190.75756658935546 191.37029278564455 -28.98204628753662
endloop
endfacet
facet normal -0.003360867934444356 0.6609019922021637 0.7504646968844959
outer loop
vertex -190.76342596435546 191.49919903564455 -29.069927375793455
vertex -201.14521612548828 191.56948101806643 -29.178315322875974
vertex -201.13644232177734 191.4464494018555 -29.069927375793455
endloop
endfacet
facet normal -0.997608831031352 -0.0690955984553377 0.0015551599139209614
outer loop
vertex -201.09840216064453 190.86069500732424 -30.692814987182615
vertex -201.13644232177734 191.4464494018555 -29.069927375793455
vertex -201.1000043334961 190.883827331543 -30.692814987182615
endloop
endfacet
facet normal -0.9975726437354637 -0.06961185549423739 0.001734948208720311
outer loop
vertex -201.14521612548828 191.56948101806643 -29.178315322875974
vertex -201.1000043334961 190.883827331543 -30.692814987182615
vertex -201.13644232177734 191.4464494018555 -29.069927375793455
endloop
endfacet
facet normal -0.8543834410811867 0.3233733856294044 -0.40676601268155
outer loop
vertex -199.86799444580078 204.16884625244143 -36.55747417736053
vertex -200.29948248291015 203.0165482788086 -36.56722490119934
vertex -200.3060132446289 203.01155865478518 -36.55747417736053
endloop
endfacet
facet normal -0.8469215187816042 0.32072586410586257 -0.424097702326019
outer loop
vertex -200.29948248291015 203.0165482788086 -36.56722490119934
vertex -199.86799444580078 204.16884625244143 -36.55747417736053
vertex -200.22501959228515 203.07112896728518 -36.674650114059446
endloop
endfacet
facet normal -0.9981930357081217 -0.06004871531909261 -0.00219436832168893
outer loop
vertex -201.15693487548828 191.78627789306643 -29.44196144866943
vertex -201.10328497314453 190.94016278076174 -30.692814987182615
vertex -201.15107550048828 191.68373883056643 -29.301350753784178
endloop
endfacet
facet normal -0.8769646483610996 0.33190420473399074 -0.34752353072100045
outer loop
vertex -200.37264837646484 202.95281231689455 -36.445428531646726
vertex -199.90901007080078 204.18935406494143 -36.43443934249878
vertex -200.3060132446289 203.01155865478518 -36.55747417736053
endloop
endfacet
facet normal -0.9984145071375102 -0.05611697464004742 -0.004399669829734367
outer loop
vertex -201.1000043334961 190.883827331543 -30.692814987182615
vertex -201.14521612548828 191.56948101806643 -29.178315322875974
vertex -201.1014691772461 190.90988934326174 -30.692814987182615
endloop
endfacet
facet normal -0.8702553616028144 0.32955391397215145 -0.36612815159065604
outer loop
vertex -199.90901007080078 204.18935406494143 -36.43443934249878
vertex -200.37264837646484 202.95281231689455 -36.445428531646726
vertex -200.37943853759765 202.9470902709961 -36.43443934249878
endloop
endfacet
facet normal -0.0017491353469740564 0.36430688673850214 0.9312773125124643
outer loop
vertex -201.11005987548828 191.05100262451174 -28.859010856628416
vertex -190.74000372314453 191.10079205322268 -28.859010856628416
vertex -201.11886419677734 191.18575299072268 -28.911740463256834
endloop
endfacet
facet normal -0.0018177115502569687 0.3575520166472763 0.9338914558535086
outer loop
vertex -190.74000372314453 191.10079205322268 -28.859010856628416
vertex -190.74877752685546 191.2384721069336 -28.911740463256834
vertex -201.11886419677734 191.18575299072268 -28.911740463256834
endloop
endfacet
facet normal -0.0023512031414191503 0.4624922060064933 0.8866202294257869
outer loop
vertex -201.12763800048828 191.32048809814455 -28.98204628753662
vertex -201.11886419677734 191.18575299072268 -28.911740463256834
vertex -190.74877752685546 191.2384721069336 -28.911740463256834
endloop
endfacet
facet normal -0.7863587233452127 0.29756282263183087 -0.5413837130966028
outer loop
vertex -199.6014234008789 204.0428849487305 -37.09941313791275
vertex -199.8900433959961 203.28015911865236 -37.09941313791275
vertex -199.6600171508789 204.0692521362305 -36.99981353807449
endloop
endfacet
facet normal -0.7814726879774762 0.29577055397666796 -0.5493816681921532
outer loop
vertex -199.9714185180664 203.2353440551758 -37.00580899047851
vertex -199.9767133178711 203.2324906616211 -36.99981353807449
vertex -199.6600171508789 204.0692521362305 -36.99981353807449
endloop
endfacet
facet normal -0.0027474281908317377 0.572055121034231 0.8202105767038413
outer loop
vertex -201.13644232177734 191.4464494018555 -29.069927375793455
vertex -201.12763800048828 191.32048809814455 -28.98204628753662
vertex -190.75756658935546 191.37029278564455 -28.98204628753662
endloop
endfacet
facet normal -0.7988451968024044 0.3023437644397276 -0.5200332678301864
outer loop
vertex -200.0566235961914 203.18608868408205 -36.90403775501251
vertex -199.7156812133789 204.09853375244143 -36.89728454875946
vertex -199.9767133178711 203.2324906616211 -36.99981353807449
endloop
endfacet
facet normal -0.827668485404667 0.3134178807415675 -0.4655471085716347
outer loop
vertex -199.76840032958984 204.12197125244143 -36.7859673910141
vertex -200.13911260986328 203.1311723022461 -36.79393057155609
vertex -200.14509405517578 203.12720501708986 -36.7859673910141
endloop
endfacet
facet normal -0.7936600308922307 0.30047250386375196 -0.5289801790105099
outer loop
vertex -200.0566235961914 203.18608868408205 -36.90403775501251
vertex -200.0623609008789 203.18282330322268 -36.89728454875946
vertex -199.7156812133789 204.09853375244143 -36.89728454875946
endloop
endfacet
facet normal 0.13964527837991672 0.8405790494212484 0.5233794588061953
outer loop
vertex -199.9767133178711 203.2324906616211 -36.99981353807449
vertex -199.9714185180664 203.2353440551758 -37.00580899047851
vertex -217.7865277709961 206.7256547241211 -37.858127754211424
endloop
endfacet
facet normal -0.9978098575030864 -0.06609838963980301 0.0025477748517931283
outer loop
vertex -201.16865362548828 191.9649583129883 -29.76419560241699
vertex -201.1087476196289 191.02483380126955 -30.692814987182615
vertex -201.16279425048828 191.88294232177736 -29.59721962738037
endloop
endfacet
facet normal -0.9976005470010412 -0.0692151209080662 0.0015542396550812321
outer loop
vertex -201.09699835205078 190.84046185302736 -30.692814987182615
vertex -201.12763800048828 191.32048809814455 -28.98204628753662
vertex -201.09840216064453 190.86069500732424 -30.692814987182615
endloop
endfacet
facet normal -0.9976337785574146 -0.0687372720087468 0.0014252431549297414
outer loop
vertex -201.13644232177734 191.4464494018555 -29.069927375793455
vertex -201.09840216064453 190.86069500732424 -30.692814987182615
vertex -201.12763800048828 191.32048809814455 -28.98204628753662
endloop
endfacet
facet normal -0.8306044510833678 0.3144593269448463 -0.4595776077420346
outer loop
vertex -199.7156812133789 204.09853375244143 -36.89728454875946
vertex -200.0623609008789 203.18282330322268 -36.89728454875946
vertex -199.76840032958984 204.12197125244143 -36.7859673910141
endloop
endfacet
facet normal -0.9978815811426657 -0.06505547137136701 0.0003683216838258789
outer loop
vertex -201.0957623901367 190.82131207275393 -30.692814987182615
vertex -201.11005987548828 191.05100262451174 -28.859010856628416
vertex -201.11886419677734 191.18575299072268 -28.911740463256834
endloop
endfacet
facet normal -0.998051728889031 -0.06239187815751393 -1.262579523335093e-06
outer loop
vertex -201.10128607177734 190.91037762451174 -28.829716842651365
vertex -201.09461798095703 190.803749206543 -30.692814987182615
vertex -201.09249700927734 190.76978314208986 -28.817999999999998
endloop
endfacet
facet normal 0.1394420252476549 0.8398711781934978 0.52456870439886
outer loop
vertex -200.0623609008789 203.18282330322268 -36.89728454875946
vertex -200.0566235961914 203.18608868408205 -36.90403775501251
vertex -217.7865277709961 206.7256547241211 -37.858127754211424
endloop
endfacet
facet normal 0.1396011356602171 0.8404197311944039 0.5236470169317337
outer loop
vertex -200.0566235961914 203.18608868408205 -36.90403775501251
vertex -199.9767133178711 203.2324906616211 -36.99981353807449
vertex -217.7865277709961 206.7256547241211 -37.858127754211424
endloop
endfacet
facet normal 0.13959906616812748 0.8404108660385504 0.5236617963622328
outer loop
vertex -200.0623609008789 203.18282330322268 -36.89728454875946
vertex -217.7865277709961 206.7256547241211 -37.858127754211424
vertex -200.13911260986328 203.1311723022461 -36.79393057155609
endloop
endfacet
facet normal -0.997897079126181 -0.06481759199964297 0.0003150219103281969
outer loop
vertex -201.09699835205078 190.84046185302736 -30.692814987182615
vertex -201.11886419677734 191.18575299072268 -28.911740463256834
vertex -201.12763800048828 191.32048809814455 -28.98204628753662
endloop
endfacet
facet normal -0.8387737018726003 0.31763626075061285 -0.44222831535678825
outer loop
vertex -200.22501959228515 203.07112896728518 -36.674650114059446
vertex -199.81820501708984 204.14539349365236 -36.674650114059446
vertex -200.14509405517578 203.12720501708986 -36.7859673910141
endloop
endfacet
facet normal -0.998079141695319 -0.06194526869335862 -0.0009003328512456394
outer loop
vertex -201.10563482666015 190.9778977661133 -30.692814987182615
vertex -201.15693487548828 191.78627789306643 -29.44196144866943
vertex -201.16279425048828 191.88294232177736 -29.59721962738037
endloop
endfacet
facet normal 0.1396127231895589 0.840455587181496 0.5235863763496931
outer loop
vertex -200.14509405517578 203.12720501708986 -36.7859673910141
vertex -200.13911260986328 203.1311723022461 -36.79393057155609
vertex -217.7865277709961 206.7256547241211 -37.858127754211424
endloop
endfacet
facet normal 0.1396083355109035 0.8404412715876365 0.5236105247873002
outer loop
vertex -200.14509405517578 203.12720501708986 -36.7859673910141
vertex -217.7865277709961 206.7256547241211 -37.858127754211424
vertex -200.22501959228515 203.07112896728518 -36.674650114059446
endloop
endfacet
facet normal -0.004781030354280792 0.9951541456697993 0.09821083496724421
outer loop
vertex -198.99181951904296 192.2084428100586 -30.692814987182615
vertex -201.18330206298828 192.1979142456055 -30.692814987182615
vertex -201.18330206298828 192.18172467041018 -30.528768699645994
endloop
endfacet
facet normal -0.9978046716461675 -0.06617430202074713 0.0026074879004195596
outer loop
vertex -201.10563482666015 190.9778977661133 -30.692814987182615
vertex -201.16279425048828 191.88294232177736 -29.59721962738037
vertex -201.1087476196289 191.02483380126955 -30.692814987182615
endloop
endfacet
facet normal -0.9979236330301191 -0.06440782013979256 0.00023525477351545637
outer loop
vertex -201.0957623901367 190.82131207275393 -30.692814987182615
vertex -201.11886419677734 191.18575299072268 -28.911740463256834
vertex -201.09699835205078 190.84046185302736 -30.692814987182615
endloop
endfacet
facet normal 0.44099827956772797 0.8974899655524171 -0.005681474370697012
outer loop
vertex -198.48238958740234 203.50972760009768 -34.92872778701782
vertex -199.47253240966796 203.9813615112305 -37.28103594112396
vertex -199.53698553466796 204.0135880737305 -37.19315395879745
endloop
endfacet
facet normal -0.9982034331109796 -0.059872080917442824 -0.0022891160017510675
outer loop
vertex -201.1014691772461 190.90988934326174 -30.692814987182615
vertex -201.15107550048828 191.68373883056643 -29.301350753784178
vertex -201.10328497314453 190.94016278076174 -30.692814987182615
endloop
endfacet
facet normal -0.9979778321982037 -0.06356222817934142 -0.00029931563832628026
outer loop
vertex -201.11877264404296 191.181190612793 -30.692814987182615
vertex -201.17744268798828 192.09970867919924 -30.130370777130125
vertex -201.12830938720703 191.3309251098633 -30.692814987182615
endloop
endfacet
facet normal -0.997977420107914 -0.0635687394433499 -0.00029037964067237003
outer loop
vertex -201.18037237548828 192.1465989379883 -30.32664028930664
vertex -201.12830938720703 191.3309251098633 -30.692814987182615
vertex -201.17744268798828 192.09970867919924 -30.130370777130125
endloop
endfacet
facet normal -0.9984210765133539 -0.05599578531980658 -0.0044526397040379265
outer loop
vertex -201.15107550048828 191.68373883056643 -29.301350753784178
vertex -201.1014691772461 190.90988934326174 -30.692814987182615
vertex -201.14521612548828 191.56948101806643 -29.178315322875974
endloop
endfacet
facet normal -0.998125330565417 -0.06104264945468479 -0.00442938271431131
outer loop
vertex -201.11877264404296 191.181190612793 -30.692814987182615
vertex -201.17451300048828 192.0382005004883 -29.942889373779295
vertex -201.17744268798828 192.09970867919924 -30.130370777130125
endloop
endfacet
facet normal -0.004309140545274758 0.8975016651534827 0.44099001389429077
outer loop
vertex -190.79272283935546 191.9327317504883 -29.59721962738037
vertex -201.16865362548828 191.9649583129883 -29.76419560241699
vertex -201.16279425048828 191.88294232177736 -29.59721962738037
endloop
endfacet
facet normal -0.7569381554120977 0.28642990456567496 -0.5873691672635103
outer loop
vertex -199.88514532470703 203.28255474853518 -37.104557018756864
vertex -199.8900433959961 203.28015911865236 -37.09941313791275
vertex -199.6014234008789 204.0428849487305 -37.09941313791275
endloop
endfacet
facet normal -0.004531905031939161 0.89118679816877 0.45361388052668455
outer loop
vertex -190.79272283935546 191.9327317504883 -29.59721962738037
vertex -190.79858221435546 192.0176926879883 -29.76419560241699
vertex -201.16865362548828 191.9649583129883 -29.76419560241699
endloop
endfacet
facet normal -0.004705012773494507 0.9252279647086001 0.37938249323866086
outer loop
vertex -190.79858221435546 192.0176926879883 -29.76419560241699
vertex -201.17451300048828 192.0382005004883 -29.942889373779295
vertex -201.16865362548828 191.9649583129883 -29.76419560241699
endloop
endfacet
facet normal -0.7864551334054617 0.29757257163613443 -0.5412382910974194
outer loop
vertex -199.9714185180664 203.2353440551758 -37.00580899047851
vertex -199.6600171508789 204.0692521362305 -36.99981353807449
vertex -199.8900433959961 203.28015911865236 -37.09941313791275
endloop
endfacet
facet normal 0.1395251554428816 0.8401326003887162 0.5241277943047221
outer loop
vertex -199.88514532470703 203.28255474853518 -37.104557018756864
vertex -217.7865277709961 206.7256547241211 -37.858127754211424
vertex -199.8900433959961 203.28015911865236 -37.09941313791275
endloop
endfacet
facet normal 0.13959141333773087 0.8403840614798137 0.5237068517148381
outer loop
vertex -199.8900433959961 203.28015911865236 -37.09941313791275
vertex -217.7865277709961 206.7256547241211 -37.858127754211424
vertex -199.9714185180664 203.2353440551758 -37.00580899047851
endloop
endfacet
facet normal -0.6299630213561218 0.2383533556669745 -0.7391442819681141
outer loop
vertex -199.2674848022461 203.88469708251955 -37.5124585442543
vertex -199.4278851928711 203.4607621459961 -37.5124585442543
vertex -199.33778204345703 203.91692364501955 -37.442152958393095
endloop
endfacet
facet normal -0.9980663933019063 -0.062152132862310375 -0.0007661213938728015
outer loop
vertex -201.15693487548828 191.78627789306643 -29.44196144866943
vertex -201.10563482666015 190.9778977661133 -30.692814987182615
vertex -201.10328497314453 190.94016278076174 -30.692814987182615
endloop
endfacet
facet normal -0.6127981901063263 0.2320599905398079 -0.7553982651509566
outer loop
vertex -199.5178510131836 203.43343365478518 -37.44460562992096
vertex -199.52123846435546 203.43247235107424 -37.442152958393095
vertex -199.33778204345703 203.91692364501955 -37.442152958393095
endloop
endfacet
facet normal -0.9976564846516845 -0.0682576621701064 0.004736051891061615
outer loop
vertex -201.17451300048828 192.0382005004883 -29.942889373779295
vertex -201.11311163330078 191.08872235107424 -30.692814987182615
vertex -201.16865362548828 191.9649583129883 -29.76419560241699
endloop
endfacet
facet normal -0.6694926784587777 0.2534933982762398 -0.6982267901766984
outer loop
vertex -199.40809454345703 203.94915020751955 -37.36305917429924
vertex -199.52123846435546 203.43247235107424 -37.442152958393095
vertex -199.61263861083984 203.4003068237305 -37.36619199442863
endloop
endfacet
facet normal -0.6693760793325568 0.25348542007040636 -0.6983414682153025
outer loop
vertex -199.33778204345703 203.91692364501955 -37.442152958393095
vertex -199.52123846435546 203.43247235107424 -37.442152958393095
vertex -199.40809454345703 203.94915020751955 -37.36305917429924
endloop
endfacet
facet normal -0.7042316163955733 0.2665385966426781 -0.65803875795323
outer loop
vertex -199.47253240966796 203.9813615112305 -37.28103594112396
vertex -199.6163159790039 203.398964050293 -37.36305917429924
vertex -199.70260443115234 203.36446392822268 -37.284687738895414
endloop
endfacet
facet normal -0.7042931170180226 0.2665441904436846 -0.6579706679341861
outer loop
vertex -199.6163159790039 203.398964050293 -37.36305917429924
vertex -199.47253240966796 203.9813615112305 -37.28103594112396
vertex -199.40809454345703 203.94915020751955 -37.36305917429924
endloop
endfacet
facet normal -0.6933702775143888 0.26256483333501973 -0.6710420005896597
outer loop
vertex -199.70260443115234 203.36446392822268 -37.284687738895414
vertex -199.70673956298828 203.36287701416018 -37.28103594112396
vertex -199.47253240966796 203.9813615112305 -37.28103594112396
endloop
endfacet
facet normal -0.998121766439705 -0.06110613454606115 -0.004356567470115862
outer loop
vertex -201.11311163330078 191.08872235107424 -30.692814987182615
vertex -201.17451300048828 192.0382005004883 -29.942889373779295
vertex -201.11877264404296 191.181190612793 -30.692814987182615
endloop
endfacet
facet normal -0.7286161471016859 0.27584844228630895 -0.6269179747550007
outer loop
vertex -199.7938062133789 203.3253098754883 -37.1975194029808
vertex -199.79830755615234 203.32334149169924 -37.19315395879745
vertex -199.53698553466796 204.0135880737305 -37.19315395879745
endloop
endfacet
facet normal -0.997664532387271 -0.06814713548191056 0.004631278667702641
outer loop
vertex -201.1087476196289 191.02483380126955 -30.692814987182615
vertex -201.16865362548828 191.9649583129883 -29.76419560241699
vertex -201.11311163330078 191.08872235107424 -30.692814987182615
endloop
endfacet
facet normal -0.7246663124006685 0.27441598768997755 -0.6321033154253748
outer loop
vertex -199.47253240966796 203.9813615112305 -37.28103594112396
vertex -199.70673956298828 203.36287701416018 -37.28103594112396
vertex -199.53698553466796 204.0135880737305 -37.19315395879745
endloop
endfacet
facet normal -0.7246982558110591 0.27441918718697356 -0.6320653033730369
outer loop
vertex -199.7938062133789 203.3253098754883 -37.1975194029808
vertex -199.53698553466796 204.0135880737305 -37.19315395879745
vertex -199.70673956298828 203.36287701416018 -37.28103594112396
endloop
endfacet
facet normal -0.9978732436800832 -0.06510817076518433 0.003148912034432885
outer loop
vertex -201.18037237548828 192.1465989379883 -30.32664028930664
vertex -201.18330206298828 192.18172467041018 -30.528768699645994
vertex -201.1474896850586 191.6249161987305 -30.692814987182615
endloop
endfacet
facet normal -0.9980336674150772 -0.06237710421344232 -0.0061559382677522125
outer loop
vertex -201.18330206298828 192.1979142456055 -30.692814987182615
vertex -201.1474896850586 191.6249161987305 -30.692814987182615
vertex -201.18330206298828 192.18172467041018 -30.528768699645994
endloop
endfacet
facet normal -0.5825648531921199 0.22043719474227946 -0.7823206727419376
outer loop
vertex -199.1942426147461 203.84954083251955 -37.576905351161955
vertex -199.33216680908203 203.48503887939455 -37.576905351161955
vertex -199.2674848022461 203.88469708251955 -37.5124585442543
endloop
endfacet
facet normal 0.00270336799718955 -0.5632127126354405 0.826307528785319
outer loop
vertex -190.67848028564453 190.13994610595705 -29.069927375793455
vertex -190.68726934814453 190.268837097168 -28.98204628753662
vertex -201.05148138427734 190.0901566772461 -29.069927375793455
endloop
endfacet
facet normal 0.1402489753695316 0.8436509918273233 0.5182501605369457
outer loop
vertex -199.33216680908203 203.48503887939455 -37.576905351161955
vertex -199.3296948852539 203.48557293701174 -37.57844368743896
vertex -217.7865277709961 206.7256547241211 -37.858127754211424
endloop
endfacet
facet normal -0.6299073491711328 0.23834984590025482 -0.739192858744943
outer loop
vertex -199.5178510131836 203.43343365478518 -37.44460562992096
vertex -199.33778204345703 203.91692364501955 -37.442152958393095
vertex -199.4278851928711 203.4607621459961 -37.5124585442543
endloop
endfacet
facet normal -0.9980525705693304 -0.06237841275332967 1.525361226669295e-06
outer loop
vertex -201.09249700927734 190.76978314208986 -28.817999999999998
vertex -201.09037603759765 190.73580181884768 -30.692814987182615
vertex -201.08370794677734 190.62915814208986 -28.829716842651365
endloop
endfacet
facet normal 0.1395759910168833 0.8403036320186322 0.5238400030046868
outer loop
vertex -199.4278851928711 203.4607621459961 -37.5124585442543
vertex -199.33216680908203 203.48503887939455 -37.576905351161955
vertex -217.7865277709961 206.7256547241211 -37.858127754211424
endloop
endfacet
facet normal 0.1396059760844852 0.8404470313245613 0.5236019088766101
outer loop
vertex -199.4278851928711 203.4607621459961 -37.5124585442543
vertex -217.7865277709961 206.7256547241211 -37.858127754211424
vertex -199.5178510131836 203.43343365478518 -37.44460562992096
endloop
endfacet
facet normal 0.13973369882615913 0.8410331635072307 0.5226257851401709
outer loop
vertex -199.52123846435546 203.43247235107424 -37.442152958393095
vertex -199.5178510131836 203.43343365478518 -37.44460562992096
vertex -217.7865277709961 206.7256547241211 -37.858127754211424
endloop
endfacet
facet normal -0.3233396949438034 0.12235034843273337 -0.9383399351578494
outer loop
vertex -198.8075543823242 203.66500103759768 -37.80246915671229
vertex -198.85261358642578 203.54592144775393 -37.80246915671229
vertex -198.8866559448242 203.70308697509768 -37.770245756983755
endloop
endfacet
facet normal -0.3734565138815314 0.1412992840328705 -0.9168231806467655
outer loop
vertex -198.8866559448242 203.70308697509768 -37.770245756983755
vertex -198.9477368774414 203.54164898681643 -37.770245756983755
vertex -198.96574224853515 203.7411576538086 -37.73216354477405
endloop
endfacet
facet normal -0.43482054528294134 0.16454659662805857 -0.8853561492066164
outer loop
vertex -198.96574224853515 203.7411576538086 -37.73216354477405
vertex -199.04415716552734 203.53394329833986 -37.73216354477405
vertex -199.04191412353515 203.77629864501955 -37.6882225536108
endloop
endfacet
facet normal 0.0027044148239709527 -0.5632581860936193 0.8262765287353778
outer loop
vertex -201.06027044677734 190.219032409668 -28.98204628753662
vertex -201.05148138427734 190.0901566772461 -29.069927375793455
vertex -190.68726934814453 190.268837097168 -28.98204628753662
endloop
endfacet
facet normal -0.5363713147341662 0.2030753189020385 -0.8191863204321576
outer loop
vertex -199.3296948852539 203.48557293701174 -37.57844368743896
vertex -199.1942426147461 203.84954083251955 -37.576905351161955
vertex -199.23505987548828 203.50539410400393 -37.635493364214895
endloop
endfacet
facet normal -0.9978736489776795 -0.06510236034488728 0.00314059763349297
outer loop
vertex -201.12830938720703 191.3309251098633 -30.692814987182615
vertex -201.18037237548828 192.1465989379883 -30.32664028930664
vertex -201.1474896850586 191.6249161987305 -30.692814987182615
endloop
endfacet
facet normal -0.9978837100686789 -0.06502283080378013 0.00036421673709695297
outer loop
vertex -201.09461798095703 190.803749206543 -30.692814987182615
vertex -201.11005987548828 191.05100262451174 -28.859010856628416
vertex -201.0957623901367 190.82131207275393 -30.692814987182615
endloop
endfacet
facet normal -0.9980569365765387 -0.0623085174867006 2.5355902625767967e-07
outer loop
vertex -201.09037603759765 190.73580181884768 -30.692814987182615
vertex -201.09249700927734 190.76978314208986 -28.817999999999998
vertex -201.09461798095703 190.803749206543 -30.692814987182615
endloop
endfacet
facet normal 0.13961026368899354 0.8404817600210907 0.5235450174956683
outer loop
vertex -199.04415716552734 203.53394329833986 -37.73216354477405
vertex -198.9477368774414 203.54164898681643 -37.770245756983755
vertex -217.7865277709961 206.7256547241211 -37.858127754211424
endloop
endfacet
facet normal -0.998512993019943 -0.054400532132896716 0.003519214971106563
outer loop
vertex -201.04269232177734 189.9700394897461 -29.178315322875974
vertex -201.0853864135742 190.6557084350586 -30.692814987182615
vertex -201.0839673461914 190.62966168212893 -30.692814987182615
endloop
endfacet
facet normal -0.4986136557997122 0.18878374809957496 -0.8460172094606129
outer loop
vertex -199.23292364501953 203.5057755737305 -37.636667262792585
vertex -199.23505987548828 203.50539410400393 -37.635493364214895
vertex -199.1180707397461 203.81438458251955 -37.635493364214895
endloop
endfacet
facet normal 0.0035186322295632983 -0.7326322684014802 0.680615587923267
outer loop
vertex -190.66383184814453 189.9055863647461 -29.301350753784178
vertex -190.67260565185546 190.0198441772461 -29.178315322875974
vertex -201.04269232177734 189.9700394897461 -29.178315322875974
endloop
endfacet
facet normal -0.49420822391070074 0.18714928058869948 -0.8489601746808639
outer loop
vertex -199.04191412353515 203.77629864501955 -37.6882225536108
vertex -199.13815130615234 203.5221635131836 -37.6882225536108
vertex -199.1180707397461 203.81438458251955 -37.635493364214895
endloop
endfacet
facet normal -0.4941931030646142 0.1871498088063999 -0.8489688604107314
outer loop
vertex -199.23292364501953 203.5057755737305 -37.636667262792585
vertex -199.1180707397461 203.81438458251955 -37.635493364214895
vertex -199.13815130615234 203.5221635131836 -37.6882225536108
endloop
endfacet
facet normal 0.13956725661706781 0.8402446793250745 0.5239368852698655
outer loop
vertex -199.13636602783203 203.52236187744143 -37.68902749943733
vertex -199.04415716552734 203.53394329833986 -37.73216354477405
vertex -217.7865277709961 206.7256547241211 -37.858127754211424
endloop
endfacet
facet normal 0.14015611051389612 0.843396112107712 0.5186899485889545
outer loop
vertex -199.13815130615234 203.5221635131836 -37.6882225536108
vertex -199.13636602783203 203.52236187744143 -37.68902749943733
vertex -217.7865277709961 206.7256547241211 -37.858127754211424
endloop
endfacet
facet normal -0.5487940238361622 0.20765862280036293 -0.8097549109319254
outer loop
vertex -199.3296948852539 203.48557293701174 -37.57844368743896
vertex -199.33216680908203 203.48503887939455 -37.576905351161955
vertex -199.1942426147461 203.84954083251955 -37.576905351161955
endloop
endfacet
facet normal 0.003216844756467543 -0.6697955675005922 0.7425385846313797
outer loop
vertex -201.04269232177734 189.9700394897461 -29.178315322875974
vertex -190.67260565185546 190.0198441772461 -29.178315322875974
vertex -201.05148138427734 190.0901566772461 -29.069927375793455
endloop
endfacet
facet normal 0.0032153875534665466 -0.6698855457506361 0.7424574175515074
outer loop
vertex -190.67260565185546 190.0198441772461 -29.178315322875974
vertex -190.67848028564453 190.13994610595705 -29.069927375793455
vertex -201.05148138427734 190.0901566772461 -29.069927375793455
endloop
endfacet
facet normal -0.5363602016934047 0.20307524278436215 -0.8191936155802746
outer loop
vertex -199.1180707397461 203.81438458251955 -37.635493364214895
vertex -199.23505987548828 203.50539410400393 -37.635493364214895
vertex -199.1942426147461 203.84954083251955 -37.576905351161955
endloop
endfacet
facet normal 0.13959004242700673 0.8403683218150306 0.5237324734490076
outer loop
vertex -199.23292364501953 203.5057755737305 -37.636667262792585
vertex -199.13815130615234 203.5221635131836 -37.6882225536108
vertex -217.7865277709961 206.7256547241211 -37.858127754211424
endloop
endfacet
facet normal 0.13930975908360838 0.8389179544720707 0.5261268446757525
outer loop
vertex -199.23505987548828 203.50539410400393 -37.635493364214895
vertex -199.23292364501953 203.5057755737305 -37.636667262792585
vertex -217.7865277709961 206.7256547241211 -37.858127754211424
endloop
endfacet
facet normal 0.13960711745871235 0.8404554735438691 0.523588053478133
outer loop
vertex -199.3296948852539 203.48557293701174 -37.57844368743896
vertex -199.23505987548828 203.50539410400393 -37.635493364214895
vertex -217.7865277709961 206.7256547241211 -37.858127754211424
endloop
endfacet
facet normal -0.5826164195155714 0.22043925429031014 -0.7822816902361883
outer loop
vertex -199.2674848022461 203.88469708251955 -37.5124585442543
vertex -199.33216680908203 203.48503887939455 -37.576905351161955
vertex -199.4278851928711 203.4607621459961 -37.5124585442543
endloop
endfacet
facet normal -0.2404901270904209 0.09100042866453266 -0.9663764384311656
outer loop
vertex -198.8075543823242 203.66500103759768 -37.80246915671229
vertex -198.85180487060546 203.54592144775393 -37.802670411795376
vertex -198.85261358642578 203.54592144775393 -37.80246915671229
endloop
endfacet
facet normal -0.23519609007234638 0.08903565122472717 -0.9678612772632603
outer loop
vertex -198.85180487060546 203.54592144775393 -37.802670411795376
vertex -198.8075543823242 203.66500103759768 -37.80246915671229
vertex -198.7566968383789 203.5445939331055 -37.82590435448289
endloop
endfacet
facet normal -0.3233594977782279 0.12234480809132764 -0.9383338335207296
outer loop
vertex -198.8866559448242 203.70308697509768 -37.770245756983755
vertex -198.85261358642578 203.54592144775393 -37.80246915671229
vertex -198.9477368774414 203.54164898681643 -37.770245756983755
endloop
endfacet
facet normal 0.13961549267842208 0.8405145503225057 0.5234909788146473
outer loop
vertex -198.7566968383789 203.5445939331055 -37.82590435448289
vertex -217.7865277709961 206.7256547241211 -37.858127754211424
vertex -198.85180487060546 203.54592144775393 -37.802670411795376
endloop
endfacet
facet normal -0.3734090986430847 0.14130702193864597 -0.916841300662983
outer loop
vertex -199.04415716552734 203.53394329833986 -37.73216354477405
vertex -198.96574224853515 203.7411576538086 -37.73216354477405
vertex -198.9477368774414 203.54164898681643 -37.770245756983755
endloop
endfacet
facet normal -0.9989251005807351 -0.046226968887234245 0.003422101294082138
outer loop
vertex -201.06027044677734 190.219032409668 -28.98204628753662
vertex -201.06612982177734 190.35085308837893 -28.911740463256834
vertex -201.08834661865234 190.6990891723633 -30.692814987182615
endloop
endfacet
facet normal 0.13678541861828247 0.8241182781760407 0.5496533569710815
outer loop
vertex -198.85261358642578 203.54592144775393 -37.80246915671229
vertex -198.85180487060546 203.54592144775393 -37.802670411795376
vertex -217.7865277709961 206.7256547241211 -37.858127754211424
endloop
endfacet
facet normal 0.139608568867349 0.8404721696896108 0.5235608651112578
outer loop
vertex -198.9477368774414 203.54164898681643 -37.770245756983755
vertex -198.85261358642578 203.54592144775393 -37.80246915671229
vertex -217.7865277709961 206.7256547241211 -37.858127754211424
endloop
endfacet
facet normal -0.9979733543830389 -0.06363295449058573 -0.00017619382585515444
outer loop
vertex -201.06612982177734 190.35085308837893 -28.911740463256834
vertex -201.07491888427734 190.48854840087893 -28.859010856628416
vertex -201.0892163696289 190.71785748291018 -30.692814987182615
endloop
endfacet
facet normal -0.9989221548117606 -0.04629151449127671 0.0034094445783533563
outer loop
vertex -201.0892163696289 190.71785748291018 -30.692814987182615
vertex -201.08834661865234 190.6990891723633 -30.692814987182615
vertex -201.06612982177734 190.35085308837893 -28.911740463256834
endloop
endfacet
facet normal -0.9980521423503976 -0.06238526387297728 1.1316707525433387e-06
outer loop
vertex -201.07491888427734 190.48854840087893 -28.859010856628416
vertex -201.08370794677734 190.62915814208986 -28.829716842651365
vertex -201.09037603759765 190.73580181884768 -30.692814987182615
endloop
endfacet
facet normal -0.4348393594075164 0.16454514434587125 -0.8853471787848298
outer loop
vertex -199.13636602783203 203.52236187744143 -37.68902749943733
vertex -199.04191412353515 203.77629864501955 -37.6882225536108
vertex -199.04415716552734 203.53394329833986 -37.73216354477405
endloop
endfacet
facet normal -0.9975523113597198 -0.06983667731872609 -0.003496369826075759
outer loop
vertex -201.04269232177734 189.9700394897461 -29.178315322875974
vertex -201.05148138427734 190.0901566772461 -29.069927375793455
vertex -201.0853864135742 190.6557084350586 -30.692814987182615
endloop
endfacet
facet normal -0.9975703899784827 -0.06958237461955882 -0.003407371491492573
outer loop
vertex -201.0869733276367 190.6784592895508 -30.692814987182615
vertex -201.0853864135742 190.6557084350586 -30.692814987182615
vertex -201.05148138427734 190.0901566772461 -29.069927375793455
endloop
endfacet
facet normal -0.42043594863982153 0.1592128206587424 -0.8932440264727329
outer loop
vertex -199.13636602783203 203.52236187744143 -37.68902749943733
vertex -199.13815130615234 203.5221635131836 -37.6882225536108
vertex -199.04191412353515 203.77629864501955 -37.6882225536108
endloop
endfacet
facet normal -0.9977844303457721 -0.06649077493953455 -0.0022819744746358644
outer loop
vertex -201.05148138427734 190.0901566772461 -29.069927375793455
vertex -201.06027044677734 190.219032409668 -28.98204628753662
vertex -201.0869733276367 190.6784592895508 -30.692814987182615
endloop
endfacet
facet normal -0.24211022370407 0.09163811397746813 -0.9659115361380759
outer loop
vertex -203.96037115478515 189.80014813232424 -37.82590435448289
vertex -204.0394574584961 189.83821881103518 -37.80246915671229
vertex -203.92936529541015 189.88355267333986 -37.8257633485198
endloop
endfacet
facet normal -0.24143988028852323 0.09138923554051513 -0.9661028888444458
outer loop
vertex -203.92936529541015 189.88355267333986 -37.8257633485198
vertex -203.92896856689453 189.88311016845705 -37.82590435448289
vertex -203.96037115478515 189.80014813232424 -37.82590435448289
endloop
endfacet
facet normal 0.5681322411832924 0.3417476108298311 0.7486216180555778
outer loop
vertex -195.4709760131836 204.36512005615236 -32.344997089385984
vertex -187.1661206665039 190.55886090087893 -32.344997089385984
vertex -195.4065228881836 204.4119797973633 -32.41530243682861
endloop
endfacet
facet normal -0.5626633420818361 -0.6524469297791677 0.5076642269246834
outer loop
vertex -203.87704290771484 189.82801068115236 -37.83916671577096
vertex -203.92896856689453 189.88311016845705 -37.82590435448289
vertex -203.88126959228515 189.81690228271486 -37.858127754211424
endloop
endfacet
facet normal -0.323357482274241 0.12231240483061159 -0.9383387524139758
outer loop
vertex -204.0394574584961 189.83821881103518 -37.80246915671229
vertex -204.1185590209961 189.87630474853518 -37.770245756983755
vertex -203.99427618408203 189.95766461181643 -37.80246915671229
endloop
endfacet
facet normal -0.679379701187985 0.2571155504454404 -0.6872661895749437
outer loop
vertex -199.40809454345703 203.94915020751955 -37.36305917429924
vertex -199.61263861083984 203.4003068237305 -37.36619199442863
vertex -199.6163159790039 203.398964050293 -37.36305917429924
endloop
endfacet
facet normal -0.9977891288983801 -0.06642087396512886 -0.0022631292318691766
outer loop
vertex -201.06027044677734 190.219032409668 -28.98204628753662
vertex -201.08834661865234 190.6990891723633 -30.692814987182615
vertex -201.0869733276367 190.6784592895508 -30.692814987182615
endloop
endfacet
facet normal 0.13958120907124527 0.8403343645896233 0.523789310471265
outer loop
vertex -199.52123846435546 203.43247235107424 -37.442152958393095
vertex -217.7865277709961 206.7256547241211 -37.858127754211424
vertex -199.61263861083984 203.4003068237305 -37.36619199442863
endloop
endfacet
facet normal 0.139558627662051 0.8402353388012479 0.5239541629519104
outer loop
vertex -199.6163159790039 203.398964050293 -37.36305917429924
vertex -199.61263861083984 203.4003068237305 -37.36619199442863
vertex -217.7865277709961 206.7256547241211 -37.858127754211424
endloop
endfacet
facet normal -0.9981138821466731 -0.06138461759819638 -0.0007790946158300104
outer loop
vertex -201.0821820678711 190.5988694458008 -30.692814987182615
vertex -201.0798932495117 190.56165325927736 -30.692814987182615
vertex -201.03097357177734 189.75034344482424 -29.44196144866943
endloop
endfacet
facet normal -0.9983301916558701 -0.05774020882803387 0.0017019732220685411
outer loop
vertex -201.03097357177734 189.75034344482424 -29.44196144866943
vertex -201.03683294677734 189.85579693603518 -29.301350753784178
vertex -201.0821820678711 190.5988694458008 -30.692814987182615
endloop
endfacet
facet normal 0.1396369629349681 0.8405710081576013 0.5233945918971767
outer loop
vertex -199.70673956298828 203.36287701416018 -37.28103594112396
vertex -199.70260443115234 203.36446392822268 -37.284687738895414
vertex -217.7865277709961 206.7256547241211 -37.858127754211424
endloop
endfacet
facet normal -0.7469080952057848 0.2827736324717984 -0.6018034314415054
outer loop
vertex -199.6014234008789 204.0428849487305 -37.09941313791275
vertex -199.53698553466796 204.0135880737305 -37.19315395879745
vertex -199.79830755615234 203.32334149169924 -37.19315395879745
endloop
endfacet
facet normal -0.9979182280024481 -0.06449131405457999 -0.00028395768623621146
outer loop
vertex -201.07491888427734 190.48854840087893 -28.859010856628416
vertex -201.09037603759765 190.73580181884768 -30.692814987182615
vertex -201.0892163696289 190.71785748291018 -30.692814987182615
endloop
endfacet
facet normal 0.13960857917586825 0.8404523878334784 0.5235926168363146
outer loop
vertex -199.7938062133789 203.3253098754883 -37.1975194029808
vertex -199.70673956298828 203.36287701416018 -37.28103594112396
vertex -217.7865277709961 206.7256547241211 -37.858127754211424
endloop
endfacet
facet normal 0.4208848771807453 0.907095370661237 0.005823116476760718
outer loop
vertex -199.6014234008789 204.0428849487305 -37.09941313791275
vertex -198.48238958740234 203.50972760009768 -34.92872778701782
vertex -199.53698553466796 204.0135880737305 -37.19315395879745
endloop
endfacet
facet normal 0.9374237421399165 -0.34819064845626657 0.0
outer loop
vertex -198.48280157470703 203.5086594848633 -37.858127529053405
vertex -203.63227667236328 189.64487469482424 -37.85519835402444
vertex -198.48280157470703 203.5086594848633 -37.858127754211424
endloop
endfacet
facet normal 0.4924972727337921 0.29624983907292046 0.8183412913931728
outer loop
vertex -195.53541387939453 204.31533062744143 -32.28055016326904
vertex -195.60279669189453 204.26551068115236 -32.22196213531494
vertex -187.2305737915039 190.50904095458986 -32.28055016326904
endloop
endfacet
facet normal 0.44261320456005787 0.26624436040646127 0.8562753597417307
outer loop
vertex -195.60279669189453 204.26551068115236 -32.22196213531494
vertex -195.67309393310546 204.21279156494143 -32.16923300552368
vertex -187.29794134521484 190.45925152587893 -32.22196213531494
endloop
endfacet
facet normal -0.03131016970270959 0.011849966500215133 -0.9994394686858886
outer loop
vertex -198.48280157470703 203.5086594848633 -37.858127754211424
vertex -203.71430792236328 189.68589031982424 -37.858127754211424
vertex -198.56149114990234 203.54781353759768 -37.85519835402444
endloop
endfacet
facet normal 0.13959884880833986 0.8404113972163401 0.5236610018325454
outer loop
vertex -199.6163159790039 203.398964050293 -37.36305917429924
vertex -217.7865277709961 206.7256547241211 -37.858127754211424
vertex -199.70260443115234 203.36446392822268 -37.284687738895414
endloop
endfacet
facet normal -0.7468650519021369 0.2827690919047853 -0.6018589825786115
outer loop
vertex -199.6014234008789 204.0428849487305 -37.09941313791275
vertex -199.79830755615234 203.32334149169924 -37.19315395879745
vertex -199.88514532470703 203.28255474853518 -37.104557018756864
endloop
endfacet
facet normal 0.13959186863706508 0.8403864583887443 0.5237028840547242
outer loop
vertex -199.79830755615234 203.32334149169924 -37.19315395879745
vertex -217.7865277709961 206.7256547241211 -37.858127754211424
vertex -199.88514532470703 203.28255474853518 -37.104557018756864
endloop
endfacet
facet normal 0.13960004731352207 0.8404136599858665 0.5236570508445605
outer loop
vertex -200.37264837646484 202.95281231689455 -36.445428531646726
vertex -200.3060132446289 203.01155865478518 -36.55747417736053
vertex -217.7865277709961 206.7256547241211 -37.858127754211424
endloop
endfacet
facet normal 0.13967974676624068 0.8407365938403426 0.5231171456959308
outer loop
vertex -199.7938062133789 203.3253098754883 -37.1975194029808
vertex -217.7865277709961 206.7256547241211 -37.858127754211424
vertex -199.79830755615234 203.32334149169924 -37.19315395879745
endloop
endfacet
facet normal 0.6310012642956159 0.3795648283865466 0.6765855049505758
outer loop
vertex -195.28349127197265 204.50571453857424 -32.57641951370239
vertex -195.34501470947265 204.4617844848633 -32.49439636993408
vertex -186.97865118408203 190.69947064208986 -32.57641951370239
endloop
endfacet
facet normal -0.17885762965780502 0.0677007544299729 -0.9815429466726374
outer loop
vertex -203.92896856689453 189.88311016845705 -37.82590435448289
vertex -203.87704290771484 189.82801068115236 -37.83916671577096
vertex -203.96037115478515 189.80014813232424 -37.82590435448289
endloop
endfacet
facet normal -0.17886538128678942 0.06772541943430793 -0.9815398325791872
outer loop
vertex -203.87833990478515 189.76206219482424 -37.84348075467348
vertex -203.96037115478515 189.80014813232424 -37.82590435448289
vertex -203.87704290771484 189.82801068115236 -37.83916671577096
endloop
endfacet
facet normal 0.6086350761078778 0.3661879516579456 0.7038961061063741
outer loop
vertex -195.34501470947265 204.4617844848633 -32.49439636993408
vertex -195.4065228881836 204.4119797973633 -32.41530243682861
vertex -187.10169805908203 190.60866558837893 -32.41530291366577
endloop
endfacet
facet normal -0.5627652767482049 -0.6524582732009212 0.5075366440151768
outer loop
vertex -219.18830694580078 203.0196915893555 -37.858127754211424
vertex -203.88126959228515 189.81690228271486 -37.858127754211424
vertex -203.92896856689453 189.88311016845705 -37.82590435448289
endloop
endfacet
facet normal -0.03123216201231568 -0.012878565035628724 0.9994291843941018
outer loop
vertex -187.10169805908203 190.60866558837893 -32.41530291366577
vertex -187.10168280029296 190.60866558837893 -32.41530243682861
vertex -195.34501470947265 204.4617844848633 -32.49439636993408
endloop
endfacet
facet normal -0.24208507352510575 0.0915705036673273 -0.9659242517063418
outer loop
vertex -203.99427618408203 189.95766461181643 -37.80246915671229
vertex -203.92936529541015 189.88355267333986 -37.8257633485198
vertex -204.0394574584961 189.83821881103518 -37.80246915671229
endloop
endfacet
facet normal 0.1395965846932696 0.8403540645563848 0.5237536059308215
outer loop
vertex -200.9443189086914 202.19211590576174 -35.07226840782165
vertex -216.83617987060546 204.0871049194336 -33.87707320976257
vertex -200.9720288696289 202.121376159668 -34.95138208198547
endloop
endfacet
facet normal 0.7955031812138784 0.47861922467539664 0.37161583180715246
outer loop
vertex -194.89095892333984 204.80452740478518 -33.42301623153686
vertex -194.92904486083984 204.77230084228518 -33.29998127746582
vertex -186.62418951416015 190.96897137451174 -33.29998127746582
endloop
endfacet
facet normal 0.7775568823088593 0.4678217271033489 0.4201763039774689
outer loop
vertex -194.92904486083984 204.77230084228518 -33.29998127746582
vertex -194.97297491455078 204.74007427978518 -33.18280569839477
vertex -186.62418951416015 190.96897137451174 -33.29998127746582
endloop
endfacet
facet normal 0.7660709021265182 0.4609111187496268 0.4479914212661112
outer loop
vertex -194.97297491455078 204.74007427978518 -33.18280569839477
vertex -186.7120648803711 190.90158856201174 -33.07148854064941
vertex -186.6681195678711 190.93674481201174 -33.18280569839477
endloop
endfacet
facet normal 0.7702556480394128 0.4633305564517815 0.43821345497538855
outer loop
vertex -194.97297491455078 204.74007427978518 -33.18280569839477
vertex -195.01692022705078 204.70784771728518 -33.07148854064941
vertex -186.7120648803711 190.90158856201174 -33.07148854064941
endloop
endfacet
facet normal 0.7520507076744581 0.45237976995519963 0.47934567570973985
outer loop
vertex -195.01692022705078 204.70784771728518 -33.07148854064941
vertex -186.7618695678711 190.86643231201174 -32.96017090606689
vertex -186.7120648803711 190.90158856201174 -33.07148854064941
endloop
endfacet
facet normal -0.42117575603619384 -0.9069790419449286 0.0
outer loop
vertex -203.87833990478515 189.76206219482424 -37.84348075467348
vertex -203.7963239135742 189.72397625732424 -37.85519835402444
vertex -203.71430792236328 189.68589031982424 -34.92872778701782
endloop
endfacet
facet normal 0.3938350824872903 0.23681910693127434 0.8881501215416812
outer loop
vertex -187.43855108642578 190.35378277587893 -32.1252919845581
vertex -195.67309393310546 204.21279156494143 -32.16923300552368
vertex -195.74047674560546 204.16005718994143 -32.1252919845581
endloop
endfacet
facet normal 0.13961420808488395 0.84045547996047 0.5235861525147957
outer loop
vertex -200.3060132446289 203.01155865478518 -36.55747417736053
vertex -200.29948248291015 203.0165482788086 -36.56722490119934
vertex -217.7865277709961 206.7256547241211 -37.858127754211424
endloop
endfacet
facet normal 0.13958539874730902 0.8403700470152495 0.5237309428858891
outer loop
vertex -200.29948248291015 203.0165482788086 -36.56722490119934
vertex -200.22501959228515 203.07112896728518 -36.674650114059446
vertex -217.7865277709961 206.7256547241211 -37.858127754211424
endloop
endfacet
facet normal -0.8793092546254709 0.33297975882815156 -0.3404992143026838
outer loop
vertex -200.44624151611328 202.88718426513674 -36.32050959396362
vertex -199.95002569580078 204.20986187744143 -36.30847517776489
vertex -200.37943853759765 202.9470902709961 -36.43443934249878
endloop
endfacet
facet normal 0.13958551392426327 0.840372478151198 0.5237270112076646
outer loop
vertex -217.7865277709961 206.7256547241211 -37.858127754211424
vertex -200.44624151611328 202.88718426513674 -36.32050959396362
vertex -200.37943853759765 202.9470902709961 -36.43443934249878
endloop
endfacet
facet normal 0.13957060414442615 0.8403306032808407 0.5237981707188544
outer loop
vertex -200.37943853759765 202.9470902709961 -36.43443934249878
vertex -200.37264837646484 202.95281231689455 -36.445428531646726
vertex -217.7865277709961 206.7256547241211 -37.858127754211424
endloop
endfacet
facet normal -0.42117575603619384 -0.9069790419449286 0.0
outer loop
vertex -203.71430792236328 189.68589031982424 -37.858127754211424
vertex -203.71430792236328 189.68589031982424 -34.92872778701782
vertex -203.7963239135742 189.72397625732424 -37.85519835402444
endloop
endfacet
facet normal 0.5621523076323345 0.338221413457577 0.754712566810968
outer loop
vertex -187.1661206665039 190.55886090087893 -32.344997089385984
vertex -187.10169805908203 190.60866558837893 -32.41530243682861
vertex -195.4065228881836 204.4119797973633 -32.41530243682861
endloop
endfacet
facet normal 0.1842777162603468 -0.06974365211889207 -0.9803966270234664
outer loop
vertex -203.47115911865234 189.5687180786133 -37.82590435448289
vertex -203.55026068115234 189.60678875732424 -37.84348075467348
vertex -198.3183423461914 203.43064129638674 -37.84348075467348
endloop
endfacet
facet normal -0.5628648453657572 -0.6525767338107306 0.5072738632536681
outer loop
vertex -204.1803571166992 190.20700848388674 -37.6882225536108
vertex -219.18830694580078 203.0196915893555 -37.858127754211424
vertex -204.12052740478515 190.12175762939455 -37.73150623965263
endloop
endfacet
facet normal -0.4986267378359686 0.18878221861290567 -0.8460098405164383
outer loop
vertex -204.2361127319336 190.29611981201174 -37.635493364214895
vertex -204.18140997314453 190.20867169189455 -37.68724797296524
vertex -204.35291876220703 189.98760235595705 -37.635493364214895
endloop
endfacet
facet normal -0.49860683658313387 0.18876303068647599 -0.8460258511172201
outer loop
vertex -204.27674688720703 189.95247662353518 -37.6882225536108
vertex -204.35291876220703 189.98760235595705 -37.635493364214895
vertex -204.18140997314453 190.20867169189455 -37.68724797296524
endloop
endfacet
facet normal -0.49239390224313956 0.1864667754013496 -0.8501637411141432
outer loop
vertex -204.18140997314453 190.20867169189455 -37.68724797296524
vertex -204.1803571166992 190.20700848388674 -37.6882225536108
vertex -204.27674688720703 189.95247662353518 -37.6882225536108
endloop
endfacet
facet normal -0.5633220677852229 -0.6531284602497557 0.5060548017339269
outer loop
vertex -204.18140997314453 190.20867169189455 -37.68724797296524
vertex -219.18830694580078 203.0196915893555 -37.858127754211424
vertex -204.1803571166992 190.20700848388674 -37.6882225536108
endloop
endfacet
facet normal -0.5484212498608819 0.20751136448397456 -0.8100451631304437
outer loop
vertex -204.28840460205078 190.3867875366211 -37.576905351161955
vertex -204.2373334350586 190.29817974853518 -37.63418072092533
vertex -204.42614569091796 190.02275860595705 -37.576905351161955
endloop
endfacet
facet normal -0.5371198339238051 0.2033558696615425 -0.8186260894204762
outer loop
vertex -204.2373334350586 190.29817974853518 -37.63418072092533
vertex -204.2361127319336 190.29611981201174 -37.635493364214895
vertex -204.35291876220703 189.98760235595705 -37.635493364214895
endloop
endfacet
facet normal -0.9328609165308808 0.35305847407535396 -0.0715557425560487
outer loop
vertex -200.89977850341796 202.28716290283205 -35.23667685317993
vertex -200.9059125366211 202.275184753418 -35.215809028625486
vertex -200.1404401245117 204.29773724365236 -35.215809028625486
endloop
endfacet
facet normal 0.13965029560635084 0.8405034641003581 0.5234994954843383
outer loop
vertex -200.89977850341796 202.28716290283205 -35.23667685317993
vertex -217.7865277709961 206.7256547241211 -37.858127754211424
vertex -200.9059125366211 202.275184753418 -35.215809028625486
endloop
endfacet
facet normal -0.9319720893464283 0.3528440716708836 -0.08324113025401308
outer loop
vertex -200.1404401245117 204.29773724365236 -35.215809028625486
vertex -200.8622418823242 202.3573685913086 -35.35934964942932
vertex -200.89977850341796 202.28716290283205 -35.23667685317993
endloop
endfacet
facet normal 0.13958214978843517 0.8403726038728171 0.5237277060844312
outer loop
vertex -200.76428045654296 202.51633465576174 -35.64057199287414
vertex -217.7865277709961 206.7256547241211 -37.858127754211424
vertex -200.8151685180664 202.43715679931643 -35.49996082115173
endloop
endfacet
facet normal 0.139609950569203 0.8404288837455451 0.5236299772437417
outer loop
vertex -200.8151685180664 202.43715679931643 -35.49996082115173
vertex -217.7865277709961 206.7256547241211 -37.858127754211424
vertex -200.8622418823242 202.3573685913086 -35.35934964942932
endloop
endfacet
facet normal 0.13959598166049791 0.8404017779664419 0.5236772035281708
outer loop
vertex -200.8622418823242 202.3573685913086 -35.35934964942932
vertex -217.7865277709961 206.7256547241211 -37.858127754211424
vertex -200.89977850341796 202.28716290283205 -35.23667685317993
endloop
endfacet
facet normal 0.1395974819202283 0.8404415248422518 0.5236130120254482
outer loop
vertex -201.00324835205078 202.0376664428711 -34.80868522453308
vertex -200.97749151611328 202.10817730712893 -34.92872778701782
vertex -216.83617987060546 204.0871049194336 -33.87707320976257
endloop
endfacet
facet normal 0.13959019221925495 0.840391607188256 0.5236950685310409
outer loop
vertex -200.9059125366211 202.275184753418 -35.215809028625486
vertex -217.7865277709961 206.7256547241211 -37.858127754211424
vertex -200.9443189086914 202.19211590576174 -35.07226840782165
endloop
endfacet
facet normal 0.13959988552268435 0.8405750807206298 0.5233979419462403
outer loop
vertex -200.97749151611328 202.10817730712893 -34.92872778701782
vertex -200.9720288696289 202.121376159668 -34.95138208198547
vertex -216.83617987060546 204.0871049194336 -33.87707320976257
endloop
endfacet
facet normal -0.9189603439097099 0.3477927680062679 -0.18588188949945086
outer loop
vertex -200.70321478271484 202.60231793212893 -35.794833820343015
vertex -200.71005072021484 202.59311688232424 -35.778253953933714
vertex -200.07600225830078 204.26844036865236 -35.778253953933714
endloop
endfacet
facet normal 0.13954799774190407 0.8402953619366629 0.523860726752787
outer loop
vertex -200.70321478271484 202.60231793212893 -35.794833820343015
vertex -217.7865277709961 206.7256547241211 -37.858127754211424
vertex -200.71005072021484 202.59311688232424 -35.778253953933714
endloop
endfacet
facet normal -0.9153578481047612 0.3466255372180983 -0.2048676325369278
outer loop
vertex -200.07600225830078 204.26844036865236 -35.778253953933714
vertex -200.65083135986328 202.66907513427736 -35.915935557365415
vertex -200.70321478271484 202.60231793212893 -35.794833820343015
endloop
endfacet
facet normal 0.13958867396808464 0.8403847706574274 0.5237064438661172
outer loop
vertex -200.58814825439453 202.74263775634768 -36.050688069343565
vertex -217.7865277709961 206.7256547241211 -37.858127754211424
vertex -200.65083135986328 202.66907513427736 -35.915935557365415
endloop
endfacet
facet normal -0.9221190531501072 0.34899193525582217 -0.167036166574624
outer loop
vertex -200.75721563720703 202.5260392456055 -35.658027809143064
vertex -200.0964948120117 204.28017437744143 -35.64057199287414
vertex -200.71005072021484 202.59311688232424 -35.778253953933714
endloop
endfacet
facet normal 0.13960011867615033 0.8404112836941314 0.5236608454956193
outer loop
vertex -200.65083135986328 202.66907513427736 -35.915935557365415
vertex -217.7865277709961 206.7256547241211 -37.858127754211424
vertex -200.70321478271484 202.60231793212893 -35.794833820343015
endloop
endfacet
facet normal -0.9263116361879267 0.35069944587679763 -0.13768315555852595
outer loop
vertex -200.0964948120117 204.28017437744143 -35.64057199287414
vertex -200.76428045654296 202.51633465576174 -35.64057199287414
vertex -200.1140729370117 204.28894818115236 -35.49996082115173
endloop
endfacet
facet normal 0.1395876199969118 0.8403841751424777 0.5237076804035772
outer loop
vertex -200.75721563720703 202.5260392456055 -35.658027809143064
vertex -217.7865277709961 206.7256547241211 -37.858127754211424
vertex -200.76428045654296 202.51633465576174 -35.64057199287414
endloop
endfacet
facet normal 0.1396014310993126 0.840413552213359 0.5236568549070542
outer loop
vertex -200.71005072021484 202.59311688232424 -35.778253953933714
vertex -217.7865277709961 206.7256547241211 -37.858127754211424
vertex -200.75721563720703 202.5260392456055 -35.658027809143064
endloop
endfacet
facet normal 0.7322458015878556 0.44055923619110426 0.5193492519140365
outer loop
vertex -195.0667096557617 204.66976177978518 -32.96017090606689
vertex -195.1165143432617 204.63167584228518 -32.857641857147215
vertex -186.7618695678711 190.86643231201174 -32.96017090606689
endloop
endfacet
facet normal 0.7132251503173365 0.4291161575783795 0.5542284801956501
outer loop
vertex -186.86439337158203 190.7873460083008 -32.75804201889038
vertex -186.8116742553711 190.8283616333008 -32.857641857147215
vertex -195.1692487182617 204.59067547607424 -32.75804201889038
endloop
endfacet
facet normal -0.3733934700365866 0.1412562885699754 -0.9168554834179007
outer loop
vertex -204.1185590209961 189.87630474853518 -37.770245756983755
vertex -204.1976605834961 189.91439068603518 -37.73216354477405
vertex -204.05763067626953 190.03736126708986 -37.770245756983755
endloop
endfacet
facet normal 0.6597048957294139 0.39683086184117394 0.6382121258962684
outer loop
vertex -186.97865118408203 190.69947064208986 -32.57641951370239
vertex -186.92005743408203 190.7434006958008 -32.66430155563354
vertex -195.28349127197265 204.50571453857424 -32.57641951370239
endloop
endfacet
facet normal -0.4198721332716907 0.15900319320647863 -0.8935465159979209
outer loop
vertex -204.1803571166992 190.20700848388674 -37.6882225536108
vertex -204.12052740478515 190.12175762939455 -37.73150623965263
vertex -204.27674688720703 189.95247662353518 -37.6882225536108
endloop
endfacet
facet normal -0.5627266771067042 -0.6524115934152542 0.5076394386272762
outer loop
vertex -204.11967291259765 190.12050640869143 -37.73216354477405
vertex -219.18830694580078 203.0196915893555 -37.858127754211424
vertex -204.05763067626953 190.03736126708986 -37.770245756983755
endloop
endfacet
facet normal -0.5619714757530807 -0.6515099389820297 0.509630120624298
outer loop
vertex -204.11967291259765 190.12050640869143 -37.73216354477405
vertex -204.12052740478515 190.12175762939455 -37.73150623965263
vertex -219.18830694580078 203.0196915893555 -37.858127754211424
endloop
endfacet
facet normal -0.5646595164632169 -0.6547722095029775 0.5024270933479952
outer loop
vertex -204.2373334350586 190.29817974853518 -37.63418072092533
vertex -219.18830694580078 203.0196915893555 -37.858127754211424
vertex -204.2361127319336 190.29611981201174 -37.635493364214895
endloop
endfacet
facet normal -0.58258835602398 0.22044906295701203 -0.7822998261962301
outer loop
vertex -204.33935369873046 190.48084271240236 -37.5124585442543
vertex -204.28840460205078 190.3867875366211 -37.576905351161955
vertex -204.49938787841796 190.05791485595705 -37.5124585442543
endloop
endfacet
facet normal -0.5825673379759996 0.22043154461622785 -0.7823204144477258
outer loop
vertex -204.42614569091796 190.02275860595705 -37.576905351161955
vertex -204.49938787841796 190.05791485595705 -37.5124585442543
vertex -204.28840460205078 190.3867875366211 -37.576905351161955
endloop
endfacet
facet normal -0.5627553709445202 -0.6524438936892153 0.5075661120098061
outer loop
vertex -204.28840460205078 190.3867875366211 -37.576905351161955
vertex -219.18830694580078 203.0196915893555 -37.858127754211424
vertex -204.2373334350586 190.29817974853518 -37.63418072092533
endloop
endfacet
facet normal -0.6288351398730472 0.23794865775475407 -0.74023428935274
outer loop
vertex -204.33935369873046 190.48084271240236 -37.5124585442543
vertex -204.49938787841796 190.05791485595705 -37.5124585442543
vertex -204.34078802490234 190.48377239990236 -37.51029832291603
endloop
endfacet
facet normal -0.6132998385294214 0.23225852744107467 -0.7549299864826466
outer loop
vertex -204.38888372802734 190.57827008056643 -37.442152958393095
vertex -204.34078802490234 190.48377239990236 -37.51029832291603
vertex -204.57263006591796 190.09307110595705 -37.442152958393095
endloop
endfacet
facet normal -0.613248447955429 0.23221860923572027 -0.7549840121518371
outer loop
vertex -204.49938787841796 190.05791485595705 -37.5124585442543
vertex -204.57263006591796 190.09307110595705 -37.442152958393095
vertex -204.34078802490234 190.48377239990236 -37.51029832291603
endloop
endfacet
facet normal -0.5627451568810061 -0.6524321527823194 0.5075925279422465
outer loop
vertex -204.18140997314453 190.20867169189455 -37.68724797296524
vertex -204.2361127319336 190.29611981201174 -37.635493364214895
vertex -219.18830694580078 203.0196915893555 -37.858127754211424
endloop
endfacet
facet normal -0.5628053322412986 -0.6525064145973557 0.5074303271485312
outer loop
vertex -204.39047064208984 190.58179486083986 -37.439363312005995
vertex -204.43140997314453 190.67644512939455 -37.36305917429924
vertex -219.18830694580078 203.0196915893555 -37.858127754211424
endloop
endfacet
facet normal -0.5617931566193933 -0.6512308917018429 0.5101830797555328
outer loop
vertex -204.33935369873046 190.48084271240236 -37.5124585442543
vertex -204.34078802490234 190.48377239990236 -37.51029832291603
vertex -219.18830694580078 203.0196915893555 -37.858127754211424
endloop
endfacet
facet normal -0.562826952885895 -0.6525326281662108 0.5073726345435632
outer loop
vertex -204.33935369873046 190.48084271240236 -37.5124585442543
vertex -219.18830694580078 203.0196915893555 -37.858127754211424
vertex -204.28840460205078 190.3867875366211 -37.576905351161955
endloop
endfacet
facet normal -0.562755756140581 -0.6524436063711441 0.507566054259008
outer loop
vertex -204.38888372802734 190.57827008056643 -37.442152958393095
vertex -219.18830694580078 203.0196915893555 -37.858127754211424
vertex -204.34078802490234 190.48377239990236 -37.51029832291603
endloop
endfacet
facet normal -0.34222643507106293 -0.20585827370048354 -0.916789745954659
outer loop
vertex -188.30859197998046 189.69467938232424 -37.73216354477405
vertex -196.6134320678711 203.50095379638674 -37.73216354477405
vertex -188.23829473876953 189.74741375732424 -37.770245756983755
endloop
endfacet
facet normal -0.4374981097490366 0.16553544854362792 -0.883851468993224
outer loop
vertex -204.11967291259765 190.12050640869143 -37.73216354477405
vertex -204.1976605834961 189.91439068603518 -37.73216354477405
vertex -204.12052740478515 190.12175762939455 -37.73150623965263
endloop
endfacet
facet normal -0.41988146532951603 0.15901339043987917 -0.8935403162328788
outer loop
vertex -204.1976605834961 189.91439068603518 -37.73216354477405
vertex -204.27674688720703 189.95247662353518 -37.6882225536108
vertex -204.12052740478515 190.12175762939455 -37.73150623965263
endloop
endfacet
facet normal -0.3734187279937941 0.14128983704295836 -0.9168400272304167
outer loop
vertex -204.11967291259765 190.12050640869143 -37.73216354477405
vertex -204.05763067626953 190.03736126708986 -37.770245756983755
vertex -204.1976605834961 189.91439068603518 -37.73216354477405
endloop
endfacet
facet normal -0.704730420974138 0.26671275898993535 -0.657433903860754
outer loop
vertex -204.43140997314453 190.67644512939455 -37.36305917429924
vertex -204.6399976196289 190.12529766845705 -37.36305917429924
vertex -204.43299688720703 190.68035137939455 -37.35977337884903
endloop
endfacet
facet normal -0.6926031311073881 0.2622759412822744 -0.6719466001139816
outer loop
vertex -204.70736517333984 190.1575394897461 -37.28103594112396
vertex -204.43299688720703 190.68035137939455 -37.35977337884903
vertex -204.6399976196289 190.12529766845705 -37.36305917429924
endloop
endfacet
facet normal -0.6811653796051731 0.2577943172536743 -0.6852414287089277
outer loop
vertex -204.43140997314453 190.67644512939455 -37.36305917429924
vertex -204.39047064208984 190.58179486083986 -37.439363312005995
vertex -204.6399976196289 190.12529766845705 -37.36305917429924
endloop
endfacet
facet normal -0.7322197741978835 -0.44054277308362894 -0.5193999108176539
outer loop
vertex -194.17664923095703 197.85845196533205 -36.935493629455564
vertex -197.2344800415039 202.94142926025393 -36.93600330877304
vertex -197.24032415771484 203.02637493896486 -36.99981353807449
endloop
endfacet
facet normal -0.7049637954188196 -0.42405566648816917 -0.5685093129122577
outer loop
vertex -188.8798657836914 189.26120770263674 -37.09941313791275
vertex -197.24032415771484 203.02637493896486 -36.99981353807449
vertex -197.1846753540039 203.06739056396486 -37.09941313791275
endloop
endfacet
facet normal -0.5484494052594969 0.20753593961552824 -0.8100198044729546
outer loop
vertex -204.35291876220703 189.98760235595705 -37.635493364214895
vertex -204.42614569091796 190.02275860595705 -37.576905351161955
vertex -204.2373334350586 190.29817974853518 -37.63418072092533
endloop
endfacet
facet normal -0.6811760851780087 0.25780245994809303 -0.6852277231886302
outer loop
vertex -204.57263006591796 190.09307110595705 -37.442152958393095
vertex -204.6399976196289 190.12529766845705 -37.36305917429924
vertex -204.39047064208984 190.58179486083986 -37.439363312005995
endloop
endfacet
facet normal -0.668097138061866 0.2530104326228376 -0.6997370471095186
outer loop
vertex -204.57263006591796 190.09307110595705 -37.442152958393095
vertex -204.39047064208984 190.58179486083986 -37.439363312005995
vertex -204.38888372802734 190.57827008056643 -37.442152958393095
endloop
endfacet
facet normal -0.5636250081805866 -0.653557979369193 0.5051621697596638
outer loop
vertex -204.39047064208984 190.58179486083986 -37.439363312005995
vertex -219.18830694580078 203.0196915893555 -37.858127754211424
vertex -204.38888372802734 190.57827008056643 -37.442152958393095
endloop
endfacet
facet normal -0.6925902262021816 0.26226661757305875 -0.6719635405853489
outer loop
vertex -204.47309698486328 190.7761918334961 -37.28103594112396
vertex -204.43299688720703 190.68035137939455 -37.35977337884903
vertex -204.70736517333984 190.1575394897461 -37.28103594112396
endloop
endfacet
facet normal -0.5637156842279833 -0.6536970304080063 0.5048809956723767
outer loop
vertex -204.43299688720703 190.68035137939455 -37.35977337884903
vertex -219.18830694580078 203.0196915893555 -37.858127754211424
vertex -204.43140997314453 190.67644512939455 -37.36305917429924
endloop
endfacet
facet normal -0.728923611179601 0.2759792574056005 -0.626502847995716
outer loop
vertex -204.70736517333984 190.1575394897461 -37.28103594112396
vertex -204.77181829833984 190.186805847168 -37.19315395879745
vertex -204.47480596923828 190.7807542114258 -37.27708313989639
endloop
endfacet
facet normal -0.7288761105345232 0.2759456004347693 -0.6265729335781752
outer loop
vertex -204.77181829833984 190.186805847168 -37.19315395879745
vertex -204.51057257080078 190.87685406494143 -37.19315395879745
vertex -204.47480596923828 190.7807542114258 -37.27708313989639
endloop
endfacet
facet normal -0.725612746848844 0.27477142123052245 -0.6308619561246613
outer loop
vertex -204.47480596923828 190.7807542114258 -37.27708313989639
vertex -204.47309698486328 190.7761918334961 -37.28103594112396
vertex -204.70736517333984 190.1575394897461 -37.28103594112396
endloop
endfacet
facet normal -0.10891558658213561 -0.06550647386356499 -0.9918902645360683
outer loop
vertex -196.2501813354492 203.77336895751955 -37.85519835402444
vertex -187.9482709350586 189.9700394897461 -37.85519835402444
vertex -196.3234235229492 203.7177201538086 -37.84348075467348
endloop
endfacet
facet normal -0.7574484570664038 0.2866112745780204 -0.5866223761266585
outer loop
vertex -204.77181829833984 190.186805847168 -37.19315395879745
vertex -204.83332647705078 190.21611798095705 -37.09941313791275
vertex -204.51237310791015 190.88208782958986 -37.188450258255
endloop
endfacet
facet normal 0.0 0.0 1.0
outer loop
vertex -190.74230780029296 191.13852703857424 -30.692814987182615
vertex -190.73866094970703 191.07524884033205 -30.692814987182615
vertex -189.00285162353515 189.2582169799805 -30.692814987182615
endloop
endfacet
facet normal 0.164373949567612 0.09889656528944964 -0.981427875127609
outer loop
vertex -196.03048529052734 203.9403458862305 -37.84348075467348
vertex -194.13502325439453 200.82939923095705 -37.83950426059961
vertex -187.72562994384765 190.13701641845705 -37.84348075467348
endloop
endfacet
facet normal 0.8189021306140757 -0.3101035145779403 -0.4829442107760861
outer loop
vertex -202.42536749267578 189.0707169799805 -36.7859673910141
vertex -202.48103155517578 189.0970841674805 -36.89728454875946
vertex -197.24751104736328 202.9173966674805 -36.89725635576248
endloop
endfacet
facet normal 0.8023865094927802 -0.30378517312569814 -0.5137026941461199
outer loop
vertex -202.48103155517578 189.0970841674805 -36.89728454875946
vertex -202.53669561767578 189.12343609619143 -36.99981353807449
vertex -197.30184759521484 202.95021832275393 -36.99981353807449
endloop
endfacet
facet normal 0.10890349996664064 0.06552243906672298 -0.9918905371429672
outer loop
vertex -187.79887213134765 190.0813676147461 -37.85519835402444
vertex -196.10372747802734 203.88469708251955 -37.85519835402444
vertex -187.72562994384765 190.13701641845705 -37.84348075467348
endloop
endfacet
facet normal 0.11913495456091557 -0.04508904817529711 -0.9918537393872214
outer loop
vertex -203.55026068115234 189.60678875732424 -37.84348075467348
vertex -198.4003735961914 203.47165692138674 -37.85519835402444
vertex -198.3183423461914 203.43064129638674 -37.84348075467348
endloop
endfacet
facet normal -0.5627331538809376 -0.652420285731986 0.5076210873167176
outer loop
vertex -203.92936529541015 189.88355267333986 -37.8257633485198
vertex -203.99427618408203 189.95766461181643 -37.80246915671229
vertex -219.18830694580078 203.0196915893555 -37.858127754211424
endloop
endfacet
facet normal -0.5748770190483584 -0.6666082055600828 0.47449964515270143
outer loop
vertex -203.92936529541015 189.88355267333986 -37.8257633485198
vertex -219.18830694580078 203.0196915893555 -37.858127754211424
vertex -203.92896856689453 189.88311016845705 -37.82590435448289
endloop
endfacet
facet normal -0.5628486166319019 -0.6525558830282985 0.5073186910421418
outer loop
vertex -204.05763067626953 190.03736126708986 -37.770245756983755
vertex -219.18830694580078 203.0196915893555 -37.858127754211424
vertex -203.99427618408203 189.95766461181643 -37.80246915671229
endloop
endfacet
facet normal 0.0 0.0 1.0
outer loop
vertex -190.7477857055664 191.23098004150393 -30.692814987182615
vertex -190.74230780029296 191.13852703857424 -30.692814987182615
vertex -189.00285162353515 189.2582169799805 -30.692814987182615
endloop
endfacet
facet normal 0.0 0.0 1.0
outer loop
vertex -190.75703253173828 191.38074505615236 -30.692814987182615
vertex -190.7477857055664 191.23098004150393 -30.692814987182615
vertex -189.00285162353515 189.2582169799805 -30.692814987182615
endloop
endfacet
facet normal 0.0 0.0 1.0
outer loop
vertex -190.77564825439453 191.67470562744143 -30.692814987182615
vertex -190.75703253173828 191.38074505615236 -30.692814987182615
vertex -189.00285162353515 189.2582169799805 -30.692814987182615
endloop
endfacet
facet normal 0.0 0.0 1.0
outer loop
vertex -189.00285162353515 189.2582169799805 -30.692814987182615
vertex -190.8126050415039 192.24770367431643 -30.692814987182615
vertex -190.77564825439453 191.67470562744143 -30.692814987182615
endloop
endfacet
facet normal 0.0 0.0 1.0
outer loop
vertex -189.00285162353515 189.2582169799805 -30.692814987182615
vertex -197.2344800415039 202.94142926025393 -30.692814987182615
vertex -190.8126050415039 192.24770367431643 -30.692814987182615
endloop
endfacet
facet normal -0.0 0.0 1.0
outer loop
vertex -197.2344800415039 202.94142926025393 -30.692814987182615
vertex -202.38435186767578 189.09120953369143 -30.692814987182615
vertex -201.18330206298828 192.1979142456055 -30.692814987182615
endloop
endfacet
facet normal -0.7474725666945234 0.28298604281840956 -0.6010022143129579
outer loop
vertex -204.77181829833984 190.186805847168 -37.19315395879745
vertex -204.51237310791015 190.88208782958986 -37.188450258255
vertex -204.51057257080078 190.87685406494143 -37.19315395879745
endloop
endfacet
facet normal -0.0 -0.0 1.0
outer loop
vertex -190.70927252197265 190.61145794677736 -30.692814987182615
vertex -189.00285162353515 189.2582169799805 -30.692814987182615
vertex -190.7116071166992 190.64865887451174 -30.692814987182615
endloop
endfacet
facet normal -0.0 -0.0 1.0
outer loop
vertex -190.73556341552734 191.02768719482424 -30.692814987182615
vertex -189.00285162353515 189.2582169799805 -30.692814987182615
vertex -190.73866094970703 191.07524884033205 -30.692814987182615
endloop
endfacet
facet normal -0.0 -0.0 1.0
outer loop
vertex -190.72028936767578 190.78560650634768 -30.692814987182615
vertex -189.00285162353515 189.2582169799805 -30.692814987182615
vertex -190.7245465698242 190.85353863525393 -30.692814987182615
endloop
endfacet
facet normal -0.0 -0.0 1.0
outer loop
vertex -190.7245465698242 190.85353863525393 -30.692814987182615
vertex -189.00285162353515 189.2582169799805 -30.692814987182615
vertex -190.72567572021484 190.87148297119143 -30.692814987182615
endloop
endfacet
facet normal -0.0 -0.0 1.0
outer loop
vertex -190.72567572021484 190.87148297119143 -30.692814987182615
vertex -189.00285162353515 189.2582169799805 -30.692814987182615
vertex -190.72692694091796 190.89026654052736 -30.692814987182615
endloop
endfacet
facet normal -0.0 -0.0 1.0
outer loop
vertex -190.7279340209961 190.91089642333986 -30.692814987182615
vertex -189.00285162353515 189.2582169799805 -30.692814987182615
vertex -190.7295209350586 190.93361676025393 -30.692814987182615
endloop
endfacet
facet normal 0.0 0.0 0.9999999999999999
outer loop
vertex -190.73556341552734 191.02768719482424 -30.692814987182615
vertex -190.73322882080078 190.9899827270508 -30.692814987182615
vertex -189.00285162353515 189.2582169799805 -30.692814987182615
endloop
endfacet
facet normal -0.0 -0.0 1.0
outer loop
vertex -190.7309400024414 190.95967877197268 -30.692814987182615
vertex -189.00285162353515 189.2582169799805 -30.692814987182615
vertex -190.73322882080078 190.9899827270508 -30.692814987182615
endloop
endfacet
facet normal -0.0 -0.0 1.0
outer loop
vertex -190.7134381713867 190.67946636962893 -30.692814987182615
vertex -189.00285162353515 189.2582169799805 -30.692814987182615
vertex -190.7153150024414 190.70552838134768 -30.692814987182615
endloop
endfacet
facet normal 0.0 0.0 1.0
outer loop
vertex -190.7134381713867 190.67946636962893 -30.692814987182615
vertex -190.7116071166992 190.64865887451174 -30.692814987182615
vertex -189.00285162353515 189.2582169799805 -30.692814987182615
endloop
endfacet
facet normal 0.0 0.0 1.0
outer loop
vertex -190.71650518798828 190.72824871826174 -30.692814987182615
vertex -190.7153150024414 190.70552838134768 -30.692814987182615
vertex -189.00285162353515 189.2582169799805 -30.692814987182615
endloop
endfacet
facet normal 0.0 0.0 1.0
outer loop
vertex -190.71790899658203 190.74887860107424 -30.692814987182615
vertex -190.71650518798828 190.72824871826174 -30.692814987182615
vertex -189.00285162353515 189.2582169799805 -30.692814987182615
endloop
endfacet
facet normal 0.0 0.0 1.0
outer loop
vertex -190.7191449584961 190.7676469116211 -30.692814987182615
vertex -190.71790899658203 190.74887860107424 -30.692814987182615
vertex -189.00285162353515 189.2582169799805 -30.692814987182615
endloop
endfacet
facet normal 0.0 0.0 0.9999999999999999
outer loop
vertex -190.72028936767578 190.78560650634768 -30.692814987182615
vertex -190.7191449584961 190.7676469116211 -30.692814987182615
vertex -189.00285162353515 189.2582169799805 -30.692814987182615
endloop
endfacet
facet normal 0.0 0.0 1.0
outer loop
vertex -190.7279340209961 190.91089642333986 -30.692814987182615
vertex -190.72692694091796 190.89026654052736 -30.692814987182615
vertex -189.00285162353515 189.2582169799805 -30.692814987182615
endloop
endfacet
facet normal 0.0 0.0 1.0
outer loop
vertex -190.7309400024414 190.95967877197268 -30.692814987182615
vertex -190.7295209350586 190.93361676025393 -30.692814987182615
vertex -189.00285162353515 189.2582169799805 -30.692814987182615
endloop
endfacet
facet normal -0.0 0.0 1.0
outer loop
vertex -201.08834661865234 190.6990891723633 -30.692814987182615
vertex -202.38435186767578 189.09120953369143 -30.692814987182615
vertex -201.0869733276367 190.6784592895508 -30.692814987182615
endloop
endfacet
facet normal -0.0 0.0 1.0
outer loop
vertex -201.1014691772461 190.90988934326174 -30.692814987182615
vertex -202.38435186767578 189.09120953369143 -30.692814987182615
vertex -201.1000043334961 190.883827331543 -30.692814987182615
endloop
endfacet
facet normal 0.0 0.0 1.0
outer loop
vertex -201.08834661865234 190.6990891723633 -30.692814987182615
vertex -201.0892163696289 190.71785748291018 -30.692814987182615
vertex -202.38435186767578 189.09120953369143 -30.692814987182615
endloop
endfacet
facet normal -0.0 0.0 1.0
outer loop
vertex -201.10328497314453 190.94016278076174 -30.692814987182615
vertex -202.38435186767578 189.09120953369143 -30.692814987182615
vertex -201.1014691772461 190.90988934326174 -30.692814987182615
endloop
endfacet
facet normal -0.0 0.0 1.0
outer loop
vertex -201.1474896850586 191.6249161987305 -30.692814987182615
vertex -202.38435186767578 189.09120953369143 -30.692814987182615
vertex -201.12830938720703 191.3309251098633 -30.692814987182615
endloop
endfacet
facet normal -0.0 0.0 1.0
outer loop
vertex -201.12830938720703 191.3309251098633 -30.692814987182615
vertex -202.38435186767578 189.09120953369143 -30.692814987182615
vertex -201.11877264404296 191.181190612793 -30.692814987182615
endloop
endfacet
facet normal 0.0 0.0 1.0
outer loop
vertex -201.11311163330078 191.08872235107424 -30.692814987182615
vertex -201.11877264404296 191.181190612793 -30.692814987182615
vertex -202.38435186767578 189.09120953369143 -30.692814987182615
endloop
endfacet
facet normal -0.0 0.0 1.0
outer loop
vertex -201.1000043334961 190.883827331543 -30.692814987182615
vertex -202.38435186767578 189.09120953369143 -30.692814987182615
vertex -201.09840216064453 190.86069500732424 -30.692814987182615
endloop
endfacet
facet normal -0.0 0.0 1.0
outer loop
vertex -201.18330206298828 192.1979142456055 -30.692814987182615
vertex -202.38435186767578 189.09120953369143 -30.692814987182615
vertex -201.1474896850586 191.6249161987305 -30.692814987182615
endloop
endfacet
facet normal 0.0 -0.0 1.0
outer loop
vertex -198.99181951904296 192.2084428100586 -30.692814987182615
vertex -197.2344800415039 202.94142926025393 -30.692814987182615
vertex -201.18330206298828 192.1979142456055 -30.692814987182615
endloop
endfacet
facet normal 0.0 0.0 1.0
outer loop
vertex -190.8126050415039 192.24770367431643 -30.692814987182615
vertex -197.2344800415039 202.94142926025393 -30.692814987182615
vertex -198.99181951904296 192.2084428100586 -30.692814987182615
endloop
endfacet
facet normal -0.0 -0.0 1.0
outer loop
vertex -190.69613470458984 190.40813458251955 -30.692814987182615
vertex -189.00285162353515 189.2582169799805 -30.692814987182615
vertex -190.70252813720703 190.5006028442383 -30.692814987182615
endloop
endfacet
facet normal 0.0 0.0 0.9999999999999999
outer loop
vertex -190.68659796142578 190.25840008544924 -30.692814987182615
vertex -190.66918768310546 189.96443951416018 -30.692814987182615
vertex -189.00285162353515 189.2582169799805 -30.692814987182615
endloop
endfacet
facet normal 0.0 0.0 1.0
outer loop
vertex -189.00285162353515 189.2582169799805 -30.692814987182615
vertex -190.69613470458984 190.40813458251955 -30.692814987182615
vertex -190.68659796142578 190.25840008544924 -30.692814987182615
endloop
endfacet
facet normal -0.0 -0.0 1.0
outer loop
vertex -190.70252813720703 190.5006028442383 -30.692814987182615
vertex -189.00285162353515 189.2582169799805 -30.692814987182615
vertex -190.7061597290039 190.56389630126955 -30.692814987182615
endloop
endfacet
facet normal -0.0 -0.0 1.0
outer loop
vertex -190.7061597290039 190.56389630126955 -30.692814987182615
vertex -189.00285162353515 189.2582169799805 -30.692814987182615
vertex -190.70927252197265 190.61145794677736 -30.692814987182615
endloop
endfacet
facet normal 0.49864243723938756 -0.18868159968725298 -0.8460230338019308
outer loop
vertex -203.07569708251953 189.38124859619143 -37.635493364214895
vertex -203.15186895751953 189.4163743286133 -37.6882225536108
vertex -197.9199506225586 203.24314129638674 -37.6882225536108
endloop
endfacet
facet normal 0.37333762066254206 -0.14137649811781655 -0.916859698524248
outer loop
vertex -203.31005682373046 189.4925462036133 -37.770245756983755
vertex -197.99610723876953 203.27829754638674 -37.73216354477405
vertex -203.23095526123046 189.4544602661133 -37.73216354477405
endloop
endfacet
facet normal 0.5825246941700305 -0.22059162436769958 -0.7823070470991118
outer loop
vertex -197.76762213134765 203.1699143676758 -37.576905351161955
vertex -197.69437994384765 203.13477337646486 -37.5124585442543
vertex -203.00245489501953 189.34609234619143 -37.576905351161955
endloop
endfacet
facet normal -0.0 0.0 1.0
outer loop
vertex -201.07685675048828 190.51409161376955 -30.692814987182615
vertex -202.38435186767578 189.09120953369143 -30.692814987182615
vertex -201.07259954833984 190.4500657348633 -30.692814987182615
endloop
endfacet
facet normal -0.0 0.0 1.0
outer loop
vertex -201.07259954833984 190.4500657348633 -30.692814987182615
vertex -202.38435186767578 189.09120953369143 -30.692814987182615
vertex -201.0671216430664 190.3583451538086 -30.692814987182615
endloop
endfacet
facet normal -0.0 0.0 0.9999999999999999
outer loop
vertex -201.0821820678711 190.5988694458008 -30.692814987182615
vertex -202.38435186767578 189.09120953369143 -30.692814987182615
vertex -201.0798932495117 190.56165325927736 -30.692814987182615
endloop
endfacet
facet normal -0.0 0.0 1.0
outer loop
vertex -201.0839673461914 190.62966168212893 -30.692814987182615
vertex -202.38435186767578 189.09120953369143 -30.692814987182615
vertex -201.0821820678711 190.5988694458008 -30.692814987182615
endloop
endfacet
facet normal -0.0 0.0 1.0
outer loop
vertex -201.0869733276367 190.6784592895508 -30.692814987182615
vertex -202.38435186767578 189.09120953369143 -30.692814987182615
vertex -201.0853864135742 190.6557084350586 -30.692814987182615
endloop
endfacet
facet normal -0.0 0.0 1.0
outer loop
vertex -201.09037603759765 190.73580181884768 -30.692814987182615
vertex -202.38435186767578 189.09120953369143 -30.692814987182615
vertex -201.0892163696289 190.71785748291018 -30.692814987182615
endloop
endfacet
facet normal -0.0 0.0 1.0
outer loop
vertex -201.09699835205078 190.84046185302736 -30.692814987182615
vertex -202.38435186767578 189.09120953369143 -30.692814987182615
vertex -201.0957623901367 190.82131207275393 -30.692814987182615
endloop
endfacet
facet normal -0.0 0.0 0.9999999999999999
outer loop
vertex -201.09840216064453 190.86069500732424 -30.692814987182615
vertex -202.38435186767578 189.09120953369143 -30.692814987182615
vertex -201.09699835205078 190.84046185302736 -30.692814987182615
endloop
endfacet
facet normal -0.0 0.0 1.0
outer loop
vertex -201.0957623901367 190.82131207275393 -30.692814987182615
vertex -202.38435186767578 189.09120953369143 -30.692814987182615
vertex -201.09461798095703 190.803749206543 -30.692814987182615
endloop
endfacet
facet normal -0.0 0.0 1.0
outer loop
vertex -201.09461798095703 190.803749206543 -30.692814987182615
vertex -202.38435186767578 189.09120953369143 -30.692814987182615
vertex -201.09037603759765 190.73580181884768 -30.692814987182615
endloop
endfacet
facet normal -0.0 0.0 0.9999999999999999
outer loop
vertex -201.10563482666015 190.9778977661133 -30.692814987182615
vertex -202.38435186767578 189.09120953369143 -30.692814987182615
vertex -201.10328497314453 190.94016278076174 -30.692814987182615
endloop
endfacet
facet normal -0.0 0.0 1.0
outer loop
vertex -201.1087476196289 191.02483380126955 -30.692814987182615
vertex -202.38435186767578 189.09120953369143 -30.692814987182615
vertex -201.10563482666015 190.9778977661133 -30.692814987182615
endloop
endfacet
facet normal 0.0 0.0 1.0
outer loop
vertex -201.0839673461914 190.62966168212893 -30.692814987182615
vertex -201.0853864135742 190.6557084350586 -30.692814987182615
vertex -202.38435186767578 189.09120953369143 -30.692814987182615
endloop
endfacet
facet normal 0.10890094093565375 0.06552089941049558 0.9918909198111298
outer loop
vertex -196.03048529052734 203.9403458862305 -32.01397482681274
vertex -196.10372747802734 203.88469708251955 -32.00225750732422
vertex -187.72562994384765 190.13701641845705 -32.01397482681274
endloop
endfacet
facet normal 0.44256490831043405 0.2662148197201024 0.8563095069503611
outer loop
vertex -187.36825384521484 190.406532409668 -32.16923300552368
vertex -187.29794134521484 190.45925152587893 -32.22196213531494
vertex -195.67309393310546 204.21279156494143 -32.16923300552368
endloop
endfacet
facet normal 0.83885994751286 -0.31741483032932727 -0.4422237148160718
outer loop
vertex -202.38435186767578 189.09120953369143 -36.722873251914976
vertex -202.42536749267578 189.0707169799805 -36.7859673910141
vertex -200.5002728881836 194.15833294677736 -36.7859673910141
endloop
endfacet
facet normal 0.8107204559836818 -0.3070052199550497 -0.49847782013843167
outer loop
vertex -197.24751104736328 202.91744244384768 -36.89728454875946
vertex -197.24751104736328 202.9173966674805 -36.89725635576248
vertex -202.48103155517578 189.0970841674805 -36.89728454875946
endloop
endfacet
facet normal 0.7987690729718387 -0.302479877987236 -0.5200710446434563
outer loop
vertex -197.30184759521484 202.95021832275393 -36.99981353807449
vertex -197.24757208251953 202.9181596069336 -36.897806864261625
vertex -202.48103155517578 189.0970841674805 -36.89728454875946
endloop
endfacet
facet normal 0.7469053243536232 -0.28283930026192966 -0.6017760103888743
outer loop
vertex -197.42487921142578 203.00586712646486 -37.19315395879745
vertex -197.36044134521484 202.97658551025393 -37.09941313791275
vertex -202.5952741088867 189.1527482299805 -37.09941313791275
endloop
endfacet
facet normal 0.7825838033419958 -0.29635008362689536 -0.5474844460631813
outer loop
vertex -197.36044134521484 202.97658551025393 -37.09941313791275
vertex -202.53669561767578 189.12343609619143 -36.99981353807449
vertex -202.5952741088867 189.1527482299805 -37.09941313791275
endloop
endfacet
facet normal 0.7042265489982668 -0.2664726904169136 -0.6580708722834977
outer loop
vertex -197.55378546142578 203.07032025146486 -37.36305917429924
vertex -197.48933233642578 203.03809368896486 -37.28103594112396
vertex -202.7212506713867 189.21132672119143 -37.28103594112396
endloop
endfacet
facet normal 0.7574477185096545 -0.2866713013485761 -0.5865939981858264
outer loop
vertex -197.42487921142578 203.00586712646486 -37.19315395879745
vertex -202.5952741088867 189.1527482299805 -37.09941313791275
vertex -202.65678228759765 189.1820451049805 -37.19315395879745
endloop
endfacet
facet normal 0.724721872815905 -0.27428554779291303 -0.6320962310709888
outer loop
vertex -197.48933233642578 203.03809368896486 -37.28103594112396
vertex -197.42487921142578 203.00586712646486 -37.19315395879745
vertex -202.65678228759765 189.1820451049805 -37.19315395879745
endloop
endfacet
facet normal 0.7289009555974036 -0.2758092533741972 -0.6266040637295289
outer loop
vertex -202.65678228759765 189.1820451049805 -37.19315395879745
vertex -202.7212506713867 189.21132672119143 -37.28103594112396
vertex -197.48933233642578 203.03809368896486 -37.28103594112396
endloop
endfacet
facet normal 0.6926460527866405 -0.2622367368457495 -0.6719176582049169
outer loop
vertex -197.55378546142578 203.07032025146486 -37.36305917429924
vertex -202.7212506713867 189.21132672119143 -37.28103594112396
vertex -202.78861822509765 189.24355328369143 -37.36305917429924
endloop
endfacet
facet normal 0.6051883906035269 -0.7960822896401559 0.0
outer loop
vertex -187.87211431884765 190.02568829345705 -31.999327819824217
vertex -187.87211431884765 190.02568829345705 -34.92872778701782
vertex -187.79887213134765 190.0813676147461 -32.00225750732422
endloop
endfacet
facet normal 0.37333762066254206 -0.14137649811781655 -0.916859698524248
outer loop
vertex -198.07520880126953 203.31638348388674 -37.770245756983755
vertex -197.99610723876953 203.27829754638674 -37.73216354477405
vertex -203.31005682373046 189.4925462036133 -37.770245756983755
endloop
endfacet
facet normal 0.5363472663700818 -0.20310506300908424 -0.8191946919001711
outer loop
vertex -203.00245489501953 189.34609234619143 -37.576905351161955
vertex -197.84379400634765 203.2050706176758 -37.635493364214895
vertex -197.76762213134765 203.1699143676758 -37.576905351161955
endloop
endfacet
facet normal 0.5483723562903031 -0.20754253153027688 -0.8100702787182263
outer loop
vertex -203.00245489501953 189.34609234619143 -37.576905351161955
vertex -203.07569708251953 189.38124859619143 -37.635493364214895
vertex -197.84379400634765 203.2050706176758 -37.635493364214895
endloop
endfacet
facet normal 0.0 -0.0 0.9999999999999999
outer loop
vertex -188.14147772216796 193.85775006103518 -33.87707320976257
vertex -177.8501264038086 207.6465531616211 -33.87707320976257
vertex -190.80570806884765 198.28687298583986 -33.87707320976257
endloop
endfacet
facet normal 0.8271705546706436 0.49756648244203144 0.26118282683998034
outer loop
vertex -194.79134954833984 204.8777543334961 -33.806767623901365
vertex -194.82064642333984 204.85726177978518 -33.67494456100464
vertex -186.51579107666015 191.05100262451174 -33.67494456100464
endloop
endfacet
facet normal 0.8482319523855071 0.5103482852275943 0.14158807406531324
outer loop
vertex -186.4015485229492 191.13887799072268 -34.35749475288391
vertex -187.91467108154296 193.65378582763674 -34.35749475288391
vertex -186.4161969604492 191.1242142944336 -34.2168835811615
endloop
endfacet
facet normal 0.8482522933806282 0.5103526772660439 0.14145031488789842
outer loop
vertex -187.9654828491211 193.70655072021486 -34.243161361694334
vertex -186.4161969604492 191.1242142944336 -34.2168835811615
vertex -187.91467108154296 193.65378582763674 -34.35749475288391
endloop
endfacet
facet normal 0.8430042050771664 0.5070874937013855 0.17946081453582519
outer loop
vertex -186.4161969604492 191.1242142944336 -34.2168835811615
vertex -187.9769879760742 193.7189408569336 -34.2168835811615
vertex -186.4367047729492 191.10958111572268 -34.079201858520506
endloop
endfacet
facet normal 0.8569007884716454 0.5153783151730243 0.010306840742307812
outer loop
vertex -186.3751813354492 191.1593705444336 -34.78518716621399
vertex -187.73393072509765 193.418983581543 -34.80867997932434
vertex -187.74235357666015 193.43251812744143 -34.78518716621399
endloop
endfacet
facet normal 0.8560971662765569 0.514788142680073 0.04572537642545925
outer loop
vertex -187.79792608642578 193.509803894043 -34.641646545410154
vertex -186.3810407104492 191.1535111694336 -34.641646545410154
vertex -187.7886334838867 193.49651348876955 -34.66600124168396
endloop
endfacet
facet normal 0.8546969985206003 0.5139419906766424 0.07318928158690367
outer loop
vertex -187.85526861572265 193.58472454833986 -34.4981061630249
vertex -186.3898297729492 191.14766705322268 -34.4981061630249
vertex -187.79792608642578 193.509803894043 -34.641646545410154
endloop
endfacet
facet normal 0.8494782642409148 0.511098142759461 0.13101666706977536
outer loop
vertex -187.90351690673828 193.64177716064455 -34.38296953964233
vertex -187.91467108154296 193.65378582763674 -34.35749475288391
vertex -186.4015485229492 191.13887799072268 -34.35749475288391
endloop
endfacet
facet normal 0.8524300703705954 0.5125788531341553 0.10308197925755935
outer loop
vertex -186.3898297729492 191.14766705322268 -34.4981061630249
vertex -187.85526861572265 193.58472454833986 -34.4981061630249
vertex -186.4015485229492 191.13887799072268 -34.35749475288391
endloop
endfacet
facet normal -0.41557307777852603 -0.9095536704341673 -0.0033373081093952778
outer loop
vertex -203.73290838623046 189.69467938232424 -35.00776306915283
vertex -204.35291876220703 189.98760235595705 -37.635493364214895
vertex -203.73287786865234 189.69467938232424 -35.01156322288513
endloop
endfacet
facet normal -0.43339681443557965 -0.9012023082880761 0.001265216714622048
outer loop
vertex -204.0394574584961 189.83821881103518 -37.80246915671229
vertex -203.7290326538086 189.69280255126955 -35.04590384292602
vertex -204.1185590209961 189.87630474853518 -37.770245756983755
endloop
endfacet
facet normal -0.42039424704751543 -0.9072820999583057 -0.010385959012040815
outer loop
vertex -203.71430792236328 189.68589031982424 -34.92872778701782
vertex -205.1848737182617 190.38307965087893 -36.30847517776489
vertex -205.1438580932617 190.365516784668 -36.43443934249878
endloop
endfacet
facet normal 0.6310211038161515 0.37957704030882317 0.676560150325926
outer loop
vertex -187.04015936279296 190.65552532958986 -32.49439636993408
vertex -186.97865118408203 190.69947064208986 -32.57641951370239
vertex -195.34501470947265 204.4617844848633 -32.49439636993408
endloop
endfacet
facet normal 0.0 1.0 -0.0
outer loop
vertex -187.10168280029296 190.60866558837893 -32.41530243682861
vertex -187.10169805908203 190.60866558837893 -32.41530291366577
vertex -187.10169805908203 190.60866558837893 -32.41530243682861
endloop
endfacet
facet normal 0.0 0.8159967442053768 0.5780564967598104
outer loop
vertex -187.10168280029296 190.60866558837893 -32.41530243682861
vertex -187.10169805908203 190.60866558837893 -32.41530243682861
vertex -187.1661206665039 190.55886090087893 -32.344997089385984
endloop
endfacet
facet normal -0.44721366482402203 -0.8944271563345886 2.426626353664419e-06
outer loop
vertex -203.71430792236328 189.68589031982424 -37.858127754211424
vertex -203.63227667236328 189.64487469482424 -37.85519835402444
vertex -203.7110883178711 189.68428814697268 -35.04590384292602
endloop
endfacet
facet normal -0.44721053917044373 -0.8944210783408875 0.0036970629430950774
outer loop
vertex -203.72912420654296 189.69284832763674 -35.04590384292602
vertex -204.1185590209961 189.87630474853518 -37.770245756983755
vertex -203.7290326538086 189.69280255126955 -35.04590384292602
endloop
endfacet
facet normal -0.4271564004043104 -0.9041777533171409 0.0
outer loop
vertex -203.73287786865234 189.69467938232424 -35.01156322288513
vertex -204.35291876220703 189.98760235595705 -37.635493364214895
vertex -203.73287786865234 189.69467938232424 -35.01167551803589
endloop
endfacet
facet normal -0.4199445715801043 -0.9075473699016072 -0.0020804290611095007
outer loop
vertex -204.27674688720703 189.95247662353518 -37.6882225536108
vertex -203.73287786865234 189.69467938232424 -35.01167551803589
vertex -204.35291876220703 189.98760235595705 -37.635493364214895
endloop
endfacet
facet normal -0.42717358897678104 -0.9041696328016641 0.0
outer loop
vertex -203.73290838623046 189.69467938232424 -35.00776306915283
vertex -203.73290838623046 189.69467938232424 -35.0076321773529
vertex -204.35291876220703 189.98760235595705 -37.635493364214895
endloop
endfacet
facet normal -0.4282876391504986 -0.9036148706791881 0.007061419002313416
outer loop
vertex -202.0650464477539 188.9008256225586 -35.35934964942932
vertex -203.50924505615234 189.58821881103518 -34.990260284423826
vertex -202.0796948852539 188.90666973876955 -35.49996082115173
endloop
endfacet
facet normal 0.8095454175612138 0.48696446400148224 0.32787471342784136
outer loop
vertex -186.55094732666015 191.02463543701174 -33.54898039627075
vertex -186.51579107666015 191.05100262451174 -33.67494456100464
vertex -194.82064642333984 204.85726177978518 -33.67494456100464
endloop
endfacet
facet normal 0.814506503551918 0.4897764005985922 0.31096339509388693
outer loop
vertex -194.82064642333984 204.85726177978518 -33.67494456100464
vertex -194.85287298583984 204.8308793334961 -33.54898039627075
vertex -186.55094732666015 191.02463543701174 -33.54898039627075
endloop
endfacet
facet normal -0.0 0.0 1.0
outer loop
vertex -193.10856451416015 202.11435711669924 -33.87707320976257
vertex -190.80570806884765 198.28687298583986 -33.87707320976257
vertex -177.8501264038086 207.6465531616211 -33.87707320976257
endloop
endfacet
facet normal -0.4228246727451541 -0.9061164269888784 0.01312695162106959
outer loop
vertex -202.1734448852539 188.95061505126955 -36.050688069343565
vertex -202.1441480102539 188.93889630126955 -35.915935557365415
vertex -203.69672979736328 189.67751324462893 -34.94060937690735
endloop
endfacet
facet normal 0.606805574963468 -0.7948242456480121 -0.0064352718142820465
outer loop
vertex -186.51579107666015 191.05100262451174 -33.67494456100464
vertex -186.9848004760742 190.6964494018555 -34.108495872497556
vertex -186.4865094604492 191.07442486572268 -33.806767623901365
endloop
endfacet
facet normal 0.6024178573218434 -0.7981801867876182 0.0010557459174031969
outer loop
vertex -186.51579107666015 191.05100262451174 -33.67494456100464
vertex -186.55094732666015 191.02463543701174 -33.54898039627075
vertex -186.9848004760742 190.6964494018555 -34.108495872497556
endloop
endfacet
facet normal 0.8383262369822088 0.5042781374528088 0.2071537604639983
outer loop
vertex -188.10900701904296 193.83313763427736 -33.941519897460935
vertex -186.4601422729492 191.09201824951174 -33.941519897460935
vertex -188.0416852416992 193.7777787475586 -34.079201858520506
endloop
endfacet
facet normal 0.8383497884122612 0.5042861219603648 0.20703898055026534
outer loop
vertex -186.4367047729492 191.10958111572268 -34.079201858520506
vertex -188.0416852416992 193.7777787475586 -34.079201858520506
vertex -186.4601422729492 191.09201824951174 -33.941519897460935
endloop
endfacet
facet normal 0.83419463987396 0.5017928590462148 0.22874271445398958
outer loop
vertex -186.4865094604492 191.07442486572268 -33.806767623901365
vertex -186.4601422729492 191.09201824951174 -33.941519897460935
vertex -188.10900701904296 193.83313763427736 -33.941519897460935
endloop
endfacet
facet normal 0.8247161998895512 0.49619449959274003 0.2713562385751392
outer loop
vertex -186.4865094604492 191.07442486572268 -33.806767623901365
vertex -194.79134954833984 204.8777543334961 -33.806767623901365
vertex -186.51579107666015 191.05100262451174 -33.67494456100464
endloop
endfacet
facet normal -0.43375139735889506 -0.901032499802399 0.0003994859768901697
outer loop
vertex -203.31005682373046 189.4925462036133 -32.08720986175537
vertex -203.3891431274414 189.5306321411133 -32.054986637115476
vertex -203.71430792236328 189.68589031982424 -34.92872778701782
endloop
endfacet
facet normal -0.4336653366869354 -0.9010739303602271 0.000384423437465145
outer loop
vertex -203.23095526123046 189.4544602661133 -32.1252919845581
vertex -203.31005682373046 189.4925462036133 -32.08720986175537
vertex -203.71430792236328 189.68589031982424 -34.92872778701782
endloop
endfacet
facet normal -0.433561010645229 -0.9011111503592285 0.004852292917342329
outer loop
vertex -203.71430792236328 189.68589031982424 -34.92872778701782
vertex -202.20858587646484 188.9681779174805 -33.67494456100464
vertex -202.24374212646484 188.98577130126955 -33.54898039627075
endloop
endfacet
facet normal -0.43335460617242805 -0.9012120245047514 0.0045466688011189735
outer loop
vertex -202.1734448852539 188.95061505126955 -33.806767623901365
vertex -202.20858587646484 188.9681779174805 -33.67494456100464
vertex -203.71430792236328 189.68589031982424 -34.92872778701782
endloop
endfacet
facet normal -0.4362260329961927 -0.8998211758540837 0.005357202719575405
outer loop
vertex -202.32870306396484 189.02385723876955 -33.29998127746582
vertex -202.37557806396484 189.0472794799805 -33.18280569839477
vertex -203.71430792236328 189.68589031982424 -34.92872778701782
endloop
endfacet
facet normal -0.4394272466630582 -0.8982587243978152 0.005912607997659459
outer loop
vertex -202.53669561767578 189.12343609619143 -32.857641857147215
vertex -202.5952741088867 189.1527482299805 -32.75804201889038
vertex -203.71430792236328 189.68589031982424 -34.92872778701782
endloop
endfacet
facet normal -0.4472135954999579 -0.8944271909999159 -0.0
outer loop
vertex -203.71430792236328 189.68589031982424 -31.999327819824217
vertex -203.71430792236328 189.68589031982424 -34.92872778701782
vertex -203.63227667236328 189.64487469482424 -32.00225750732422
endloop
endfacet
facet normal -0.42117575603619384 -0.9069790419449286 0.0
outer loop
vertex -203.71430792236328 189.68589031982424 -31.999327819824217
vertex -203.7963239135742 189.72397625732424 -32.00225750732422
vertex -203.71430792236328 189.68589031982424 -34.92872778701782
endloop
endfacet
facet normal -0.43006005282363835 -0.902800282428132 -3.1827891032655e-05
outer loop
vertex -202.65678228759765 189.1820451049805 -32.66430155563354
vertex -203.71430792236328 189.68589031982424 -34.92872778701782
vertex -202.5952741088867 189.1527482299805 -32.75804201889038
endloop
endfacet
facet normal 0.7989051937638459 0.4805635373408139 0.3616755147305884
outer loop
vertex -186.58610357666015 190.99825299072268 -33.42301623153686
vertex -194.89095892333984 204.80452740478518 -33.42301623153686
vertex -186.62418951416015 190.96897137451174 -33.29998127746582
endloop
endfacet
facet normal -0.4323863661440267 -0.9016882772935846 0.0005300604598342047
outer loop
vertex -203.00245489501953 189.34609234619143 -32.28055016326904
vertex -203.07569708251953 189.38124859619143 -32.22196213531494
vertex -203.71430792236328 189.68589031982424 -34.92872778701782
endloop
endfacet
facet normal 0.8568668774034552 0.5155377332541742 0.0
outer loop
vertex -187.10169805908203 190.60866558837893 -32.41530243682861
vertex -187.10169805908203 190.60866558837893 -32.41530291366577
vertex -195.4065228881836 204.4119797973633 -32.41530243682861
endloop
endfacet
facet normal -0.4270045973854341 -0.9042353094547909 -0.005057563336436104
outer loop
vertex -203.69672979736328 189.677528503418 -34.91783134269714
vertex -202.1441480102539 188.93889630126955 -33.941519897460935
vertex -203.71430792236328 189.68589031982424 -34.92872778701782
endloop
endfacet
facet normal -0.43102429219406374 -0.9023368095653583 0.002518261705377111
outer loop
vertex -202.0796948852539 188.90666973876955 -34.35749475288391
vertex -202.0972730102539 188.91545880126955 -34.2168835811615
vertex -203.71430792236328 189.68589031982424 -34.92872778701782
endloop
endfacet
facet normal -0.44004974674092906 -0.897736989228247 0.020603848297020166
outer loop
vertex -202.1441480102539 188.93889630126955 -33.941519897460935
vertex -203.69672979736328 189.677528503418 -34.91783134269714
vertex -202.1207105102539 188.92424786376955 -34.079201858520506
endloop
endfacet
facet normal -0.44114401192385744 -0.8971364070661249 0.02319973836507519
outer loop
vertex -203.69672979736328 189.677528503418 -34.91783134269714
vertex -203.71430792236328 189.68589031982424 -34.92872778701782
vertex -202.1207105102539 188.92424786376955 -34.079201858520506
endloop
endfacet
facet normal 0.6772296465200289 -0.5053613936405847 0.5347615054320971
outer loop
vertex -187.6824780883789 193.3370744018555 -34.9513737373352
vertex -175.2496930541992 206.92226422119143 -37.858127754211424
vertex -187.69030584716796 193.35054791259768 -34.92872778701782
endloop
endfacet
facet normal -0.4199455784154938 -0.907546899954422 0.002082198932566221
outer loop
vertex -204.27674688720703 189.95247662353518 -32.16923300552368
vertex -204.35291876220703 189.98760235595705 -32.22196213531494
vertex -203.71430792236328 189.68589031982424 -34.92872778701782
endloop
endfacet
facet normal -0.433706228456512 -0.9010542452435075 0.00039309881831091863
outer loop
vertex -203.15186895751953 189.4163743286133 -32.16923300552368
vertex -203.23095526123046 189.4544602661133 -32.1252919845581
vertex -203.71430792236328 189.68589031982424 -34.92872778701782
endloop
endfacet
facet normal -0.4336826321280724 -0.901065687151809 -4.503448797488024e-05
outer loop
vertex -203.47115911865234 189.5687180786133 -32.03155152130127
vertex -203.55026068115234 189.60678875732424 -32.01397482681274
vertex -203.71430792236328 189.68589031982424 -34.92872778701782
endloop
endfacet
facet normal -0.433436034388008 -0.9011834363329603 -0.0012720743354852947
outer loop
vertex -203.96037115478515 189.80014813232424 -32.03155152130127
vertex -204.0394574584961 189.83821881103518 -32.054986637115476
vertex -203.71430792236328 189.68589031982424 -34.92872778701782
endloop
endfacet
facet normal -0.4333963668445434 -0.9012025216315135 -0.0012665744949410284
outer loop
vertex -204.0394574584961 189.83821881103518 -32.054986637115476
vertex -204.1185590209961 189.87630474853518 -32.08720986175537
vertex -203.71430792236328 189.68589031982424 -34.92872778701782
endloop
endfacet
facet normal -0.43332506193514947 -0.9012368267294267 -0.0012541314013159322
outer loop
vertex -204.1185590209961 189.87630474853518 -32.08720986175537
vertex -204.1976605834961 189.91439068603518 -32.1252919845581
vertex -203.71430792236328 189.68589031982424 -34.92872778701782
endloop
endfacet
facet normal -0.4333181664059157 -0.9012401441764469 -0.0012526721168691606
outer loop
vertex -204.1976605834961 189.91439068603518 -32.1252919845581
vertex -204.27674688720703 189.95247662353518 -32.16923300552368
vertex -203.71430792236328 189.68589031982424 -34.92872778701782
endloop
endfacet
facet normal -0.4319134164131772 -0.9019140346205106 -0.0013692614249617623
outer loop
vertex -204.42614569091796 190.02275860595705 -32.28055016326904
vertex -203.71430792236328 189.68589031982424 -34.92872778701782
vertex -204.35291876220703 189.98760235595705 -32.22196213531494
endloop
endfacet
facet normal -0.4317821770875702 -0.9019769361354435 -0.00132598236649171
outer loop
vertex -204.42614569091796 190.02275860595705 -32.28055016326904
vertex -204.49938787841796 190.05791485595705 -32.344997089385984
vertex -203.71430792236328 189.68589031982424 -34.92872778701782
endloop
endfacet
facet normal -0.4317153845500237 -0.902008943380076 -0.0013010784696428162
outer loop
vertex -204.49938787841796 190.05791485595705 -32.344997089385984
vertex -204.57263006591796 190.09307110595705 -32.41530243682861
vertex -203.71430792236328 189.68589031982424 -34.92872778701782
endloop
endfacet
facet normal -0.4306986234003723 -0.9024953906150626 -0.0008750540496514844
outer loop
vertex -204.57263006591796 190.09307110595705 -32.41530243682861
vertex -204.6399976196289 190.12529766845705 -32.49439636993408
vertex -203.71430792236328 189.68589031982424 -34.92872778701782
endloop
endfacet
facet normal -0.43079122261008546 -0.9024511506645944 -0.0009182517395828214
outer loop
vertex -204.6399976196289 190.12529766845705 -32.49439636993408
vertex -204.70736517333984 190.1575394897461 -32.57641951370239
vertex -203.71430792236328 189.68589031982424 -34.92872778701782
endloop
endfacet
facet normal -0.4324177181935177 -0.901673236233918 0.0005404181385237505
outer loop
vertex -202.9292279663086 189.31093609619143 -32.344997089385984
vertex -203.00245489501953 189.34609234619143 -32.28055016326904
vertex -203.71430792236328 189.68589031982424 -34.92872778701782
endloop
endfacet
facet normal -0.43141344005740057 -0.9021543264215948 0.00012270549409938613
outer loop
vertex -202.7212506713867 189.21132672119143 -32.57641951370239
vertex -202.78861822509765 189.24355328369143 -32.49439636993408
vertex -203.71430792236328 189.68589031982424 -34.92872778701782
endloop
endfacet
facet normal 0.8321362294727247 0.5006657673559174 0.2385017505110337
outer loop
vertex -193.10856451416015 202.11435711669924 -33.87707320976257
vertex -194.79134954833984 204.8777543334961 -33.806767623901365
vertex -190.80570806884765 198.28687298583986 -33.87707320976257
endloop
endfacet
facet normal 0.8495313443222031 0.5110137264068352 0.13100178028527198
outer loop
vertex -187.9654828491211 193.70655072021486 -34.243161361694334
vertex -187.9769879760742 193.7189408569336 -34.2168835811615
vertex -186.4161969604492 191.1242142944336 -34.2168835811615
endloop
endfacet
facet normal 0.8301139198410542 -0.3141240758692799 -0.4606918113504847
outer loop
vertex -200.5002728881836 194.15833294677736 -36.7859673910141
vertex -197.24751104736328 202.9173966674805 -36.89725635576248
vertex -197.24671759033203 202.90847027587893 -36.88974015045166
endloop
endfacet
facet normal -0.43839571605576905 -0.8987588350704508 -0.0064616195149064535
outer loop
vertex -204.83332647705078 190.21611798095705 -32.75804201889038
vertex -204.89192022705078 190.24541485595705 -32.857641857147215
vertex -203.71430792236328 189.68589031982424 -34.92872778701782
endloop
endfacet
facet normal -0.4336320322522955 -0.901081597765466 -0.003900611898026757
outer loop
vertex -203.73283209228515 189.69467938232424 -34.8997551612854
vertex -205.00324835205078 190.298133972168 -33.07148854064941
vertex -203.71430792236328 189.68589031982424 -34.92872778701782
endloop
endfacet
facet normal -0.4351760799252062 -0.9003261778709261 -0.005878171591561718
outer loop
vertex -205.0530377807617 190.321571472168 -33.18280569839477
vertex -205.0999127807617 190.34499371337893 -33.29998127746582
vertex -203.71430792236328 189.68589031982424 -34.92872778701782
endloop
endfacet
facet normal -0.4295708068166435 -0.9030330320451874 -0.0005147486508832192
outer loop
vertex -203.73280157470703 189.69467938232424 -34.91411988067627
vertex -205.25517095947265 190.41823590087893 -33.806767623901365
vertex -203.71430792236328 189.68589031982424 -34.92872778701782
endloop
endfacet
facet normal -0.4317453125674182 -0.9019858499692943 -0.004184678151546894
outer loop
vertex -205.25517095947265 190.41823590087893 -33.806767623901365
vertex -205.28446783447265 190.43288433837893 -33.941519897460935
vertex -203.71430792236328 189.68589031982424 -34.92872778701782
endloop
endfacet
facet normal -0.4313729505934425 -0.9021670789698121 -0.0034553030813889666
outer loop
vertex -205.28446783447265 190.43288433837893 -33.941519897460935
vertex -205.30790533447265 190.444618347168 -34.079201858520506
vertex -203.71430792236328 189.68589031982424 -34.92872778701782
endloop
endfacet
facet normal -0.4235870211629311 -0.9057418827907363 0.014341452541732703
outer loop
vertex -203.73280157470703 189.69467938232424 -34.9199549369812
vertex -205.30790533447265 190.444618347168 -34.079201858520506
vertex -205.3313275756836 190.45339215087893 -34.2168835811615
endloop
endfacet
facet normal -0.42766658877126545 -0.9039344037357164 0.001970429319768349
outer loop
vertex -205.0999127807617 190.34499371337893 -33.29998127746582
vertex -205.1438580932617 190.365516784668 -33.42301623153686
vertex -203.71430792236328 189.68589031982424 -34.92872778701782
endloop
endfacet
facet normal -0.42202671409065023 -0.9065435217100238 0.008502696009862457
outer loop
vertex -205.1438580932617 190.365516784668 -33.42301623153686
vertex -203.7328168334961 189.69467938232424 -34.91033212471008
vertex -203.71430792236328 189.68589031982424 -34.92872778701782
endloop
endfacet
facet normal -0.42782171576542927 -0.9038625338400962 0.001048541694565638
outer loop
vertex -205.00324835205078 190.298133972168 -33.07148854064941
vertex -205.0530377807617 190.321571472168 -33.18280569839477
vertex -203.71430792236328 189.68589031982424 -34.92872778701782
endloop
endfacet
facet normal -0.41969741984762166 -0.9076403011884842 0.0065695838321048715
outer loop
vertex -204.89192022705078 190.24541485595705 -32.857641857147215
vertex -204.95051397705078 190.271766784668 -32.96017090606689
vertex -203.71430792236328 189.68589031982424 -34.92872778701782
endloop
endfacet
facet normal -0.4293206490952099 -0.9031518564674631 -0.0007102252053969645
outer loop
vertex -204.77181829833984 190.186805847168 -32.66430155563354
vertex -204.83332647705078 190.21611798095705 -32.75804201889038
vertex -203.71430792236328 189.68589031982424 -34.92872778701782
endloop
endfacet
facet normal -0.41917224429868233 -0.9078925293346197 0.005077872388377083
outer loop
vertex -204.70736517333984 190.1575394897461 -32.57641951370239
vertex -204.77181829833984 190.186805847168 -32.66430155563354
vertex -203.71430792236328 189.68589031982424 -34.92872778701782
endloop
endfacet
facet normal 0.6773753080395192 -0.5055792057346489 0.5343709935869349
outer loop
vertex -187.69030584716796 193.35054791259768 -34.92872778701782
vertex -175.2496930541992 206.92226422119143 -37.858127754211424
vertex -187.73393072509765 193.418983581543 -34.80867997932434
endloop
endfacet
facet normal -0.4294728442380335 -0.9030791547763687 -0.001056537028866468
outer loop
vertex -202.53669561767578 189.12343609619143 -32.857641857147215
vertex -203.71430792236328 189.68589031982424 -34.92872778701782
vertex -202.48103155517578 189.0970841674805 -32.96017090606689
endloop
endfacet
facet normal -0.4434620881382921 -0.8962809184482152 0.004678847042749422
outer loop
vertex -202.8589154663086 189.27577984619143 -32.41530243682861
vertex -202.9292279663086 189.31093609619143 -32.344997089385984
vertex -203.71430792236328 189.68589031982424 -34.92872778701782
endloop
endfacet
facet normal -0.472711709683934 -0.8805300992982784 -0.03479056995014749
outer loop
vertex -204.95051397705078 190.271766784668 -32.96017090606689
vertex -203.7328473510742 189.69467938232424 -34.89927236366272
vertex -203.71430792236328 189.68589031982424 -34.92872778701782
endloop
endfacet
facet normal 0.8556054042192183 0.514598725299945 0.05592445073972672
outer loop
vertex -186.3810407104492 191.1535111694336 -34.641646545410154
vertex -187.74235357666015 193.43251812744143 -34.78518716621399
vertex -187.7886334838867 193.49651348876955 -34.66600124168396
endloop
endfacet
facet normal -0.4212816017127529 -0.9069294339923373 -0.0009021178837562294
outer loop
vertex -203.55026068115234 189.60678875732424 -32.01397482681274
vertex -203.63227667236328 189.64487469482424 -32.00225750732422
vertex -203.71430792236328 189.68589031982424 -34.92872778701782
endloop
endfacet
facet normal -0.4214815065327733 -0.9068360620302396 -0.001302402530321421
outer loop
vertex -203.71430792236328 189.68589031982424 -34.92872778701782
vertex -203.3891431274414 189.5306321411133 -32.054986637115476
vertex -203.47115911865234 189.5687180786133 -32.03155152130127
endloop
endfacet
facet normal -0.42042594635797575 -0.9073221384826151 -0.002925858563633166
outer loop
vertex -203.71430792236328 189.68589031982424 -34.92872778701782
vertex -203.07569708251953 189.38124859619143 -32.22196213531494
vertex -203.15186895751953 189.4163743286133 -32.16923300552368
endloop
endfacet
facet normal 0.6774359931912333 -0.5056726591264481 0.5342056129815509
outer loop
vertex -187.73393072509765 193.418983581543 -34.80867997932434
vertex -175.2496930541992 206.92226422119143 -37.858127754211424
vertex -187.74235357666015 193.43251812744143 -34.78518716621399
endloop
endfacet
facet normal 0.8546908229913571 0.5139424806731453 0.07325792553635488
outer loop
vertex -186.3810407104492 191.1535111694336 -34.641646545410154
vertex -187.79792608642578 193.509803894043 -34.641646545410154
vertex -186.3898297729492 191.14766705322268 -34.4981061630249
endloop
endfacet
facet normal -0.42003290409228733 -0.907490606843011 -0.005758295885349203
outer loop
vertex -202.65678228759765 189.1820451049805 -32.66430155563354
vertex -202.7212506713867 189.21132672119143 -32.57641951370239
vertex -203.71430792236328 189.68589031982424 -34.92872778701782
endloop
endfacet
facet normal -0.42962288029076007 -0.9030079151429606 -0.0009412331457571851
outer loop
vertex -202.48103155517578 189.0970841674805 -32.96017090606689
vertex -203.71430792236328 189.68589031982424 -34.92872778701782
vertex -202.42536749267578 189.0707169799805 -33.07148854064941
endloop
endfacet
facet normal 0.8524149676766268 0.5125774521930788 0.10321375094485741
outer loop
vertex -186.4015485229492 191.13887799072268 -34.35749475288391
vertex -187.85526861572265 193.58472454833986 -34.4981061630249
vertex -187.90351690673828 193.64177716064455 -34.38296953964233
endloop
endfacet
facet normal -0.44655179994331656 -0.8946464700459023 -0.014113242072282598
outer loop
vertex -203.73283209228515 189.69467938232424 -34.8997551612854
vertex -203.71430792236328 189.68589031982424 -34.92872778701782
vertex -203.7328473510742 189.69467938232424 -34.89927236366272
endloop
endfacet
facet normal -0.4289504793189926 -0.9033280059269758 -0.0
outer loop
vertex -203.7328168334961 189.69467938232424 -34.913637559890745
vertex -203.7328168334961 189.69467938232424 -34.91379515457153
vertex -203.71430792236328 189.68589031982424 -34.92872778701782
endloop
endfacet
facet normal -0.44249710206783804 -0.8965288469930031 -0.020792815368826455
outer loop
vertex -203.73280157470703 189.69467938232424 -34.91411988067627
vertex -203.71430792236328 189.68589031982424 -34.92872778701782
vertex -203.7328168334961 189.69467938232424 -34.91379515457153
endloop
endfacet
facet normal -0.4240456227707021 -0.9055430898850041 0.013304967888981657
outer loop
vertex -203.71430792236328 189.68589031982424 -34.92872778701782
vertex -205.30790533447265 190.444618347168 -34.079201858520506
vertex -203.73280157470703 189.69467938232424 -34.9199549369812
endloop
endfacet
facet normal -0.4282862115795399 -0.903615548781645 -0.007061230125984073
outer loop
vertex -202.0650464477539 188.9008256225586 -34.4981061630249
vertex -202.0796948852539 188.90666973876955 -34.35749475288391
vertex -203.71430792236328 189.68589031982424 -34.92872778701782
endloop
endfacet
facet normal 0.6773457074445424 -0.5055325122485159 0.5344526842164388
outer loop
vertex -187.79792608642578 193.509803894043 -34.641646545410154
vertex -175.2496930541992 206.92226422119143 -37.858127754211424
vertex -187.85526861572265 193.58472454833986 -34.4981061630249
endloop
endfacet
facet normal -0.4324354032102435 -0.9016493750742346 -0.005294004026850001
outer loop
vertex -203.71430792236328 189.68589031982424 -34.92872778701782
vertex -205.1848737182617 190.38307965087893 -33.54898039627075
vertex -205.22001470947265 190.400673034668 -33.67494456100464
endloop
endfacet
facet normal -0.4337577100362987 -0.901000364828099 -0.0072520041160143685
outer loop
vertex -205.22001470947265 190.400673034668 -33.67494456100464
vertex -203.7328168334961 189.69467938232424 -34.913637559890745
vertex -203.71430792236328 189.68589031982424 -34.92872778701782
endloop
endfacet
facet normal -0.4309676175163221 -0.9023468892710576 -0.00608309749642076
outer loop
vertex -205.3313275756836 190.45339215087893 -34.2168835811615
vertex -203.73280157470703 189.69467938232424 -34.922253768920896
vertex -203.71430792236328 189.68589031982424 -34.92872778701782
endloop
endfacet
facet normal -0.23835729213563298 -0.8489599093681206 0.4716491000430735
outer loop
vertex -205.3489057006836 190.46218121337893 -34.35749475288391
vertex -203.71430792236328 189.68589031982424 -34.92872778701782
vertex -203.73280157470703 189.69467938232424 -34.922253768920896
endloop
endfacet
facet normal -0.43135936179575507 -0.9020776426469949 -0.013602486081571987
outer loop
vertex -205.3635541381836 190.46804058837893 -34.4981061630249
vertex -203.73280157470703 189.69467938232424 -34.92512599754333
vertex -203.71430792236328 189.68589031982424 -34.92872778701782
endloop
endfacet
facet normal -0.42930813417358066 -0.9031579803731731 -0.0004340744753857263
outer loop
vertex -205.3723432006836 190.47388470458986 -34.641646545410154
vertex -203.71430792236328 189.68589031982424 -34.92872778701782
vertex -203.73280157470703 189.69467938232424 -34.92512599754333
endloop
endfacet
facet normal -0.42937461430472185 -0.9031260267702957 -0.0009057376938584313
outer loop
vertex -205.3723432006836 190.47388470458986 -34.641646545410154
vertex -205.3782025756836 190.47681439208986 -34.78518716621399
vertex -203.71430792236328 189.68589031982424 -34.92872778701782
endloop
endfacet
facet normal -0.4290635960023806 -0.903267581406916 0.0034795064026843527
outer loop
vertex -205.3782025756836 190.47681439208986 -34.78518716621399
vertex -203.73280157470703 189.69467938232424 -34.92760054397583
vertex -203.71430792236328 189.68589031982424 -34.92872778701782
endloop
endfacet
facet normal -0.42886983263084577 -0.9033375711326133 0.007204112674113944
outer loop
vertex -203.7328168334961 189.69467938232424 -34.928508918762205
vertex -203.71430792236328 189.68589031982424 -34.92872778701782
vertex -203.73280157470703 189.69467938232424 -34.92760054397583
endloop
endfacet
facet normal 0.6773378503739071 -0.5055355275815846 0.5344597896976565
outer loop
vertex -188.10900701904296 193.83313763427736 -33.941519897460935
vertex -188.0416852416992 193.7777787475586 -34.079201858520506
vertex -177.8501264038086 207.6465531616211 -33.87707320976257
endloop
endfacet
facet normal -0.4289504793189926 -0.9033280059269757 -0.0
outer loop
vertex -203.7328168334961 189.69467938232424 -34.91033212471008
vertex -203.7328168334961 189.69467938232424 -34.9105121307373
vertex -203.71430792236328 189.68589031982424 -34.92872778701782
endloop
endfacet
facet normal 0.677380220170219 -0.5055878451447049 0.5343565927019891
outer loop
vertex -187.7886334838867 193.49651348876955 -34.66600124168396
vertex -175.2496930541992 206.92226422119143 -37.858127754211424
vertex -187.79792608642578 193.509803894043 -34.641646545410154
endloop
endfacet
facet normal 0.8430095953387283 0.5070890999016876 0.17943095309263063
outer loop
vertex -188.0416852416992 193.7777787475586 -34.079201858520506
vertex -186.4367047729492 191.10958111572268 -34.079201858520506
vertex -187.9769879760742 193.7189408569336 -34.2168835811615
endloop
endfacet
facet normal -0.42107993201519495 -0.9070114117432886 -0.004689330605223788
outer loop
vertex -202.78861822509765 189.24355328369143 -32.49439636993408
vertex -202.8589154663086 189.27577984619143 -32.41530243682861
vertex -203.71430792236328 189.68589031982424 -34.92872778701782
endloop
endfacet
facet normal -0.419697417491613 -0.9076403022620133 -0.006569586028954429
outer loop
vertex -204.95051397705078 190.271766784668 -36.89728454875946
vertex -204.89192022705078 190.24541485595705 -36.99981353807449
vertex -203.71430792236328 189.68589031982424 -34.92872778701782
endloop
endfacet
facet normal -0.4191722420225378 -0.9078925303775282 -0.005077873815723363
outer loop
vertex -204.77181829833984 190.186805847168 -37.19315395879745
vertex -204.70736517333984 190.1575394897461 -37.28103594112396
vertex -203.71430792236328 189.68589031982424 -34.92872778701782
endloop
endfacet
facet normal -0.42261708136456644 -0.9063072282638552 -0.001417933561158152
outer loop
vertex -203.73287786865234 189.69467938232424 -35.01167551803589
vertex -204.27674688720703 189.95247662353518 -37.6882225536108
vertex -203.71430792236328 189.68589031982424 -34.92872778701782
endloop
endfacet
facet normal -0.42111207436588843 -0.9070086112073463 -4.356519034638298e-06
outer loop
vertex -203.96037115478515 189.80014813232424 -37.82590435448289
vertex -203.87833990478515 189.76206219482424 -37.84348075467348
vertex -203.71430792236328 189.68589031982424 -34.92872778701782
endloop
endfacet
facet normal -0.42128160422431304 -0.9069294328258564 0.0009021177084390497
outer loop
vertex -203.71430792236328 189.68589031982424 -34.92872778701782
vertex -203.63227667236328 189.64487469482424 -37.85519835402444
vertex -203.55026068115234 189.60678875732424 -37.84348075467348
endloop
endfacet
facet normal -0.42148150754696845 -0.9068360615592038 0.001302402290504943
outer loop
vertex -203.47115911865234 189.5687180786133 -37.82590435448289
vertex -203.3891431274414 189.5306321411133 -37.80246915671229
vertex -203.71430792236328 189.68589031982424 -34.92872778701782
endloop
endfacet
facet normal -0.42703987974709157 -0.9042071571130014 0.006808680578011631
outer loop
vertex -203.71430792236328 189.68589031982424 -34.92872778701782
vertex -205.3489057006836 190.46218121337893 -34.35749475288391
vertex -205.3635541381836 190.46804058837893 -34.4981061630249
endloop
endfacet
facet normal -0.42293379794112196 -0.9060171245243408 0.016123666696607055
outer loop
vertex -203.73280157470703 189.69467938232424 -34.9199549369812
vertex -205.3313275756836 190.45339215087893 -34.2168835811615
vertex -203.71430792236328 189.68589031982424 -34.92872778701782
endloop
endfacet
facet normal -0.40574699844880713 -0.9135408330710126 0.02850472876039918
outer loop
vertex -203.7328168334961 189.69467938232424 -34.9105121307373
vertex -203.73283209228515 189.69467938232424 -34.910729330062864
vertex -203.71430792236328 189.68589031982424 -34.92872778701782
endloop
endfacet
facet normal -0.4206788733233728 -0.9071543004382235 0.010018020553733534
outer loop
vertex -205.1848737182617 190.38307965087893 -33.54898039627075
vertex -203.71430792236328 189.68589031982424 -34.92872778701782
vertex -203.73283209228515 189.69467938232424 -34.910729330062864
endloop
endfacet
facet normal -0.4288412073115419 -0.9033784579072038 -0.001606455969342671
outer loop
vertex -202.42536749267578 189.0707169799805 -33.07148854064941
vertex -203.71430792236328 189.68589031982424 -34.92872778701782
vertex -202.37557806396484 189.0472794799805 -33.18280569839477
endloop
endfacet
facet normal -0.4285453932717513 -0.9031333318830554 0.026439189612592142
outer loop
vertex -203.7328168334961 189.69467938232424 -34.928508918762205
vertex -205.3811322631836 190.47681439208986 -34.92872778701782
vertex -203.71430792236328 189.68589031982424 -34.92872778701782
endloop
endfacet
facet normal -0.42876507826841675 -0.9034126997636979 -0.0024498087976177673
outer loop
vertex -202.32870306396484 189.02385723876955 -33.29998127746582
vertex -203.71430792236328 189.68589031982424 -34.92872778701782
vertex -202.28475775146484 189.0033341674805 -33.42301623153686
endloop
endfacet
facet normal -0.4215310737727692 -0.9067492795461634 -0.010830414880772805
outer loop
vertex -203.71430792236328 189.68589031982424 -34.92872778701782
vertex -202.24374212646484 188.98577130126955 -33.54898039627075
vertex -202.28475775146484 189.0033341674805 -33.42301623153686
endloop
endfacet
facet normal -0.4228256590173792 -0.9061159627322867 -0.013127229649107197
outer loop
vertex -202.1441480102539 188.93889630126955 -33.941519897460935
vertex -202.1734448852539 188.95061505126955 -33.806767623901365
vertex -203.71430792236328 189.68589031982424 -34.92872778701782
endloop
endfacet
facet normal -0.42485261441914696 -0.9051457343362257 -0.01454151416292055
outer loop
vertex -202.1207105102539 188.92424786376955 -34.079201858520506
vertex -203.71430792236328 189.68589031982424 -34.92872778701782
vertex -202.0972730102539 188.91545880126955 -34.2168835811615
endloop
endfacet
facet normal -0.4200329015133228 -0.9074906080264122 0.005758297504652746
outer loop
vertex -202.7212506713867 189.21132672119143 -37.28103594112396
vertex -202.65678228759765 189.1820451049805 -37.19315395879745
vertex -203.71430792236328 189.68589031982424 -34.92872778701782
endloop
endfacet
facet normal -0.43006005291236177 -0.9028002823858692 3.182784103141828e-05
outer loop
vertex -202.65678228759765 189.1820451049805 -37.19315395879745
vertex -202.5952741088867 189.1527482299805 -37.09941313791275
vertex -203.71430792236328 189.68589031982424 -34.92872778701782
endloop
endfacet
facet normal -0.43942725616120404 -0.8982587197040326 -0.005912615183469084
outer loop
vertex -202.5952741088867 189.1527482299805 -37.09941313791275
vertex -202.53669561767578 189.12343609619143 -36.99981353807449
vertex -203.71430792236328 189.68589031982424 -34.92872778701782
endloop
endfacet
facet normal -0.4324177187648564 -0.9016732359597993 -0.0005404183394413873
outer loop
vertex -203.00245489501953 189.34609234619143 -37.576905351161955
vertex -202.9292279663086 189.31093609619143 -37.5124585442543
vertex -203.71430792236328 189.68589031982424 -34.92872778701782
endloop
endfacet
facet normal 0.855604818515677 0.5145988610968842 0.055932161504316576
outer loop
vertex -187.74235357666015 193.43251812744143 -34.78518716621399
vertex -186.3810407104492 191.1535111694336 -34.641646545410154
vertex -186.3751813354492 191.1593705444336 -34.78518716621399
endloop
endfacet
facet normal -0.4323863662097955 -0.9016882772620269 -0.0005300604934932143
outer loop
vertex -203.07569708251953 189.38124859619143 -37.635493364214895
vertex -203.00245489501953 189.34609234619143 -37.576905351161955
vertex -203.71430792236328 189.68589031982424 -34.92872778701782
endloop
endfacet
facet normal -0.43370622856368135 -0.9010542451919107 -0.0003930988473162208
outer loop
vertex -203.23095526123046 189.4544602661133 -37.73216354477405
vertex -203.15186895751953 189.4163743286133 -37.6882225536108
vertex -203.71430792236328 189.68589031982424 -34.92872778701782
endloop
endfacet
facet normal -0.4336653363589823 -0.9010739305180904 -0.0003844233740193313
outer loop
vertex -203.31005682373046 189.4925462036133 -37.770245756983755
vertex -203.23095526123046 189.4544602661133 -37.73216354477405
vertex -203.71430792236328 189.68589031982424 -34.92872778701782
endloop
endfacet
facet normal 0.8342086704261943 0.5017977809479713 0.22868074081883896
outer loop
vertex -188.14147772216796 193.85775006103518 -33.87707320976257
vertex -190.80570806884765 198.28687298583986 -33.87707320976257
vertex -186.4865094604492 191.07442486572268 -33.806767623901365
endloop
endfacet
facet normal -0.4337513966821977 -0.9010325001282122 -0.00039948585216523485
outer loop
vertex -203.3891431274414 189.5306321411133 -37.80246915671229
vertex -203.31005682373046 189.4925462036133 -37.770245756983755
vertex -203.71430792236328 189.68589031982424 -34.92872778701782
endloop
endfacet
facet normal -0.43368263199369395 -0.901065687216485 4.503449717800726e-05
outer loop
vertex -203.55026068115234 189.60678875732424 -37.84348075467348
vertex -203.47115911865234 189.5687180786133 -37.82590435448289
vertex -203.71430792236328 189.68589031982424 -34.92872778701782
endloop
endfacet
facet normal -0.4288512818057876 -0.9033523773212008 -0.006407845321792329
outer loop
vertex -203.71430792236328 189.68589031982424 -34.92872778701782
vertex -203.7328168334961 189.69467938232424 -34.929047744750974
vertex -205.3782025756836 190.47681439208986 -35.07226840782165
endloop
endfacet
facet normal -0.4286251107488154 -0.9033013316137737 -0.018089188493381432
outer loop
vertex -203.7328168334961 189.69467938232424 -34.929047744750974
vertex -203.71430792236328 189.68589031982424 -34.92872778701782
vertex -205.3811322631836 190.47681439208986 -34.92872778701782
endloop
endfacet
facet normal -0.4236425331500703 -0.9057178782359727 -0.014217213155872084
outer loop
vertex -203.8842145385742 189.7665940551758 -35.00716416168213
vertex -205.30790533447265 190.444618347168 -35.778253953933714
vertex -203.71430792236328 189.68589031982424 -34.92872778701782
endloop
endfacet
facet normal -0.42766658757617043 -0.9039344042981092 -0.0019704307082582676
outer loop
vertex -205.0999127807617 190.34499371337893 -36.55747417736053
vertex -203.71430792236328 189.68589031982424 -34.92872778701782
vertex -205.1438580932617 190.365516784668 -36.43443934249878
endloop
endfacet
facet normal -0.4278217164250345 -0.9038625335287722 -0.0010485409322591433
outer loop
vertex -205.00324835205078 190.298133972168 -36.7859673910141
vertex -203.71430792236328 189.68589031982424 -34.92872778701782
vertex -205.0530377807617 190.321571472168 -36.674650114059446
endloop
endfacet
facet normal -0.4319134165831558 -0.9019140345389782 0.0013692615118430878
outer loop
vertex -204.42614569091796 190.02275860595705 -37.576905351161955
vertex -204.35291876220703 189.98760235595705 -37.635493364214895
vertex -203.71430792236328 189.68589031982424 -34.92872778701782
endloop
endfacet
facet normal -0.4293206471141859 -0.903151857410036 0.0007102240904256829
outer loop
vertex -204.77181829833984 190.186805847168 -37.19315395879745
vertex -203.71430792236328 189.68589031982424 -34.92872778701782
vertex -204.83332647705078 190.21611798095705 -37.09941313791275
endloop
endfacet
facet normal -0.4204259480181075 -0.9073221377146419 0.002925858166058516
outer loop
vertex -203.15186895751953 189.4163743286133 -37.6882225536108
vertex -203.07569708251953 189.38124859619143 -37.635493364214895
vertex -203.71430792236328 189.68589031982424 -34.92872778701782
endloop
endfacet
facet normal -0.44721095566021474 -0.8944219113204295 0.0034359405389787633
outer loop
vertex -203.72912420654296 189.69284832763674 -35.04590384292602
vertex -203.7290326538086 189.69280255126955 -35.04590384292602
vertex -203.71430792236328 189.68589031982424 -34.92872778701782
endloop
endfacet
facet normal -0.4306986244830032 -0.9024953900978977 0.0008750545654008915
outer loop
vertex -204.6399976196289 190.12529766845705 -37.36305917429924
vertex -204.57263006591796 190.09307110595705 -37.442152958393095
vertex -203.71430792236328 189.68589031982424 -34.92872778701782
endloop
endfacet
facet normal -0.41559488095188735 -0.9095437076537117 -0.003337483202323959
outer loop
vertex -203.73290838623046 189.69467938232424 -35.00776306915283
vertex -203.73287786865234 189.69467938232424 -35.01156322288513
vertex -203.71430792236328 189.68589031982424 -34.92872778701782
endloop
endfacet
facet normal -0.4317153819009491 -0.9020089446494318 0.0013010774519217718
outer loop
vertex -204.57263006591796 190.09307110595705 -37.442152958393095
vertex -204.49938787841796 190.05791485595705 -37.5124585442543
vertex -203.71430792236328 189.68589031982424 -34.92872778701782
endloop
endfacet
facet normal -0.42722529638785456 -0.9041452019041575 -0.0
outer loop
vertex -203.73290838623046 189.69467938232424 -35.0076321773529
vertex -203.73290838623046 189.69467938232424 -35.00776306915283
vertex -203.71430792236328 189.68589031982424 -34.92872778701782
endloop
endfacet
facet normal -0.43178217848996925 -0.9019769354633823 0.0013259828587968367
outer loop
vertex -204.49938787841796 190.05791485595705 -37.5124585442543
vertex -204.42614569091796 190.02275860595705 -37.576905351161955
vertex -203.71430792236328 189.68589031982424 -34.92872778701782
endloop
endfacet
facet normal -0.3642855443776105 -0.9311163884055591 -0.017841339638490727
outer loop
vertex -204.35291876220703 189.98760235595705 -37.635493364214895
vertex -203.73290838623046 189.69467938232424 -35.0076321773529
vertex -203.71430792236328 189.68589031982424 -34.92872778701782
endloop
endfacet
facet normal -0.4455155881357629 -0.8952741818728188 0.0
outer loop
vertex -203.71430792236328 189.68589031982424 -37.858127754211424
vertex -203.7110883178711 189.68428814697268 -35.04590384292602
vertex -203.71430792236328 189.68589031982424 -34.92872778701782
endloop
endfacet
facet normal -0.433318166747535 -0.9012401440120672 0.0012526722091424378
outer loop
vertex -204.27674688720703 189.95247662353518 -37.6882225536108
vertex -204.1976605834961 189.91439068603518 -37.73216354477405
vertex -203.71430792236328 189.68589031982424 -34.92872778701782
endloop
endfacet
facet normal -0.43332506086493416 -0.9012368272442861 0.0012541311948289717
outer loop
vertex -204.1976605834961 189.91439068603518 -37.73216354477405
vertex -204.1185590209961 189.87630474853518 -37.770245756983755
vertex -203.71430792236328 189.68589031982424 -34.92872778701782
endloop
endfacet
facet normal -0.4344193957049767 -0.9007095537261532 0.0014451511189773052
outer loop
vertex -204.1185590209961 189.87630474853518 -37.770245756983755
vertex -203.72912420654296 189.69284832763674 -35.04590384292602
vertex -203.71430792236328 189.68589031982424 -34.92872778701782
endloop
endfacet
facet normal -0.4307912219241837 -0.9024511509923284 0.0009182514308430425
outer loop
vertex -204.70736517333984 190.1575394897461 -37.28103594112396
vertex -204.6399976196289 190.12529766845705 -37.36305917429924
vertex -203.71430792236328 189.68589031982424 -34.92872778701782
endloop
endfacet
facet normal -0.42779898639588587 -0.9038739000760297 -0.0
outer loop
vertex -203.73287786865234 189.69467938232424 -35.01156322288513
vertex -203.73287786865234 189.69467938232424 -35.01167551803589
vertex -203.71430792236328 189.68589031982424 -34.92872778701782
endloop
endfacet
facet normal -0.42937461430472185 -0.9031260267702957 0.0009057376938584313
outer loop
vertex -205.3782025756836 190.47681439208986 -35.07226840782165
vertex -205.3723432006836 190.47388470458986 -35.215809028625486
vertex -203.71430792236328 189.68589031982424 -34.92872778701782
endloop
endfacet
facet normal -0.42703987653185344 -0.9042071585475381 -0.006808691727995137
outer loop
vertex -205.3635541381836 190.46804058837893 -35.35934964942932
vertex -205.3489057006836 190.46218121337893 -35.49996082115173
vertex -203.71430792236328 189.68589031982424 -34.92872778701782
endloop
endfacet
facet normal -0.4234356900104334 -0.9058059831847974 -0.014755922607910147
outer loop
vertex -205.3313275756836 190.45339215087893 -35.64057199287414
vertex -203.8842145385742 189.7665940551758 -35.00716416168213
vertex -203.71430792236328 189.68589031982424 -34.92872778701782
endloop
endfacet
facet normal -0.4210799263198344 -0.9070114143733945 0.00468933330628693
outer loop
vertex -202.8589154663086 189.27577984619143 -37.442152958393095
vertex -202.78861822509765 189.24355328369143 -37.36305917429924
vertex -203.71430792236328 189.68589031982424 -34.92872778701782
endloop
endfacet
facet normal 0.6024763116144732 -0.798136156628866 0.0009845938869876836
outer loop
vertex -186.55094732666015 191.02463543701174 -33.54898039627075
vertex -186.58610357666015 190.99825299072268 -33.42301623153686
vertex -186.9848004760742 190.6964494018555 -34.108495872497556
endloop
endfacet
facet normal -0.4312264632268648 -0.9022432069325327 0.0009658969656525332
outer loop
vertex -203.7290326538086 189.69280255126955 -35.04590384292602
vertex -204.0394574584961 189.83821881103518 -37.80246915671229
vertex -203.71430792236328 189.68589031982424 -34.92872778701782
endloop
endfacet
facet normal -0.43343603337493813 -0.9011834368205451 0.0012720740977241012
outer loop
vertex -204.0394574584961 189.83821881103518 -37.80246915671229
vertex -203.96037115478515 189.80014813232424 -37.82590435448289
vertex -203.71430792236328 189.68589031982424 -34.92872778701782
endloop
endfacet
facet normal -0.4383957264443046 -0.8987588299467107 0.006461627363907011
outer loop
vertex -204.89192022705078 190.24541485595705 -36.99981353807449
vertex -204.83332647705078 190.21611798095705 -37.09941313791275
vertex -203.71430792236328 189.68589031982424 -34.92872778701782
endloop
endfacet
facet normal -0.43647756662441456 -0.8996928497506356 0.006333240972049101
outer loop
vertex -205.00324835205078 190.298133972168 -36.7859673910141
vertex -204.95051397705078 190.271766784668 -36.89728454875946
vertex -203.71430792236328 189.68589031982424 -34.92872778701782
endloop
endfacet
facet normal -0.43517606804990216 -0.9003261836894221 0.005878159564682102
outer loop
vertex -205.0999127807617 190.34499371337893 -36.55747417736053
vertex -205.0530377807617 190.321571472168 -36.674650114059446
vertex -203.71430792236328 189.68589031982424 -34.92872778701782
endloop
endfacet
facet normal -0.4313729545372739 -0.9021670770528835 0.0034553112218074617
outer loop
vertex -205.30790533447265 190.444618347168 -35.778253953933714
vertex -205.28446783447265 190.43288433837893 -35.915935557365415
vertex -203.71430792236328 189.68589031982424 -34.92872778701782
endloop
endfacet
facet normal -0.4314134399657902 -0.9021543264654089 -0.00012270545280405047
outer loop
vertex -202.78861822509765 189.24355328369143 -37.36305917429924
vertex -202.7212506713867 189.21132672119143 -37.28103594112396
vertex -203.71430792236328 189.68589031982424 -34.92872778701782
endloop
endfacet
facet normal -0.5253995402560856 -0.8508510268748277 -0.0028023498612725394
outer loop
vertex -203.7110883178711 189.68428814697268 -35.04590384292602
vertex -203.63227667236328 189.64487469482424 -37.85519835402444
vertex -203.71430792236328 189.68589031982424 -34.92872778701782
endloop
endfacet
facet normal -0.42152994796885623 -0.9067498081695704 0.010829974599257735
outer loop
vertex -203.69672979736328 189.67751324462893 -34.945678155899046
vertex -202.28475775146484 189.0033341674805 -36.43443934249878
vertex -202.24374212646484 188.98577130126955 -36.30847517776489
endloop
endfacet
facet normal -0.4170997548881378 -0.908710045262887 0.016548356733443643
outer loop
vertex -203.71430792236328 189.68589031982424 -34.92872778701782
vertex -203.69672979736328 189.67751324462893 -34.945678155899046
vertex -202.24374212646484 188.98577130126955 -36.30847517776489
endloop
endfacet
facet normal -0.42147248640264123 -0.9067048395548679 0.015725047960387407
outer loop
vertex -203.69672979736328 189.67751324462893 -34.94060937690735
vertex -202.1441480102539 188.93889630126955 -35.915935557365415
vertex -203.71430792236328 189.68589031982424 -34.92872778701782
endloop
endfacet
facet normal 0.6773504378571656 -0.5055559290417938 0.5344245381205798
outer loop
vertex -175.2496930541992 206.92226422119143 -37.858127754211424
vertex -176.36234869384765 208.77170574951174 -34.698366563796995
vertex -177.8501264038086 207.6465531616211 -33.87707320976257
endloop
endfacet
facet normal -0.42821219025348145 -0.9036485851095397 0.00731811094773084
outer loop
vertex -203.71430792236328 189.68589031982424 -34.92872778701782
vertex -202.0796948852539 188.90666973876955 -35.49996082115173
vertex -203.50924505615234 189.58821881103518 -34.990260284423826
endloop
endfacet
facet normal -0.43102429219406374 -0.9023368095653583 -0.002518261705377111
outer loop
vertex -202.0972730102539 188.91545880126955 -35.64057199287414
vertex -202.0796948852539 188.90666973876955 -35.49996082115173
vertex -203.71430792236328 189.68589031982424 -34.92872778701782
endloop
endfacet
facet normal -0.4333546104709349 -0.9012120224034886 -0.004546675598517922
outer loop
vertex -203.71430792236328 189.68589031982424 -34.92872778701782
vertex -202.20858587646484 188.9681779174805 -36.182510893821714
vertex -202.1734448852539 188.95061505126955 -36.050688069343565
endloop
endfacet
facet normal -0.4362260221831859 -0.8998211811614174 -0.0053571917555867215
outer loop
vertex -203.71430792236328 189.68589031982424 -34.92872778701782
vertex -202.37557806396484 189.0472794799805 -36.674650114059446
vertex -202.32870306396484 189.02385723876955 -36.55747417736053
endloop
endfacet
facet normal -0.42962287741270977 -0.9030079165098819 0.0009412354146715654
outer loop
vertex -202.48103155517578 189.0970841674805 -36.89728454875946
vertex -202.42536749267578 189.0707169799805 -36.7859673910141
vertex -203.71430792236328 189.68589031982424 -34.92872778701782
endloop
endfacet
facet normal -0.4335610078803135 -0.901111151709098 -0.004852289285475055
outer loop
vertex -203.71430792236328 189.68589031982424 -34.92872778701782
vertex -202.24374212646484 188.98577130126955 -36.30847517776489
vertex -202.20858587646484 188.9681779174805 -36.182510893821714
endloop
endfacet
facet normal -0.42876507678392184 -0.903412700463566 0.0024498105242826552
outer loop
vertex -202.32870306396484 189.02385723876955 -36.55747417736053
vertex -202.28475775146484 189.0033341674805 -36.43443934249878
vertex -203.71430792236328 189.68589031982424 -34.92872778701782
endloop
endfacet
facet normal -0.42423489832598366 -0.9054880099836876 0.010780297682526835
outer loop
vertex -203.71430792236328 189.68589031982424 -34.92872778701782
vertex -202.1734448852539 188.95061505126955 -36.050688069343565
vertex -203.69672979736328 189.67751324462893 -34.94060937690735
endloop
endfacet
facet normal -0.4283565149567942 -0.9035847087335247 0.006735743241910816
outer loop
vertex -203.50924505615234 189.58821881103518 -34.990260284423826
vertex -202.0650464477539 188.9008256225586 -35.35934964942932
vertex -203.71430792236328 189.68589031982424 -34.92872778701782
endloop
endfacet
facet normal -0.43199144192583705 -0.9018176538785234 -0.010407365462588492
outer loop
vertex -202.0650464477539 188.9008256225586 -35.35934964942932
vertex -202.05627264404296 188.8949662475586 -35.215809028625486
vertex -203.71430792236328 189.68589031982424 -34.92872778701782
endloop
endfacet
facet normal -0.4229769199680362 -0.9060941487037263 0.009160723728120842
outer loop
vertex -203.71430792236328 189.68589031982424 -34.92872778701782
vertex -202.28475775146484 189.0033341674805 -36.43443934249878
vertex -203.69672979736328 189.67751324462893 -34.945678155899046
endloop
endfacet
facet normal -0.4294728438541323 -0.9030791549585186 0.0010565373878382337
outer loop
vertex -202.53669561767578 189.12343609619143 -36.99981353807449
vertex -202.48103155517578 189.0970841674805 -36.89728454875946
vertex -203.71430792236328 189.68589031982424 -34.92872778701782
endloop
endfacet
facet normal -0.42884120832131467 -0.903378457429934 0.001606454801128228
outer loop
vertex -202.42536749267578 189.0707169799805 -36.7859673910141
vertex -202.37557806396484 189.0472794799805 -36.674650114059446
vertex -203.71430792236328 189.68589031982424 -34.92872778701782
endloop
endfacet
facet normal -0.43174530901974983 -0.9019858516973244 0.00418467170672097
outer loop
vertex -205.28446783447265 190.43288433837893 -35.915935557365415
vertex -205.25517095947265 190.41823590087893 -36.050688069343565
vertex -203.71430792236328 189.68589031982424 -34.92872778701782
endloop
endfacet
facet normal -0.4321625370917849 -0.9017824711087652 0.004890433044283999
outer loop
vertex -205.25517095947265 190.41823590087893 -36.050688069343565
vertex -205.22001470947265 190.400673034668 -36.182510893821714
vertex -203.71430792236328 189.68589031982424 -34.92872778701782
endloop
endfacet
facet normal -0.43199144425795594 -0.9018176525641552 0.010407382552875667
outer loop
vertex -202.05627264404296 188.8949662475586 -34.641646545410154
vertex -202.0650464477539 188.9008256225586 -34.4981061630249
vertex -203.71430792236328 189.68589031982424 -34.92872778701782
endloop
endfacet
facet normal -0.43066577109650367 -0.9025111008717167 0.0008404815141590193
outer loop
vertex -202.05041326904296 188.8920365600586 -34.78518716621399
vertex -202.05627264404296 188.8949662475586 -34.641646545410154
vertex -203.71430792236328 189.68589031982424 -34.92872778701782
endloop
endfacet
facet normal -0.43018721186785414 -0.9027206410306183 -0.005865748258447102
outer loop
vertex -203.71430792236328 189.68589031982424 -34.92872778701782
vertex -203.69672979736328 189.67751324462893 -34.928681056976316
vertex -202.05041326904296 188.8920365600586 -34.78518716621399
endloop
endfacet
facet normal 0.6773817171942771 -0.5055648175314885 0.5343764819724809
outer loop
vertex -177.8501264038086 207.6465531616211 -33.87707320976257
vertex -187.90351690673828 193.64177716064455 -34.38296953964233
vertex -187.85526861572265 193.58472454833986 -34.4981061630249
endloop
endfacet
facet normal 0.1618191517329498 0.09733921649573095 -0.9820079628314763
outer loop
vertex -196.03048529052734 203.9403458862305 -37.84348075467348
vertex -195.98165716552734 203.89876568603518 -37.83955620232224
vertex -194.13502325439453 200.82939923095705 -37.83950426059961
endloop
endfacet
facet normal -0.4286773659433949 -0.9034152779119757 -0.008749375009695885
outer loop
vertex -203.7328168334961 189.69467938232424 -34.929047744750974
vertex -205.3811322631836 190.47681439208986 -34.92872778701782
vertex -205.3782025756836 190.47681439208986 -35.07226840782165
endloop
endfacet
facet normal 0.6771773999453636 -0.5054320341314288 0.5347609072071399
outer loop
vertex -187.91467108154296 193.65378582763674 -34.35749475288391
vertex -187.90351690673828 193.64177716064455 -34.38296953964233
vertex -177.8501264038086 207.6465531616211 -33.87707320976257
endloop
endfacet
facet normal -0.4434620784374002 -0.8962809232676271 -0.004678843287746857
outer loop
vertex -203.71430792236328 189.68589031982424 -34.92872778701782
vertex -202.9292279663086 189.31093609619143 -37.5124585442543
vertex -202.8589154663086 189.27577984619143 -37.442152958393095
endloop
endfacet
facet normal -0.4324354001904673 -0.9016493765457974 0.005294000064720835
outer loop
vertex -203.71430792236328 189.68589031982424 -34.92872778701782
vertex -205.22001470947265 190.400673034668 -36.182510893821714
vertex -205.1848737182617 190.38307965087893 -36.30847517776489
endloop
endfacet
facet normal -0.4297642755248352 -0.902937044039409 0.002713297622402318
outer loop
vertex -205.3489057006836 190.46218121337893 -35.49996082115173
vertex -205.3313275756836 190.45339215087893 -35.64057199287414
vertex -203.71430792236328 189.68589031982424 -34.92872778701782
endloop
endfacet
facet normal -0.42485262301479143 -0.9051457306789303 0.0145414906786347
outer loop
vertex -202.1207105102539 188.92424786376955 -35.778253953933714
vertex -202.0972730102539 188.91545880126955 -35.64057199287414
vertex -203.71430792236328 189.68589031982424 -34.92872778701782
endloop
endfacet
facet normal -0.4299701044463994 -0.9028000282457959 0.008821467096953134
outer loop
vertex -202.05041326904296 188.8920365600586 -35.07226840782165
vertex -202.0474683227539 188.8920365600586 -34.92872778701782
vertex -203.71430792236328 189.68589031982424 -34.92872778701782
endloop
endfacet
facet normal -0.42777731525287327 -0.898195870595344 -0.10124597078657438
outer loop
vertex -202.0474683227539 188.8920365600586 -34.92872778701782
vertex -203.69672979736328 189.67751324462893 -34.928681056976316
vertex -203.71430792236328 189.68589031982424 -34.92872778701782
endloop
endfacet
facet normal -0.42996795805088356 -0.9028010509213762 -0.008821423060502171
outer loop
vertex -202.0474683227539 188.8920365600586 -34.92872778701782
vertex -202.05041326904296 188.8920365600586 -34.78518716621399
vertex -203.69672979736328 189.67751324462893 -34.928681056976316
endloop
endfacet
facet normal -0.43066577109650367 -0.9025111008717167 -0.0008404815141590193
outer loop
vertex -202.05627264404296 188.8949662475586 -35.215809028625486
vertex -202.05041326904296 188.8920365600586 -35.07226840782165
vertex -203.71430792236328 189.68589031982424 -34.92872778701782
endloop
endfacet
facet normal -0.4400478970920465 -0.8977378852379169 -0.02060431201037108
outer loop
vertex -203.71430792236328 189.68589031982424 -34.92872778701782
vertex -202.1441480102539 188.93889630126955 -35.915935557365415
vertex -202.1207105102539 188.92424786376955 -35.778253953933714
endloop
endfacet
facet normal 0.21274801566739726 0.1279840187238456 -0.9686889969339381
outer loop
vertex -195.81294073486328 203.9335099487305 -37.80246915671229
vertex -195.9087964477539 203.9154740600586 -37.82590435448289
vertex -195.8840161743164 204.05165875244143 -37.80246915671229
endloop
endfacet
facet normal -0.28308495695605407 0.7807855552429706 0.5569890697932187
outer loop
vertex -195.81294073486328 203.9335099487305 -37.80246915671229
vertex -177.47538580322265 210.62175762939455 -37.858127754211424
vertex -195.9087964477539 203.9154740600586 -37.82590435448289
endloop
endfacet
facet normal 0.2963243985973118 0.17833036734520952 -0.9382910693801066
outer loop
vertex -195.8840161743164 204.05165875244143 -37.80246915671229
vertex -195.81371893310546 204.10439312744143 -37.770245756983755
vertex -195.81210150146484 203.93361676025393 -37.802192483127115
endloop
endfacet
facet normal -0.42976155610191485 -0.9029383371134811 -0.002713718408774653
outer loop
vertex -203.73280157470703 189.69467938232424 -34.922253768920896
vertex -205.3313275756836 190.45339215087893 -34.2168835811615
vertex -205.3489057006836 190.46218121337893 -34.35749475288391
endloop
endfacet
facet normal -0.4306860649225455 -0.9024422180010993 -0.010370952260499467
outer loop
vertex -203.73280157470703 189.69467938232424 -34.92512599754333
vertex -205.3635541381836 190.46804058837893 -34.4981061630249
vertex -205.3723432006836 190.47388470458986 -34.641646545410154
endloop
endfacet
facet normal 0.28836718508805625 0.1734746672013646 -0.9416745225415023
outer loop
vertex -195.81210150146484 203.93361676025393 -37.802192483127115
vertex -195.81294073486328 203.9335099487305 -37.80246915671229
vertex -195.8840161743164 204.05165875244143 -37.80246915671229
endloop
endfacet
facet normal -0.6049798421533593 0.7962407867340728 -1.1366668243191289e-05
outer loop
vertex -196.3966657104492 203.66207135009768 -37.82590435448289
vertex -196.17695440673828 203.8290482788086 -34.92872778701782
vertex -196.3234235229492 203.7177201538086 -37.84348075467348
endloop
endfacet
facet normal -0.4235867720065967 -0.9057420004964147 -0.014341377820288144
outer loop
vertex -203.8842145385742 189.7665940551758 -35.00716416168213
vertex -205.3313275756836 190.45339215087893 -35.64057199287414
vertex -205.30790533447265 190.444618347168 -35.778253953933714
endloop
endfacet
facet normal 0.6773879862448536 -0.5055698665042657 0.5343637582901752
outer loop
vertex -187.9654828491211 193.70655072021486 -34.243161361694334
vertex -187.91467108154296 193.65378582763674 -34.35749475288391
vertex -177.8501264038086 207.6465531616211 -33.87707320976257
endloop
endfacet
facet normal 0.6773882593162989 -0.5055711485986534 0.5343621991169218
outer loop
vertex -188.0416852416992 193.7777787475586 -34.079201858520506
vertex -187.9769879760742 193.7189408569336 -34.2168835811615
vertex -177.8501264038086 207.6465531616211 -33.87707320976257
endloop
endfacet
facet normal 0.8342112551487336 0.5017990114460745 0.22866861152094514
outer loop
vertex -186.4865094604492 191.07442486572268 -33.806767623901365
vertex -188.10900701904296 193.83313763427736 -33.941519897460935
vertex -188.14147772216796 193.85775006103518 -33.87707320976257
endloop
endfacet
facet normal 0.6771646865280158 -0.505419008260517 0.5347893168420341
outer loop
vertex -187.9769879760742 193.7189408569336 -34.2168835811615
vertex -187.9654828491211 193.70655072021486 -34.243161361694334
vertex -177.8501264038086 207.6465531616211 -33.87707320976257
endloop
endfacet
facet normal -0.4454780131531969 -0.8951821674747451 -0.014079305107064
outer loop
vertex -203.7328473510742 189.69467938232424 -34.89927236366272
vertex -205.00324835205078 190.298133972168 -33.07148854064941
vertex -203.73283209228515 189.69467938232424 -34.8997551612854
endloop
endfacet
facet normal 0.1616907869529386 0.09729631287656934 -0.9820333583515196
outer loop
vertex -195.9087964477539 203.9154740600586 -37.82590435448289
vertex -195.98165716552734 203.89876568603518 -37.83955620232224
vertex -195.9572583618164 203.9960099487305 -37.82590435448289
endloop
endfacet
facet normal 0.16176641414151596 0.09727587359721972 -0.9820229282820708
outer loop
vertex -196.03048529052734 203.9403458862305 -37.84348075467348
vertex -195.9572583618164 203.9960099487305 -37.82590435448289
vertex -195.98165716552734 203.89876568603518 -37.83955620232224
endloop
endfacet
facet normal -0.43068801574532417 -0.9024412889833858 0.010370777760637556
outer loop
vertex -205.3723432006836 190.47388470458986 -35.215809028625486
vertex -205.3635541381836 190.46804058837893 -35.35934964942932
vertex -203.71430792236328 189.68589031982424 -34.92872778701782
endloop
endfacet
facet normal -0.6050580280281597 0.7961813755160785 0.0
outer loop
vertex -196.10372747802734 203.88469708251955 -37.85519835402444
vertex -196.17695440673828 203.8290482788086 -37.858127754211424
vertex -196.17695440673828 203.8290482788086 -34.92872778701782
endloop
endfacet
facet normal -0.6049784314792366 0.7962418586303106 3.141813168741876e-06
outer loop
vertex -196.03048529052734 203.9403458862305 -37.84348075467348
vertex -196.10372747802734 203.88469708251955 -37.85519835402444
vertex -196.17695440673828 203.8290482788086 -34.92872778701782
endloop
endfacet
facet normal -0.6052683015079375 0.7960215343756075 0.0
outer loop
vertex -196.17695440673828 203.8290482788086 -37.858127754211424
vertex -196.2501813354492 203.77336895751955 -37.85519835402444
vertex -196.17695440673828 203.8290482788086 -34.92872778701782
endloop
endfacet
facet normal -0.6049792702896265 0.7962412212323581 -1.1412000474226202e-05
outer loop
vertex -196.3234235229492 203.7177201538086 -37.84348075467348
vertex -196.17695440673828 203.8290482788086 -34.92872778701782
vertex -196.2501813354492 203.77336895751955 -37.85519835402444
endloop
endfacet
facet normal -0.4364768030304705 -0.8996932172324509 -0.006333662623001992
outer loop
vertex -203.7328473510742 189.69467938232424 -34.89927236366272
vertex -204.95051397705078 190.271766784668 -32.96017090606689
vertex -205.00324835205078 190.298133972168 -33.07148854064941
endloop
endfacet
facet normal -0.28312631098941426 0.7808983631270353 0.5568098764309434
outer loop
vertex -195.98820318603515 203.9096604614258 -37.858127754211424
vertex -195.9087964477539 203.9154740600586 -37.82590435448289
vertex -177.47538580322265 210.62175762939455 -37.858127754211424
endloop
endfacet
facet normal -0.42868205418955274 -0.9034267223267652 0.007200958390585663
outer loop
vertex -203.7328168334961 189.69467938232424 -34.928508918762205
vertex -203.73280157470703 189.69467938232424 -34.92760054397583
vertex -205.3811322631836 190.47681439208986 -34.92872778701782
endloop
endfacet
facet normal -0.441441260673236 -0.8970503514070107 -0.020743201676275407
outer loop
vertex -203.73280157470703 189.69467938232424 -34.91411988067627
vertex -203.7328168334961 189.69467938232424 -34.91379515457153
vertex -205.25517095947265 190.41823590087893 -33.806767623901365
endloop
endfacet
facet normal 0.6773834660168659 -0.5055689877630702 0.5343703197027339
outer loop
vertex -188.14147772216796 193.85775006103518 -33.87707320976257
vertex -188.10900701904296 193.83313763427736 -33.941519897460935
vertex -177.8501264038086 207.6465531616211 -33.87707320976257
endloop
endfacet
facet normal -0.4203933526140914 -0.9072825184002211 0.01038560943019442
outer loop
vertex -205.1438580932617 190.365516784668 -33.42301623153686
vertex -205.1848737182617 190.38307965087893 -33.54898039627075
vertex -203.7328168334961 189.69467938232424 -34.91033212471008
endloop
endfacet
facet normal -0.42838306233177903 -0.9035972288067551 0.0
outer loop
vertex -203.7328168334961 189.69467938232424 -34.9105121307373
vertex -203.7328168334961 189.69467938232424 -34.91033212471008
vertex -205.1848737182617 190.38307965087893 -33.54898039627075
endloop
endfacet
facet normal 0.2963629875810502 0.1783285186162662 -0.9382792329792674
outer loop
vertex -195.71781744384765 203.9450150756836 -37.770245756983755
vertex -195.81210150146484 203.93361676025393 -37.802192483127115
vertex -195.81371893310546 204.10439312744143 -37.770245756983755
endloop
endfacet
facet normal -0.283400125150359 0.7802314333303844 0.5576049493216274
outer loop
vertex -195.9087964477539 203.9154740600586 -37.82590435448289
vertex -195.98820318603515 203.9096604614258 -37.858127754211424
vertex -195.98165716552734 203.89876568603518 -37.83955620232224
endloop
endfacet
facet normal -0.43216219117113286 -0.9017826363130399 -0.004890538464102765
outer loop
vertex -205.22001470947265 190.400673034668 -33.67494456100464
vertex -205.25517095947265 190.41823590087893 -33.806767623901365
vertex -203.7328168334961 189.69467938232424 -34.913637559890745
endloop
endfacet
facet normal -0.42926897056122454 -0.9031766997178939 0.0
outer loop
vertex -203.7328168334961 189.69467938232424 -34.91379515457153
vertex -203.7328168334961 189.69467938232424 -34.913637559890745
vertex -205.25517095947265 190.41823590087893 -33.806767623901365
endloop
endfacet
facet normal 0.21270438588670498 0.12799339325050682 -0.9686973394764646
outer loop
vertex -195.9572583618164 203.9960099487305 -37.82590435448289
vertex -195.8840161743164 204.05165875244143 -37.80246915671229
vertex -195.9087964477539 203.9154740600586 -37.82590435448289
endloop
endfacet
facet normal -0.6019456290771584 0.7985245851227375 0.004466160483422889
outer loop
vertex -197.32673468017578 202.96108258056643 -34.7077910118103
vertex -197.3275739135742 202.959999206543 -34.62720100212097
vertex -196.17695440673828 203.8290482788086 -34.92872778701782
endloop
endfacet
facet normal -0.602652209111885 0.7980037452728842 0.0005808468084330115
outer loop
vertex -197.32792486572265 202.959510925293 -34.48252574729919
vertex -196.17695440673828 203.8290482788086 -34.92872778701782
vertex -197.32804693603515 202.95944989013674 -34.52532474327087
endloop
endfacet
facet normal -0.6034809137584297 0.7973353225575474 -0.008195738608737872
outer loop
vertex -197.32624639892578 202.96123516845705 -34.728900115966795
vertex -197.32673468017578 202.96108258056643 -34.7077910118103
vertex -196.17695440673828 203.8290482788086 -34.92872778701782
endloop
endfacet
facet normal -0.6027488514217436 0.7979309494928116 -0.00014815960725515076
outer loop
vertex -197.3276196899414 202.9597855834961 -35.26235453414917
vertex -196.17695440673828 203.8290482788086 -34.92872778701782
vertex -197.32804693603515 202.95944989013674 -35.33213083076477
endloop
endfacet
facet normal -0.6019473965834536 0.7985233109490635 -0.00445573982045172
outer loop
vertex -197.3275739135742 202.959999206543 -35.23025481033325
vertex -196.17695440673828 203.8290482788086 -34.92872778701782
vertex -197.3276196899414 202.9597855834961 -35.26235453414917
endloop
endfacet
facet normal -0.6120101659457013 0.7907407866075222 0.013136406450484441
outer loop
vertex -197.3279096069336 202.96057904052736 -36.27325336265564
vertex -197.32600225830078 202.9599534301758 -36.146733801841734
vertex -196.17695440673828 203.8290482788086 -34.92872778701782
endloop
endfacet
facet normal -0.6025282378436834 0.7980970981491106 -0.0008628597536835535
outer loop
vertex -197.32697882080078 202.96004498291018 -35.65517846870422
vertex -196.17695440673828 203.8290482788086 -34.92872778701782
vertex -197.32662786865234 202.96022808837893 -35.73088328170776
endloop
endfacet
facet normal -0.6002050822527906 0.7998318516730609 -0.0047820797947907
outer loop
vertex -197.3269635620117 202.9597092895508 -35.99179534244537
vertex -196.17695440673828 203.8290482788086 -34.92872778701782
vertex -197.32691778564453 202.95961773681643 -36.01285354423523
endloop
endfacet
facet normal -0.6002057826338452 0.7998313330245529 -0.0047809209426840785
outer loop
vertex -197.3258344116211 202.959755065918 -36.12588767337799
vertex -197.32691778564453 202.95961773681643 -36.01285354423523
vertex -196.17695440673828 203.8290482788086 -34.92872778701782
endloop
endfacet
facet normal -0.5966053600142277 0.8024983609542254 -0.00764362924764569
outer loop
vertex -197.32792486572265 202.95906842041018 -36.43092850971222
vertex -197.32783331298828 202.9605180053711 -36.28588370609283
vertex -196.17695440673828 203.8290482788086 -34.92872778701782
endloop
endfacet
facet normal -0.6115576927157286 0.7911018507406927 0.012451916915287119
outer loop
vertex -197.3258344116211 202.959755065918 -36.12588767337799
vertex -196.17695440673828 203.8290482788086 -34.92872778701782
vertex -197.32600225830078 202.9599534301758 -36.146733801841734
endloop
endfacet
facet normal -0.7323597235734028 -0.4406584096532308 -0.519104422336561
outer loop
vertex -197.25056280517578 202.92311871337893 -36.897770028591154
vertex -197.29012884521484 202.98830426025393 -36.89728454875946
vertex -197.2344800415039 202.94142926025393 -36.93600330877304
endloop
endfacet
facet normal -0.7323360741689111 -0.44047241896898615 -0.5192956023292293
outer loop
vertex -197.2344800415039 202.94142926025393 -36.93600330877304
vertex -197.29012884521484 202.98830426025393 -36.89728454875946
vertex -197.24032415771484 203.02637493896486 -36.99981353807449
endloop
endfacet
facet normal -0.4286776244830222 -0.9034151551818215 0.008749380286531877
outer loop
vertex -205.3782025756836 190.47681439208986 -34.78518716621399
vertex -205.3811322631836 190.47681439208986 -34.92872778701782
vertex -203.73280157470703 189.69467938232424 -34.92760054397583
endloop
endfacet
facet normal -0.40623424762015814 -0.9133231979246074 0.02853895921810112
outer loop
vertex -203.73283209228515 189.69467938232424 -34.910729330062864
vertex -203.7328168334961 189.69467938232424 -34.9105121307373
vertex -205.1848737182617 190.38307965087893 -33.54898039627075
endloop
endfacet
facet normal -0.6051614514979233 0.7961027681723867 -1.1366179802653937e-05
outer loop
vertex -196.03048529052734 203.9403458862305 -37.84348075467348
vertex -196.17695440673828 203.8290482788086 -34.92872778701782
vertex -195.9572583618164 203.9960099487305 -37.82590435448289
endloop
endfacet
facet normal -0.5622007013413458 -0.6516996068779737 0.5091345537344656
outer loop
vertex -204.47309698486328 190.7761918334961 -37.28103594112396
vertex -204.47480596923828 190.7807542114258 -37.27708313989639
vertex -219.18830694580078 203.0196915893555 -37.858127754211424
endloop
endfacet
facet normal -0.5628407785152884 -0.6525561981446802 0.5073269816432641
outer loop
vertex -204.5446149291992 190.9791184692383 -37.09941313791275
vertex -219.18830694580078 203.0196915893555 -37.858127754211424
vertex -204.51237310791015 190.88208782958986 -37.188450258255
endloop
endfacet
facet normal -0.5620111709215068 -0.6514222533054986 0.5096984320731464
outer loop
vertex -204.51237310791015 190.88208782958986 -37.188450258255
vertex -219.18830694580078 203.0196915893555 -37.858127754211424
vertex -204.51057257080078 190.87685406494143 -37.19315395879745
endloop
endfacet
facet normal -0.6054940158455868 0.7958187642373868 -0.007035002691016157
outer loop
vertex -196.19746221923828 203.81353009033205 -34.91862742233276
vertex -196.7693921508789 203.3808518676758 -34.63906781005859
vertex -197.32679571533203 202.9601975708008 -34.24959532546997
endloop
endfacet
facet normal -0.5964374299435936 0.8026210600883847 0.00786295522550331
outer loop
vertex -196.19746221923828 203.81356060791018 -34.90429584312439
vertex -197.3279096069336 202.96057904052736 -33.58420244979858
vertex -196.8054028930664 203.3539963989258 -34.108495872497556
endloop
endfacet
facet normal -0.06563303242369527 0.025235316440522793 -0.9975246783208007
outer loop
vertex -198.6443921508789 203.58643353271486 -37.84348276260495
vertex -203.7963239135742 189.72397625732424 -37.85519835402444
vertex -198.64442266845703 203.58643353271486 -37.84348075467348
endloop
endfacet
facet normal -0.5627673399545664 -0.6524534945764672 0.5075404993647481
outer loop
vertex -204.57499517822265 191.082801940918 -36.99981353807449
vertex -219.18830694580078 203.0196915893555 -37.858127754211424
vertex -204.54626287841796 190.98484051513674 -37.09388617801666
endloop
endfacet
facet normal -0.9201563040398196 0.3483760366324186 -0.1787358756267661
outer loop
vertex -205.30790533447265 190.444618347168 -35.778253953933714
vertex -205.3313275756836 190.45339215087893 -35.64057199287414
vertex -204.67292608642578 192.13037884521486 -35.76147834587097
endloop
endfacet
facet normal -0.6003172358670246 0.7997487869766743 0.004592825961535957
outer loop
vertex -197.3269635620117 202.9597092895508 -33.86566011238098
vertex -196.17695440673828 203.8290482788086 -34.92872778701782
vertex -197.32716192626953 202.9601517944336 -33.968641202926634
endloop
endfacet
facet normal -0.6013488218155554 0.7989853052329167 0.001441014540803666
outer loop
vertex -196.19746221923828 203.813514831543 -34.874901693344114
vertex -197.1290112915039 203.10840618896486 -32.66430155563354
vertex -197.07043280029296 203.1523362426758 -32.57641951370239
endloop
endfacet
facet normal -0.5627826880604287 -0.6524700472362488 0.5075022004671557
outer loop
vertex -204.68729986572265 191.91782391357424 -36.050688069343565
vertex -204.68363775634765 192.0194779663086 -35.915935557365415
vertex -219.18830694580078 203.0196915893555 -37.858127754211424
endloop
endfacet
facet normal -0.5627316739335951 -0.6524035112465754 0.5076442865482027
outer loop
vertex -204.5446149291992 190.9791184692383 -37.09941313791275
vertex -204.54626287841796 190.98484051513674 -37.09388617801666
vertex -219.18830694580078 203.0196915893555 -37.858127754211424
endloop
endfacet
facet normal -0.5975118163815705 0.8018503100244675 0.0039635335323337136
outer loop
vertex -197.1846753540039 203.06739056396486 -32.75804201889038
vertex -197.1290112915039 203.10840618896486 -32.66430155563354
vertex -196.19746221923828 203.81353009033205 -34.88258497047424
endloop
endfacet
facet normal -0.5628412751185473 -0.652555494687293 0.5073273355303752
outer loop
vertex -204.47480596923828 190.7807542114258 -37.27708313989639
vertex -204.51057257080078 190.87685406494143 -37.19315395879745
vertex -219.18830694580078 203.0196915893555 -37.858127754211424
endloop
endfacet
facet normal -0.6175541388174463 0.7864844706387235 -0.008310419578416321
outer loop
vertex -196.19746221923828 203.813514831543 -34.87472740936279
vertex -197.07043280029296 203.1523362426758 -32.57641951370239
vertex -197.01183905029296 203.1992112426758 -32.49439636993408
endloop
endfacet
facet normal -0.9350897745065482 0.35389668492936804 0.019085334927550338
outer loop
vertex -204.54481329345703 192.68535626220705 -34.905795495986936
vertex -205.3811322631836 190.47681439208986 -34.92872778701782
vertex -205.3782025756836 190.47681439208986 -34.78518716621399
endloop
endfacet
facet normal 0.24208679442047074 -0.09162277540605765 -0.9659188635667655
outer loop
vertex -198.15722479248046 203.35446942138674 -37.80246915671229
vertex -203.3891431274414 189.5306321411133 -37.80246915671229
vertex -198.23710455322265 203.39043438720705 -37.8259007782042
endloop
endfacet
facet normal 0.6694576001747345 -0.25345755717529 -0.6982734337485706
outer loop
vertex -197.6240827026367 203.10254681396486 -37.442152958393095
vertex -197.55378546142578 203.07032025146486 -37.36305917429924
vertex -202.8589154663086 189.27577984619143 -37.442152958393095
endloop
endfacet
facet normal 0.6252184165379128 -0.2367593979198598 -0.743671243977102
outer loop
vertex -202.8589154663086 189.27577984619143 -37.442152958393095
vertex -202.9292279663086 189.31093609619143 -37.5124585442543
vertex -197.69437994384765 203.13477337646486 -37.5124585442543
endloop
endfacet
facet normal -0.5628489419114784 -0.6525707421489461 0.5072992165185187
outer loop
vertex -204.57667364501953 191.0891038208008 -36.99356929588318
vertex -219.18830694580078 203.0196915893555 -37.858127754211424
vertex -204.57499517822265 191.082801940918 -36.99981353807449
endloop
endfacet
facet normal -0.5628121933856739 -0.6525178517180759 0.5074080095599932
outer loop
vertex -204.60384954833984 191.1874161987305 -36.89728454875946
vertex -219.18830694580078 203.0196915893555 -37.858127754211424
vertex -204.57667364501953 191.0891038208008 -36.99356929588318
endloop
endfacet
facet normal -0.5624916635162663 -0.6520445723924659 0.5083709315925037
outer loop
vertex -204.6052838745117 191.19443524169924 -36.88986883687973
vertex -219.18830694580078 203.0196915893555 -37.858127754211424
vertex -204.60384954833984 191.1874161987305 -36.89728454875946
endloop
endfacet
facet normal -0.5628151266292784 -0.65252313795951 0.507397957883892
outer loop
vertex -204.62635626220703 191.2934037475586 -36.7859673910141
vertex -219.18830694580078 203.0196915893555 -37.858127754211424
vertex -204.6052838745117 191.19443524169924 -36.88986883687973
endloop
endfacet
facet normal -0.5629020018869917 -0.6526614146198217 0.5071236674994279
outer loop
vertex -204.6458569946289 191.39681256103518 -36.674650114059446
vertex -204.64729132080078 191.40517437744143 -36.66548065471649
vertex -219.18830694580078 203.0196915893555 -37.858127754211424
endloop
endfacet
facet normal -0.5625482862027325 -0.6520920611666969 0.5082473506608151
outer loop
vertex -204.66206182861328 191.5018998413086 -36.55747417736053
vertex -204.66285528564453 191.5106583862305 -36.54711500930786
vertex -219.18830694580078 203.0196915893555 -37.858127754211424
endloop
endfacet
facet normal -0.5628137873411647 -0.6525225808766463 0.5074001598588382
outer loop
vertex -204.64729132080078 191.40517437744143 -36.66548065471649
vertex -204.66206182861328 191.5018998413086 -36.55747417736053
vertex -219.18830694580078 203.0196915893555 -37.858127754211424
endloop
endfacet
facet normal -0.5628402465348606 -0.6525695719832104 0.5073103691057641
outer loop
vertex -204.67353643798828 191.60750592041018 -36.43443934249878
vertex -204.67432989501953 191.61704266357424 -36.42305223274231
vertex -219.18830694580078 203.0196915893555 -37.858127754211424
endloop
endfacet
facet normal -0.5627751101064556 -0.6524622257585746 0.5075206590896905
outer loop
vertex -204.62635626220703 191.2934037475586 -36.7859673910141
vertex -204.6458569946289 191.39681256103518 -36.674650114059446
vertex -219.18830694580078 203.0196915893555 -37.858127754211424
endloop
endfacet
facet normal -0.5627894426721785 -0.652484235105303 0.5074764685734566
outer loop
vertex -204.66285528564453 191.5106583862305 -36.54711500930786
vertex -204.67353643798828 191.60750592041018 -36.43443934249878
vertex -219.18830694580078 203.0196915893555 -37.858127754211424
endloop
endfacet
facet normal -0.5627866754100527 -0.652479293148577 0.5074858914228391
outer loop
vertex -204.67432989501953 191.61704266357424 -36.42305223274231
vertex -204.6815778198242 191.71241009521486 -36.30847517776489
vertex -219.18830694580078 203.0196915893555 -37.858127754211424
endloop
endfacet
facet normal -0.604798073019071 0.7963776734808548 -0.0013755194071208353
outer loop
vertex -197.01183905029296 203.1992112426758 -32.49439636993408
vertex -196.95031561279296 203.24607098388674 -32.41530243682861
vertex -196.17695440673828 203.8290482788086 -34.92872778701782
endloop
endfacet
facet normal -0.5627594328158186 -0.6524453638590585 0.5075597186101737
outer loop
vertex -204.47309698486328 190.7761918334961 -37.28103594112396
vertex -219.18830694580078 203.0196915893555 -37.858127754211424
vertex -204.43299688720703 190.68035137939455 -37.35977337884903
endloop
endfacet
facet normal 0.03001289724260092 -0.011358987519906093 -0.999484967071355
outer loop
vertex -203.71430792236328 189.68589031982424 -37.858127754211424
vertex -198.48280157470703 203.5086594848633 -37.858127754211424
vertex -203.63227667236328 189.64487469482424 -37.85519835402444
endloop
endfacet
facet normal -0.5911408413653083 0.8056910701928733 0.03760857723150266
outer loop
vertex -196.7693921508789 203.3808518676758 -34.63906781005859
vertex -196.19746221923828 203.81353009033205 -34.91862742233276
vertex -196.17695440673828 203.8290482788086 -34.92872778701782
endloop
endfacet
facet normal -0.6019474027934394 0.7985233064526986 0.004455706687205431
outer loop
vertex -197.3276196899414 202.9597855834961 -34.59510103988647
vertex -196.17695440673828 203.8290482788086 -34.92872778701782
vertex -197.3275739135742 202.959999206543 -34.62720100212097
endloop
endfacet
facet normal -0.6119006881235587 0.7909195072319398 -0.004886814289589902
outer loop
vertex -197.07043280029296 203.1523362426758 -32.57641951370239
vertex -196.17695440673828 203.8290482788086 -34.92872778701782
vertex -196.19746221923828 203.813514831543 -34.874901693344114
endloop
endfacet
facet normal -0.3961879371514689 0.911350524741816 0.11169305935679552
outer loop
vertex -197.07043280029296 203.1523362426758 -32.57641951370239
vertex -196.19746221923828 203.813514831543 -34.87472740936279
vertex -196.17695440673828 203.8290482788086 -34.92872778701782
endloop
endfacet
facet normal -0.6005402765658469 0.7995836017751144 0.004176121951207888
outer loop
vertex -197.32719244384765 202.96028912353518 -33.99932352828979
vertex -197.32716192626953 202.9601517944336 -33.968641202926634
vertex -196.17695440673828 203.8290482788086 -34.92872778701782
endloop
endfacet
facet normal 0.3146536278312111 -0.11915388527922502 -0.9416981714517253
outer loop
vertex -203.31005682373046 189.4925462036133 -37.770245756983755
vertex -198.15722479248046 203.35446942138674 -37.80246915671229
vertex -198.07520880126953 203.31638348388674 -37.770245756983755
endloop
endfacet
facet normal -0.12049456199588142 0.04561933049248371 -0.9916652344490242
outer loop
vertex -203.87833990478515 189.76206219482424 -37.84348075467348
vertex -198.64442266845703 203.58643353271486 -37.84348075467348
vertex -203.7963239135742 189.72397625732424 -37.85519835402444
endloop
endfacet
facet normal -0.17894693350305677 0.06774955431651648 -0.9815233022601989
outer loop
vertex -198.68507208251953 203.54097760009768 -37.839207327023146
vertex -198.64442266845703 203.58643353271486 -37.84348075467348
vertex -203.87704290771484 189.82801068115236 -37.83916671577096
endloop
endfacet
facet normal -0.17888385978408297 0.06772556191822275 -0.9815364552433137
outer loop
vertex -203.87833990478515 189.76206219482424 -37.84348075467348
vertex -203.87704290771484 189.82801068115236 -37.83916671577096
vertex -198.64442266845703 203.58643353271486 -37.84348075467348
endloop
endfacet
facet normal -0.5888492186154305 0.8081947091047483 0.008826659112498721
outer loop
vertex -196.17695440673828 203.8290482788086 -34.92872778701782
vertex -195.28349127197265 204.50571453857424 -37.28103594112396
vertex -195.34501470947265 204.4617844848633 -37.36305917429924
endloop
endfacet
facet normal 0.6299079358145271 -0.23848400050310578 -0.7391490877366463
outer loop
vertex -197.69437994384765 203.13477337646486 -37.5124585442543
vertex -197.6240827026367 203.10254681396486 -37.442152958393095
vertex -202.8589154663086 189.27577984619143 -37.442152958393095
endloop
endfacet
facet normal 0.4198859899193697 -0.15900356025783516 -0.8935399393954163
outer loop
vertex -203.15186895751953 189.4163743286133 -37.6882225536108
vertex -203.23095526123046 189.4544602661133 -37.73216354477405
vertex -197.99610723876953 203.27829754638674 -37.73216354477405
endloop
endfacet
facet normal 0.43486222132490593 -0.16454776696782591 -0.8853354623250278
outer loop
vertex -197.9199506225586 203.24314129638674 -37.6882225536108
vertex -203.15186895751953 189.4163743286133 -37.6882225536108
vertex -197.99610723876953 203.27829754638674 -37.73216354477405
endloop
endfacet
facet normal 0.3233764877310222 -0.12238854819779388 -0.9383222743028028
outer loop
vertex -203.31005682373046 189.4925462036133 -37.770245756983755
vertex -203.3891431274414 189.5306321411133 -37.80246915671229
vertex -198.15722479248046 203.35446942138674 -37.80246915671229
endloop
endfacet
facet normal 0.23519627840527083 -0.08906440775180585 -0.9678585856911796
outer loop
vertex -203.47115911865234 189.5687180786133 -37.82590435448289
vertex -198.23713507080078 203.39043438720705 -37.82590435448289
vertex -203.3891431274414 189.5306321411133 -37.80246915671229
endloop
endfacet
facet normal -0.5990602314204119 0.8006902123729827 -0.004692860602056512
outer loop
vertex -195.01692022705078 204.70784771728518 -33.07148854064941
vertex -194.97297491455078 204.74007427978518 -33.18280569839477
vertex -196.17695440673828 203.8290482788086 -34.92872778701782
endloop
endfacet
facet normal -0.5928447564239626 0.8052833356085124 0.0073378588048966424
outer loop
vertex -197.1846753540039 203.06739056396486 -32.75804201889038
vertex -196.19746221923828 203.81353009033205 -34.88258497047424
vertex -196.17695440673828 203.8290482788086 -34.92872778701782
endloop
endfacet
facet normal -0.5977181357488462 0.8016972369175343 0.0038171344900071076
outer loop
vertex -196.17695440673828 203.8290482788086 -34.92872778701782
vertex -197.24032415771484 203.02637493896486 -32.857641857147215
vertex -197.1846753540039 203.06739056396486 -32.75804201889038
endloop
endfacet
facet normal -0.5956555611304486 0.8032366588756563 0.0023070181279848676
outer loop
vertex -196.81849493408203 203.3456956176758 -32.28055016326904
vertex -196.7511273803711 203.39548504638674 -32.22196213531494
vertex -196.17695440673828 203.8290482788086 -34.92872778701782
endloop
endfacet
facet normal -0.6142907107000329 0.7890700821080745 -0.003915133408322056
outer loop
vertex -196.7511273803711 203.39548504638674 -32.22196213531494
vertex -196.6837445678711 203.44820416259768 -32.16923300552368
vertex -196.17695440673828 203.8290482788086 -34.92872778701782
endloop
endfacet
facet normal -0.6000415386350463 0.7999688193429004 0.00019997902912430657
outer loop
vertex -196.6134320678711 203.50095379638674 -32.1252919845581
vertex -196.54313482666015 203.55367291259768 -32.08720986175537
vertex -196.17695440673828 203.8290482788086 -34.92872778701782
endloop
endfacet
facet normal -0.5849958079188121 0.8110328249286146 0.002379412895457776
outer loop
vertex -196.17695440673828 203.8290482788086 -34.92872778701782
vertex -196.46989263916015 203.6093217163086 -32.054986637115476
vertex -196.3966657104492 203.66207135009768 -32.03155152130127
endloop
endfacet
facet normal -0.6049798421819753 0.7962407867123307 1.1366666003827809e-05
outer loop
vertex -196.3966657104492 203.66207135009768 -32.03155152130127
vertex -196.3234235229492 203.7177201538086 -32.01397482681274
vertex -196.17695440673828 203.8290482788086 -34.92872778701782
endloop
endfacet
facet normal -0.6013148681889898 0.7990108174039058 0.0014638874274235504
outer loop
vertex -196.19746221923828 203.81353009033205 -34.88258497047424
vertex -197.1290112915039 203.10840618896486 -32.66430155563354
vertex -196.17695440673828 203.8290482788086 -34.92872778701782
endloop
endfacet
facet normal -0.6010305392939652 0.799224351328948 0.0016513869406143097
outer loop
vertex -197.1290112915039 203.10840618896486 -32.66430155563354
vertex -196.19746221923828 203.813514831543 -34.874901693344114
vertex -196.17695440673828 203.8290482788086 -34.92872778701782
endloop
endfacet
facet normal -0.6178260288388475 0.786269320265703 -0.008458965547216398
outer loop
vertex -196.19746221923828 203.813514831543 -34.87472740936279
vertex -197.01183905029296 203.1992112426758 -32.49439636993408
vertex -196.17695440673828 203.8290482788086 -34.92872778701782
endloop
endfacet
facet normal -0.6061017573296283 0.7953398398309562 -0.008671732214805683
outer loop
vertex -196.19746221923828 203.81353009033205 -34.91862742233276
vertex -197.32679571533203 202.9601975708008 -34.24959532546997
vertex -196.17695440673828 203.8290482788086 -34.92872778701782
endloop
endfacet
facet normal -0.6027488514217436 0.7979309494928116 0.00014815960725515076
outer loop
vertex -197.3276196899414 202.9597855834961 -34.59510103988647
vertex -197.32804693603515 202.95944989013674 -34.52532474327087
vertex -196.17695440673828 203.8290482788086 -34.92872778701782
endloop
endfacet
facet normal -0.5852590100973527 0.8105328449531594 0.022547690613548114
outer loop
vertex -197.3279096069336 202.96057904052736 -33.58420244979858
vertex -196.19746221923828 203.81356060791018 -34.90429584312439
vertex -196.17695440673828 203.8290482788086 -34.92872778701782
endloop
endfacet
facet normal -0.5988855618625937 0.8008193048609616 0.004952247422251383
outer loop
vertex -196.8054028930664 203.3539963989258 -34.108495872497556
vertex -196.17695440673828 203.8290482788086 -34.92872778701782
vertex -196.19746221923828 203.81356060791018 -34.90429584312439
endloop
endfacet
facet normal -0.6007325196478646 0.7994073315590287 0.00826789496795925
outer loop
vertex -196.17695440673828 203.8290482788086 -34.92872778701782
vertex -197.32792486572265 202.959510925293 -34.48252574729919
vertex -196.7693921508789 203.3808518676758 -34.63906781005859
endloop
endfacet
facet normal -0.5629672158231668 -0.6527938514861884 0.5068807565593115
outer loop
vertex -204.68214239501953 191.7223588256836 -36.29628960418701
vertex -219.18830694580078 203.0196915893555 -37.858127754211424
vertex -204.6815778198242 191.71241009521486 -36.30847517776489
endloop
endfacet
facet normal -0.6033008885641725 0.7975131751284027 -0.0008794056478935168
outer loop
vertex -194.76498236083984 204.8982621459961 -33.941519897460935
vertex -194.74154486083984 204.9158402709961 -34.079201858520506
vertex -196.17695440673828 203.8290482788086 -34.92872778701782
endloop
endfacet
facet normal -0.5627418750769326 -0.6523976157812638 0.5076405548789621
outer loop
vertex -204.6853619995117 191.8136369018555 -36.182510893821714
vertex -204.6852857055664 191.82411968994143 -36.16895429420471
vertex -219.18830694580078 203.0196915893555 -37.858127754211424
endloop
endfacet
facet normal -0.5628075567996095 -0.6525168094917106 0.5074144926389205
outer loop
vertex -204.68729986572265 191.91782391357424 -36.050688069343565
vertex -219.18830694580078 203.0196915893555 -37.858127754211424
vertex -204.6852857055664 191.82411968994143 -36.16895429420471
endloop
endfacet
facet normal -0.5992490345680276 0.8005500849811232 -0.004489544075198928
outer loop
vertex -194.97297491455078 204.74007427978518 -33.18280569839477
vertex -194.92904486083984 204.77230084228518 -33.29998127746582
vertex -196.17695440673828 203.8290482788086 -34.92872778701782
endloop
endfacet
facet normal -0.599007055167274 0.8006969886913298 -0.008653332333086376
outer loop
vertex -194.82064642333984 204.85726177978518 -33.67494456100464
vertex -194.79134954833984 204.8777543334961 -33.806767623901365
vertex -196.17695440673828 203.8290482788086 -34.92872778701782
endloop
endfacet
facet normal -0.6018620302175927 0.7985863519209802 -0.004683493129917155
outer loop
vertex -194.74154486083984 204.9158402709961 -34.079201858520506
vertex -194.72103704833984 204.9304887084961 -34.2168835811615
vertex -196.17695440673828 203.8290482788086 -34.92872778701782
endloop
endfacet
facet normal -0.6024747652031908 0.7980964798528742 -0.008134257176328877
outer loop
vertex -194.6829663696289 204.95977032470705 -34.641646545410154
vertex -194.6771069946289 204.96273052978518 -34.78518716621399
vertex -196.17695440673828 203.8290482788086 -34.92872778701782
endloop
endfacet
facet normal -0.5627797119456964 -0.6524660010015033 0.5075107027043128
outer loop
vertex -204.6853619995117 191.8136369018555 -36.182510893821714
vertex -219.18830694580078 203.0196915893555 -37.858127754211424
vertex -204.68214239501953 191.7223588256836 -36.29628960418701
endloop
endfacet
facet normal -0.6001777848361437 0.7998666131082898 0.00016680483453190509
outer loop
vertex -196.6837445678711 203.44820416259768 -32.16923300552368
vertex -196.6134320678711 203.50095379638674 -32.1252919845581
vertex -196.17695440673828 203.8290482788086 -34.92872778701782
endloop
endfacet
facet normal -0.6003061209533216 0.7997699564720919 -0.0007601780082113909
outer loop
vertex -195.8840161743164 204.05165875244143 -32.054986637115476
vertex -195.81371893310546 204.10439312744143 -32.08720986175537
vertex -196.17695440673828 203.8290482788086 -34.92872778701782
endloop
endfacet
facet normal -0.5961878380172239 0.8028393981937503 -0.0029937448530691162
outer loop
vertex -195.60279669189453 204.26551068115236 -32.22196213531494
vertex -195.53541387939453 204.31533062744143 -32.28055016326904
vertex -196.17695440673828 203.8290482788086 -34.92872778701782
endloop
endfacet
facet normal -0.591940679830349 0.8059629088961985 -0.005479146426444535
outer loop
vertex -195.4709760131836 204.36512005615236 -32.344997089385984
vertex -195.4065228881836 204.4119797973633 -32.41530243682861
vertex -196.17695440673828 203.8290482788086 -34.92872778701782
endloop
endfacet
facet normal 0.1205046094192396 -0.045597625418748775 -0.9916650118184507
outer loop
vertex -198.4003735961914 203.47165692138674 -37.85519835402444
vertex -203.55026068115234 189.60678875732424 -37.84348075467348
vertex -203.63227667236328 189.64487469482424 -37.85519835402444
endloop
endfacet
facet normal -0.5975686143035195 0.8018082047703472 -0.00391841324064414
outer loop
vertex -195.22489752197265 204.54965985107424 -32.66430155563354
vertex -195.1692487182617 204.59067547607424 -32.75804201889038
vertex -196.17695440673828 203.8290482788086 -34.92872778701782
endloop
endfacet
facet normal -0.6013629460596458 0.7989747096665586 -0.0014214146831788975
outer loop
vertex -195.28349127197265 204.50571453857424 -32.57641951370239
vertex -195.22489752197265 204.54965985107424 -32.66430155563354
vertex -196.17695440673828 203.8290482788086 -34.92872778701782
endloop
endfacet
facet normal -0.5627884235959593 -0.6524764233698558 0.5074876424237893
outer loop
vertex -204.51618780517578 192.7544633178711 -34.78518716621399
vertex -204.47907843017578 192.8340989379883 -34.641646545410154
vertex -219.18830694580078 203.0196915893555 -37.858127754211424
endloop
endfacet
facet normal -0.6087711800968753 0.793334445256905 0.00425537922832728
outer loop
vertex -196.17695440673828 203.8290482788086 -34.92872778701782
vertex -195.1692487182617 204.59067547607424 -32.75804201889038
vertex -195.1165143432617 204.63167584228518 -32.857641857147215
endloop
endfacet
facet normal -0.5627851139457537 -0.6524697514502698 0.5074998906044103
outer loop
vertex -204.5798932495117 192.58614361572268 -35.07226840782165
vertex -204.5751325073242 192.59917462158205 -35.05023567008972
vertex -219.18830694580078 203.0196915893555 -37.858127754211424
endloop
endfacet
facet normal -0.5627964043431128 -0.6524992756696982 0.5074494088172558
outer loop
vertex -204.54481329345703 192.68535626220705 -34.905795495986936
vertex -204.51618780517578 192.7544633178711 -34.78518716621399
vertex -219.18830694580078 203.0196915893555 -37.858127754211424
endloop
endfacet
facet normal -0.5628179843624133 -0.6525392001498523 0.5073741309389171
outer loop
vertex -204.68363775634765 192.0194779663086 -35.915935557365415
vertex -204.6827985229492 192.0311204223633 -35.90003113079071
vertex -219.18830694580078 203.0196915893555 -37.858127754211424
endloop
endfacet
facet normal -0.6029512031642493 0.7977661874947193 -0.004353928447337879
outer loop
vertex -194.6917554321289 204.95391094970705 -34.4981061630249
vertex -194.6829663696289 204.95977032470705 -34.641646545410154
vertex -196.17695440673828 203.8290482788086 -34.92872778701782
endloop
endfacet
facet normal -0.5626768123456515 -0.6522525553992901 0.5078990143952165
outer loop
vertex -204.67436041259765 192.11855328369143 -35.778253953933714
vertex -204.67292608642578 192.13037884521486 -35.76147834587097
vertex -219.18830694580078 203.0196915893555 -37.858127754211424
endloop
endfacet
facet normal -0.5627925017528346 -0.6524890285650368 0.5074669127864796
outer loop
vertex -204.6827985229492 192.0311204223633 -35.90003113079071
vertex -204.67436041259765 192.11855328369143 -35.778253953933714
vertex -219.18830694580078 203.0196915893555 -37.858127754211424
endloop
endfacet
facet normal -0.604373036446714 0.7966944290630402 0.0033495546114998033
outer loop
vertex -194.7064038696289 204.9422074584961 -34.35749475288391
vertex -194.6917554321289 204.95391094970705 -34.4981061630249
vertex -196.17695440673828 203.8290482788086 -34.92872778701782
endloop
endfacet
facet normal -0.6049391157409378 0.7962667578126924 0.002813654036141278
outer loop
vertex -194.79134954833984 204.8777543334961 -33.806767623901365
vertex -194.76498236083984 204.8982621459961 -33.941519897460935
vertex -196.17695440673828 203.8290482788086 -34.92872778701782
endloop
endfacet
facet normal -0.5627823954788383 -0.6524666462416374 0.5075068973731199
outer loop
vertex -204.66381658935546 192.21652996826174 -35.64057199287414
vertex -204.64835943603515 192.3125687866211 -35.49996082115173
vertex -219.18830694580078 203.0196915893555 -37.858127754211424
endloop
endfacet
facet normal -0.5628179021850446 -0.6525424852260909 0.5073699970977619
outer loop
vertex -204.67292608642578 192.13037884521486 -35.76147834587097
vertex -204.66381658935546 192.21652996826174 -35.64057199287414
vertex -219.18830694580078 203.0196915893555 -37.858127754211424
endloop
endfacet
facet normal -0.6099043332629769 0.7924128493262587 0.009928770804260252
outer loop
vertex -194.85287298583984 204.8308793334961 -33.54898039627075
vertex -194.82064642333984 204.85726177978518 -33.67494456100464
vertex -196.17695440673828 203.8290482788086 -34.92872778701782
endloop
endfacet
facet normal -0.5627995097769903 -0.652504899659853 0.5074387329665173
outer loop
vertex -204.64835943603515 192.3125687866211 -35.49996082115173
vertex -204.6298657836914 192.40596783447268 -35.35934964942932
vertex -219.18830694580078 203.0196915893555 -37.858127754211424
endloop
endfacet
facet normal -0.5628174003361791 -0.6525467961281334 0.5073650093785868
outer loop
vertex -204.6298657836914 192.40596783447268 -35.35934964942932
vertex -204.6267377319336 192.4190140991211 -35.339100282669065
vertex -219.18830694580078 203.0196915893555 -37.858127754211424
endloop
endfacet
facet normal -0.6044087643746918 0.7966666972626739 0.00349557143272733
outer loop
vertex -194.72103704833984 204.9304887084961 -34.2168835811615
vertex -194.7064038696289 204.9422074584961 -34.35749475288391
vertex -196.17695440673828 203.8290482788086 -34.92872778701782
endloop
endfacet
facet normal -0.5627840548436319 -0.6524654336050347 0.5075066162764322
outer loop
vertex -204.5500317993164 192.67202008056643 -34.92872778701782
vertex -204.54481329345703 192.68535626220705 -34.905795495986936
vertex -219.18830694580078 203.0196915893555 -37.858127754211424
endloop
endfacet
facet normal -0.9342956875486034 0.3536007075607082 0.04536637345710011
outer loop
vertex -204.47907843017578 192.8340989379883 -34.641646545410154
vertex -204.51618780517578 192.7544633178711 -34.78518716621399
vertex -205.3723432006836 190.47388470458986 -34.641646545410154
endloop
endfacet
facet normal -0.9320341402600811 0.3527447850384694 0.08296672837840104
outer loop
vertex -204.4719525756836 192.84712994384768 -34.616999071121214
vertex -204.47907843017578 192.8340989379883 -34.641646545410154
vertex -205.3723432006836 190.47388470458986 -34.641646545410154
endloop
endfacet
facet normal -0.6050214165863205 0.7962091749458277 0.00018762720145874787
outer loop
vertex -195.81371893310546 204.10439312744143 -32.08720986175537
vertex -195.74047674560546 204.16005718994143 -32.1252919845581
vertex -196.17695440673828 203.8290482788086 -34.92872778701782
endloop
endfacet
facet normal -0.9328254823567659 0.3531641417158429 0.0714962129904702
outer loop
vertex -205.3723432006836 190.47388470458986 -34.641646545410154
vertex -205.3635541381836 190.46804058837893 -34.4981061630249
vertex -204.4719525756836 192.84712994384768 -34.616999071121214
endloop
endfacet
facet normal -0.9293960944662486 0.35186748638896675 0.11140992600838699
outer loop
vertex -204.39477362060546 192.98235333251955 -34.35749475288391
vertex -204.43868841552734 192.9108811645508 -34.4981061630249
vertex -205.3489057006836 190.46218121337893 -34.35749475288391
endloop
endfacet
facet normal -0.9263066917122247 0.3506978447388952 0.13772049442493045
outer loop
vertex -205.3489057006836 190.46218121337893 -34.35749475288391
vertex -205.3313275756836 190.45339215087893 -34.2168835811615
vertex -204.39477362060546 192.98235333251955 -34.35749475288391
endloop
endfacet
facet normal -0.5888492127789725 0.8081947133245981 -0.008826662095896092
outer loop
vertex -196.17695440673828 203.8290482788086 -34.92872778701782
vertex -195.34501470947265 204.4617844848633 -32.49439636993408
vertex -195.28349127197265 204.50571453857424 -32.57641951370239
endloop
endfacet
facet normal -0.9350872329563715 0.3538995836442124 0.019155977094611563
outer loop
vertex -204.51618780517578 192.7544633178711 -34.78518716621399
vertex -204.54481329345703 192.68535626220705 -34.905795495986936
vertex -205.3782025756836 190.47681439208986 -34.78518716621399
endloop
endfacet
facet normal -0.6054062121896331 0.7959151817281094 0.0015302734760969268
outer loop
vertex -195.0667096557617 204.66976177978518 -32.96017090606689
vertex -195.01692022705078 204.70784771728518 -33.07148854064941
vertex -196.17695440673828 203.8290482788086 -34.92872778701782
endloop
endfacet
facet normal -0.5627911040097999 -0.6524852235767057 0.5074733552231949
outer loop
vertex -204.60648931884765 192.49744427490236 -35.215809028625486
vertex -204.5798932495117 192.58614361572268 -35.07226840782165
vertex -219.18830694580078 203.0196915893555 -37.858127754211424
endloop
endfacet
facet normal -0.5953809864391629 0.803354589950644 -0.01195340085338926
outer loop
vertex -196.17695440673828 203.8290482788086 -34.92872778701782
vertex -194.89095892333984 204.80452740478518 -33.42301623153686
vertex -194.85287298583984 204.8308793334961 -33.54898039627075
endloop
endfacet
facet normal -0.5627868690248231 -0.652474814616965 0.5074914347491921
outer loop
vertex -204.6267377319336 192.4190140991211 -35.339100282669065
vertex -204.60648931884765 192.49744427490236 -35.215809028625486
vertex -219.18830694580078 203.0196915893555 -37.858127754211424
endloop
endfacet
facet normal -0.6158605431266888 0.7876991326911399 0.015680171469919763
outer loop
vertex -196.17695440673828 203.8290482788086 -34.92872778701782
vertex -194.92904486083984 204.77230084228518 -33.29998127746582
vertex -194.89095892333984 204.80452740478518 -33.42301623153686
endloop
endfacet
facet normal -0.5627976434232606 -0.6525023658259754 0.5074440611030238
outer loop
vertex -204.5751325073242 192.59917462158205 -35.05023567008972
vertex -204.5500317993164 192.67202008056643 -34.92872778701782
vertex -219.18830694580078 203.0196915893555 -37.858127754211424
endloop
endfacet
facet normal -0.6054309766455578 0.7958963015819193 0.0015523035232971635
outer loop
vertex -195.1165143432617 204.63167584228518 -32.857641857147215
vertex -195.0667096557617 204.66976177978518 -32.96017090606689
vertex -196.17695440673828 203.8290482788086 -34.92872778701782
endloop
endfacet
facet normal -0.6038963253785847 0.7968986334277012 -0.01618011851949948
outer loop
vertex -194.6771069946289 204.96273052978518 -35.07226840782165
vertex -196.17695440673828 203.8290482788086 -34.92872778701782
vertex -194.6771069946289 204.9656449584961 -34.92872778701782
endloop
endfacet
facet normal -0.604939113674532 0.7962667593978902 -0.0028136497035084777
outer loop
vertex -196.17695440673828 203.8290482788086 -34.92872778701782
vertex -194.76498236083984 204.8982621459961 -35.915935557365415
vertex -194.79134954833984 204.8777543334961 -36.050688069343565
endloop
endfacet
facet normal -0.6099043284530421 0.7924128531207268 -0.009928763433228823
outer loop
vertex -196.17695440673828 203.8290482788086 -34.92872778701782
vertex -194.82064642333984 204.85726177978518 -36.182510893821714
vertex -194.85287298583984 204.8308793334961 -36.30847517776489
endloop
endfacet
facet normal -0.6047674043721706 0.7964017937001063 -0.000754718623375018
outer loop
vertex -196.54313482666015 203.55367291259768 -32.08720986175537
vertex -196.46989263916015 203.6093217163086 -32.054986637115476
vertex -196.17695440673828 203.8290482788086 -34.92872778701782
endloop
endfacet
facet normal -0.9201975068772497 0.34826699912316994 0.1787362460684348
outer loop
vertex -204.33846868896484 193.0633927612305 -34.190872114181516
vertex -205.3313275756836 190.45339215087893 -34.2168835811615
vertex -205.30790533447265 190.444618347168 -34.079201858520506
endloop
endfacet
facet normal -0.5957853030149359 0.803140569220408 0.002258048653127448
outer loop
vertex -196.88587774658203 203.2958909301758 -32.344997089385984
vertex -196.81849493408203 203.3456956176758 -32.28055016326904
vertex -196.17695440673828 203.8290482788086 -34.92872778701782
endloop
endfacet
facet normal -0.6092382728237551 0.7929793605963535 -0.0035299567881122095
outer loop
vertex -196.95031561279296 203.24607098388674 -32.41530243682861
vertex -196.88587774658203 203.2958909301758 -32.344997089385984
vertex -196.17695440673828 203.8290482788086 -34.92872778701782
endloop
endfacet
facet normal -0.9328155181156933 0.3531663534175447 0.07161519375317575
outer loop
vertex -204.43868841552734 192.9108811645508 -34.4981061630249
vertex -204.4719525756836 192.84712994384768 -34.616999071121214
vertex -205.3635541381836 190.46804058837893 -34.4981061630249
endloop
endfacet
facet normal -0.9262968070378448 0.350697875425776 0.1377868841484573
outer loop
vertex -204.34779180908203 193.05120098876955 -34.2168835811615
vertex -204.39477362060546 192.98235333251955 -34.35749475288391
vertex -205.3313275756836 190.45339215087893 -34.2168835811615
endloop
endfacet
facet normal -0.6048232072069563 0.7963575056073553 -0.0019003385809583603
outer loop
vertex -197.29012884521484 202.98830426025393 -32.96017090606689
vertex -197.24032415771484 203.02637493896486 -32.857641857147215
vertex -196.17695440673828 203.8290482788086 -34.92872778701782
endloop
endfacet
facet normal -0.9342963878049795 0.35360027491670487 0.045355322878337365
outer loop
vertex -205.3782025756836 190.47681439208986 -34.78518716621399
vertex -205.3723432006836 190.47388470458986 -34.641646545410154
vertex -204.51618780517578 192.7544633178711 -34.78518716621399
endloop
endfacet
facet normal -0.6099974942912372 0.7924000946074078 0.00226870548619336
outer loop
vertex -196.17695440673828 203.8290482788086 -34.92872778701782
vertex -195.53541387939453 204.31533062744143 -32.28055016326904
vertex -195.4709760131836 204.36512005615236 -32.344997089385984
endloop
endfacet
facet normal -0.615212863635473 0.7883564130169028 0.0027015685376106215
outer loop
vertex -195.74047674560546 204.16005718994143 -32.1252919845581
vertex -195.67309393310546 204.21279156494143 -32.16923300552368
vertex -196.17695440673828 203.8290482788086 -34.92872778701782
endloop
endfacet
facet normal -0.9293870078806288 0.3518683106278853 0.11148309987872625
outer loop
vertex -204.43868841552734 192.9108811645508 -34.4981061630249
vertex -205.3635541381836 190.46804058837893 -34.4981061630249
vertex -205.3489057006836 190.46218121337893 -34.35749475288391
endloop
endfacet
facet normal -0.6006900478782379 0.7994805969898946 -0.0014971361734709315
outer loop
vertex -195.67309393310546 204.21279156494143 -32.16923300552368
vertex -195.60279669189453 204.26551068115236 -32.22196213531494
vertex -196.17695440673828 203.8290482788086 -34.92872778701782
endloop
endfacet
facet normal -0.622142163398769 0.7828509517802237 0.009138698938981749
outer loop
vertex -195.4065228881836 204.4119797973633 -32.41530243682861
vertex -195.34501470947265 204.4617844848633 -32.49439636993408
vertex -196.17695440673828 203.8290482788086 -34.92872778701782
endloop
endfacet
facet normal -0.6099974963856041 0.7924000929926955 -0.002268706341140826
outer loop
vertex -196.17695440673828 203.8290482788086 -34.92872778701782
vertex -195.4709760131836 204.36512005615236 -37.5124585442543
vertex -195.53541387939453 204.31533062744143 -37.576905351161955
endloop
endfacet
facet normal -0.8931892015240214 0.33816325799208913 0.29640961729514925
outer loop
vertex -205.22001470947265 190.400673034668 -33.67494456100464
vertex -205.1848737182617 190.38307965087893 -33.54898039627075
vertex -199.95002569580078 204.20986187744143 -33.54898039627075
endloop
endfacet
facet normal -0.6152128642934496 0.7883564125027284 -0.0027015687438425393
outer loop
vertex -195.67309393310546 204.21279156494143 -37.6882225536108
vertex -195.74047674560546 204.16005718994143 -37.73216354477405
vertex -196.17695440673828 203.8290482788086 -34.92872778701782
endloop
endfacet
facet normal -0.6050214164510875 0.796209175048595 -0.00018762717126169433
outer loop
vertex -195.74047674560546 204.16005718994143 -37.73216354477405
vertex -195.81371893310546 204.10439312744143 -37.770245756983755
vertex -196.17695440673828 203.8290482788086 -34.92872778701782
endloop
endfacet
facet normal -0.6049802054585253 0.796240510710767 1.0315882293997694e-05
outer loop
vertex -195.8840161743164 204.05165875244143 -37.80246915671229
vertex -195.9572583618164 203.9960099487305 -37.82590435448289
vertex -196.17695440673828 203.8290482788086 -34.92872778701782
endloop
endfacet
facet normal -0.6142907088069268 0.7890700835844879 0.003915132878025394
outer loop
vertex -196.6837445678711 203.44820416259768 -37.6882225536108
vertex -196.7511273803711 203.39548504638674 -37.635493364214895
vertex -196.17695440673828 203.8290482788086 -34.92872778701782
endloop
endfacet
facet normal -0.6158605511231994 0.7876991262196771 -0.015680182492119322
outer loop
vertex -194.89095892333984 204.80452740478518 -36.43443934249878
vertex -194.92904486083984 204.77230084228518 -36.55747417736053
vertex -196.17695440673828 203.8290482788086 -34.92872778701782
endloop
endfacet
facet normal -0.6087711860173054 0.7933344406860857 -0.004255384398488841
outer loop
vertex -195.1165143432617 204.63167584228518 -36.99981353807449
vertex -195.1692487182617 204.59067547607424 -37.09941313791275
vertex -196.17695440673828 203.8290482788086 -34.92872778701782
endloop
endfacet
facet normal -0.9153495329831877 0.3464351346930884 0.20522653317161924
outer loop
vertex -205.30790533447265 190.444618347168 -34.079201858520506
vertex -204.28687872314453 193.1265336303711 -34.05246774482727
vertex -204.29733099365234 193.11475384521486 -34.079201858520506
endloop
endfacet
facet normal -0.6054309771328881 0.7958963012101828 -0.0015523040509063746
outer loop
vertex -195.0667096557617 204.66976177978518 -36.89728454875946
vertex -195.1165143432617 204.63167584228518 -36.99981353807449
vertex -196.17695440673828 203.8290482788086 -34.92872778701782
endloop
endfacet
facet normal -0.9188890963381673 0.34796658279289316 0.18590881068487
outer loop
vertex -204.24532904052734 193.17697918701174 -33.941519897460935
vertex -204.28687872314453 193.1265336303711 -34.05246774482727
vertex -205.28446783447265 190.43288433837893 -33.941519897460935
endloop
endfacet
facet normal -0.9188579487117866 0.3479617573889328 0.18607172134414557
outer loop
vertex -205.30790533447265 190.444618347168 -34.079201858520506
vertex -205.28446783447265 190.43288433837893 -33.941519897460935
vertex -204.28687872314453 193.1265336303711 -34.05246774482727
endloop
endfacet
facet normal -0.9089923202137477 0.34421885373352773 0.23504540524503756
outer loop
vertex -204.24532904052734 193.17697918701174 -33.941519897460935
vertex -205.28446783447265 190.43288433837893 -33.941519897460935
vertex -205.25517095947265 190.41823590087893 -33.806767623901365
endloop
endfacet
facet normal -0.6054062162344274 0.7959151786443742 -0.0015302771669593578
outer loop
vertex -196.17695440673828 203.8290482788086 -34.92872778701782
vertex -195.01692022705078 204.70784771728518 -36.7859673910141
vertex -195.0667096557617 204.66976177978518 -36.89728454875946
endloop
endfacet
facet normal -0.9221037705520844 0.34911038319222143 0.16687293573557535
outer loop
vertex -204.34779180908203 193.05120098876955 -34.2168835811615
vertex -205.3313275756836 190.45339215087893 -34.2168835811615
vertex -204.33846868896484 193.0633927612305 -34.190872114181516
endloop
endfacet
facet normal -0.6038963253785847 0.7968986334277012 0.01618011851949948
outer loop
vertex -194.6771069946289 204.96273052978518 -34.78518716621399
vertex -194.6771069946289 204.9656449584961 -34.92872778701782
vertex -196.17695440673828 203.8290482788086 -34.92872778701782
endloop
endfacet
facet normal -0.5849958095786935 0.8110328237326454 -0.0023794124528274275
outer loop
vertex -196.3966657104492 203.66207135009768 -37.82590435448289
vertex -196.46989263916015 203.6093217163086 -37.80246915671229
vertex -196.17695440673828 203.8290482788086 -34.92872778701782
endloop
endfacet
facet normal -0.6003061220941428 0.7997699556160222 0.0007601777674655164
outer loop
vertex -195.81371893310546 204.10439312744143 -37.770245756983755
vertex -195.8840161743164 204.05165875244143 -37.80246915671229
vertex -196.17695440673828 203.8290482788086 -34.92872778701782
endloop
endfacet
facet normal 0.5825635968595342 -0.22060675564589263 -0.7822738107449817
outer loop
vertex -202.9292279663086 189.31093609619143 -37.5124585442543
vertex -203.00245489501953 189.34609234619143 -37.576905351161955
vertex -197.69437994384765 203.13477337646486 -37.5124585442543
endloop
endfacet
facet normal -0.600317229865889 0.7997487914202125 -0.004592836602260846
outer loop
vertex -197.3269635620117 202.9597092895508 -35.99179534244537
vertex -197.32716192626953 202.9601517944336 -35.888814490318296
vertex -196.17695440673828 203.8290482788086 -34.92872778701782
endloop
endfacet
facet normal -0.5977181304584335 0.8016972408401448 -0.003817139056112935
outer loop
vertex -196.17695440673828 203.8290482788086 -34.92872778701782
vertex -197.1846753540039 203.06739056396486 -37.09941313791275
vertex -197.24032415771484 203.02637493896486 -36.99981353807449
endloop
endfacet
facet normal -0.5957853009472145 0.803140570751947 -0.0022580494844126006
outer loop
vertex -196.81849493408203 203.3456956176758 -37.576905351161955
vertex -196.88587774658203 203.2958909301758 -37.5124585442543
vertex -196.17695440673828 203.8290482788086 -34.92872778701782
endloop
endfacet
facet normal -0.6092382665520548 0.7929793654272997 0.003529953988977295
outer loop
vertex -196.17695440673828 203.8290482788086 -34.92872778701782
vertex -196.88587774658203 203.2958909301758 -37.5124585442543
vertex -196.95031561279296 203.24607098388674 -37.442152958393095
endloop
endfacet
facet normal -0.5975137019519365 0.8018488964386787 -0.003965256582545402
outer loop
vertex -197.1290112915039 203.10840618896486 -37.19315395879745
vertex -197.1846753540039 203.06739056396486 -37.09941313791275
vertex -196.17695440673828 203.8290482788086 -34.92872778701782
endloop
endfacet
facet normal -0.604798074475262 0.7963776723735841 0.0013755202098649723
outer loop
vertex -196.95031561279296 203.24607098388674 -37.442152958393095
vertex -197.01183905029296 203.1992112426758 -37.36305917429924
vertex -196.17695440673828 203.8290482788086 -34.92872778701782
endloop
endfacet
facet normal -0.6048232078032593 0.7963575051529286 0.00190033922731201
outer loop
vertex -197.24032415771484 203.02637493896486 -36.99981353807449
vertex -197.29012884521484 202.98830426025393 -36.89728454875946
vertex -196.17695440673828 203.8290482788086 -34.92872778701782
endloop
endfacet
facet normal -0.6175543501885844 0.7864843073455312 0.008310166206235987
outer loop
vertex -196.17695440673828 203.8290482788086 -34.92872778701782
vertex -197.01183905029296 203.1992112426758 -37.36305917429924
vertex -197.07043280029296 203.1523362426758 -37.28103594112396
endloop
endfacet
facet normal -0.9201851266595532 0.34826527660743783 0.17880332710575253
outer loop
vertex -204.29733099365234 193.11475384521486 -34.079201858520506
vertex -204.33846868896484 193.0633927612305 -34.190872114181516
vertex -205.30790533447265 190.444618347168 -34.079201858520506
endloop
endfacet
facet normal -0.6013491018981202 0.798985093902264 -0.0014413078486178637
outer loop
vertex -197.07043280029296 203.1523362426758 -37.28103594112396
vertex -197.1290112915039 203.10840618896486 -37.19315395879745
vertex -196.17695440673828 203.8290482788086 -34.92872778701782
endloop
endfacet
facet normal -0.6047674032924916 0.7964017945202058 0.0007547183928886847
outer loop
vertex -196.46989263916015 203.6093217163086 -37.80246915671229
vertex -196.54313482666015 203.55367291259768 -37.770245756983755
vertex -196.17695440673828 203.8290482788086 -34.92872778701782
endloop
endfacet
facet normal -0.62214217273451 0.7828509442997362 -0.009138704185721472
outer loop
vertex -195.34501470947265 204.4617844848633 -37.36305917429924
vertex -195.4065228881836 204.4119797973633 -37.442152958393095
vertex -196.17695440673828 203.8290482788086 -34.92872778701782
endloop
endfacet
facet normal -0.8876066274116586 0.3358613752619927 0.3152009066960688
outer loop
vertex -199.98811163330078 204.22742474365236 -33.67494456100464
vertex -205.22001470947265 190.400673034668 -33.67494456100464
vertex -199.95002569580078 204.20986187744143 -33.54898039627075
endloop
endfacet
facet normal -0.6024747652031908 0.7980964798528742 0.008134257176328877
outer loop
vertex -194.6829663696289 204.95977032470705 -35.215809028625486
vertex -196.17695440673828 203.8290482788086 -34.92872778701782
vertex -194.6771069946289 204.96273052978518 -35.07226840782165
endloop
endfacet
facet normal -0.6033008876975344 0.7975131757817308 0.0008794077012096183
outer loop
vertex -194.76498236083984 204.8982621459961 -35.915935557365415
vertex -196.17695440673828 203.8290482788086 -34.92872778701782
vertex -194.74154486083984 204.9158402709961 -35.778253953933714
endloop
endfacet
facet normal -0.6026522083893542 0.798003745816186 -0.0005808500413144917
outer loop
vertex -197.32792486572265 202.959510925293 -35.37492958831787
vertex -197.32804693603515 202.95944989013674 -35.33213083076477
vertex -196.17695440673828 203.8290482788086 -34.92872778701782
endloop
endfacet
facet normal -0.6006790487265521 0.7994453550612581 -0.00847376492143104
outer loop
vertex -197.32621588134765 202.95957196044924 -35.490640323638914
vertex -197.3272534790039 202.95935833740236 -35.437242191314695
vertex -196.17695440673828 203.8290482788086 -34.92872778701782
endloop
endfacet
facet normal -0.6006900485954576 0.7994805964513816 0.0014971359757099724
outer loop
vertex -195.60279669189453 204.26551068115236 -37.635493364214895
vertex -195.67309393310546 204.21279156494143 -37.6882225536108
vertex -196.17695440673828 203.8290482788086 -34.92872778701782
endloop
endfacet
facet normal -0.5961878376956007 0.8028393984318826 0.0029937450420952916
outer loop
vertex -195.53541387939453 204.31533062744143 -37.576905351161955
vertex -195.60279669189453 204.26551068115236 -37.635493364214895
vertex -196.17695440673828 203.8290482788086 -34.92872778701782
endloop
endfacet
facet normal -0.6013629455152071 0.7989747100756354 0.0014214150796788981
outer loop
vertex -195.22489752197265 204.54965985107424 -37.19315395879745
vertex -195.28349127197265 204.50571453857424 -37.28103594112396
vertex -196.17695440673828 203.8290482788086 -34.92872778701782
endloop
endfacet
facet normal -0.5919406899185288 0.8059629015169263 0.005479142012502025
outer loop
vertex -196.17695440673828 203.8290482788086 -34.92872778701782
vertex -195.4065228881836 204.4119797973633 -37.442152958393095
vertex -195.4709760131836 204.36512005615236 -37.5124585442543
endloop
endfacet
facet normal -0.5975686238606841 0.8018081976777826 0.00391840706848755
outer loop
vertex -196.17695440673828 203.8290482788086 -34.92872778701782
vertex -195.1692487182617 204.59067547607424 -37.09941313791275
vertex -195.22489752197265 204.54965985107424 -37.19315395879745
endloop
endfacet
facet normal -0.599249042473098 0.8005500791149853 0.00448953494985734
outer loop
vertex -194.92904486083984 204.77230084228518 -36.55747417736053
vertex -194.97297491455078 204.74007427978518 -36.674650114059446
vertex -196.17695440673828 203.8290482788086 -34.92872778701782
endloop
endfacet
facet normal -0.5990602340224913 0.8006902104463246 0.004692857161496136
outer loop
vertex -194.97297491455078 204.74007427978518 -36.674650114059446
vertex -195.01692022705078 204.70784771728518 -36.7859673910141
vertex -196.17695440673828 203.8290482788086 -34.92872778701782
endloop
endfacet
facet normal -0.5953809864391629 0.803354589950644 0.01195340085338926
outer loop
vertex -194.85287298583984 204.8308793334961 -36.30847517776489
vertex -194.89095892333984 204.80452740478518 -36.43443934249878
vertex -196.17695440673828 203.8290482788086 -34.92872778701782
endloop
endfacet
facet normal -0.5990070478083024 0.8006969940541723 0.008653345514582047
outer loop
vertex -194.79134954833984 204.8777543334961 -36.050688069343565
vertex -194.82064642333984 204.85726177978518 -36.182510893821714
vertex -196.17695440673828 203.8290482788086 -34.92872778701782
endloop
endfacet
facet normal -0.5956555608823711 0.8032366590592049 -0.002307018273511158
outer loop
vertex -196.17695440673828 203.8290482788086 -34.92872778701782
vertex -196.7511273803711 203.39548504638674 -37.635493364214895
vertex -196.81849493408203 203.3456956176758 -37.576905351161955
endloop
endfacet
facet normal -0.600177784795889 0.7998666131384924 -0.0001668048469938687
outer loop
vertex -196.6134320678711 203.50095379638674 -37.73216354477405
vertex -196.6837445678711 203.44820416259768 -37.6882225536108
vertex -196.17695440673828 203.8290482788086 -34.92872778701782
endloop
endfacet
facet normal -0.6000415387861752 0.7999688192295498 -0.00019997899551754366
outer loop
vertex -196.54313482666015 203.55367291259768 -37.770245756983755
vertex -196.6134320678711 203.50095379638674 -37.73216354477405
vertex -196.17695440673828 203.8290482788086 -34.92872778701782
endloop
endfacet
facet normal -0.6002050337706181 0.7998318875688855 0.0047821610600909245
outer loop
vertex -197.3269635620117 202.9597092895508 -33.86566011238098
vertex -197.32691778564453 202.95961773681643 -33.84460226821899
vertex -196.17695440673828 203.8290482788086 -34.92872778701782
endloop
endfacet
facet normal -0.6115575993120742 0.7911019251881852 -0.012451774459859444
outer loop
vertex -197.3258344116211 202.959755065918 -33.73156801986694
vertex -197.32600225830078 202.9599534301758 -33.71072165298462
vertex -196.17695440673828 203.8290482788086 -34.92872778701782
endloop
endfacet
facet normal -0.5966843032511954 0.8024411895202985 0.007481952611703015
outer loop
vertex -197.3279096069336 202.96057904052736 -33.58420244979858
vertex -197.32783331298828 202.9605180053711 -33.5715719871521
vertex -196.8054028930664 203.3539963989258 -34.108495872497556
endloop
endfacet
facet normal -0.6037837098003763 0.7971475734923058 -0.0009888655235376655
outer loop
vertex -197.32792486572265 202.95906842041018 -33.42652718353271
vertex -197.32797064208984 202.95903790283205 -33.423177879333494
vertex -196.8054028930664 203.3539963989258 -34.108495872497556
endloop
endfacet
facet normal -0.4211757560361937 -0.9069790419449284 0.0
outer loop
vertex -203.87833990478515 189.76206219482424 -32.01397482681274
vertex -203.71430792236328 189.68589031982424 -34.92872778701782
vertex -203.7963239135742 189.72397625732424 -32.00225750732422
endloop
endfacet
facet normal -0.6055195930313169 0.7957987868693777 -0.007093184927463065
outer loop
vertex -197.32679571533203 202.9601975708008 -34.24959532546997
vertex -196.7693921508789 203.3808518676758 -34.63906781005859
vertex -197.32604803466796 202.9601975708008 -34.31342212486267
endloop
endfacet
facet normal -0.6044465559709202 0.7966381504574799 -0.0034667290893591112
outer loop
vertex -197.32662786865234 202.96022808837893 -34.12657253074646
vertex -197.32661260986328 202.96041119384768 -34.08715621757507
vertex -196.17695440673828 203.8290482788086 -34.92872778701782
endloop
endfacet
facet normal -0.6006914452227557 0.7994360372092597 0.008474080914911288
outer loop
vertex -197.3272534790039 202.95935833740236 -34.420213382720945
vertex -197.32621588134765 202.95957196044924 -34.366815488815305
vertex -196.7693921508789 203.3808518676758 -34.63906781005859
endloop
endfacet
facet normal -0.605639324420482 0.795704694763874 -0.007419396621842508
outer loop
vertex -197.32621588134765 202.95957196044924 -34.366815488815305
vertex -197.32604803466796 202.9601975708008 -34.31342212486267
vertex -196.7693921508789 203.3808518676758 -34.63906781005859
endloop
endfacet
facet normal -0.6027787515950326 0.7979083398455719 0.00024047955718674128
outer loop
vertex -197.32679571533203 202.9601975708008 -34.24959532546997
vertex -197.32697882080078 202.96004498291018 -34.20227710533142
vertex -196.17695440673828 203.8290482788086 -34.92872778701782
endloop
endfacet
facet normal -0.28478856711958217 -0.1713080626828777 0.943159063836962
outer loop
vertex -188.23829473876953 189.74741375732424 -32.08720986175537
vertex -188.16505255126953 189.80306256103518 -32.054986637115476
vertex -196.54313482666015 203.55367291259768 -32.08720986175537
endloop
endfacet
facet normal -0.34225152575850804 -0.205873593947085 0.9167769392994591
outer loop
vertex -188.23829473876953 189.74741375732424 -32.08720986175537
vertex -196.54313482666015 203.55367291259768 -32.08720986175537
vertex -196.6134320678711 203.50095379638674 -32.1252919845581
endloop
endfacet
facet normal -0.4925487063764461 -0.2962813221059795 0.8182989368305583
outer loop
vertex -188.51363958740234 189.53940594482424 -32.28055016326904
vertex -188.4462720336914 189.5892258911133 -32.22196213531494
vertex -196.81849493408203 203.3456956176758 -32.28055016326904
endloop
endfacet
facet normal -0.5239127927222049 -0.3151476653708532 0.7913263136237291
outer loop
vertex -196.81849493408203 203.3456956176758 -32.28055016326904
vertex -196.88587774658203 203.2958909301758 -32.344997089385984
vertex -188.51363958740234 189.53940594482424 -32.28055016326904
endloop
endfacet
facet normal -0.6005402849818173 0.7995835955390074 -0.004176105706345337
outer loop
vertex -197.32719244384765 202.96028912353518 -35.85813204574585
vertex -196.17695440673828 203.8290482788086 -34.92872778701782
vertex -197.32716192626953 202.9601517944336 -35.888814490318296
endloop
endfacet
facet normal -0.6029512040571684 0.7977661868588802 0.00435392129616432
outer loop
vertex -194.6917554321289 204.95391094970705 -35.35934964942932
vertex -196.17695440673828 203.8290482788086 -34.92872778701782
vertex -194.6829663696289 204.95977032470705 -35.215809028625486
endloop
endfacet
facet normal -0.8516363348037548 -0.198135361568579 0.48524007639323774
outer loop
vertex -201.8916303100586 187.37166607666018 -37.770245756983755
vertex -201.9331647338867 187.47127545166018 -37.80246915671229
vertex -197.1287213745117 166.6842423706055 -37.858127754211424
endloop
endfacet
facet normal 0.0 -0.4137151023416254 -0.9104064005126824
outer loop
vertex -202.0474683227539 187.18123638916018 -37.6882225536108
vertex -201.84811224365234 187.27793133544924 -37.73216354477405
vertex -201.80058111572265 187.18123638916018 -37.6882225536108
endloop
endfacet
facet normal 0.4942729661598263 -0.18706753082477215 -0.8489405007623858
outer loop
vertex -203.07569708251953 189.38124859619143 -37.635493364214895
vertex -197.9199506225586 203.24314129638674 -37.6882225536108
vertex -197.84379400634765 203.2050706176758 -37.635493364214895
endloop
endfacet
facet normal -0.6049792702622039 0.7962412212531937 1.1412002677225051e-05
outer loop
vertex -196.3234235229492 203.7177201538086 -32.01397482681274
vertex -196.2501813354492 203.77336895751955 -32.00225750732422
vertex -196.17695440673828 203.8290482788086 -34.92872778701782
endloop
endfacet
facet normal -0.6050580280281597 0.7961813755160785 0.0
outer loop
vertex -196.10372747802734 203.88469708251955 -32.00225750732422
vertex -196.17695440673828 203.8290482788086 -34.92872778701782
vertex -196.17695440673828 203.8290482788086 -31.999327819824217
endloop
endfacet
facet normal -0.6052683015079375 0.7960215343756075 0.0
outer loop
vertex -196.17695440673828 203.8290482788086 -31.999327819824217
vertex -196.17695440673828 203.8290482788086 -34.92872778701782
vertex -196.2501813354492 203.77336895751955 -32.00225750732422
endloop
endfacet
facet normal -0.6049802054515931 0.7962405107160342 -1.03158841976416e-05
outer loop
vertex -195.8840161743164 204.05165875244143 -32.054986637115476
vertex -196.17695440673828 203.8290482788086 -34.92872778701782
vertex -195.9572583618164 203.9960099487305 -32.03155152130127
endloop
endfacet
facet normal -0.6051614514693126 0.7961027681941351 1.1366177563540591e-05
outer loop
vertex -195.9572583618164 203.9960099487305 -32.03155152130127
vertex -196.17695440673828 203.8290482788086 -34.92872778701782
vertex -196.03048529052734 203.9403458862305 -32.01397482681274
endloop
endfacet
facet normal -0.6049784314716868 0.7962418586360468 -3.1418137751851447e-06
outer loop
vertex -196.03048529052734 203.9403458862305 -32.01397482681274
vertex -196.17695440673828 203.8290482788086 -34.92872778701782
vertex -196.10372747802734 203.88469708251955 -32.00225750732422
endloop
endfacet
facet normal -0.582565900975697 0.22043656140994564 0.7823200709518666
outer loop
vertex -204.42614569091796 190.02275860595705 -32.28055016326904
vertex -199.1942426147461 203.84954083251955 -32.28055016326904
vertex -204.49938787841796 190.05791485595705 -32.344997089385984
endloop
endfacet
facet normal -0.6015046199431523 0.7988686227486155 0.0010563024066100964
outer loop
vertex -197.32804693603515 202.9599076538086 -33.09052340316772
vertex -197.32752813720703 202.960243347168 -33.0489775352478
vertex -196.17695440673828 203.8290482788086 -34.92872778701782
endloop
endfacet
facet normal -0.7323789865375948 -0.44040594529575694 0.519291462886033
outer loop
vertex -197.29012884521484 202.98830426025393 -32.96017090606689
vertex -197.2344800415039 202.94142926025393 -32.92144123840332
vertex -197.24032415771484 203.02637493896486 -32.857641857147215
endloop
endfacet
facet normal -0.5364059016110715 0.20297012281891005 0.8191897447842531
outer loop
vertex -204.42614569091796 190.02275860595705 -32.28055016326904
vertex -199.1180707397461 203.81438458251955 -32.22196213531494
vertex -199.1942426147461 203.84954083251955 -32.28055016326904
endloop
endfacet
facet normal -0.7322620076026874 -0.4404767108526888 0.5193963991192841
outer loop
vertex -192.15775885009765 194.50252545166018 -32.92076842117309
vertex -197.24032415771484 203.02637493896486 -32.857641857147215
vertex -197.2344800415039 202.94142926025393 -32.92144123840332
endloop
endfacet
facet normal -0.42111207437859505 -0.9070086112014468 4.356518176515216e-06
outer loop
vertex -203.96037115478515 189.80014813232424 -32.03155152130127
vertex -203.71430792236328 189.68589031982424 -34.92872778701782
vertex -203.87833990478515 189.76206219482424 -32.01397482681274
endloop
endfacet
facet normal -0.030365349485475743 0.011492397190414175 0.9994727962068015
outer loop
vertex -198.48238958740234 203.50972760009768 -31.999327819824217
vertex -203.7963239135742 189.72397625732424 -32.00225750732422
vertex -203.71430792236328 189.68589031982424 -31.999327819824217
endloop
endfacet
facet normal 0.0 -0.5787739463657117 -0.8154880250550958
outer loop
vertex -202.0474683227539 186.9996262817383 -37.576905351161955
vertex -201.69486822509765 186.9996262817383 -37.576905351161955
vertex -202.0474683227539 186.90882122802736 -37.5124585442543
endloop
endfacet
facet normal 0.0 -0.6375984681543884 -0.7703688684047257
outer loop
vertex -202.0474683227539 186.82387554931643 -37.442152958393095
vertex -201.63700689697265 186.90882122802736 -37.5124585442543
vertex -201.5771771850586 186.82387554931643 -37.442152958393095
endloop
endfacet
facet normal 0.0 -0.6375984681543883 -0.7703688684047255
outer loop
vertex -202.0474683227539 186.82387554931643 -37.442152958393095
vertex -202.0474683227539 186.90882122802736 -37.5124585442543
vertex -201.63700689697265 186.90882122802736 -37.5124585442543
endloop
endfacet
facet normal -0.851648827199181 -0.19813758051639882 0.48521724445589004
outer loop
vertex -201.84811224365234 187.27793133544924 -37.73216354477405
vertex -197.1287213745117 166.6842423706055 -37.858127754211424
vertex -201.80058111572265 187.18123638916018 -37.6882225536108
endloop
endfacet
facet normal 0.0 -0.6814481938554123 -0.7318663532990135
outer loop
vertex -201.5771771850586 186.82387554931643 -37.442152958393095
vertex -202.0474683227539 186.7389298706055 -37.36305917429924
vertex -202.0474683227539 186.82387554931643 -37.442152958393095
endloop
endfacet
facet normal 0.0 -0.93719213092714 -0.3488135744609813
outer loop
vertex -202.0474683227539 186.12375653076174 -36.43443934249878
vertex -200.83988775634765 186.12375653076174 -36.43443934249878
vertex -202.0474683227539 186.02999127197268 -36.182510893821714
endloop
endfacet
facet normal -0.0 -0.17380256140622763 -0.9847805185159962
outer loop
vertex -201.99439825439453 187.64409649658205 -37.83934513109922
vertex -201.96900762939453 187.5679398803711 -37.82590435448289
vertex -202.0474683227539 187.5679398803711 -37.82590435448289
endloop
endfacet
facet normal -0.0 -0.23561328995119168 -0.9718468899977896
outer loop
vertex -201.9331647338867 187.47127545166018 -37.80246915671229
vertex -202.0474683227539 187.47127545166018 -37.80246915671229
vertex -201.96900762939453 187.5679398803711 -37.82590435448289
endloop
endfacet
facet normal 0.0 -0.2356132899511917 -0.9718468899977896
outer loop
vertex -202.0474683227539 187.5679398803711 -37.82590435448289
vertex -201.96900762939453 187.5679398803711 -37.82590435448289
vertex -202.0474683227539 187.47127545166018 -37.80246915671229
endloop
endfacet
facet normal -0.851703650303692 -0.19835547572193088 0.48503195493749995
outer loop
vertex -201.96900762939453 187.5679398803711 -37.82590435448289
vertex -201.99439825439453 187.64409649658205 -37.83934513109922
vertex -202.00509466552734 187.64409649658205 -37.858127754211424
endloop
endfacet
facet normal 0.0 -0.307792937509855 -0.9514533659717929
outer loop
vertex -202.0474683227539 187.47127545166018 -37.80246915671229
vertex -201.9331647338867 187.47127545166018 -37.80246915671229
vertex -202.0474683227539 187.37166607666018 -37.770245756983755
endloop
endfacet
facet normal -0.0 -0.307792937509855 -0.9514533659717929
outer loop
vertex -201.8916303100586 187.37166607666018 -37.770245756983755
vertex -202.0474683227539 187.37166607666018 -37.770245756983755
vertex -201.9331647338867 187.47127545166018 -37.80246915671229
endloop
endfacet
facet normal -0.8516228298277814 -0.19813230700668302 0.4852650251525768
outer loop
vertex -201.9331647338867 187.47127545166018 -37.80246915671229
vertex -201.96900762939453 187.5679398803711 -37.82590435448289
vertex -197.1287213745117 166.6842423706055 -37.858127754211424
endloop
endfacet
facet normal -0.851538832395048 -0.19811307815389548 0.48542025626014673
outer loop
vertex -202.00509466552734 187.64409649658205 -37.858127754211424
vertex -197.1287213745117 166.6842423706055 -37.858127754211424
vertex -201.96900762939453 187.5679398803711 -37.82590435448289
endloop
endfacet
facet normal 0.0 -0.37639803204858485 -0.9264580516515317
outer loop
vertex -202.0474683227539 187.27793133544924 -37.73216354477405
vertex -201.8916303100586 187.37166607666018 -37.770245756983755
vertex -201.84811224365234 187.27793133544924 -37.73216354477405
endloop
endfacet
facet normal 0.0 -0.37639803204858485 -0.9264580516515317
outer loop
vertex -202.0474683227539 187.27793133544924 -37.73216354477405
vertex -202.0474683227539 187.37166607666018 -37.770245756983755
vertex -201.8916303100586 187.37166607666018 -37.770245756983755
endloop
endfacet
facet normal 0.0 -0.7070722262660406 -0.7071413344185059
outer loop
vertex -202.0474683227539 186.7389298706055 -37.36305917429924
vertex -201.51232733154296 186.7389298706055 -37.36305917429924
vertex -202.0474683227539 186.6568986206055 -37.28103594112396
endloop
endfacet
facet normal -0.8514809214293938 -0.1981018726231104 0.48552640350960036
outer loop
vertex -201.74938787841796 187.09043133544924 -37.635493364214895
vertex -201.80058111572265 187.18123638916018 -37.6882225536108
vertex -197.1287213745117 166.6842423706055 -37.858127754211424
endloop
endfacet
facet normal 0.0 -0.7433256060260938 -0.6689297746594484
outer loop
vertex -202.0474683227539 186.6568986206055 -37.28103594112396
vertex -201.44648565673828 186.6568986206055 -37.28103594112396
vertex -202.0474683227539 186.57781231689455 -37.19315395879745
endloop
endfacet
facet normal -0.0 -0.7433256060260939 -0.6689297746594484
outer loop
vertex -201.3779889526367 186.57781231689455 -37.19315395879745
vertex -202.0474683227539 186.57781231689455 -37.19315395879745
vertex -201.44648565673828 186.6568986206055 -37.28103594112396
endloop
endfacet
facet normal -0.8515930175065376 -0.19812451284288798 0.48532052289685634
outer loop
vertex -201.5771771850586 186.82387554931643 -37.442152958393095
vertex -201.63700689697265 186.90882122802736 -37.5124585442543
vertex -197.1287213745117 166.6842423706055 -37.858127754211424
endloop
endfacet
facet normal -0.0 -0.7760837803388358 -0.6306298168458113
outer loop
vertex -201.30683721923828 186.50164044189455 -37.09941313791275
vertex -202.0474683227539 186.50164044189455 -37.09941313791275
vertex -201.3779889526367 186.57781231689455 -37.19315395879745
endloop
endfacet
facet normal -0.8515413380627431 -0.19811505038534485 0.4854150557833216
outer loop
vertex -201.51232733154296 186.7389298706055 -37.36305917429924
vertex -201.5771771850586 186.82387554931643 -37.442152958393095
vertex -197.1287213745117 166.6842423706055 -37.858127754211424
endloop
endfacet
facet normal 0.0 -0.7760837803388358 -0.6306298168458113
outer loop
vertex -202.0474683227539 186.57781231689455 -37.19315395879745
vertex -201.3779889526367 186.57781231689455 -37.19315395879745
vertex -202.0474683227539 186.50164044189455 -37.09941313791275
endloop
endfacet
facet normal 0.0 -0.8169411979953584 -0.5767209715433527
outer loop
vertex -202.0474683227539 186.43132794189455 -36.99981353807449
vertex -201.30683721923828 186.50164044189455 -37.09941313791275
vertex -201.23371710205078 186.43132794189455 -36.99981353807449
endloop
endfacet
facet normal 0.0 -0.8169411979953584 -0.5767209715433527
outer loop
vertex -202.0474683227539 186.50164044189455 -37.09941313791275
vertex -201.30683721923828 186.50164044189455 -37.09941313791275
vertex -202.0474683227539 186.43132794189455 -36.99981353807449
endloop
endfacet
facet normal 0.9352118231771543 -0.3540884310180598 -0.00047833966158975205
outer loop
vertex -203.88126959228515 189.81690228271486 -37.858127754211424
vertex -198.68087591552734 203.55208599853518 -37.858127754211424
vertex -198.68507208251953 203.54097760009768 -37.839207327023146
endloop
endfacet
facet normal 0.0 -0.41371510234162534 -0.9104064005126823
outer loop
vertex -202.0474683227539 187.18123638916018 -37.6882225536108
vertex -202.0474683227539 187.27793133544924 -37.73216354477405
vertex -201.84811224365234 187.27793133544924 -37.73216354477405
endloop
endfacet
facet normal -0.8515246148654277 -0.19811051586219247 0.48544624190851565
outer loop
vertex -201.84811224365234 187.27793133544924 -37.73216354477405
vertex -201.8916303100586 187.37166607666018 -37.770245756983755
vertex -197.1287213745117 166.6842423706055 -37.858127754211424
endloop
endfacet
facet normal 0.0 -0.5021616864403602 -0.8647737511461443
outer loop
vertex -202.0474683227539 187.18123638916018 -37.6882225536108
vertex -201.80058111572265 187.18123638916018 -37.6882225536108
vertex -202.0474683227539 187.09043133544924 -37.635493364214895
endloop
endfacet
facet normal -0.0 -0.5021616864403602 -0.8647737511461443
outer loop
vertex -201.74938787841796 187.09043133544924 -37.635493364214895
vertex -202.0474683227539 187.09043133544924 -37.635493364214895
vertex -201.80058111572265 187.18123638916018 -37.6882225536108
endloop
endfacet
facet normal 0.0 -0.5421537074999967 -0.8402793329863636
outer loop
vertex -201.74938787841796 187.09043133544924 -37.635493364214895
vertex -202.0474683227539 186.9996262817383 -37.576905351161955
vertex -202.0474683227539 187.09043133544924 -37.635493364214895
endloop
endfacet
facet normal 2.6458478141822274e-05 -0.17382044206815375 -0.9847773622597041
outer loop
vertex -201.99439825439453 187.64409649658205 -37.83934513109922
vertex -202.0474683227539 187.5679398803711 -37.82590435448289
vertex -202.0474683227539 187.667518737793 -37.84348075467348
endloop
endfacet
facet normal 0.0 0.7070722262660406 -0.7071413344185059
outer loop
vertex -188.60445989990234 189.0765763549805 -37.28103594112396
vertex -202.0474683227539 188.9945451049805 -37.36305917429924
vertex -202.0474683227539 189.0765763549805 -37.28103594112396
endloop
endfacet
facet normal 0.0 0.5787739463657116 -0.8154880250550957
outer loop
vertex -188.60445989990234 188.73384869384768 -37.576905351161955
vertex -202.0474683227539 188.73384869384768 -37.576905351161955
vertex -202.0474683227539 188.8246537475586 -37.5124585442543
endloop
endfacet
facet normal 0.0 0.542025081655855 -0.840362309278542
outer loop
vertex -202.0474683227539 188.73384869384768 -37.576905351161955
vertex -188.60445989990234 188.73384869384768 -37.576905351161955
vertex -202.0474683227539 188.6430131225586 -37.635493364214895
endloop
endfacet
facet normal 0.8023642053859021 -0.3038408585110571 0.5137045985921418
outer loop
vertex -202.48103155517578 189.0970841674805 -32.96017090606689
vertex -197.24751104736328 202.91744244384768 -32.96017090606689
vertex -202.53669561767578 189.12343609619143 -32.857641857147215
endloop
endfacet
facet normal 0.0 -0.8247029374581089 -0.5655661455108204
outer loop
vertex -201.23371710205078 186.43132794189455 -36.99981353807449
vertex -202.0474683227539 186.36101544189455 -36.89728454875946
vertex -202.0474683227539 186.43132794189455 -36.99981353807449
endloop
endfacet
facet normal -0.0 -0.8752215805013769 -0.4837222188660261
outer loop
vertex -201.00269903564453 186.2350541381836 -36.674650114059446
vertex -202.0474683227539 186.2350541381836 -36.674650114059446
vertex -201.08045782470703 186.2965775756836 -36.7859673910141
endloop
endfacet
facet normal 0.0 -0.8752215805013769 -0.4837222188660261
outer loop
vertex -202.0474683227539 186.2965775756836 -36.7859673910141
vertex -201.08045782470703 186.2965775756836 -36.7859673910141
vertex -202.0474683227539 186.2350541381836 -36.674650114059446
endloop
endfacet
facet normal 0.0 -0.9033066805219907 -0.42899538566789086
outer loop
vertex -201.00269903564453 186.2350541381836 -36.674650114059446
vertex -202.0474683227539 186.17940533447268 -36.55747417736053
vertex -202.0474683227539 186.2350541381836 -36.674650114059446
endloop
endfacet
facet normal 0.0 -0.999787418503052 0.02061838507263296
outer loop
vertex -202.0474683227539 185.83960736083986 -34.78518716621399
vertex -202.0474683227539 185.83664715576174 -34.92872778701782
vertex -199.91483892822265 185.83664715576174 -34.92872778701782
endloop
endfacet
facet normal 0.0 -0.960706821226767 -0.27756513406471034
outer loop
vertex -202.0474683227539 185.99190533447268 -36.050688069343565
vertex -200.6744672241211 186.02999127197268 -36.182510893821714
vertex -200.59046759033203 185.99190533447268 -36.050688069343565
endloop
endfacet
facet normal 0.0 -0.960706821226767 -0.27756513406471034
outer loop
vertex -202.0474683227539 185.99190533447268 -36.050688069343565
vertex -202.0474683227539 186.02999127197268 -36.182510893821714
vertex -200.6744672241211 186.02999127197268 -36.182510893821714
endloop
endfacet
facet normal 0.0 -0.9623309921757622 -0.2718806015478354
outer loop
vertex -202.0474683227539 185.99190533447268 -36.050688069343565
vertex -200.59046759033203 185.99190533447268 -36.050688069343565
vertex -202.0474683227539 185.95383465576174 -35.915935557365415
endloop
endfacet
facet normal -0.0 -0.9623309921757623 -0.2718806015478354
outer loop
vertex -200.50480474853515 185.95383465576174 -35.915935557365415
vertex -202.0474683227539 185.95383465576174 -35.915935557365415
vertex -200.59046759033203 185.99190533447268 -36.050688069343565
endloop
endfacet
facet normal 0.0 -0.9781237728377683 -0.2080237606851915
outer loop
vertex -200.50480474853515 185.95383465576174 -35.915935557365415
vertex -202.0474683227539 185.9245530395508 -35.778253953933714
vertex -202.0474683227539 185.95383465576174 -35.915935557365415
endloop
endfacet
facet normal 0.17889959522345014 -0.06774591249338964 -0.9815321829513912
outer loop
vertex -198.3183423461914 203.43064129638674 -37.84348075467348
vertex -198.23713507080078 203.39043438720705 -37.82590435448289
vertex -203.47115911865234 189.5687180786133 -37.82590435448289
endloop
endfacet
facet normal 0.0 -0.7070718408666177 0.7071417197800539
outer loop
vertex -202.0474683227539 186.7389298706055 -32.49439636993408
vertex -202.0474683227539 186.6568986206055 -32.57641951370239
vertex -188.60445989990234 186.7389298706055 -32.49439636993408
endloop
endfacet
facet normal 0.0 -0.6814488815151487 0.7318657130114464
outer loop
vertex -188.60445989990234 186.7389298706055 -32.49439636993408
vertex -202.0474683227539 186.82387554931643 -32.41530243682861
vertex -202.0474683227539 186.7389298706055 -32.49439636993408
endloop
endfacet
facet normal 0.7573896853482929 -0.28680953481607757 0.586601359755157
outer loop
vertex -202.5952741088867 189.1527482299805 -32.75804201889038
vertex -197.36044134521484 202.97658551025393 -32.75804201889038
vertex -202.65678228759765 189.1820451049805 -32.66430155563354
endloop
endfacet
facet normal 0.0 0.029399051601892736 0.999567754464353
outer loop
vertex -202.0474683227539 187.96633160400393 -32.00225750732422
vertex -202.0474683227539 187.86672222900393 -31.999327819824217
vertex -188.60445989990234 187.96633160400393 -32.00225750732422
endloop
endfacet
facet normal -0.0 0.11684483410919702 0.9931501823702164
outer loop
vertex -202.0474683227539 188.06592572021486 -32.01397482681274
vertex -202.0474683227539 187.96633160400393 -32.00225750732422
vertex -188.60445989990234 187.96633160400393 -32.00225750732422
endloop
endfacet
facet normal 0.0 0.7556574257717074 0.6549670639628199
outer loop
vertex -188.60445989990234 189.0765763549805 -32.57641951370239
vertex -197.4543286743164 189.1527482299805 -32.66430155563354
vertex -202.0474683227539 189.0765763549805 -32.57641951370239
endloop
endfacet
facet normal 0.012476595552432183 -0.9999221641783995 -1.2174024822490831e-05
outer loop
vertex -197.4543286743164 189.1527482299805 -32.66430155563354
vertex -202.38435186767578 189.09120953369143 -30.692814987182615
vertex -202.0474683227539 189.09543621826174 -32.598170440673826
endloop
endfacet
facet normal 0.0 -0.9111352080360213 -0.4121075498909915
outer loop
vertex -202.0474683227539 186.12375653076174 -36.43443934249878
vertex -200.92297186279296 186.17940533447268 -36.55747417736053
vertex -200.83988775634765 186.12375653076174 -36.43443934249878
endloop
endfacet
facet normal 0.0 -0.9863739371496982 -0.1645188624802744
outer loop
vertex -202.0474683227539 185.8981858520508 -35.64057199287414
vertex -200.3348981323242 185.8981858520508 -35.64057199287414
vertex -202.0474683227539 185.87473309326174 -35.49996082115173
endloop
endfacet
facet normal 0.0 -0.9966839692173517 -0.08136992998119978
outer loop
vertex -202.0474683227539 185.8571702270508 -35.35934964942932
vertex -200.16505255126953 185.8571702270508 -35.35934964942932
vertex -202.0474683227539 185.8454514770508 -35.215809028625486
endloop
endfacet
facet normal 0.0 -0.9991722131268478 -0.04068032098198214
outer loop
vertex -200.08051885986328 185.8454514770508 -35.215809028625486
vertex -202.0474683227539 185.83960736083986 -35.07226840782165
vertex -202.0474683227539 185.8454514770508 -35.215809028625486
endloop
endfacet
facet normal 0.0 -0.999787418503052 -0.02061838507263296
outer loop
vertex -202.0474683227539 185.83960736083986 -35.07226840782165
vertex -199.9973432006836 185.83960736083986 -35.07226840782165
vertex -202.0474683227539 185.83664715576174 -34.92872778701782
endloop
endfacet
facet normal 0.0 0.3162447556292418 -0.9486776346773447
outer loop
vertex -188.60445989990234 188.2621995239258 -37.80246915671229
vertex -202.0474683227539 188.2621995239258 -37.80246915671229
vertex -188.60445989990234 188.35886395263674 -37.770245756983755
endloop
endfacet
facet normal 0.0 0.11684758678770456 -0.9931498585117403
outer loop
vertex -202.0474683227539 188.06592572021486 -37.84348075467348
vertex -188.60445989990234 188.06592572021486 -37.84348075467348
vertex -202.0474683227539 187.96633160400393 -37.85519835402444
endloop
endfacet
facet normal 0.0 -0.029405172094293858 -0.9995675744311162
outer loop
vertex -202.0474683227539 187.76714337158205 -37.85519835402444
vertex -202.0474683227539 187.86672222900393 -37.858127754211424
vertex -188.60445989990234 187.76714337158205 -37.85519835402444
endloop
endfacet
facet normal -0.0 -0.11681228185654696 -0.9931540116253201
outer loop
vertex -188.60445989990234 187.667518737793 -37.84348075467348
vertex -202.0474683227539 187.667518737793 -37.84348075467348
vertex -188.60445989990234 187.76714337158205 -37.85519835402444
endloop
endfacet
facet normal 0.0 -0.9111352080360212 -0.41210754989099146
outer loop
vertex -202.0474683227539 186.17940533447268 -36.55747417736053
vertex -200.92297186279296 186.17940533447268 -36.55747417736053
vertex -202.0474683227539 186.12375653076174 -36.43443934249878
endloop
endfacet
facet normal -0.0 -0.9371921309271399 -0.3488135744609813
outer loop
vertex -200.6744672241211 186.02999127197268 -36.182510893821714
vertex -202.0474683227539 186.02999127197268 -36.182510893821714
vertex -200.83988775634765 186.12375653076174 -36.43443934249878
endloop
endfacet
facet normal -0.8515744511562794 -0.19811901639675752 0.48535534351633836
outer loop
vertex -201.08045782470703 186.2965775756836 -36.7859673910141
vertex -197.1287213745117 166.6842423706055 -37.858127754211424
vertex -201.00269903564453 186.2350541381836 -36.674650114059446
endloop
endfacet
facet normal -0.8515355910865333 -0.19811625284914003 0.4854246465414834
outer loop
vertex -200.92297186279296 186.17940533447268 -36.55747417736053
vertex -197.1287213745117 166.6842423706055 -37.858127754211424
vertex -200.83988775634765 186.12375653076174 -36.43443934249878
endloop
endfacet
facet normal -0.8515474828142717 -0.198116973726934 0.48540349116375225
outer loop
vertex -200.83988775634765 186.12375653076174 -36.43443934249878
vertex -197.1287213745117 166.6842423706055 -37.858127754211424
vertex -200.6744672241211 186.02999127197268 -36.182510893821714
endloop
endfacet
facet normal -0.8516033879096911 -0.19811570361123756 0.4853059217476746
outer loop
vertex -200.3348981323242 185.8981858520508 -35.64057199287414
vertex -197.1287213745117 166.6842423706055 -37.858127754211424
vertex -200.24931158447265 185.87473309326174 -35.49996082115173
endloop
endfacet
facet normal 0.0 -0.5421537074999968 -0.8402793329863637
outer loop
vertex -202.0474683227539 186.9996262817383 -37.576905351161955
vertex -201.74938787841796 187.09043133544924 -37.635493364214895
vertex -201.69486822509765 186.9996262817383 -37.576905351161955
endloop
endfacet
facet normal -0.0 -0.5787739463657116 -0.8154880250550957
outer loop
vertex -201.63700689697265 186.90882122802736 -37.5124585442543
vertex -202.0474683227539 186.90882122802736 -37.5124585442543
vertex -201.69486822509765 186.9996262817383 -37.576905351161955
endloop
endfacet
facet normal 0.0 -0.6814481938554123 -0.7318663532990135
outer loop
vertex -202.0474683227539 186.7389298706055 -37.36305917429924
vertex -201.5771771850586 186.82387554931643 -37.442152958393095
vertex -201.51232733154296 186.7389298706055 -37.36305917429924
endloop
endfacet
facet normal 0.797856302429186 -0.30205309073968956 0.5217175970279594
outer loop
vertex -197.24751104736328 202.9174729614258 -32.96014515686035
vertex -197.2479077758789 202.92183697509768 -32.9570118598938
vertex -202.53669561767578 189.12343609619143 -32.857641857147215
endloop
endfacet
facet normal 0.838835424741936 -0.31747170055311974 0.4422294082780183
outer loop
vertex -202.38435186767578 189.09120953369143 -33.134576957702635
vertex -201.2524243774414 192.13547528076174 -33.09620920944214
vertex -202.42536749267578 189.0707169799805 -33.07148854064941
endloop
endfacet
facet normal 0.8357992079265032 -0.3162566821314473 0.4487999499071254
outer loop
vertex -201.2524243774414 192.13547528076174 -33.09620920944214
vertex -200.5002728881836 194.15833294677736 -33.07148854064941
vertex -202.42536749267578 189.0707169799805 -33.07148854064941
endloop
endfacet
facet normal 0.7826066524081068 -0.2962964787897633 0.5474807980773063
outer loop
vertex -197.30184759521484 202.95021832275393 -32.857641857147215
vertex -202.5952741088867 189.1527482299805 -32.75804201889038
vertex -202.53669561767578 189.12343609619143 -32.857641857147215
endloop
endfacet
facet normal 0.8189865358346452 -0.30989496290138724 0.4829349501640105
outer loop
vertex -202.42536749267578 189.0707169799805 -33.07148854064941
vertex -200.5002728881836 194.15833294677736 -33.07148854064941
vertex -202.48103155517578 189.0970841674805 -32.96017090606689
endloop
endfacet
facet normal 0.0 -0.7760826028366888 0.6306312659345638
outer loop
vertex -202.0474683227539 186.57781231689455 -32.66430155563354
vertex -202.0474683227539 186.50164044189455 -32.75804201889038
vertex -188.60445989990234 186.57781231689455 -32.66430155563354
endloop
endfacet
facet normal 0.0 -0.7433258316162595 0.6689295239799153
outer loop
vertex -188.60445989990234 186.57781231689455 -32.66430155563354
vertex -202.0474683227539 186.6568986206055 -32.57641951370239
vertex -202.0474683227539 186.57781231689455 -32.66430155563354
endloop
endfacet
facet normal -0.8515536807370147 -0.19811697643202644 0.4853926168295871
outer loop
vertex -201.63700689697265 186.90882122802736 -37.5124585442543
vertex -201.69486822509765 186.9996262817383 -37.576905351161955
vertex -197.1287213745117 166.6842423706055 -37.858127754211424
endloop
endfacet
facet normal -0.0 -0.7070722262660405 -0.7071413344185058
outer loop
vertex -201.44648565673828 186.6568986206055 -37.28103594112396
vertex -202.0474683227539 186.6568986206055 -37.28103594112396
vertex -201.51232733154296 186.7389298706055 -37.36305917429924
endloop
endfacet
facet normal -0.851541485454275 -0.19811507596203026 0.48541478678227934
outer loop
vertex -201.51232733154296 186.7389298706055 -37.36305917429924
vertex -197.1287213745117 166.6842423706055 -37.858127754211424
vertex -201.44648565673828 186.6568986206055 -37.28103594112396
endloop
endfacet
facet normal -0.8515397118494218 -0.19811478585794715 0.4854180165258224
outer loop
vertex -201.3779889526367 186.57781231689455 -37.19315395879745
vertex -201.44648565673828 186.6568986206055 -37.28103594112396
vertex -197.1287213745117 166.6842423706055 -37.858127754211424
endloop
endfacet
facet normal -0.8515646519556272 -0.19811859851570887 0.48537270675416305
outer loop
vertex -197.1287213745117 166.6842423706055 -37.858127754211424
vertex -201.30683721923828 186.50164044189455 -37.09941313791275
vertex -201.3779889526367 186.57781231689455 -37.19315395879745
endloop
endfacet
facet normal -0.8515095599227425 -0.1981118032096084 0.4854721235964172
outer loop
vertex -201.15890325927734 186.36101544189455 -36.89728454875946
vertex -201.23371710205078 186.43132794189455 -36.99981353807449
vertex -197.1287213745117 166.6842423706055 -37.858127754211424
endloop
endfacet
facet normal -0.8515472825875159 -0.1981162104879206 0.4854041539374415
outer loop
vertex -201.08045782470703 186.2965775756836 -36.7859673910141
vertex -201.15890325927734 186.36101544189455 -36.89728454875946
vertex -197.1287213745117 166.6842423706055 -37.858127754211424
endloop
endfacet
facet normal 0.0 -0.824702937458109 -0.5655661455108205
outer loop
vertex -202.0474683227539 186.36101544189455 -36.89728454875946
vertex -201.23371710205078 186.43132794189455 -36.99981353807449
vertex -201.15890325927734 186.36101544189455 -36.89728454875946
endloop
endfacet
facet normal -0.0 -0.8654563188915235 -0.5009843910649646
outer loop
vertex -201.08045782470703 186.2965775756836 -36.7859673910141
vertex -202.0474683227539 186.2965775756836 -36.7859673910141
vertex -201.15890325927734 186.36101544189455 -36.89728454875946
endloop
endfacet
facet normal 0.0 -0.8654563188915237 -0.5009843910649647
outer loop
vertex -202.0474683227539 186.36101544189455 -36.89728454875946
vertex -201.15890325927734 186.36101544189455 -36.89728454875946
vertex -202.0474683227539 186.2965775756836 -36.7859673910141
endloop
endfacet
facet normal -0.8515918769033695 -0.198122449371959 0.48532336668148585
outer loop
vertex -201.23371710205078 186.43132794189455 -36.99981353807449
vertex -201.30683721923828 186.50164044189455 -37.09941313791275
vertex -197.1287213745117 166.6842423706055 -37.858127754211424
endloop
endfacet
facet normal 0.0 -0.9033066805219905 -0.42899538566789075
outer loop
vertex -202.0474683227539 186.17940533447268 -36.55747417736053
vertex -201.00269903564453 186.2350541381836 -36.674650114059446
vertex -200.92297186279296 186.17940533447268 -36.55747417736053
endloop
endfacet
facet normal -0.8515865015462144 -0.19812009756831636 0.48533375868962597
outer loop
vertex -201.00269903564453 186.2350541381836 -36.674650114059446
vertex -197.1287213745117 166.6842423706055 -37.858127754211424
vertex -200.92297186279296 186.17940533447268 -36.55747417736053
endloop
endfacet
facet normal -0.8515577184169754 -0.19811739157854966 0.48538536376634506
outer loop
vertex -195.32743658447265 168.69541180419924 -33.87707320976257
vertex -200.08051885986328 185.8454514770508 -35.215809028625486
vertex -197.1287213745117 166.6842423706055 -37.858127754211424
endloop
endfacet
facet normal 0.0 -0.999787418503052 0.02061838507263296
outer loop
vertex -202.0474683227539 185.83960736083986 -34.78518716621399
vertex -199.91483892822265 185.83664715576174 -34.92872778701782
vertex -199.83370794677734 185.83960736083986 -34.78518716621399
endloop
endfacet
facet normal 0.22890192746910196 -0.08672756034197952 -0.969578381503042
outer loop
vertex -198.2371198120117 203.39043438720705 -37.82590075212717
vertex -203.3891431274414 189.5306321411133 -37.80246915671229
vertex -198.23713507080078 203.39043438720705 -37.82590435448289
endloop
endfacet
facet normal -0.2822008650897504 0.7784198029294751 0.5607363749123412
outer loop
vertex -195.71781744384765 203.9450150756836 -37.770245756983755
vertex -195.71668829345703 203.945106628418 -37.76980458575487
vertex -177.47538580322265 210.62175762939455 -37.858127754211424
endloop
endfacet
facet normal -0.8515530155231331 -0.19811577876045175 0.48539427268932417
outer loop
vertex -199.83370794677734 185.83960736083986 -34.78518716621399
vertex -199.91483892822265 185.83664715576174 -34.92872778701782
vertex -195.32743658447265 168.69541180419924 -33.87707320976257
endloop
endfacet
facet normal -0.8515571527930603 -0.19811726635540372 0.4853864072044445
outer loop
vertex -200.6744672241211 186.02999127197268 -36.182510893821714
vertex -197.1287213745117 166.6842423706055 -37.858127754211424
vertex -200.59046759033203 185.99190533447268 -36.050688069343565
endloop
endfacet
facet normal 0.0 -0.9781237728377684 -0.20802376068519152
outer loop
vertex -202.0474683227539 185.9245530395508 -35.778253953933714
vertex -200.50480474853515 185.95383465576174 -35.915935557365415
vertex -200.41950811767578 185.9245530395508 -35.778253953933714
endloop
endfacet
facet normal -0.8515655009286259 -0.1981173874324474 0.4853717116037148
outer loop
vertex -200.59046759033203 185.99190533447268 -36.050688069343565
vertex -197.1287213745117 166.6842423706055 -37.858127754211424
vertex -200.50480474853515 185.95383465576174 -35.915935557365415
endloop
endfacet
facet normal -0.0 -0.9821518229034422 -0.18808986354252524
outer loop
vertex -200.3348981323242 185.8981858520508 -35.64057199287414
vertex -202.0474683227539 185.8981858520508 -35.64057199287414
vertex -200.41950811767578 185.9245530395508 -35.778253953933714
endloop
endfacet
facet normal 0.0 -0.982151822903442 -0.18808986354252522
outer loop
vertex -202.0474683227539 185.9245530395508 -35.778253953933714
vertex -200.41950811767578 185.9245530395508 -35.778253953933714
vertex -202.0474683227539 185.8981858520508 -35.64057199287414
endloop
endfacet
facet normal 0.0 -0.986373937149698 -0.16451886248027436
outer loop
vertex -202.0474683227539 185.87473309326174 -35.49996082115173
vertex -200.3348981323242 185.8981858520508 -35.64057199287414
vertex -200.24931158447265 185.87473309326174 -35.49996082115173
endloop
endfacet
facet normal -0.8515648692254133 -0.1981170146437144 0.4853729720635122
outer loop
vertex -200.41950811767578 185.9245530395508 -35.778253953933714
vertex -197.1287213745117 166.6842423706055 -37.858127754211424
vertex -200.3348981323242 185.8981858520508 -35.64057199287414
endloop
endfacet
facet normal -0.8515418919496552 -0.1981174241758014 0.48541311528712056
outer loop
vertex -200.50480474853515 185.95383465576174 -35.915935557365415
vertex -197.1287213745117 166.6842423706055 -37.858127754211424
vertex -200.41950811767578 185.9245530395508 -35.778253953933714
endloop
endfacet
facet normal -0.8568746919581576 -0.515524590377608 -0.00039874504664808496
outer loop
vertex -194.13502325439453 200.82939923095705 -37.83950426059961
vertex -195.98165716552734 203.89876568603518 -37.83955620232224
vertex -195.98820318603515 203.9096604614258 -37.858127754211424
endloop
endfacet
facet normal 0.0 -0.9922896239740117 -0.12394072032029924
outer loop
vertex -202.0474683227539 185.8571702270508 -35.35934964942932
vertex -200.24931158447265 185.87473309326174 -35.49996082115173
vertex -200.16505255126953 185.8571702270508 -35.35934964942932
endloop
endfacet
facet normal 0.0 -0.9922896239740114 -0.12394072032029921
outer loop
vertex -202.0474683227539 185.8571702270508 -35.35934964942932
vertex -202.0474683227539 185.87473309326174 -35.49996082115173
vertex -200.24931158447265 185.87473309326174 -35.49996082115173
endloop
endfacet
facet normal -0.0 -0.9966839692173517 -0.08136992998119978
outer loop
vertex -200.08051885986328 185.8454514770508 -35.215809028625486
vertex -202.0474683227539 185.8454514770508 -35.215809028625486
vertex -200.16505255126953 185.8571702270508 -35.35934964942932
endloop
endfacet
facet normal -0.8514928337115831 -0.19812127921565117 0.48549759305250123
outer loop
vertex -200.24931158447265 185.87473309326174 -35.49996082115173
vertex -197.1287213745117 166.6842423706055 -37.858127754211424
vertex -200.16505255126953 185.8571702270508 -35.35934964942932
endloop
endfacet
facet normal -0.8515661845036145 -0.19811946906497022 0.4853696626153825
outer loop
vertex -201.69486822509765 186.9996262817383 -37.576905351161955
vertex -201.74938787841796 187.09043133544924 -37.635493364214895
vertex -197.1287213745117 166.6842423706055 -37.858127754211424
endloop
endfacet
facet normal 0.0 0.17376879658654917 -0.9847864770257878
outer loop
vertex -202.0474683227539 188.06592572021486 -37.84348075467348
vertex -202.0474683227539 188.16553509521486 -37.82590435448289
vertex -188.60445989990234 188.06592572021486 -37.84348075467348
endloop
endfacet
facet normal 0.0 -0.9991722131268478 -0.04068032098198214
outer loop
vertex -202.0474683227539 185.83960736083986 -35.07226840782165
vertex -200.08051885986328 185.8454514770508 -35.215809028625486
vertex -199.9973432006836 185.83960736083986 -35.07226840782165
endloop
endfacet
facet normal -0.8515618098202362 -0.19811914157415553 0.48537747145660126
outer loop
vertex -199.9973432006836 185.83960736083986 -35.07226840782165
vertex -200.08051885986328 185.8454514770508 -35.215809028625486
vertex -195.32743658447265 168.69541180419924 -33.87707320976257
endloop
endfacet
facet normal -0.8515844488748943 -0.19811516731619644 0.48533937292756085
outer loop
vertex -200.16505255126953 185.8571702270508 -35.35934964942932
vertex -197.1287213745117 166.6842423706055 -37.858127754211424
vertex -200.08051885986328 185.8454514770508 -35.215809028625486
endloop
endfacet
facet normal -0.0 -0.999787418503052 -0.02061838507263296
outer loop
vertex -199.91483892822265 185.83664715576174 -34.92872778701782
vertex -202.0474683227539 185.83664715576174 -34.92872778701782
vertex -199.9973432006836 185.83960736083986 -35.07226840782165
endloop
endfacet
facet normal 0.0 0.3162447556292418 -0.9486776346773447
outer loop
vertex -202.0474683227539 188.35886395263674 -37.770245756983755
vertex -188.60445989990234 188.35886395263674 -37.770245756983755
vertex -202.0474683227539 188.2621995239258 -37.80246915671229
endloop
endfacet
facet normal 0.0 0.2356132899511917 -0.9718468899977897
outer loop
vertex -202.0474683227539 188.2621995239258 -37.80246915671229
vertex -188.60445989990234 188.2621995239258 -37.80246915671229
vertex -202.0474683227539 188.16553509521486 -37.82590435448289
endloop
endfacet
facet normal 0.0 0.17376879658654917 -0.9847864770257878
outer loop
vertex -188.60445989990234 188.16553509521486 -37.82590435448289
vertex -188.60445989990234 188.06592572021486 -37.84348075467348
vertex -202.0474683227539 188.16553509521486 -37.82590435448289
endloop
endfacet
facet normal -0.28310098435773956 0.7808289097736176 0.5569201435730463
outer loop
vertex -195.71781744384765 203.9450150756836 -37.770245756983755
vertex -177.47538580322265 210.62175762939455 -37.858127754211424
vertex -195.81210150146484 203.93361676025393 -37.802192483127115
endloop
endfacet
facet normal 0.0 -0.11681228185654696 -0.9931540116253201
outer loop
vertex -202.0474683227539 187.76714337158205 -37.85519835402444
vertex -188.60445989990234 187.76714337158205 -37.85519835402444
vertex -202.0474683227539 187.667518737793 -37.84348075467348
endloop
endfacet
facet normal 0.0 -0.17387857949921043 -0.9847670991616935
outer loop
vertex -188.60445989990234 187.667518737793 -37.84348075467348
vertex -201.99439825439453 187.64409649658205 -37.83934513109922
vertex -202.0474683227539 187.667518737793 -37.84348075467348
endloop
endfacet
facet normal -0.28304283514950407 0.780671574895258 0.5571702124316127
outer loop
vertex -195.81210150146484 203.93361676025393 -37.802192483127115
vertex -177.47538580322265 210.62175762939455 -37.858127754211424
vertex -195.81294073486328 203.9335099487305 -37.80246915671229
endloop
endfacet
facet normal 0.3416416410725081 0.20557373998474998 -0.9170716583309976
outer loop
vertex -195.71781744384765 203.9450150756836 -37.770245756983755
vertex -195.81371893310546 204.10439312744143 -37.770245756983755
vertex -195.71668829345703 203.945106628418 -37.76980458575487
endloop
endfacet
facet normal 4.926569739271517e-06 0.755529753614213 -0.6551143345854795
outer loop
vertex -202.0474683227539 189.09543621826174 -37.259285252571104
vertex -197.4543286743164 189.1527482299805 -37.19315395879745
vertex -202.0474683227539 189.0765763549805 -37.28103594112396
endloop
endfacet
facet normal 0.3294280938161836 0.1981168940213307 -0.9231613224718508
outer loop
vertex -195.81371893310546 204.10439312744143 -37.770245756983755
vertex -195.74047674560546 204.16005718994143 -37.73216354477405
vertex -195.71668829345703 203.945106628418 -37.76980458575487
endloop
endfacet
facet normal 0.012479500655435767 -0.9999221278937876 1.4551653604672113e-05
outer loop
vertex -189.00285162353515 189.2582169799805 -37.858127754211424
vertex -197.4543286743164 189.1527482299805 -37.19315395879745
vertex -202.38435186767578 189.09120953369143 -37.858127754211424
endloop
endfacet
facet normal -0.28310578462788655 0.7808417185889732 0.5568997443178146
outer loop
vertex -194.8113080444336 203.862098815918 -37.19315395879745
vertex -177.47538580322265 210.62175762939455 -37.858127754211424
vertex -194.9120465698242 203.8882523803711 -37.28103594112396
endloop
endfacet
facet normal -0.2830603195336813 0.780719735712505 0.557093842879713
outer loop
vertex -195.6168500366211 203.95444500732424 -37.73216354477405
vertex -177.47538580322265 210.62175762939455 -37.858127754211424
vertex -195.71668829345703 203.945106628418 -37.76980458575487
endloop
endfacet
facet normal 0.39381566682501656 0.23687485918488288 -0.8881438631490449
outer loop
vertex -195.51998724365234 203.9582444458008 -37.6882225536108
vertex -195.61535467529296 203.9545060424805 -37.731506895303724
vertex -195.67309393310546 204.21279156494143 -37.6882225536108
endloop
endfacet
facet normal -0.28320008620269926 0.7810873929569547 0.5565071389825037
outer loop
vertex -195.51998724365234 203.9582444458008 -37.6882225536108
vertex -177.47538580322265 210.62175762939455 -37.858127754211424
vertex -195.61535467529296 203.9545060424805 -37.731506895303724
endloop
endfacet
facet normal -0.28064593427153595 0.7743398965787017 0.5671292481818779
outer loop
vertex -195.61535467529296 203.9545060424805 -37.731506895303724
vertex -177.47538580322265 210.62175762939455 -37.858127754211424
vertex -195.6168500366211 203.95444500732424 -37.73216354477405
endloop
endfacet
facet normal 0.4426227292942778 0.2662316548218909 -0.8562743867960094
outer loop
vertex -195.67309393310546 204.21279156494143 -37.6882225536108
vertex -195.60279669189453 204.26551068115236 -37.635493364214895
vertex -195.51998724365234 203.9582444458008 -37.6882225536108
endloop
endfacet
facet normal -0.28307736502500946 0.780768078759803 0.5570174257599342
outer loop
vertex -195.4176618041992 203.95772564697268 -37.635493364214895
vertex -177.47538580322265 210.62175762939455 -37.858127754211424
vertex -195.51998724365234 203.9582444458008 -37.6882225536108
endloop
endfacet
facet normal 0.3733368838500845 -0.1413762190996859 0.9168600415713328
outer loop
vertex -203.31005682373046 189.4925462036133 -32.08720986175537
vertex -203.23095526123046 189.4544602661133 -32.1252919845581
vertex -197.99610723876953 203.27829754638674 -32.1252919845581
endloop
endfacet
facet normal -0.2830890897022562 0.7807980439611591 0.5569694622131229
outer loop
vertex -195.3171216430664 203.9523850708008 -37.576905351161955
vertex -177.47538580322265 210.62175762939455 -37.858127754211424
vertex -195.4176618041992 203.95772564697268 -37.635493364214895
endloop
endfacet
facet normal 0.0 0.3664934832001516 -0.9304206182000806
outer loop
vertex -202.0474683227539 188.35886395263674 -37.770245756983755
vertex -202.0474683227539 188.45554364013674 -37.73216354477405
vertex -188.60445989990234 188.35886395263674 -37.770245756983755
endloop
endfacet
facet normal 0.533914836410099 0.3211590327394562 -0.7821712236786996
outer loop
vertex -195.3171216430664 203.9523850708008 -37.576905351161955
vertex -195.4709760131836 204.36512005615236 -37.5124585442543
vertex -195.21691717529296 203.94275677490236 -37.5124585442543
endloop
endfacet
facet normal -0.2831160972291219 0.7808657142504059 0.5568608549700309
outer loop
vertex -195.21691717529296 203.94275677490236 -37.5124585442543
vertex -177.47538580322265 210.62175762939455 -37.858127754211424
vertex -195.3171216430664 203.9523850708008 -37.576905351161955
endloop
endfacet
facet normal 0.0 0.3664934832001516 -0.9304206182000806
outer loop
vertex -188.60445989990234 188.35886395263674 -37.770245756983755
vertex -202.0474683227539 188.45554364013674 -37.73216354477405
vertex -188.60445989990234 188.45554364013674 -37.73216354477405
endloop
endfacet
facet normal 0.5681169985138705 0.34180389329045635 -0.748607490298539
outer loop
vertex -195.4065228881836 204.4119797973633 -37.442152958393095
vertex -195.11605657958984 203.9291917114258 -37.442152958393095
vertex -195.2137738647461 203.94236004638674 -37.51029796528816
endloop
endfacet
facet normal -0.2831140837950575 0.7808612591023406 0.5568681258520658
outer loop
vertex -195.11605657958984 203.9291917114258 -37.442152958393095
vertex -177.47538580322265 210.62175762939455 -37.858127754211424
vertex -195.2137738647461 203.94236004638674 -37.51029796528816
endloop
endfacet
facet normal 0.5617249880000634 0.33788732117778386 -0.7551802407661563
outer loop
vertex -195.2137738647461 203.94236004638674 -37.51029796528816
vertex -195.21691717529296 203.94275677490236 -37.5124585442543
vertex -195.4709760131836 204.36512005615236 -37.5124585442543
endloop
endfacet
facet normal -0.0017089809276643146 -0.00105534251530986 -0.9999979828161475
outer loop
vertex -198.23710455322265 203.39043438720705 -37.8259007782042
vertex -203.3891431274414 189.5306321411133 -37.80246915671229
vertex -198.2371198120117 203.39043438720705 -37.82590075212717
endloop
endfacet
facet normal -0.28338701514740866 0.781529946118699 0.5557901968958662
outer loop
vertex -195.2137738647461 203.94236004638674 -37.51029796528816
vertex -177.47538580322265 210.62175762939455 -37.858127754211424
vertex -195.21691717529296 203.94275677490236 -37.5124585442543
endloop
endfacet
facet normal 0.6140555550920754 0.3694425267614649 -0.6974582386642713
outer loop
vertex -195.4065228881836 204.4119797973633 -37.442152958393095
vertex -195.1124860229492 203.928505065918 -37.43937308716774
vertex -195.11605657958984 203.9291917114258 -37.442152958393095
endloop
endfacet
facet normal 0.630992106675086 0.37957955305296825 -0.676585784818042
outer loop
vertex -195.34501470947265 204.4617844848633 -37.36305917429924
vertex -195.28349127197265 204.50571453857424 -37.28103594112396
vertex -195.01313604736328 203.91008770751955 -37.36305917429924
endloop
endfacet
facet normal 0.0 0.7556572059127852 -0.6549673176213316
outer loop
vertex -188.60445989990234 189.1527482299805 -37.19315395879745
vertex -188.60445989990234 189.0765763549805 -37.28103594112396
vertex -197.4543286743164 189.1527482299805 -37.19315395879745
endloop
endfacet
facet normal -0.2831749460514236 0.7810070493538463 0.5566326785128336
outer loop
vertex -195.1124860229492 203.928505065918 -37.43937308716774
vertex -177.47538580322265 210.62175762939455 -37.858127754211424
vertex -195.11605657958984 203.9291917114258 -37.442152958393095
endloop
endfacet
facet normal 0.012476210067727023 -0.9999221683036826 3.8951352672590466e-05
outer loop
vertex -202.0474683227539 189.09543621826174 -37.259285252571104
vertex -202.38435186767578 189.09120953369143 -37.858127754211424
vertex -197.4543286743164 189.1527482299805 -37.19315395879745
endloop
endfacet
facet normal 0.0 0.7070722262660406 -0.7071413344185059
outer loop
vertex -188.60445989990234 188.9945451049805 -37.36305917429924
vertex -202.0474683227539 188.9945451049805 -37.36305917429924
vertex -188.60445989990234 189.0765763549805 -37.28103594112396
endloop
endfacet
facet normal 0.0 0.6814481938554122 -0.7318663532990135
outer loop
vertex -202.0474683227539 188.9945451049805 -37.36305917429924
vertex -188.60445989990234 188.9945451049805 -37.36305917429924
vertex -202.0474683227539 188.90959942626955 -37.442152958393095
endloop
endfacet
facet normal 0.32950817658078657 0.19812061199684844 -0.9231319432607666
outer loop
vertex -195.6168500366211 203.95444500732424 -37.73216354477405
vertex -195.71668829345703 203.945106628418 -37.76980458575487
vertex -195.74047674560546 204.16005718994143 -37.73216354477405
endloop
endfacet
facet normal 0.0 0.5787739463657116 -0.8154880250550957
outer loop
vertex -202.0474683227539 188.8246537475586 -37.5124585442543
vertex -188.60445989990234 188.8246537475586 -37.5124585442543
vertex -188.60445989990234 188.73384869384768 -37.576905351161955
endloop
endfacet
facet normal -0.28308668200918674 0.7807958114005855 0.5569738156936382
outer loop
vertex -195.01313604736328 203.91008770751955 -37.36305917429924
vertex -177.47538580322265 210.62175762939455 -37.858127754211424
vertex -195.1124860229492 203.928505065918 -37.43937308716774
endloop
endfacet
facet normal 0.6309776921934275 0.37957519797026157 -0.6766016708818365
outer loop
vertex -195.28349127197265 204.50571453857424 -37.28103594112396
vertex -194.9120465698242 203.8882523803711 -37.28103594112396
vertex -195.01313604736328 203.91008770751955 -37.36305917429924
endloop
endfacet
facet normal -0.2831273064504405 0.7808906337135383 0.5568202102300049
outer loop
vertex -194.9120465698242 203.8882523803711 -37.28103594112396
vertex -177.47538580322265 210.62175762939455 -37.858127754211424
vertex -195.01313604736328 203.91008770751955 -37.36305917429924
endloop
endfacet
facet normal 0.6596635823955482 0.3968316756352204 -0.6382543217821679
outer loop
vertex -195.28349127197265 204.50571453857424 -37.28103594112396
vertex -195.22489752197265 204.54965985107424 -37.19315395879745
vertex -194.9120465698242 203.8882523803711 -37.28103594112396
endloop
endfacet
facet normal 0.6597438223889733 0.3968565536141394 -0.6381559093772418
outer loop
vertex -194.8113080444336 203.862098815918 -37.19315395879745
vertex -194.9120465698242 203.8882523803711 -37.28103594112396
vertex -195.22489752197265 204.54965985107424 -37.19315395879745
endloop
endfacet
facet normal 0.01247627926209511 -0.999922167850566 -2.6396946579828466e-05
outer loop
vertex -191.3504926147461 189.22890484619143 -37.09941313791275
vertex -197.4543286743164 189.1527482299805 -37.19315395879745
vertex -189.00285162353515 189.2582169799805 -37.858127754211424
endloop
endfacet
facet normal 0.685520086026267 0.41236178277279106 -0.6000166429049988
outer loop
vertex -195.22489752197265 204.54965985107424 -37.19315395879745
vertex -194.80627264404296 203.86055767822268 -37.188460152626035
vertex -194.8113080444336 203.862098815918 -37.19315395879745
endloop
endfacet
facet normal 0.8614921848487355 -0.3274466518204266 0.38808492067606115
outer loop
vertex -197.24751104736328 202.9174729614258 -32.96014515686035
vertex -202.53669561767578 189.12343609619143 -32.857641857147215
vertex -197.24751104736328 202.91744244384768 -32.96017090606689
endloop
endfacet
facet normal 0.0 -0.9991722131268478 0.04068032098198214
outer loop
vertex -202.0474683227539 185.83960736083986 -34.78518716621399
vertex -199.83370794677734 185.83960736083986 -34.78518716621399
vertex -202.0474683227539 185.8454514770508 -34.641646545410154
endloop
endfacet
facet normal 0.0 -0.9991722131268479 0.04068032098198214
outer loop
vertex -199.75324835205078 185.8454514770508 -34.641646545410154
vertex -202.0474683227539 185.8454514770508 -34.641646545410154
vertex -199.83370794677734 185.83960736083986 -34.78518716621399
endloop
endfacet
facet normal -0.2831251258648466 0.7808764866247484 0.5568411584470062
outer loop
vertex -194.32772650146484 203.66761029052736 -36.674650114059446
vertex -194.23446478271484 203.6178666381836 -36.55747417736053
vertex -177.47538580322265 210.62175762939455 -37.858127754211424
endloop
endfacet
facet normal -0.28311498794814227 0.7808600833666788 0.5568693148340165
outer loop
vertex -194.80627264404296 203.86055767822268 -37.188460152626035
vertex -194.7122632446289 203.83113873291018 -37.09941313791275
vertex -177.47538580322265 210.62175762939455 -37.858127754211424
endloop
endfacet
facet normal -0.28251534886752294 0.7795364625269232 0.5590241329721579
outer loop
vertex -194.80627264404296 203.86055767822268 -37.188460152626035
vertex -177.47538580322265 210.62175762939455 -37.858127754211424
vertex -194.8113080444336 203.862098815918 -37.19315395879745
endloop
endfacet
facet normal 0.0 -0.996683958256313 0.08137006424065411
outer loop
vertex -202.0474683227539 185.8454514770508 -34.641646545410154
vertex -199.75324835205078 185.8454514770508 -34.641646545410154
vertex -202.0474683227539 185.8571702270508 -34.4981061630249
endloop
endfacet
facet normal 0.0 -0.9966839582563131 0.08137006424065413
outer loop
vertex -199.67414678955078 185.8571702270508 -34.4981061630249
vertex -202.0474683227539 185.8571702270508 -34.4981061630249
vertex -199.75324835205078 185.8454514770508 -34.641646545410154
endloop
endfacet
facet normal 0.0 -0.9922896498195548 0.12394051339648994
outer loop
vertex -202.0474683227539 185.87473309326174 -34.35749475288391
vertex -199.67414678955078 185.8571702270508 -34.4981061630249
vertex -199.59809698486328 185.87473309326174 -34.35749475288391
endloop
endfacet
facet normal 0.0 -0.9922896498195547 0.12394051339648993
outer loop
vertex -202.0474683227539 185.87473309326174 -34.35749475288391
vertex -202.0474683227539 185.8571702270508 -34.4981061630249
vertex -199.67414678955078 185.8571702270508 -34.4981061630249
endloop
endfacet
facet normal 0.6906632223092964 0.4155467956072307 -0.5918658412257815
outer loop
vertex -194.80627264404296 203.86055767822268 -37.188460152626035
vertex -195.1692487182617 204.59067547607424 -37.09941313791275
vertex -194.7122632446289 203.83113873291018 -37.09941313791275
endloop
endfacet
facet normal 0.8304893473435203 -0.31449134269365847 0.4597636776863456
outer loop
vertex -202.48103155517578 189.0970841674805 -32.96017090606689
vertex -199.13484014892578 197.8305131225586 -33.03061692047119
vertex -197.24751104736328 202.91744244384768 -32.96017090606689
endloop
endfacet
facet normal 0.0 -0.9863739371496981 0.1645188624802744
outer loop
vertex -202.0474683227539 185.87473309326174 -34.35749475288391
vertex -199.59809698486328 185.87473309326174 -34.35749475288391
vertex -202.0474683227539 185.8981858520508 -34.2168835811615
endloop
endfacet
facet normal 0.0 -0.9863739371496981 0.1645188624802744
outer loop
vertex -199.52340521240234 185.8981858520508 -34.2168835811615
vertex -202.0474683227539 185.8981858520508 -34.2168835811615
vertex -199.59809698486328 185.87473309326174 -34.35749475288391
endloop
endfacet
facet normal 0.0 -0.9821517627343372 0.18809017772822184
outer loop
vertex -202.0474683227539 185.9245530395508 -34.079201858520506
vertex -199.52340521240234 185.8981858520508 -34.2168835811615
vertex -199.45106329345703 185.9245530395508 -34.079201858520506
endloop
endfacet
facet normal 0.0 -0.9821517627343374 0.18809017772822187
outer loop
vertex -202.0474683227539 185.8981858520508 -34.2168835811615
vertex -199.52340521240234 185.8981858520508 -34.2168835811615
vertex -202.0474683227539 185.9245530395508 -34.079201858520506
endloop
endfacet
facet normal 0.7132049244856143 0.4291093132052889 -0.5542598064174908
outer loop
vertex -195.1692487182617 204.59067547607424 -37.09941313791275
vertex -195.1165143432617 204.63167584228518 -36.99981353807449
vertex -194.7122632446289 203.83113873291018 -37.09941313791275
endloop
endfacet
facet normal 0.0 -0.9781238827822717 0.2080232437275533
outer loop
vertex -199.37939276123046 185.95383465576174 -33.941519897460935
vertex -202.0474683227539 185.95383465576174 -33.941519897460935
vertex -199.45106329345703 185.9245530395508 -34.079201858520506
endloop
endfacet
facet normal -0.2831308288449318 0.780892049526279 0.5568164336154505
outer loop
vertex -194.51783575439453 203.7574845581055 -36.89728454875946
vertex -177.47538580322265 210.62175762939455 -37.858127754211424
vertex -194.6136304321289 203.79586041259768 -36.99981353807449
endloop
endfacet
facet normal 0.7518045292206941 0.4523250994463276 -0.47978323673730033
outer loop
vertex -194.51135076904296 203.7545548706055 -36.88988481092453
vertex -194.51783575439453 203.7574845581055 -36.89728454875946
vertex -195.0667096557617 204.66976177978518 -36.89728454875946
endloop
endfacet
facet normal -0.28303442218165065 0.7806976904806276 0.5571378931095186
outer loop
vertex -194.51135076904296 203.7545548706055 -36.88988481092453
vertex -177.47538580322265 210.62175762939455 -37.858127754211424
vertex -194.51783575439453 203.7574845581055 -36.89728454875946
endloop
endfacet
facet normal -0.2830665130887506 0.7807622457223393 0.5570311165656596
outer loop
vertex -194.41901983642578 203.71389019775393 -36.7859673910141
vertex -177.47538580322265 210.62175762939455 -37.858127754211424
vertex -194.51135076904296 203.7545548706055 -36.88988481092453
endloop
endfacet
facet normal 0.7702079394113663 0.46340714616853695 -0.4382163243737383
outer loop
vertex -195.01692022705078 204.70784771728518 -36.7859673910141
vertex -194.97297491455078 204.74007427978518 -36.674650114059446
vertex -194.41232122802734 203.71059429931643 -36.777906101226804
endloop
endfacet
facet normal 0.766043575001252 0.4608021406639401 -0.44815022967620094
outer loop
vertex -195.01692022705078 204.70784771728518 -36.7859673910141
vertex -194.41232122802734 203.71059429931643 -36.777906101226804
vertex -194.41901983642578 203.71389019775393 -36.7859673910141
endloop
endfacet
facet normal -0.2830999303241533 0.7808277782502364 0.5569222658174652
outer loop
vertex -194.6136304321289 203.79586041259768 -36.99981353807449
vertex -177.47538580322265 210.62175762939455 -37.858127754211424
vertex -194.7122632446289 203.83113873291018 -37.09941313791275
endloop
endfacet
facet normal -0.2830866363466332 0.7808038703089407 0.5569625413190082
outer loop
vertex -194.32772650146484 203.66761029052736 -36.674650114059446
vertex -177.47538580322265 210.62175762939455 -37.858127754211424
vertex -194.41232122802734 203.71059429931643 -36.777906101226804
endloop
endfacet
facet normal 0.7775592517008082 0.4678188529084737 -0.4201751193941392
outer loop
vertex -194.97297491455078 204.74007427978518 -36.674650114059446
vertex -194.92904486083984 204.77230084228518 -36.55747417736053
vertex -194.32772650146484 203.66761029052736 -36.674650114059446
endloop
endfacet
facet normal -0.28359897781060317 0.7817999280494757 0.5553021630487455
outer loop
vertex -194.41901983642578 203.71389019775393 -36.7859673910141
vertex -194.41232122802734 203.71059429931643 -36.777906101226804
vertex -177.47538580322265 210.62175762939455 -37.858127754211424
endloop
endfacet
facet normal 0.795544089030809 0.4785543154679927 -0.3716118533565648
outer loop
vertex -194.92904486083984 204.77230084228518 -36.55747417736053
vertex -194.89095892333984 204.80452740478518 -36.43443934249878
vertex -194.2269574584961 203.6131974487305 -36.54712049293518
endloop
endfacet
facet normal 0.6694576001747345 -0.25345755717529 -0.6982734337485706
outer loop
vertex -202.78861822509765 189.24355328369143 -37.36305917429924
vertex -202.8589154663086 189.27577984619143 -37.442152958393095
vertex -197.55378546142578 203.07032025146486 -37.36305917429924
endloop
endfacet
facet normal 0.0 -0.9111353579649565 0.4121072184105381
outer loop
vertex -188.60445989990234 186.17940533447268 -33.29998127746582
vertex -202.0474683227539 186.17940533447268 -33.29998127746582
vertex -202.0474683227539 186.12375653076174 -33.42301623153686
endloop
endfacet
facet normal 0.44260163956250576 0.2662280349418414 -0.8562864135717603
outer loop
vertex -195.4176618041992 203.95772564697268 -37.635493364214895
vertex -195.51998724365234 203.9582444458008 -37.6882225536108
vertex -195.60279669189453 204.26551068115236 -37.635493364214895
endloop
endfacet
facet normal 0.0 -0.6814488815151487 0.7318657130114464
outer loop
vertex -188.60445989990234 186.82387554931643 -32.41530243682861
vertex -202.0474683227539 186.82387554931643 -32.41530243682861
vertex -188.60445989990234 186.7389298706055 -32.49439636993408
endloop
endfacet
facet normal 0.0 -0.6375971849498852 0.7703699304515863
outer loop
vertex -188.60445989990234 186.82387554931643 -32.41530243682861
vertex -202.0474683227539 186.90882122802736 -32.344997089385984
vertex -202.0474683227539 186.82387554931643 -32.41530243682861
endloop
endfacet
facet normal 0.809626304270658 0.4870115190719301 -0.32760498733121746
outer loop
vertex -194.89095892333984 204.80452740478518 -36.43443934249878
vertex -194.13627447509765 203.55757916259768 -36.42304078865051
vertex -194.1440717163086 203.56287396240236 -36.43443934249878
endloop
endfacet
facet normal 0.8045194257036622 0.48377463181763947 -0.34454404547917616
outer loop
vertex -194.85287298583984 204.8308793334961 -36.30847517776489
vertex -194.0556470336914 203.50508892822268 -36.30847517776489
vertex -194.13627447509765 203.55757916259768 -36.42304078865051
endloop
endfacet
facet normal 0.0 -0.41371533491080625 0.910406294826458
outer loop
vertex -188.60445989990234 187.27793133544924 -32.1252919845581
vertex -202.0474683227539 187.27793133544924 -32.1252919845581
vertex -202.0474683227539 187.18123638916018 -32.16923300552368
endloop
endfacet
facet normal 0.0 -0.37639727356135166 0.9264583598066246
outer loop
vertex -188.60445989990234 187.27793133544924 -32.1252919845581
vertex -188.60445989990234 187.37166607666018 -32.08720986175537
vertex -202.0474683227539 187.27793133544924 -32.1252919845581
endloop
endfacet
facet normal -0.8515540643675135 -0.19811616015577035 0.4853922769722462
outer loop
vertex -195.32743658447265 168.69541180419924 -33.87707320976257
vertex -199.75324835205078 185.8454514770508 -34.641646545410154
vertex -199.83370794677734 185.83960736083986 -34.78518716621399
endloop
endfacet
facet normal 0.3833391025631546 0.2304870804427962 -0.894386291372487
outer loop
vertex -195.61535467529296 203.9545060424805 -37.731506895303724
vertex -195.6168500366211 203.95444500732424 -37.73216354477405
vertex -195.74047674560546 204.16005718994143 -37.73216354477405
endloop
endfacet
facet normal 0.49257984800457505 0.29626029200174264 -0.8182878055567198
outer loop
vertex -195.3171216430664 203.9523850708008 -37.576905351161955
vertex -195.4176618041992 203.95772564697268 -37.635493364214895
vertex -195.53541387939453 204.31533062744143 -37.576905351161955
endloop
endfacet
facet normal 0.5340229086979954 0.3211860645688019 -0.782086341085521
outer loop
vertex -195.53541387939453 204.31533062744143 -37.576905351161955
vertex -195.4709760131836 204.36512005615236 -37.5124585442543
vertex -195.3171216430664 203.9523850708008 -37.576905351161955
endloop
endfacet
facet normal -0.851532830582027 -0.19810888750111647 0.4854324949300683
outer loop
vertex -199.75324835205078 185.8454514770508 -34.641646545410154
vertex -195.32743658447265 168.69541180419924 -33.87707320976257
vertex -199.67414678955078 185.8571702270508 -34.4981061630249
endloop
endfacet
facet normal 0.0 -0.9781238827822716 0.2080232437275533
outer loop
vertex -202.0474683227539 185.9245530395508 -34.079201858520506
vertex -199.45106329345703 185.9245530395508 -34.079201858520506
vertex -202.0474683227539 185.95383465576174 -33.941519897460935
endloop
endfacet
facet normal 0.6086733092842993 0.3661321906569882 -0.7038920524694212
outer loop
vertex -195.4065228881836 204.4119797973633 -37.442152958393095
vertex -195.34501470947265 204.4617844848633 -37.36305917429924
vertex -195.1124860229492 203.928505065918 -37.43937308716774
endloop
endfacet
facet normal 0.6086048971215711 0.3661123053544134 -0.7039615465831346
outer loop
vertex -195.01313604736328 203.91008770751955 -37.36305917429924
vertex -195.1124860229492 203.928505065918 -37.43937308716774
vertex -195.34501470947265 204.4617844848633 -37.36305917429924
endloop
endfacet
facet normal 0.7131920182058203 0.42910525310371733 -0.5542795566555776
outer loop
vertex -194.6136304321289 203.79586041259768 -36.99981353807449
vertex -194.7122632446289 203.83113873291018 -37.09941313791275
vertex -195.1165143432617 204.63167584228518 -36.99981353807449
endloop
endfacet
facet normal -0.0 0.029399051601892736 0.999567754464353
outer loop
vertex -202.0474683227539 187.86672222900393 -31.999327819824217
vertex -188.60445989990234 187.86672222900393 -31.999327819824217
vertex -188.60445989990234 187.96633160400393 -32.00225750732422
endloop
endfacet
facet normal 0.0 0.31624320913740805 0.9486781502039949
outer loop
vertex -202.0474683227539 188.35886395263674 -32.08720986175537
vertex -202.0474683227539 188.2621995239258 -32.054986637115476
vertex -188.60445989990234 188.35886395263674 -32.08720986175537
endloop
endfacet
facet normal 0.7322410108759814 0.4405664341215079 -0.5193499004686336
outer loop
vertex -195.0667096557617 204.66976177978518 -36.89728454875946
vertex -194.6136304321289 203.79586041259768 -36.99981353807449
vertex -195.1165143432617 204.63167584228518 -36.99981353807449
endloop
endfacet
facet normal -0.0 0.3664927383407427 0.9304209116004992
outer loop
vertex -202.0474683227539 188.45554364013674 -32.1252919845581
vertex -202.0474683227539 188.35886395263674 -32.08720986175537
vertex -188.60445989990234 188.35886395263674 -32.08720986175537
endloop
endfacet
facet normal 0.0 0.5420251790120987 0.840362246484754
outer loop
vertex -202.0474683227539 188.73384869384768 -32.28055016326904
vertex -202.0474683227539 188.6430131225586 -32.22196213531494
vertex -188.60445989990234 188.73384869384768 -32.28055016326904
endloop
endfacet
facet normal -0.0 0.5787746583205416 0.8154875197609958
outer loop
vertex -202.0474683227539 188.73384869384768 -32.28055016326904
vertex -188.60445989990234 188.73384869384768 -32.28055016326904
vertex -202.0474683227539 188.8246537475586 -32.344997089385984
endloop
endfacet
facet normal -0.8515572581215152 -0.19811736594252466 0.4853861817692823
outer loop
vertex -199.59809698486328 185.87473309326174 -34.35749475288391
vertex -195.32743658447265 168.69541180419924 -33.87707320976257
vertex -199.52340521240234 185.8981858520508 -34.2168835811615
endloop
endfacet
facet normal -2.9166770946740274e-06 -0.9623459744526421 0.2718275656483124
outer loop
vertex -202.0474683227539 185.99190533447268 -33.806767623901365
vertex -199.37939276123046 185.95383465576174 -33.941519897460935
vertex -199.34689154052734 185.9720383911133 -33.87707320976257
endloop
endfacet
facet normal 0.0 -0.962330866316492 0.27188104703077437
outer loop
vertex -202.0474683227539 185.99190533447268 -33.806767623901365
vertex -202.0474683227539 185.95383465576174 -33.941519897460935
vertex -199.37939276123046 185.95383465576174 -33.941519897460935
endloop
endfacet
facet normal 0.6906807069411824 0.4155525101793191 -0.5918414249973514
outer loop
vertex -195.22489752197265 204.54965985107424 -37.19315395879745
vertex -195.1692487182617 204.59067547607424 -37.09941313791275
vertex -194.80627264404296 203.86055767822268 -37.188460152626035
endloop
endfacet
facet normal -0.8515623660362031 -0.198118800408025 0.48537663486792276
outer loop
vertex -199.45106329345703 185.9245530395508 -34.079201858520506
vertex -199.52340521240234 185.8981858520508 -34.2168835811615
vertex -195.32743658447265 168.69541180419924 -33.87707320976257
endloop
endfacet
facet normal 0.393795544323574 0.23687198455198447 -0.888153552154865
outer loop
vertex -195.61535467529296 203.9545060424805 -37.731506895303724
vertex -195.74047674560546 204.16005718994143 -37.73216354477405
vertex -195.67309393310546 204.21279156494143 -37.6882225536108
endloop
endfacet
facet normal 0.49250169676164085 0.29624327434480136 -0.8183410053836822
outer loop
vertex -195.4176618041992 203.95772564697268 -37.635493364214895
vertex -195.60279669189453 204.26551068115236 -37.635493364214895
vertex -195.53541387939453 204.31533062744143 -37.576905351161955
endloop
endfacet
facet normal -0.851547090863816 -0.19811478574636984 0.4854050717803041
outer loop
vertex -199.37939276123046 185.95383465576174 -33.941519897460935
vertex -195.32743658447265 168.69541180419924 -33.87707320976257
vertex -199.34689154052734 185.9720383911133 -33.87707320976257
endloop
endfacet
facet normal 0.5680993634757585 0.34179892625145053 -0.7486231409940476
outer loop
vertex -195.4065228881836 204.4119797973633 -37.442152958393095
vertex -195.2137738647461 203.94236004638674 -37.51029796528816
vertex -195.4709760131836 204.36512005615236 -37.5124585442543
endloop
endfacet
facet normal 0.7702496745855694 0.4634210427431169 -0.4381282642602579
outer loop
vertex -194.32772650146484 203.66761029052736 -36.674650114059446
vertex -194.41232122802734 203.71059429931643 -36.777906101226804
vertex -194.97297491455078 204.74007427978518 -36.674650114059446
endloop
endfacet
facet normal 0.7775261951379141 0.4678085623627404 -0.42024774223601047
outer loop
vertex -194.23446478271484 203.6178666381836 -36.55747417736053
vertex -194.32772650146484 203.66761029052736 -36.674650114059446
vertex -194.92904486083984 204.77230084228518 -36.55747417736053
endloop
endfacet
facet normal 0.7986230516246703 0.48050175542190404 -0.36238002766456084
outer loop
vertex -194.23446478271484 203.6178666381836 -36.55747417736053
vertex -194.92904486083984 204.77230084228518 -36.55747417736053
vertex -194.2269574584961 203.6131974487305 -36.54712049293518
endloop
endfacet
facet normal 0.79559183860268 0.4785694187989134 -0.3714901583343459
outer loop
vertex -194.1440717163086 203.56287396240236 -36.43443934249878
vertex -194.2269574584961 203.6131974487305 -36.54712049293518
vertex -194.89095892333984 204.80452740478518 -36.43443934249878
endloop
endfacet
facet normal 0.8045470388293043 0.48378327764744916 -0.34446741874913056
outer loop
vertex -194.85287298583984 204.8308793334961 -36.30847517776489
vertex -194.13627447509765 203.55757916259768 -36.42304078865051
vertex -194.89095892333984 204.80452740478518 -36.43443934249878
endloop
endfacet
facet normal 0.7477781253963445 0.4498124725794162 -0.4883611519057603
outer loop
vertex -195.0667096557617 204.66976177978518 -36.89728454875946
vertex -195.01692022705078 204.70784771728518 -36.7859673910141
vertex -194.51135076904296 203.7545548706055 -36.88988481092453
endloop
endfacet
facet normal 0.7477694327163491 0.44980960165117323 -0.4883771060947495
outer loop
vertex -194.41901983642578 203.71389019775393 -36.7859673910141
vertex -194.51135076904296 203.7545548706055 -36.88988481092453
vertex -195.01692022705078 204.70784771728518 -36.7859673910141
endloop
endfacet
facet normal 0.0 0.4244562981014542 -0.9054484253683416
outer loop
vertex -202.0474683227539 188.54927838134768 -37.6882225536108
vertex -188.60445989990234 188.45554364013674 -37.73216354477405
vertex -202.0474683227539 188.45554364013674 -37.73216354477405
endloop
endfacet
facet normal 0.0 0.7556572059127852 -0.6549673176213316
outer loop
vertex -188.60445989990234 189.0765763549805 -37.28103594112396
vertex -202.0474683227539 189.0765763549805 -37.28103594112396
vertex -197.4543286743164 189.1527482299805 -37.19315395879745
endloop
endfacet
facet normal 0.0 0.7070718408666177 0.7071417197800539
outer loop
vertex -202.0474683227539 189.0765763549805 -32.57641951370239
vertex -202.0474683227539 188.9945451049805 -32.49439636993408
vertex -188.60445989990234 189.0765763549805 -32.57641951370239
endloop
endfacet
facet normal 0.0 -0.11680952998673352 0.9931543352894747
outer loop
vertex -202.0474683227539 187.667518737793 -32.01397482681274
vertex -188.60445989990234 187.667518737793 -32.01397482681274
vertex -202.0474683227539 187.76714337158205 -32.00225750732422
endloop
endfacet
facet normal -0.9089863520461036 0.3442178669863809 0.23506992968319718
outer loop
vertex -205.25517095947265 190.41823590087893 -33.806767623901365
vertex -204.21845831298828 193.2039262084961 -33.87707320976257
vertex -204.24532904052734 193.17697918701174 -33.941519897460935
endloop
endfacet
facet normal -0.0 0.6814488815151487 0.7318657130114464
outer loop
vertex -202.0474683227539 188.90959942626955 -32.41530243682861
vertex -188.60445989990234 188.90959942626955 -32.41530243682861
vertex -202.0474683227539 188.9945451049805 -32.49439636993408
endloop
endfacet
facet normal 0.0 -0.5787746583205416 0.8154875197609958
outer loop
vertex -202.0474683227539 186.9996262817383 -32.28055016326904
vertex -202.0474683227539 186.90882122802736 -32.344997089385984
vertex -188.60445989990234 186.9996262817383 -32.28055016326904
endloop
endfacet
facet normal 0.0 -0.5421538048601144 0.8402792701689725
outer loop
vertex -188.60445989990234 186.9996262817383 -32.28055016326904
vertex -188.60445989990234 187.09043133544924 -32.22196213531494
vertex -202.0474683227539 186.9996262817383 -32.28055016326904
endloop
endfacet
facet normal 0.0 -0.23561251171793152 0.9718470786713141
outer loop
vertex -188.60445989990234 187.47127545166018 -32.054986637115476
vertex -188.60445989990234 187.5679398803711 -32.03155152130127
vertex -202.0474683227539 187.47127545166018 -32.054986637115476
endloop
endfacet
facet normal 0.8096500992769873 0.48685981489664454 -0.32777162381690367
outer loop
vertex -194.0556470336914 203.50508892822268 -36.30847517776489
vertex -194.85287298583984 204.8308793334961 -36.30847517776489
vertex -194.04731573486328 203.4994279174805 -36.296304147720335
endloop
endfacet
facet normal 0.0 0.542025081655855 -0.840362309278542
outer loop
vertex -202.0474683227539 188.6430131225586 -37.635493364214895
vertex -188.60445989990234 188.73384869384768 -37.576905351161955
vertex -188.60445989990234 188.6430131225586 -37.635493364214895
endloop
endfacet
facet normal 0.8271234089415633 0.4976437941031901 -0.26118483985765495
outer loop
vertex -194.82064642333984 204.85726177978518 -36.182510893821714
vertex -194.79134954833984 204.8777543334961 -36.050688069343565
vertex -193.96313299560546 203.4391251831055 -36.168947499275205
endloop
endfacet
facet normal 0.0 0.4902852367668727 -0.8715620383016067
outer loop
vertex -202.0474683227539 188.6430131225586 -37.635493364214895
vertex -188.60445989990234 188.6430131225586 -37.635493364214895
vertex -202.0474683227539 188.54927838134768 -37.6882225536108
endloop
endfacet
facet normal 0.8246632479316268 0.49605493506196896 -0.2717720164246605
outer loop
vertex -193.96313299560546 203.4391251831055 -36.168947499275205
vertex -193.9715863647461 203.4457474975586 -36.182510893821714
vertex -194.82064642333984 204.85726177978518 -36.182510893821714
endloop
endfacet
facet normal 0.0 0.7761456092256313 -0.6305537195828551
outer loop
vertex -191.3504926147461 189.22890484619143 -37.09941313791275
vertex -188.60445989990234 189.1527482299805 -37.19315395879745
vertex -197.4543286743164 189.1527482299805 -37.19315395879745
endloop
endfacet
facet normal 0.0 0.2356132899511917 -0.9718468899977897
outer loop
vertex -188.60445989990234 188.16553509521486 -37.82590435448289
vertex -202.0474683227539 188.16553509521486 -37.82590435448289
vertex -188.60445989990234 188.2621995239258 -37.80246915671229
endloop
endfacet
facet normal 0.0 0.11684758678770456 -0.9931498585117403
outer loop
vertex -202.0474683227539 187.96633160400393 -37.85519835402444
vertex -188.60445989990234 188.06592572021486 -37.84348075467348
vertex -188.60445989990234 187.96633160400393 -37.85519835402444
endloop
endfacet
facet normal -0.2829949748679568 0.7806391226320253 0.557239988170076
outer loop
vertex -194.2269574584961 203.6131974487305 -36.54712049293518
vertex -177.47538580322265 210.62175762939455 -37.858127754211424
vertex -194.23446478271484 203.6178666381836 -36.55747417736053
endloop
endfacet
facet normal -0.2830907962692998 0.7808133665267369 0.5569471139352437
outer loop
vertex -194.1440717163086 203.56287396240236 -36.43443934249878
vertex -177.47538580322265 210.62175762939455 -37.858127754211424
vertex -194.2269574584961 203.6131974487305 -36.54712049293518
endloop
endfacet
facet normal -0.28308898624633666 0.7808107023740521 0.5569517689388916
outer loop
vertex -194.0556470336914 203.50508892822268 -36.30847517776489
vertex -194.04731573486328 203.4994279174805 -36.296304147720335
vertex -177.47538580322265 210.62175762939455 -37.858127754211424
endloop
endfacet
facet normal -0.28308468063165754 0.780803382336418 0.5569642194285751
outer loop
vertex -194.13627447509765 203.55757916259768 -36.42304078865051
vertex -194.0556470336914 203.50508892822268 -36.30847517776489
vertex -177.47538580322265 210.62175762939455 -37.858127754211424
endloop
endfacet
facet normal -0.28322422681966775 0.7810482975926605 0.5565497229987705
outer loop
vertex -194.1440717163086 203.56287396240236 -36.43443934249878
vertex -194.13627447509765 203.55757916259768 -36.42304078865051
vertex -177.47538580322265 210.62175762939455 -37.858127754211424
endloop
endfacet
facet normal 0.0 0.6814481938554122 -0.7318663532990135
outer loop
vertex -188.60445989990234 188.90959942626955 -37.442152958393095
vertex -202.0474683227539 188.90959942626955 -37.442152958393095
vertex -188.60445989990234 188.9945451049805 -37.36305917429924
endloop
endfacet
facet normal 0.7322829767692575 0.44057990796271695 -0.5192792954023095
outer loop
vertex -195.0667096557617 204.66976177978518 -36.89728454875946
vertex -194.51783575439453 203.7574845581055 -36.89728454875946
vertex -194.6136304321289 203.79586041259768 -36.99981353807449
endloop
endfacet
facet normal 4.797698972463131e-06 0.7555333078713492 0.6551102355130463
outer loop
vertex -202.0474683227539 189.09543621826174 -32.598170440673826
vertex -202.0474683227539 189.0765763549805 -32.57641951370239
vertex -197.4543286743164 189.1527482299805 -32.66430155563354
endloop
endfacet
facet normal 0.0 -0.8752213611915207 0.48372261567355085
outer loop
vertex -188.60445989990234 186.2965775756836 -33.07148854064941
vertex -202.0474683227539 186.2965775756836 -33.07148854064941
vertex -188.60445989990234 186.2350541381836 -33.18280569839477
endloop
endfacet
facet normal 0.0 -0.8654572493552242 0.5009827836747379
outer loop
vertex -188.60445989990234 186.36101544189455 -32.96017090606689
vertex -202.0474683227539 186.36101544189455 -32.96017090606689
vertex -188.60445989990234 186.2965775756836 -33.07148854064941
endloop
endfacet
facet normal 0.0 -0.824703090812961 0.5655659218902329
outer loop
vertex -202.0474683227539 186.43132794189455 -32.857641857147215
vertex -202.0474683227539 186.36101544189455 -32.96017090606689
vertex -188.60445989990234 186.43132794189455 -32.857641857147215
endloop
endfacet
facet normal 0.0 -0.8169418484301257 0.5767200501834229
outer loop
vertex -188.60445989990234 186.43132794189455 -32.857641857147215
vertex -188.60445989990234 186.50164044189455 -32.75804201889038
vertex -202.0474683227539 186.43132794189455 -32.857641857147215
endloop
endfacet
facet normal 0.0 -0.7070718408666177 0.7071417197800539
outer loop
vertex -188.60445989990234 186.6568986206055 -32.57641951370239
vertex -188.60445989990234 186.7389298706055 -32.49439636993408
vertex -202.0474683227539 186.6568986206055 -32.57641951370239
endloop
endfacet
facet normal -0.604373037781535 0.7966944280275128 -0.0033495600657159593
outer loop
vertex -194.6917554321289 204.95391094970705 -35.35934964942932
vertex -194.7064038696289 204.9422074584961 -35.49996082115173
vertex -196.17695440673828 203.8290482788086 -34.92872778701782
endloop
endfacet
facet normal 0.0 -0.5021612619402898 0.8647739976470936
outer loop
vertex -202.0474683227539 187.09043133544924 -32.22196213531494
vertex -188.60445989990234 187.09043133544924 -32.22196213531494
vertex -202.0474683227539 187.18123638916018 -32.16923300552368
endloop
endfacet
facet normal 0.0 -0.41371533491080625 0.910406294826458
outer loop
vertex -188.60445989990234 187.18123638916018 -32.16923300552368
vertex -188.60445989990234 187.27793133544924 -32.1252919845581
vertex -202.0474683227539 187.18123638916018 -32.16923300552368
endloop
endfacet
facet normal 0.0 -0.3077914235281744 0.9514538557399933
outer loop
vertex -202.0474683227539 187.37166607666018 -32.08720986175537
vertex -188.60445989990234 187.37166607666018 -32.08720986175537
vertex -202.0474683227539 187.47127545166018 -32.054986637115476
endloop
endfacet
facet normal 0.0 -0.17382326462876152 0.9847768644082777
outer loop
vertex -202.0474683227539 187.5679398803711 -32.03155152130127
vertex -188.60445989990234 187.5679398803711 -32.03155152130127
vertex -202.0474683227539 187.667518737793 -32.01397482681274
endloop
endfacet
facet normal 0.0 -0.9623166621885569 0.27193131793575104
outer loop
vertex -199.34689154052734 185.9720383911133 -33.87707320976257
vertex -191.3062116088867 185.9720383911133 -33.87707320976257
vertex -202.0474683227539 185.99190533447268 -33.806767623901365
endloop
endfacet
facet normal 0.0 -0.9607069550923992 0.2775646707293468
outer loop
vertex -188.60445989990234 185.99190533447268 -33.806767623901365
vertex -188.60445989990234 186.02999127197268 -33.67494456100464
vertex -202.0474683227539 185.99190533447268 -33.806767623901365
endloop
endfacet
facet normal 0.0 -0.9607069550923992 0.2775646707293468
outer loop
vertex -202.0474683227539 186.02999127197268 -33.67494456100464
vertex -202.0474683227539 185.99190533447268 -33.806767623901365
vertex -188.60445989990234 186.02999127197268 -33.67494456100464
endloop
endfacet
facet normal 0.0 -0.9033061731400484 0.4289964540262323
outer loop
vertex -188.60445989990234 186.17940533447268 -33.29998127746582
vertex -202.0474683227539 186.2350541381836 -33.18280569839477
vertex -202.0474683227539 186.17940533447268 -33.29998127746582
endloop
endfacet
facet normal 0.0 -0.7760826028366888 0.6306312659345638
outer loop
vertex -202.0474683227539 186.50164044189455 -32.75804201889038
vertex -188.60445989990234 186.50164044189455 -32.75804201889038
vertex -188.60445989990234 186.57781231689455 -32.66430155563354
endloop
endfacet
facet normal 0.0 0.6375984681543883 -0.7703688684047256
outer loop
vertex -188.60445989990234 188.90959942626955 -37.442152958393095
vertex -188.60445989990234 188.8246537475586 -37.5124585442543
vertex -202.0474683227539 188.90959942626955 -37.442152958393095
endloop
endfacet
facet normal 0.8383658349935459 0.5042950938817937 -0.206952132152166
outer loop
vertex -193.7353345336914 203.24306500244143 -35.778253953933714
vertex -193.81173529052734 203.31357586669924 -35.915935557365415
vertex -194.74154486083984 204.9158402709961 -35.778253953933714
endloop
endfacet
facet normal 0.8383346079010066 0.5042890945441839 -0.2070932020112509
outer loop
vertex -194.76498236083984 204.8982621459961 -35.915935557365415
vertex -194.74154486083984 204.9158402709961 -35.778253953933714
vertex -193.81173529052734 203.31357586669924 -35.915935557365415
endloop
endfacet
facet normal 0.6926989241728547 -0.26211074580446775 0.6719123137609515
outer loop
vertex -202.7212506713867 189.21132672119143 -32.57641951370239
vertex -197.48933233642578 203.03809368896486 -32.57641951370239
vertex -202.78861822509765 189.24355328369143 -32.49439636993408
endloop
endfacet
facet normal 0.0 -0.37639727356135166 0.9264583598066246
outer loop
vertex -202.0474683227539 187.37166607666018 -32.08720986175537
vertex -202.0474683227539 187.27793133544924 -32.1252919845581
vertex -188.60445989990234 187.37166607666018 -32.08720986175537
endloop
endfacet
facet normal 0.0 -0.3077914235281744 0.9514538557399933
outer loop
vertex -188.60445989990234 187.47127545166018 -32.054986637115476
vertex -202.0474683227539 187.47127545166018 -32.054986637115476
vertex -188.60445989990234 187.37166607666018 -32.08720986175537
endloop
endfacet
facet normal 0.0 -0.23561251171793152 0.9718470786713141
outer loop
vertex -202.0474683227539 187.5679398803711 -32.03155152130127
vertex -202.0474683227539 187.47127545166018 -32.054986637115476
vertex -188.60445989990234 187.5679398803711 -32.03155152130127
endloop
endfacet
facet normal 0.0 -0.17382326462876152 0.9847768644082777
outer loop
vertex -188.60445989990234 187.667518737793 -32.01397482681274
vertex -202.0474683227539 187.667518737793 -32.01397482681274
vertex -188.60445989990234 187.5679398803711 -32.03155152130127
endloop
endfacet
facet normal 0.0 -0.029408053633828122 0.999567489658137
outer loop
vertex -188.60445989990234 187.86672222900393 -31.999327819824217
vertex -202.0474683227539 187.86672222900393 -31.999327819824217
vertex -202.0474683227539 187.76714337158205 -32.00225750732422
endloop
endfacet
facet normal 0.0 0.17377161829992624 0.98478597912106
outer loop
vertex -188.60445989990234 188.06592572021486 -32.01397482681274
vertex -202.0474683227539 188.16553509521486 -32.03155152130127
vertex -202.0474683227539 188.06592572021486 -32.01397482681274
endloop
endfacet
facet normal -0.0 0.31624320913740805 0.9486781502039949
outer loop
vertex -202.0474683227539 188.2621995239258 -32.054986637115476
vertex -188.60445989990234 188.2621995239258 -32.054986637115476
vertex -188.60445989990234 188.35886395263674 -32.08720986175537
endloop
endfacet
facet normal 0.0 0.3664927383407427 0.9304209116004992
outer loop
vertex -202.0474683227539 188.45554364013674 -32.1252919845581
vertex -188.60445989990234 188.35886395263674 -32.08720986175537
vertex -188.60445989990234 188.45554364013674 -32.1252919845581
endloop
endfacet
facet normal 0.0 -0.9371920769700466 0.3488137194328376
outer loop
vertex -188.60445989990234 186.02999127197268 -33.67494456100464
vertex -188.60445989990234 186.12375653076174 -33.42301623153686
vertex -202.0474683227539 186.02999127197268 -33.67494456100464
endloop
endfacet
facet normal 0.0 -0.9371920769700466 0.3488137194328376
outer loop
vertex -202.0474683227539 186.12375653076174 -33.42301623153686
vertex -202.0474683227539 186.02999127197268 -33.67494456100464
vertex -188.60445989990234 186.12375653076174 -33.42301623153686
endloop
endfacet
facet normal 0.0 -0.9111353579649565 0.4121072184105381
outer loop
vertex -202.0474683227539 186.12375653076174 -33.42301623153686
vertex -188.60445989990234 186.12375653076174 -33.42301623153686
vertex -188.60445989990234 186.17940533447268 -33.29998127746582
endloop
endfacet
facet normal 0.0 -0.9033061731400484 0.4289964540262323
outer loop
vertex -202.0474683227539 186.2350541381836 -33.18280569839477
vertex -188.60445989990234 186.17940533447268 -33.29998127746582
vertex -188.60445989990234 186.2350541381836 -33.18280569839477
endloop
endfacet
facet normal 0.0 -0.8752213611915207 0.48372261567355085
outer loop
vertex -202.0474683227539 186.2350541381836 -33.18280569839477
vertex -188.60445989990234 186.2350541381836 -33.18280569839477
vertex -202.0474683227539 186.2965775756836 -33.07148854064941
endloop
endfacet
facet normal 0.0 0.7556574257717074 0.6549670639628199
outer loop
vertex -197.4543286743164 189.1527482299805 -32.66430155563354
vertex -188.60445989990234 189.0765763549805 -32.57641951370239
vertex -188.60445989990234 189.1527482299805 -32.66430155563354
endloop
endfacet
facet normal 0.8270988652916474 0.49763710056766114 -0.261275301496105
outer loop
vertex -193.8908063354492 203.38100445556643 -36.050688069343565
vertex -193.96313299560546 203.4391251831055 -36.168947499275205
vertex -194.79134954833984 204.8777543334961 -36.050688069343565
endloop
endfacet
facet normal 0.0 0.029396170942893877 -0.9995678391854634
outer loop
vertex -202.0474683227539 187.96633160400393 -37.85519835402444
vertex -188.60445989990234 187.96633160400393 -37.85519835402444
vertex -202.0474683227539 187.86672222900393 -37.858127754211424
endloop
endfacet
facet normal 0.0 -0.029405172094293858 -0.9995675744311162
outer loop
vertex -202.0474683227539 187.86672222900393 -37.858127754211424
vertex -188.60445989990234 187.86672222900393 -37.858127754211424
vertex -188.60445989990234 187.76714337158205 -37.85519835402444
endloop
endfacet
facet normal 0.8429839040485269 0.5070786021031205 -0.1795812596131599
outer loop
vertex -193.66276373291015 203.171180847168 -35.64057199287414
vertex -193.7353345336914 203.24306500244143 -35.778253953933714
vertex -194.72103704833984 204.9304887084961 -35.64057199287414
endloop
endfacet
facet normal 0.8429967780589015 0.5070807058073116 -0.17951487398059793
outer loop
vertex -194.74154486083984 204.9158402709961 -35.778253953933714
vertex -194.72103704833984 204.9304887084961 -35.64057199287414
vertex -193.7353345336914 203.24306500244143 -35.778253953933714
endloop
endfacet
facet normal 0.8494625793755285 0.5110854346109801 -0.131167849601873
outer loop
vertex -193.5952435913086 203.0953751831055 -35.49996082115173
vertex -193.6539594116211 203.16150677490236 -35.62253658103943
vertex -194.7064038696289 204.9422074584961 -35.49996082115173
endloop
endfacet
facet normal 0.0 0.11684483410919702 0.9931501823702164
outer loop
vertex -202.0474683227539 188.06592572021486 -32.01397482681274
vertex -188.60445989990234 187.96633160400393 -32.00225750732422
vertex -188.60445989990234 188.06592572021486 -32.01397482681274
endloop
endfacet
facet normal 0.84842373675162 0.5103508149526323 -0.14042509958551427
outer loop
vertex -193.66276373291015 203.171180847168 -35.64057199287414
vertex -194.72103704833984 204.9304887084961 -35.64057199287414
vertex -193.6539594116211 203.16150677490236 -35.62253658103943
endloop
endfacet
facet normal -0.6044087643746918 0.7966666972626739 -0.00349557143272733
outer loop
vertex -194.7064038696289 204.9422074584961 -35.49996082115173
vertex -194.72103704833984 204.9304887084961 -35.64057199287414
vertex -196.17695440673828 203.8290482788086 -34.92872778701782
endloop
endfacet
facet normal 0.0 0.17377161829992624 0.98478597912106
outer loop
vertex -202.0474683227539 188.16553509521486 -32.03155152130127
vertex -188.60445989990234 188.06592572021486 -32.01397482681274
vertex -188.60445989990234 188.16553509521486 -32.03155152130127
endloop
endfacet
facet normal 0.0 0.23561251171793152 0.9718470786713141
outer loop
vertex -188.60445989990234 188.16553509521486 -32.03155152130127
vertex -188.60445989990234 188.2621995239258 -32.054986637115476
vertex -202.0474683227539 188.16553509521486 -32.03155152130127
endloop
endfacet
facet normal 0.8144478625727275 0.489910133127905 -0.31090632127590107
outer loop
vertex -193.9715863647461 203.4457474975586 -36.182510893821714
vertex -194.04731573486328 203.4994279174805 -36.296304147720335
vertex -194.82064642333984 204.85726177978518 -36.182510893821714
endloop
endfacet
facet normal -0.0 0.5420251790120987 0.840362246484754
outer loop
vertex -202.0474683227539 188.6430131225586 -32.22196213531494
vertex -188.60445989990234 188.6430131225586 -32.22196213531494
vertex -188.60445989990234 188.73384869384768 -32.28055016326904
endloop
endfacet
facet normal 0.8144274992095681 0.4899038368549542 -0.31096957916497797
outer loop
vertex -194.85287298583984 204.8308793334961 -36.30847517776489
vertex -194.82064642333984 204.85726177978518 -36.182510893821714
vertex -194.04731573486328 203.4994279174805 -36.296304147720335
endloop
endfacet
facet normal 0.8320370632385342 0.5005008898515003 -0.2391927771803563
outer loop
vertex -193.81173529052734 203.31357586669924 -35.915935557365415
vertex -193.88233770751953 203.373573425293 -36.03598515319824
vertex -194.76498236083984 204.8982621459961 -35.915935557365415
endloop
endfacet
facet normal 0.8568994927042052 0.5153772996509265 0.010464148689455789
outer loop
vertex -194.6771069946289 204.9656449584961 -34.92872778701782
vertex -194.6771069946289 204.96273052978518 -34.78518716621399
vertex -193.3509351196289 202.7602006225586 -34.905798118591306
endloop
endfacet
facet normal 0.0 0.4902852367668727 -0.8715620383016067
outer loop
vertex -188.60445989990234 188.54927838134768 -37.6882225536108
vertex -202.0474683227539 188.54927838134768 -37.6882225536108
vertex -188.60445989990234 188.6430131225586 -37.635493364214895
endloop
endfacet
facet normal 0.0 0.4244562981014542 -0.9054484253683416
outer loop
vertex -188.60445989990234 188.54927838134768 -37.6882225536108
vertex -188.60445989990234 188.45554364013674 -37.73216354477405
vertex -202.0474683227539 188.54927838134768 -37.6882225536108
endloop
endfacet
facet normal 0.8494868710722995 0.5110882105603985 -0.1309996064954544
outer loop
vertex -194.72103704833984 204.9304887084961 -35.64057199287414
vertex -194.7064038696289 204.9422074584961 -35.49996082115173
vertex -193.6539594116211 203.16150677490236 -35.62253658103943
endloop
endfacet
facet normal 0.852287964088912 0.5127853481907453 -0.1032299033714238
outer loop
vertex -193.5866986694336 203.08498394775393 -35.48102967071533
vertex -193.5952435913086 203.0953751831055 -35.49996082115173
vertex -194.7064038696289 204.9422074584961 -35.49996082115173
endloop
endfacet
facet normal 0.8496046405979814 0.5108842039942301 -0.13103161749576736
outer loop
vertex -194.7064038696289 204.9422074584961 -35.49996082115173
vertex -194.6917554321289 204.95391094970705 -35.35934964942932
vertex -193.5866986694336 203.08498394775393 -35.48102967071533
endloop
endfacet
facet normal 0.8495952640885399 0.5108829383511156 -0.13109733231478862
outer loop
vertex -193.52844061279296 203.019325378418 -35.35934964942932
vertex -193.5866986694336 203.08498394775393 -35.48102967071533
vertex -194.6917554321289 204.95391094970705 -35.35934964942932
endloop
endfacet
facet normal 0.8546878131273749 0.5139433399918292 -0.07328700682650777
outer loop
vertex -193.46778692626953 202.93892681884768 -35.215809028625486
vertex -193.52844061279296 203.019325378418 -35.35934964942932
vertex -194.6829663696289 204.95977032470705 -35.215809028625486
endloop
endfacet
facet normal 0.8546854005318251 0.5139437650443334 -0.0733121578580868
outer loop
vertex -194.6917554321289 204.95391094970705 -35.35934964942932
vertex -194.6829663696289 204.95977032470705 -35.215809028625486
vertex -193.52844061279296 203.019325378418 -35.35934964942932
endloop
endfacet
facet normal 0.8560563567066439 0.5148704378838375 -0.0455625540927264
outer loop
vertex -194.6829663696289 204.95977032470705 -35.215809028625486
vertex -194.6771069946289 204.96273052978518 -35.07226840782165
vertex -193.4592114868164 202.9269486694336 -35.19466511535644
endloop
endfacet
facet normal 0.8560666900571495 0.5148671585572759 -0.045405189282206465
outer loop
vertex -193.41078009033203 202.857216003418 -35.07226840782165
vertex -193.4592114868164 202.9269486694336 -35.19466511535644
vertex -194.6771069946289 204.96273052978518 -35.07226840782165
endloop
endfacet
facet normal 0.8345140928372485 0.5020985893819895 -0.2268991745173179
outer loop
vertex -193.8908063354492 203.38100445556643 -36.050688069343565
vertex -194.79134954833984 204.8777543334961 -36.050688069343565
vertex -193.88233770751953 203.373573425293 -36.03598515319824
endloop
endfacet
facet normal 0.8320878390018945 0.5005141801423866 -0.2389882500491426
outer loop
vertex -194.79134954833984 204.8777543334961 -36.050688069343565
vertex -194.76498236083984 204.8982621459961 -35.915935557365415
vertex -193.88233770751953 203.373573425293 -36.03598515319824
endloop
endfacet
facet normal 0.0 0.5787746583205416 0.8154875197609958
outer loop
vertex -202.0474683227539 188.8246537475586 -32.344997089385984
vertex -188.60445989990234 188.73384869384768 -32.28055016326904
vertex -188.60445989990234 188.8246537475586 -32.344997089385984
endloop
endfacet
facet normal 0.0 0.6375971849498852 0.7703699304515863
outer loop
vertex -188.60445989990234 188.8246537475586 -32.344997089385984
vertex -188.60445989990234 188.90959942626955 -32.41530243682861
vertex -202.0474683227539 188.8246537475586 -32.344997089385984
endloop
endfacet
facet normal -0.0 0.7070718408666177 0.7071417197800539
outer loop
vertex -202.0474683227539 188.9945451049805 -32.49439636993408
vertex -188.60445989990234 188.9945451049805 -32.49439636993408
vertex -188.60445989990234 189.0765763549805 -32.57641951370239
endloop
endfacet
facet normal -0.5628358085259859 -0.652531834163224 0.5073638320224242
outer loop
vertex -204.43868841552734 192.9108811645508 -34.4981061630249
vertex -216.83617987060546 204.0871049194336 -33.87707320976257
vertex -204.4719525756836 192.84712994384768 -34.616999071121214
endloop
endfacet
facet normal 0.0 -0.8654572493552242 0.5009827836747379
outer loop
vertex -202.0474683227539 186.2965775756836 -33.07148854064941
vertex -188.60445989990234 186.2965775756836 -33.07148854064941
vertex -202.0474683227539 186.36101544189455 -32.96017090606689
endloop
endfacet
facet normal 0.0 -0.824703090812961 0.5655659218902329
outer loop
vertex -188.60445989990234 186.43132794189455 -32.857641857147215
vertex -202.0474683227539 186.36101544189455 -32.96017090606689
vertex -188.60445989990234 186.36101544189455 -32.96017090606689
endloop
endfacet
facet normal 0.0 -0.8169418484301257 0.5767200501834229
outer loop
vertex -202.0474683227539 186.50164044189455 -32.75804201889038
vertex -202.0474683227539 186.43132794189455 -32.857641857147215
vertex -188.60445989990234 186.50164044189455 -32.75804201889038
endloop
endfacet
facet normal 0.0 -0.7433258316162595 0.6689295239799153
outer loop
vertex -202.0474683227539 186.6568986206055 -32.57641951370239
vertex -188.60445989990234 186.57781231689455 -32.66430155563354
vertex -188.60445989990234 186.6568986206055 -32.57641951370239
endloop
endfacet
facet normal 0.0 -0.5421538048601144 0.8402792701689725
outer loop
vertex -202.0474683227539 187.09043133544924 -32.22196213531494
vertex -202.0474683227539 186.9996262817383 -32.28055016326904
vertex -188.60445989990234 187.09043133544924 -32.22196213531494
endloop
endfacet
facet normal 0.0 -0.5021612619402898 0.8647739976470936
outer loop
vertex -188.60445989990234 187.18123638916018 -32.16923300552368
vertex -202.0474683227539 187.18123638916018 -32.16923300552368
vertex -188.60445989990234 187.09043133544924 -32.22196213531494
endloop
endfacet
facet normal 0.8556690010866148 0.5145333507644017 -0.055551701419419744
outer loop
vertex -193.4592114868164 202.9269486694336 -35.19466511535644
vertex -193.46778692626953 202.93892681884768 -35.215809028625486
vertex -194.6829663696289 204.95977032470705 -35.215809028625486
endloop
endfacet
facet normal 0.8568661637802188 0.5154308233372166 -0.01055669088732306
outer loop
vertex -193.3586255493164 202.77376568603518 -34.92872778701782
vertex -193.4026471557617 202.84445965576174 -35.05024067687988
vertex -194.6771069946289 204.9656449584961 -34.92872778701782
endloop
endfacet
facet normal 0.8568693049859818 0.5154274676871069 -0.010465167294253485
outer loop
vertex -194.6771069946289 204.96273052978518 -35.07226840782165
vertex -194.6771069946289 204.9656449584961 -34.92872778701782
vertex -193.4026471557617 202.84445965576174 -35.05024067687988
endloop
endfacet
facet normal 0.8568128165459443 0.5153159039992747 -0.017925303010445374
outer loop
vertex -193.4026471557617 202.84445965576174 -35.05024067687988
vertex -193.41078009033203 202.857216003418 -35.07226840782165
vertex -194.6771069946289 204.96273052978518 -35.07226840782165
endloop
endfacet
facet normal 0.0 0.029396170942893877 -0.9995678391854634
outer loop
vertex -188.60445989990234 187.96633160400393 -37.85519835402444
vertex -188.60445989990234 187.86672222900393 -37.858127754211424
vertex -202.0474683227539 187.86672222900393 -37.858127754211424
endloop
endfacet
facet normal 0.8569010896334507 0.5153724961818978 0.010569425918394463
outer loop
vertex -193.3096753540039 202.6891251831055 -34.78518716621399
vertex -193.3509351196289 202.7602006225586 -34.905798118591306
vertex -194.6771069946289 204.96273052978518 -34.78518716621399
endloop
endfacet
facet normal 0.0 -0.9623166621885572 0.2719313179357511
outer loop
vertex -188.60445989990234 185.99190533447268 -33.806767623901365
vertex -202.0474683227539 185.99190533447268 -33.806767623901365
vertex -191.3062116088867 185.9720383911133 -33.87707320976257
endloop
endfacet
facet normal -0.6018620325961773 0.7985863501727333 0.004683485559984852
outer loop
vertex -196.17695440673828 203.8290482788086 -34.92872778701782
vertex -194.72103704833984 204.9304887084961 -35.64057199287414
vertex -194.74154486083984 204.9158402709961 -35.778253953933714
endloop
endfacet
facet normal 0.8567821165171449 0.5153802663753051 0.017538125536135908
outer loop
vertex -193.3509351196289 202.7602006225586 -34.905798118591306
vertex -193.3586255493164 202.77376568603518 -34.92872778701782
vertex -194.6771069946289 204.9656449584961 -34.92872778701782
endloop
endfacet
facet normal 0.0 -0.11680952998673352 0.9931543352894747
outer loop
vertex -202.0474683227539 187.76714337158205 -32.00225750732422
vertex -188.60445989990234 187.667518737793 -32.01397482681274
vertex -188.60445989990234 187.76714337158205 -32.00225750732422
endloop
endfacet
facet normal 0.0 -0.029408053633828122 0.999567489658137
outer loop
vertex -188.60445989990234 187.86672222900393 -31.999327819824217
vertex -202.0474683227539 187.76714337158205 -32.00225750732422
vertex -188.60445989990234 187.76714337158205 -32.00225750732422
endloop
endfacet
facet normal -0.28310543014179407 0.7808389494827641 0.5569038071290976
outer loop
vertex -177.8501264038086 207.6465531616211 -33.87707320976257
vertex -177.47538580322265 210.62175762939455 -37.858127754211424
vertex -193.4026471557617 202.84445965576174 -35.05024067687988
endloop
endfacet
facet normal 0.0 -0.6375971849498852 0.7703699304515863
outer loop
vertex -202.0474683227539 186.90882122802736 -32.344997089385984
vertex -188.60445989990234 186.82387554931643 -32.41530243682861
vertex -188.60445989990234 186.90882122802736 -32.344997089385984
endloop
endfacet
facet normal -0.5628054885865782 -0.65250218835248 0.5074355882395795
outer loop
vertex -204.39477362060546 192.98235333251955 -34.35749475288391
vertex -216.83617987060546 204.0871049194336 -33.87707320976257
vertex -204.43868841552734 192.9108811645508 -34.4981061630249
endloop
endfacet
facet normal -0.28291941196045106 0.7805347536410179 0.5574245282497964
outer loop
vertex -193.96313299560546 203.4391251831055 -36.168947499275205
vertex -177.47538580322265 210.62175762939455 -37.858127754211424
vertex -193.9715863647461 203.4457474975586 -36.182510893821714
endloop
endfacet
facet normal 0.0 -0.5787746583205416 0.8154875197609958
outer loop
vertex -188.60445989990234 186.9996262817383 -32.28055016326904
vertex -202.0474683227539 186.90882122802736 -32.344997089385984
vertex -188.60445989990234 186.90882122802736 -32.344997089385984
endloop
endfacet
facet normal -0.562775358532767 -0.652471579822602 0.5075083579135556
outer loop
vertex -204.34779180908203 193.05120098876955 -34.2168835811615
vertex -216.83617987060546 204.0871049194336 -33.87707320976257
vertex -204.39477362060546 192.98235333251955 -34.35749475288391
endloop
endfacet
facet normal -0.5628010196236053 -0.6524990619804166 0.507444564879068
outer loop
vertex -204.28687872314453 193.1265336303711 -34.05246774482727
vertex -204.24532904052734 193.17697918701174 -33.941519897460935
vertex -216.83617987060546 204.0871049194336 -33.87707320976257
endloop
endfacet
facet normal -0.28308366104574545 0.7808066870441323 0.5569601047796011
outer loop
vertex -193.81173529052734 203.31357586669924 -35.915935557365415
vertex -193.7353345336914 203.24306500244143 -35.778253953933714
vertex -177.47538580322265 210.62175762939455 -37.858127754211424
endloop
endfacet
facet normal -0.5627687519481396 -0.6524646053776159 0.50752465019954
outer loop
vertex -204.33846868896484 193.0633927612305 -34.190872114181516
vertex -216.83617987060546 204.0871049194336 -33.87707320976257
vertex -204.34779180908203 193.05120098876955 -34.2168835811615
endloop
endfacet
facet normal -0.2831055705102425 0.7808394411370423 0.5569030464190888
outer loop
vertex -193.8908063354492 203.38100445556643 -36.050688069343565
vertex -177.47538580322265 210.62175762939455 -37.858127754211424
vertex -193.96313299560546 203.4391251831055 -36.168947499275205
endloop
endfacet
facet normal -0.28310637181185744 0.7808402252221952 0.5569015396948347
outer loop
vertex -193.7353345336914 203.24306500244143 -35.778253953933714
vertex -193.66276373291015 203.171180847168 -35.64057199287414
vertex -177.47538580322265 210.62175762939455 -37.858127754211424
endloop
endfacet
facet normal -0.562793297604613 -0.6524911471056213 0.5074633061809651
outer loop
vertex -216.83617987060546 204.0871049194336 -33.87707320976257
vertex -219.18830694580078 203.0196915893555 -37.858127754211424
vertex -204.47907843017578 192.8340989379883 -34.641646545410154
endloop
endfacet
facet normal -0.2831394171206661 0.7808961477135642 0.5568063190721569
outer loop
vertex -193.9715863647461 203.4457474975586 -36.182510893821714
vertex -177.47538580322265 210.62175762939455 -37.858127754211424
vertex -194.04731573486328 203.4994279174805 -36.296304147720335
endloop
endfacet
facet normal -0.5627238957184741 -0.6524258660966968 0.5076241783400383
outer loop
vertex -204.4719525756836 192.84712994384768 -34.616999071121214
vertex -216.83617987060546 204.0871049194336 -33.87707320976257
vertex -204.47907843017578 192.8340989379883 -34.641646545410154
endloop
endfacet
facet normal 0.0 0.4902848157741254 0.8715622751251525
outer loop
vertex -188.60445989990234 188.54927838134768 -32.16923300552368
vertex -188.60445989990234 188.6430131225586 -32.22196213531494
vertex -202.0474683227539 188.54927838134768 -32.16923300552368
endloop
endfacet
facet normal 0.0 0.6375971849498852 0.7703699304515863
outer loop
vertex -202.0474683227539 188.90959942626955 -32.41530243682861
vertex -202.0474683227539 188.8246537475586 -32.344997089385984
vertex -188.60445989990234 188.90959942626955 -32.41530243682861
endloop
endfacet
facet normal 0.0 0.6814488815151487 0.7318657130114464
outer loop
vertex -188.60445989990234 188.9945451049805 -32.49439636993408
vertex -202.0474683227539 188.9945451049805 -32.49439636993408
vertex -188.60445989990234 188.90959942626955 -32.41530243682861
endloop
endfacet
facet normal -0.0 0.7761444319138551 0.6305551687276213
outer loop
vertex -191.3504926147461 189.22890484619143 -32.75804201889038
vertex -197.4543286743164 189.1527482299805 -32.66430155563354
vertex -188.60445989990234 189.1527482299805 -32.66430155563354
endloop
endfacet
facet normal -0.5627891232891572 -0.652485513830763 0.5074751786525397
outer loop
vertex -204.21845831298828 193.2039262084961 -33.87707320976257
vertex -216.83617987060546 204.0871049194336 -33.87707320976257
vertex -204.24532904052734 193.17697918701174 -33.941519897460935
endloop
endfacet
facet normal -0.28306928531515135 0.780787331414394 0.5569945446895852
outer loop
vertex -193.66276373291015 203.171180847168 -35.64057199287414
vertex -193.6539594116211 203.16150677490236 -35.62253658103943
vertex -177.47538580322265 210.62175762939455 -37.858127754211424
endloop
endfacet
facet normal -0.2832479049686181 0.7810350532091203 0.5565562595007942
outer loop
vertex -193.5952435913086 203.0953751831055 -35.49996082115173
vertex -193.5866986694336 203.08498394775393 -35.48102967071533
vertex -177.47538580322265 210.62175762939455 -37.858127754211424
endloop
endfacet
facet normal 0.0 0.4244565341169933 0.9054483147288914
outer loop
vertex -188.60445989990234 188.45554364013674 -32.1252919845581
vertex -202.0474683227539 188.54927838134768 -32.16923300552368
vertex -202.0474683227539 188.45554364013674 -32.1252919845581
endloop
endfacet
facet normal 0.0 0.4902848157741254 0.8715622751251525
outer loop
vertex -188.60445989990234 188.6430131225586 -32.22196213531494
vertex -202.0474683227539 188.6430131225586 -32.22196213531494
vertex -202.0474683227539 188.54927838134768 -32.16923300552368
endloop
endfacet
facet normal -0.28314592704587815 0.7809019584309289 0.5567948592759006
outer loop
vertex -193.88233770751953 203.373573425293 -36.03598515319824
vertex -193.81173529052734 203.31357586669924 -35.915935557365415
vertex -177.47538580322265 210.62175762939455 -37.858127754211424
endloop
endfacet
facet normal -0.28310998027885587 0.7808451109222564 0.5568928548790286
outer loop
vertex -193.6539594116211 203.16150677490236 -35.62253658103943
vertex -193.5952435913086 203.0953751831055 -35.49996082115173
vertex -177.47538580322265 210.62175762939455 -37.858127754211424
endloop
endfacet
facet normal -0.2831097940063697 0.7808457317640654 0.5568920790633607
outer loop
vertex -193.5866986694336 203.08498394775393 -35.48102967071533
vertex -193.52844061279296 203.019325378418 -35.35934964942932
vertex -177.47538580322265 210.62175762939455 -37.858127754211424
endloop
endfacet
facet normal -0.283082479267318 0.7808093732719769 0.5569569395765632
outer loop
vertex -193.52844061279296 203.019325378418 -35.35934964942932
vertex -193.46778692626953 202.93892681884768 -35.215809028625486
vertex -177.47538580322265 210.62175762939455 -37.858127754211424
endloop
endfacet
facet normal -0.5628039671520897 -0.6525020472441151 0.5074374571315248
outer loop
vertex -204.33846868896484 193.0633927612305 -34.190872114181516
vertex -204.29733099365234 193.11475384521486 -34.079201858520506
vertex -216.83617987060546 204.0871049194336 -33.87707320976257
endloop
endfacet
facet normal -0.5627706424653038 -0.6524655110399683 0.5075213895813082
outer loop
vertex -204.29733099365234 193.11475384521486 -34.079201858520506
vertex -204.28687872314453 193.1265336303711 -34.05246774482727
vertex -216.83617987060546 204.0871049194336 -33.87707320976257
endloop
endfacet
facet normal -0.2830281464185681 0.7807394699605512 0.5570825328266784
outer loop
vertex -193.46778692626953 202.93892681884768 -35.215809028625486
vertex -193.4592114868164 202.9269486694336 -35.19466511535644
vertex -177.47538580322265 210.62175762939455 -37.858127754211424
endloop
endfacet
facet normal 0.0 -0.9922896239740114 -0.12394072032029921
outer loop
vertex -190.48768438720703 185.8571702270508 -35.35934964942932
vertex -190.40339483642578 185.87473309326174 -35.49996082115173
vertex -188.60445989990234 185.8571702270508 -35.35934964942932
endloop
endfacet
facet normal 0.0 -0.9922896239740118 -0.12394072032029924
outer loop
vertex -188.60445989990234 185.87473309326174 -35.49996082115173
vertex -188.60445989990234 185.8571702270508 -35.35934964942932
vertex -190.40339483642578 185.87473309326174 -35.49996082115173
endloop
endfacet
facet normal 0.8514067898327838 -0.19818362901455416 0.48562303015534114
outer loop
vertex -190.48768438720703 185.8571702270508 -35.35934964942932
vertex -193.52535833740234 166.6842423706055 -37.858127754211424
vertex -190.40339483642578 185.87473309326174 -35.49996082115173
endloop
endfacet
facet normal 0.012476027241586973 -0.9999221712936384 9.98413417920901e-06
outer loop
vertex -191.3504926147461 189.22890484619143 -32.75804201889038
vertex -189.00285162353515 189.2582169799805 -30.692814987182615
vertex -197.4543286743164 189.1527482299805 -32.66430155563354
endloop
endfacet
facet normal 0.0 -0.93719213092714 -0.3488135744609813
outer loop
vertex -188.60445989990234 186.12375653076174 -36.43443934249878
vertex -188.60445989990234 186.02999127197268 -36.182510893821714
vertex -189.81257452392578 186.12375653076174 -36.43443934249878
endloop
endfacet
facet normal 0.8514369703109421 -0.19817294817226197 0.48557447235253
outer loop
vertex -190.65548529052734 185.83960736083986 -35.07226840782165
vertex -195.32743658447265 168.69541180419924 -33.87707320976257
vertex -190.57226385498046 185.8454514770508 -35.215809028625486
endloop
endfacet
facet normal 0.8514823352935251 -0.19818181343035782 0.48549129910693506
outer loop
vertex -189.97804083251953 186.02999127197268 -36.182510893821714
vertex -193.52535833740234 166.6842423706055 -37.858127754211424
vertex -189.81257452392578 186.12375653076174 -36.43443934249878
endloop
endfacet
facet normal 0.0 -0.9997874185030519 0.02061838507263296
outer loop
vertex -188.60445989990234 185.83664715576174 -34.92872778701782
vertex -188.60445989990234 185.83960736083986 -34.78518716621399
vertex -190.7380200805664 185.83664715576174 -34.92872778701782
endloop
endfacet
facet normal 0.0 -0.9371921309271398 -0.34881357446098127
outer loop
vertex -189.97804083251953 186.02999127197268 -36.182510893821714
vertex -189.81257452392578 186.12375653076174 -36.43443934249878
vertex -188.60445989990234 186.02999127197268 -36.182510893821714
endloop
endfacet
facet normal 0.0 -0.9607068212267672 -0.2775651340647104
outer loop
vertex -188.60445989990234 186.02999127197268 -36.182510893821714
vertex -188.60445989990234 185.99190533447268 -36.050688069343565
vertex -189.97804083251953 186.02999127197268 -36.182510893821714
endloop
endfacet
facet normal 0.8514303618425699 -0.19818023346296681 0.4855830866053659
outer loop
vertex -190.06208624267578 185.99190533447268 -36.050688069343565
vertex -193.52535833740234 166.6842423706055 -37.858127754211424
vertex -189.97804083251953 186.02999127197268 -36.182510893821714
endloop
endfacet
facet normal 0.0 0.4244565341169933 0.9054483147288914
outer loop
vertex -188.60445989990234 188.54927838134768 -32.16923300552368
vertex -202.0474683227539 188.54927838134768 -32.16923300552368
vertex -188.60445989990234 188.45554364013674 -32.1252919845581
endloop
endfacet
facet normal -0.28316263410161413 0.7809097509574334 0.5567754336428957
outer loop
vertex -193.41078009033203 202.857216003418 -35.07226840782165
vertex -193.4026471557617 202.84445965576174 -35.05024067687988
vertex -177.47538580322265 210.62175762939455 -37.858127754211424
endloop
endfacet
facet normal -0.283111128742267 0.7808680985725961 0.5568600375443525
outer loop
vertex -193.4026471557617 202.84445965576174 -35.05024067687988
vertex -193.3586255493164 202.77376568603518 -34.92872778701782
vertex -177.8501264038086 207.6465531616211 -33.87707320976257
endloop
endfacet
facet normal -0.28310621544197057 0.7808449022034698 0.5568950614621916
outer loop
vertex -193.3586255493164 202.77376568603518 -34.92872778701782
vertex -193.3509351196289 202.7602006225586 -34.905798118591306
vertex -177.8501264038086 207.6465531616211 -33.87707320976257
endloop
endfacet
facet normal -0.28309625885695344 0.7807985786094248 0.5569650687993805
outer loop
vertex -193.3096753540039 202.6891251831055 -34.78518716621399
vertex -177.8501264038086 207.6465531616211 -33.87707320976257
vertex -193.3509351196289 202.7602006225586 -34.905798118591306
endloop
endfacet
facet normal 0.0 -0.9991722131268478 -0.04068032098198214
outer loop
vertex -188.60445989990234 185.8454514770508 -35.215809028625486
vertex -188.60445989990234 185.83960736083986 -35.07226840782165
vertex -190.57226385498046 185.8454514770508 -35.215809028625486
endloop
endfacet
facet normal 0.0 -0.999787418503052 -0.02061838507263296
outer loop
vertex -188.60445989990234 185.83960736083986 -35.07226840782165
vertex -188.60445989990234 185.83664715576174 -34.92872778701782
vertex -190.65548529052734 185.83960736083986 -35.07226840782165
endloop
endfacet
facet normal 0.0 -0.9997874185030519 -0.02061838507263296
outer loop
vertex -190.7380200805664 185.83664715576174 -34.92872778701782
vertex -190.65548529052734 185.83960736083986 -35.07226840782165
vertex -188.60445989990234 185.83664715576174 -34.92872778701782
endloop
endfacet
facet normal -0.0 -0.17387857949921046 -0.9847670991616936
outer loop
vertex -188.65754522705078 187.64409649658205 -37.83934513109922
vertex -201.99439825439453 187.64409649658205 -37.83934513109922
vertex -188.60445989990234 187.667518737793 -37.84348075467348
endloop
endfacet
facet normal -0.0 1.0 0.0
outer loop
vertex -201.99439825439453 187.64409649658205 -37.83934513109922
vertex -188.65754522705078 187.64409649658205 -37.83934513109922
vertex -202.00509466552734 187.64409649658205 -37.858127754211424
endloop
endfacet
facet normal 0.0 1.0 -0.0
outer loop
vertex -188.6468335571289 187.64409649658205 -37.858127754211424
vertex -202.00509466552734 187.64409649658205 -37.858127754211424
vertex -188.65754522705078 187.64409649658205 -37.83934513109922
endloop
endfacet
facet normal 0.0 0.6375984681543883 -0.7703688684047256
outer loop
vertex -202.0474683227539 188.8246537475586 -37.5124585442543
vertex -202.0474683227539 188.90959942626955 -37.442152958393095
vertex -188.60445989990234 188.8246537475586 -37.5124585442543
endloop
endfacet
facet normal 0.8514411516482862 -0.19818039170995524 0.4855641024844494
outer loop
vertex -190.14779486083984 185.95383465576174 -35.915935557365415
vertex -193.52535833740234 166.6842423706055 -37.858127754211424
vertex -190.06208624267578 185.99190533447268 -36.050688069343565
endloop
endfacet
facet normal -0.0 -0.9781237728377682 -0.20802376068519146
outer loop
vertex -188.60445989990234 185.9245530395508 -35.778253953933714
vertex -190.23312200927734 185.9245530395508 -35.778253953933714
vertex -190.14779486083984 185.95383465576174 -35.915935557365415
endloop
endfacet
facet normal 0.8514571921859541 -0.19818036914767037 0.48553598338259596
outer loop
vertex -190.23312200927734 185.9245530395508 -35.778253953933714
vertex -193.52535833740234 166.6842423706055 -37.858127754211424
vertex -190.14779486083984 185.95383465576174 -35.915935557365415
endloop
endfacet
facet normal 0.0 -0.9821518229034422 -0.18808986354252524
outer loop
vertex -190.31776251220703 185.8981858520508 -35.64057199287414
vertex -190.23312200927734 185.9245530395508 -35.778253953933714
vertex -188.60445989990234 185.8981858520508 -35.64057199287414
endloop
endfacet
facet normal 0.0 -0.982151822903442 -0.18808986354252522
outer loop
vertex -188.60445989990234 185.9245530395508 -35.778253953933714
vertex -188.60445989990234 185.8981858520508 -35.64057199287414
vertex -190.23312200927734 185.9245530395508 -35.778253953933714
endloop
endfacet
facet normal 0.8514794310954408 -0.19817997581254418 0.48549714273960887
outer loop
vertex -190.31776251220703 185.8981858520508 -35.64057199287414
vertex -193.52535833740234 166.6842423706055 -37.858127754211424
vertex -190.23312200927734 185.9245530395508 -35.778253953933714
endloop
endfacet
facet normal 0.0 -0.986373937149698 -0.16451886248027436
outer loop
vertex -188.60445989990234 185.8981858520508 -35.64057199287414
vertex -188.60445989990234 185.87473309326174 -35.49996082115173
vertex -190.31776251220703 185.8981858520508 -35.64057199287414
endloop
endfacet
facet normal 0.0 -0.9863739371496982 -0.16451886248027442
outer loop
vertex -190.40339483642578 185.87473309326174 -35.49996082115173
vertex -190.31776251220703 185.8981858520508 -35.64057199287414
vertex -188.60445989990234 185.87473309326174 -35.49996082115173
endloop
endfacet
facet normal 0.851479511342071 -0.1981799730938528 0.48549700311040794
outer loop
vertex -190.40339483642578 185.87473309326174 -35.49996082115173
vertex -193.52535833740234 166.6842423706055 -37.858127754211424
vertex -190.31776251220703 185.8981858520508 -35.64057199287414
endloop
endfacet
facet normal 0.0 -0.9991722131268478 0.04068032098198214
outer loop
vertex -190.8996869506836 185.8454514770508 -34.641646545410154
vertex -190.8191968383789 185.83960736083986 -34.78518716621399
vertex -188.60445989990234 185.8454514770508 -34.641646545410154
endloop
endfacet
facet normal 0.0 -0.9991722131268479 0.04068032098198214
outer loop
vertex -190.8191968383789 185.83960736083986 -34.78518716621399
vertex -188.60445989990234 185.83960736083986 -34.78518716621399
vertex -188.60445989990234 185.8454514770508 -34.641646545410154
endloop
endfacet
facet normal 0.0 -0.9966839582563131 0.08137006424065413
outer loop
vertex -188.60445989990234 185.8454514770508 -34.641646545410154
vertex -188.60445989990234 185.8571702270508 -34.4981061630249
vertex -190.8996869506836 185.8454514770508 -34.641646545410154
endloop
endfacet
facet normal 0.0 -0.996683958256313 0.08137006424065413
outer loop
vertex -190.97880377197265 185.8571702270508 -34.4981061630249
vertex -190.8996869506836 185.8454514770508 -34.641646545410154
vertex -188.60445989990234 185.8571702270508 -34.4981061630249
endloop
endfacet
facet normal 0.0 -0.9922896498195547 0.12394051339648994
outer loop
vertex -188.60445989990234 185.8571702270508 -34.4981061630249
vertex -188.60445989990234 185.87473309326174 -34.35749475288391
vertex -190.97880377197265 185.8571702270508 -34.4981061630249
endloop
endfacet
facet normal 0.0 -0.9922896498195547 0.12394051339648994
outer loop
vertex -191.05489935302734 185.87473309326174 -34.35749475288391
vertex -190.97880377197265 185.8571702270508 -34.4981061630249
vertex -188.60445989990234 185.87473309326174 -34.35749475288391
endloop
endfacet
facet normal 0.0 -0.9863739371496981 0.1645188624802744
outer loop
vertex -188.60445989990234 185.87473309326174 -34.35749475288391
vertex -188.60445989990234 185.8981858520508 -34.2168835811615
vertex -191.05489935302734 185.87473309326174 -34.35749475288391
endloop
endfacet
facet normal 0.0 -0.9821517627343374 0.18809017772822187
outer loop
vertex -191.2020093383789 185.9245530395508 -34.079201858520506
vertex -191.1296216430664 185.8981858520508 -34.2168835811615
vertex -188.60445989990234 185.9245530395508 -34.079201858520506
endloop
endfacet
facet normal 0.0 -0.9821517627343374 0.18809017772822187
outer loop
vertex -191.1296216430664 185.8981858520508 -34.2168835811615
vertex -188.60445989990234 185.8981858520508 -34.2168835811615
vertex -188.60445989990234 185.9245530395508 -34.079201858520506
endloop
endfacet
facet normal 0.85148428940572 -0.19818782194325407 0.48548541906902287
outer loop
vertex -191.2020093383789 185.9245530395508 -34.079201858520506
vertex -191.27369512939453 185.95383465576174 -33.941519897460935
vertex -195.32743658447265 168.69541180419924 -33.87707320976257
endloop
endfacet
facet normal 0.0 -0.9781238827822715 0.20802324372755324
outer loop
vertex -188.60445989990234 185.9245530395508 -34.079201858520506
vertex -188.60445989990234 185.95383465576174 -33.941519897460935
vertex -191.2020093383789 185.9245530395508 -34.079201858520506
endloop
endfacet
facet normal 0.0 -0.9781238827822717 0.2080232437275533
outer loop
vertex -191.27369512939453 185.95383465576174 -33.941519897460935
vertex -191.2020093383789 185.9245530395508 -34.079201858520506
vertex -188.60445989990234 185.95383465576174 -33.941519897460935
endloop
endfacet
facet normal 0.012484808947346942 -0.9999220617355876 0.0
outer loop
vertex -189.00285162353515 189.2582169799805 -37.858127754211424
vertex -189.00285162353515 189.2582169799805 -37.05957333374023
vertex -191.3504926147461 189.22890484619143 -37.09941313791275
endloop
endfacet
facet normal 0.0 -0.9966839692173517 -0.08136992998119978
outer loop
vertex -188.60445989990234 185.8571702270508 -35.35934964942932
vertex -188.60445989990234 185.8454514770508 -35.215809028625486
vertex -190.48768438720703 185.8571702270508 -35.35934964942932
endloop
endfacet
facet normal 0.0 -0.9966839692173517 -0.08136992998119978
outer loop
vertex -190.57226385498046 185.8454514770508 -35.215809028625486
vertex -190.48768438720703 185.8571702270508 -35.35934964942932
vertex -188.60445989990234 185.8454514770508 -35.215809028625486
endloop
endfacet
facet normal 0.0 -0.9991722131268479 -0.04068032098198214
outer loop
vertex -190.65548529052734 185.83960736083986 -35.07226840782165
vertex -190.57226385498046 185.8454514770508 -35.215809028625486
vertex -188.60445989990234 185.83960736083986 -35.07226840782165
endloop
endfacet
facet normal 0.8306795274114538 -0.31431945467549005 -0.45953759710385633
outer loop
vertex -202.42536749267578 189.0707169799805 -36.7859673910141
vertex -197.24751104736328 202.9173966674805 -36.89725635576248
vertex -200.5002728881836 194.15833294677736 -36.7859673910141
endloop
endfacet
facet normal 0.012484808947346942 -0.9999220617355876 0.0
outer loop
vertex -189.00285162353515 189.2582169799805 -32.79788224029541
vertex -189.00285162353515 189.2582169799805 -30.692814987182615
vertex -191.3504926147461 189.22890484619143 -32.75804201889038
endloop
endfacet
facet normal 0.0 -0.9111352080360213 -0.4121075498909915
outer loop
vertex -189.81257452392578 186.12375653076174 -36.43443934249878
vertex -189.72944464111328 186.17940533447268 -36.55747417736053
vertex -188.60445989990234 186.12375653076174 -36.43443934249878
endloop
endfacet
facet normal 0.8514062862839102 -0.19817719327704528 0.4856265393706078
outer loop
vertex -189.81257452392578 186.12375653076174 -36.43443934249878
vertex -193.52535833740234 166.6842423706055 -37.858127754211424
vertex -189.72944464111328 186.17940533447268 -36.55747417736053
endloop
endfacet
facet normal 0.935211686774694 -0.3540876211237597 -0.001028341844170775
outer loop
vertex -198.68507208251953 203.54097760009768 -37.839207327023146
vertex -203.87704290771484 189.82801068115236 -37.83916671577096
vertex -203.88126959228515 189.81690228271486 -37.858127754211424
endloop
endfacet
facet normal -2.645087294546605e-05 -0.17382044206818872 -0.9847773622599023
outer loop
vertex -188.60445989990234 187.667518737793 -37.84348075467348
vertex -188.60445989990234 187.5679398803711 -37.82590435448289
vertex -188.65754522705078 187.64409649658205 -37.83934513109922
endloop
endfacet
facet normal 0.0 -0.17380256140622763 -0.9847805185159962
outer loop
vertex -188.68293585205078 187.5679398803711 -37.82590435448289
vertex -188.65754522705078 187.64409649658205 -37.83934513109922
vertex -188.60445989990234 187.5679398803711 -37.82590435448289
endloop
endfacet
facet normal 0.0 -0.23561328995119168 -0.9718468899977895
outer loop
vertex -188.60445989990234 187.5679398803711 -37.82590435448289
vertex -188.60445989990234 187.47127545166018 -37.80246915671229
vertex -188.68293585205078 187.5679398803711 -37.82590435448289
endloop
endfacet
facet normal 0.0 -0.2356132899511917 -0.9718468899977896
outer loop
vertex -188.7188092651367 187.47127545166018 -37.80246915671229
vertex -188.68293585205078 187.5679398803711 -37.82590435448289
vertex -188.60445989990234 187.47127545166018 -37.80246915671229
endloop
endfacet
facet normal 0.0 0.23561251171793152 0.9718470786713141
outer loop
vertex -202.0474683227539 188.2621995239258 -32.054986637115476
vertex -202.0474683227539 188.16553509521486 -32.03155152130127
vertex -188.60445989990234 188.2621995239258 -32.054986637115476
endloop
endfacet
facet normal 0.8514388447615213 -0.19817683333691988 0.485569599913047
outer loop
vertex -191.3062116088867 185.9720383911133 -33.87707320976257
vertex -195.32743658447265 168.69541180419924 -33.87707320976257
vertex -191.27369512939453 185.95383465576174 -33.941519897460935
endloop
endfacet
facet normal 2.9154074022237323e-06 -0.9623459744395795 0.27182756569457145
outer loop
vertex -191.27369512939453 185.95383465576174 -33.941519897460935
vertex -188.60445989990234 185.99190533447268 -33.806767623901365
vertex -191.3062116088867 185.9720383911133 -33.87707320976257
endloop
endfacet
facet normal 0.0 -0.9623308663164919 0.27188104703077437
outer loop
vertex -188.60445989990234 185.95383465576174 -33.941519897460935
vertex -188.60445989990234 185.99190533447268 -33.806767623901365
vertex -191.27369512939453 185.95383465576174 -33.941519897460935
endloop
endfacet
facet normal 0.8514546752021679 -0.1981805219670836 0.4855403348736591
outer loop
vertex -193.52535833740234 166.6842423706055 -37.858127754211424
vertex -190.57226385498046 185.8454514770508 -35.215809028625486
vertex -195.32743658447265 168.69541180419924 -33.87707320976257
endloop
endfacet
facet normal 0.0 -0.999787418503052 0.02061838507263296
outer loop
vertex -190.8191968383789 185.83960736083986 -34.78518716621399
vertex -190.7380200805664 185.83664715576174 -34.92872778701782
vertex -188.60445989990234 185.83960736083986 -34.78518716621399
endloop
endfacet
facet normal 0.8514629030060228 -0.19818293207310117 0.4855249223669829
outer loop
vertex -190.8996869506836 185.8454514770508 -34.641646545410154
vertex -195.32743658447265 168.69541180419924 -33.87707320976257
vertex -190.8191968383789 185.83960736083986 -34.78518716621399
endloop
endfacet
facet normal 0.0 -0.6375984681543883 -0.7703688684047256
outer loop
vertex -189.07494940185546 186.82387554931643 -37.442152958393095
vertex -189.01508917236328 186.90882122802736 -37.5124585442543
vertex -188.60445989990234 186.82387554931643 -37.442152958393095
endloop
endfacet
facet normal 0.8514693406811907 -0.19818375149595358 0.48551329798773624
outer loop
vertex -189.07494940185546 186.82387554931643 -37.442152958393095
vertex -193.52535833740234 166.6842423706055 -37.858127754211424
vertex -189.01508917236328 186.90882122802736 -37.5124585442543
endloop
endfacet
facet normal 0.8514427974039316 -0.19817813431117487 0.48556213796990944
outer loop
vertex -193.52535833740234 166.6842423706055 -37.858127754211424
vertex -188.6468335571289 187.64409649658205 -37.858127754211424
vertex -188.68293585205078 187.5679398803711 -37.82590435448289
endloop
endfacet
facet normal 0.8513000298392078 -0.19814543670759122 0.48582573532875123
outer loop
vertex -188.7188092651367 187.47127545166018 -37.80246915671229
vertex -193.52535833740234 166.6842423706055 -37.858127754211424
vertex -188.68293585205078 187.5679398803711 -37.82590435448289
endloop
endfacet
facet normal -0.0 -0.307792937509855 -0.9514533659717929
outer loop
vertex -188.7188092651367 187.47127545166018 -37.80246915671229
vertex -188.60445989990234 187.37166607666018 -37.770245756983755
vertex -188.7603589477539 187.37166607666018 -37.770245756983755
endloop
endfacet
facet normal 0.0 -0.307792937509855 -0.951453365971793
outer loop
vertex -188.7188092651367 187.47127545166018 -37.80246915671229
vertex -188.60445989990234 187.47127545166018 -37.80246915671229
vertex -188.60445989990234 187.37166607666018 -37.770245756983755
endloop
endfacet
facet normal 0.8514383619706177 -0.19817161505681918 0.4855725761928523
outer loop
vertex -188.65754522705078 187.64409649658205 -37.83934513109922
vertex -188.68293585205078 187.5679398803711 -37.82590435448289
vertex -188.6468335571289 187.64409649658205 -37.858127754211424
endloop
endfacet
facet normal 0.8515657291510944 -0.1982055607510578 0.4853353115349467
outer loop
vertex -188.7603589477539 187.37166607666018 -37.770245756983755
vertex -193.52535833740234 166.6842423706055 -37.858127754211424
vertex -188.7188092651367 187.47127545166018 -37.80246915671229
endloop
endfacet
facet normal 0.0 -0.3763980320485849 -0.9264580516515318
outer loop
vertex -188.80390753173828 187.27793133544924 -37.73216354477405
vertex -188.7603589477539 187.37166607666018 -37.770245756983755
vertex -188.60445989990234 187.27793133544924 -37.73216354477405
endloop
endfacet
facet normal 0.0 -0.37639803204858485 -0.9264580516515317
outer loop
vertex -188.60445989990234 187.37166607666018 -37.770245756983755
vertex -188.60445989990234 187.27793133544924 -37.73216354477405
vertex -188.7603589477539 187.37166607666018 -37.770245756983755
endloop
endfacet
facet normal 0.8513172327027723 -0.19815027070951347 0.4857936182382807
outer loop
vertex -188.80390753173828 187.27793133544924 -37.73216354477405
vertex -193.52535833740234 166.6842423706055 -37.858127754211424
vertex -188.7603589477539 187.37166607666018 -37.770245756983755
endloop
endfacet
facet normal 0.0 -0.4137151023416254 -0.9104064005126824
outer loop
vertex -188.85145391845703 187.18123638916018 -37.6882225536108
vertex -188.80390753173828 187.27793133544924 -37.73216354477405
vertex -188.60445989990234 187.18123638916018 -37.6882225536108
endloop
endfacet
facet normal 0.0 -0.41371510234162534 -0.9104064005126823
outer loop
vertex -188.60445989990234 187.27793133544924 -37.73216354477405
vertex -188.60445989990234 187.18123638916018 -37.6882225536108
vertex -188.80390753173828 187.27793133544924 -37.73216354477405
endloop
endfacet
facet normal 0.8515901899908962 -0.19820977441645965 0.48529066922520336
outer loop
vertex -188.85145391845703 187.18123638916018 -37.6882225536108
vertex -193.52535833740234 166.6842423706055 -37.858127754211424
vertex -188.80390753173828 187.27793133544924 -37.73216354477405
endloop
endfacet
facet normal 0.0 -0.5021616864403601 -0.8647737511461442
outer loop
vertex -188.90266241455078 187.09043133544924 -37.635493364214895
vertex -188.85145391845703 187.18123638916018 -37.6882225536108
vertex -188.60445989990234 187.09043133544924 -37.635493364214895
endloop
endfacet
facet normal 0.0 -0.5021616864403602 -0.8647737511461443
outer loop
vertex -188.60445989990234 187.18123638916018 -37.6882225536108
vertex -188.60445989990234 187.09043133544924 -37.635493364214895
vertex -188.85145391845703 187.18123638916018 -37.6882225536108
endloop
endfacet
facet normal 0.0 -0.6814481938554123 -0.7318663532990135
outer loop
vertex -189.1398297729492 186.7389298706055 -37.36305917429924
vertex -189.07494940185546 186.82387554931643 -37.442152958393095
vertex -188.60445989990234 186.7389298706055 -37.36305917429924
endloop
endfacet
facet normal 0.0 -0.6814481938554122 -0.7318663532990135
outer loop
vertex -188.60445989990234 186.82387554931643 -37.442152958393095
vertex -188.60445989990234 186.7389298706055 -37.36305917429924
vertex -189.07494940185546 186.82387554931643 -37.442152958393095
endloop
endfacet
facet normal 0.8514295861596576 -0.1981764679206164 0.4855859835029252
outer loop
vertex -189.1398297729492 186.7389298706055 -37.36305917429924
vertex -193.52535833740234 166.6842423706055 -37.858127754211424
vertex -189.07494940185546 186.82387554931643 -37.442152958393095
endloop
endfacet
facet normal 0.0 -0.7070722262660405 -0.7071413344185058
outer loop
vertex -188.60445989990234 186.7389298706055 -37.36305917429924
vertex -188.60445989990234 186.6568986206055 -37.28103594112396
vertex -189.1398297729492 186.7389298706055 -37.36305917429924
endloop
endfacet
facet normal 0.0 -0.7070722262660405 -0.7071413344185058
outer loop
vertex -189.20570196533203 186.6568986206055 -37.28103594112396
vertex -189.1398297729492 186.7389298706055 -37.36305917429924
vertex -188.60445989990234 186.6568986206055 -37.28103594112396
endloop
endfacet
facet normal 0.8514318828504268 -0.19817686672794954 0.48558179368636706
outer loop
vertex -189.20570196533203 186.6568986206055 -37.28103594112396
vertex -193.52535833740234 166.6842423706055 -37.858127754211424
vertex -189.1398297729492 186.7389298706055 -37.36305917429924
endloop
endfacet
facet normal 0.0 -0.7433256060260939 -0.6689297746594484
outer loop
vertex -189.2742291870117 186.57781231689455 -37.19315395879745
vertex -189.20570196533203 186.6568986206055 -37.28103594112396
vertex -188.60445989990234 186.57781231689455 -37.19315395879745
endloop
endfacet
facet normal 0.0 -0.7433256060260938 -0.6689297746594484
outer loop
vertex -188.60445989990234 186.6568986206055 -37.28103594112396
vertex -188.60445989990234 186.57781231689455 -37.19315395879745
vertex -189.20570196533203 186.6568986206055 -37.28103594112396
endloop
endfacet
facet normal 0.8514256422079874 -0.19817476381579308 0.485593594250656
outer loop
vertex -188.90266241455078 187.09043133544924 -37.635493364214895
vertex -193.52535833740234 166.6842423706055 -37.858127754211424
vertex -188.85145391845703 187.18123638916018 -37.6882225536108
endloop
endfacet
facet normal 0.0 -0.5421537074999967 -0.8402793329863637
outer loop
vertex -188.9572125854492 186.9996262817383 -37.576905351161955
vertex -188.90266241455078 187.09043133544924 -37.635493364214895
vertex -188.60445989990234 186.9996262817383 -37.576905351161955
endloop
endfacet
facet normal 0.0 -0.5421537074999967 -0.8402793329863637
outer loop
vertex -188.60445989990234 187.09043133544924 -37.635493364214895
vertex -188.60445989990234 186.9996262817383 -37.576905351161955
vertex -188.90266241455078 187.09043133544924 -37.635493364214895
endloop
endfacet
facet normal 0.8514243848927107 -0.19817450419882635 0.48559590473522174
outer loop
vertex -188.9572125854492 186.9996262817383 -37.576905351161955
vertex -193.52535833740234 166.6842423706055 -37.858127754211424
vertex -188.90266241455078 187.09043133544924 -37.635493364214895
endloop
endfacet
facet normal 0.0 -0.5787739463657117 -0.8154880250550958
outer loop
vertex -189.01508917236328 186.90882122802736 -37.5124585442543
vertex -188.9572125854492 186.9996262817383 -37.576905351161955
vertex -188.60445989990234 186.90882122802736 -37.5124585442543
endloop
endfacet
facet normal 0.0 -0.5787739463657117 -0.8154880250550958
outer loop
vertex -188.60445989990234 186.9996262817383 -37.576905351161955
vertex -188.60445989990234 186.90882122802736 -37.5124585442543
vertex -188.9572125854492 186.9996262817383 -37.576905351161955
endloop
endfacet
facet normal 0.8515054730134214 -0.19819067787654843 0.48544709766464117
outer loop
vertex -189.01508917236328 186.90882122802736 -37.5124585442543
vertex -193.52535833740234 166.6842423706055 -37.858127754211424
vertex -188.9572125854492 186.9996262817383 -37.576905351161955
endloop
endfacet
facet normal 0.0 -0.6375984681543883 -0.7703688684047256
outer loop
vertex -188.60445989990234 186.90882122802736 -37.5124585442543
vertex -188.60445989990234 186.82387554931643 -37.442152958393095
vertex -189.01508917236328 186.90882122802736 -37.5124585442543
endloop
endfacet
facet normal 0.0 -0.8654563188915236 -0.5009843910649647
outer loop
vertex -189.5718823852539 186.2965775756836 -36.7859673910141
vertex -189.4933911743164 186.36101544189455 -36.89728454875946
vertex -188.60445989990234 186.2965775756836 -36.7859673910141
endloop
endfacet
facet normal 0.0 -0.8654563188915235 -0.5009843910649646
outer loop
vertex -189.4933911743164 186.36101544189455 -36.89728454875946
vertex -188.60445989990234 186.36101544189455 -36.89728454875946
vertex -188.60445989990234 186.2965775756836 -36.7859673910141
endloop
endfacet
facet normal 0.8514090068745198 -0.19817579189175943 0.4856223414558047
outer loop
vertex -189.5718823852539 186.2965775756836 -36.7859673910141
vertex -193.52535833740234 166.6842423706055 -37.858127754211424
vertex -189.4933911743164 186.36101544189455 -36.89728454875946
endloop
endfacet
facet normal 0.0 -0.8752215805013769 -0.4837222188660261
outer loop
vertex -188.60445989990234 186.2965775756836 -36.7859673910141
vertex -188.60445989990234 186.2350541381836 -36.674650114059446
vertex -189.5718823852539 186.2965775756836 -36.7859673910141
endloop
endfacet
facet normal 0.0 -0.875221580501377 -0.48372221886602623
outer loop
vertex -189.64967169189453 186.2350541381836 -36.674650114059446
vertex -189.5718823852539 186.2965775756836 -36.7859673910141
vertex -188.60445989990234 186.2350541381836 -36.674650114059446
endloop
endfacet
facet normal 0.8514830739645171 -0.19818345126556855 0.48548933499759256
outer loop
vertex -189.64967169189453 186.2350541381836 -36.674650114059446
vertex -193.52535833740234 166.6842423706055 -37.858127754211424
vertex -189.5718823852539 186.2965775756836 -36.7859673910141
endloop
endfacet
facet normal -0.0 -0.9033066805219906 -0.4289953856678908
outer loop
vertex -188.60445989990234 186.17940533447268 -36.55747417736053
vertex -189.72944464111328 186.17940533447268 -36.55747417736053
vertex -189.64967169189453 186.2350541381836 -36.674650114059446
endloop
endfacet
facet normal 0.0 -0.9033066805219906 -0.42899538566789075
outer loop
vertex -188.60445989990234 186.2350541381836 -36.674650114059446
vertex -188.60445989990234 186.17940533447268 -36.55747417736053
vertex -189.64967169189453 186.2350541381836 -36.674650114059446
endloop
endfacet
facet normal 0.8514515295294729 -0.19818061677793652 0.48554581245793654
outer loop
vertex -189.72944464111328 186.17940533447268 -36.55747417736053
vertex -193.52535833740234 166.6842423706055 -37.858127754211424
vertex -189.64967169189453 186.2350541381836 -36.674650114059446
endloop
endfacet
facet normal 0.0 -0.9111352080360213 -0.4121075498909915
outer loop
vertex -188.60445989990234 186.17940533447268 -36.55747417736053
vertex -188.60445989990234 186.12375653076174 -36.43443934249878
vertex -189.72944464111328 186.17940533447268 -36.55747417736053
endloop
endfacet
facet normal 0.8514351540373492 -0.19817740216958568 0.48557583932760706
outer loop
vertex -189.2742291870117 186.57781231689455 -37.19315395879745
vertex -193.52535833740234 166.6842423706055 -37.858127754211424
vertex -189.20570196533203 186.6568986206055 -37.28103594112396
endloop
endfacet
facet normal 0.0 -0.776083780338836 -0.6306298168458114
outer loop
vertex -188.60445989990234 186.57781231689455 -37.19315395879745
vertex -188.60445989990234 186.50164044189455 -37.09941313791275
vertex -189.2742291870117 186.57781231689455 -37.19315395879745
endloop
endfacet
facet normal 0.8514645374495726 -0.19818189754209226 0.4855224783183586
outer loop
vertex -189.34541143798828 186.50164044189455 -37.09941313791275
vertex -193.52535833740234 166.6842423706055 -37.858127754211424
vertex -189.2742291870117 186.57781231689455 -37.19315395879745
endloop
endfacet
facet normal 0.0 -0.7760837803388358 -0.6306298168458113
outer loop
vertex -189.34541143798828 186.50164044189455 -37.09941313791275
vertex -189.2742291870117 186.57781231689455 -37.19315395879745
vertex -188.60445989990234 186.50164044189455 -37.09941313791275
endloop
endfacet
facet normal 0.0 -0.8169411979953584 -0.5767209715433527
outer loop
vertex -188.60445989990234 186.50164044189455 -37.09941313791275
vertex -188.60445989990234 186.43132794189455 -36.99981353807449
vertex -189.34541143798828 186.50164044189455 -37.09941313791275
endloop
endfacet
facet normal 0.0 -0.8169411979953584 -0.5767209715433527
outer loop
vertex -189.4185620727539 186.43132794189455 -36.99981353807449
vertex -189.34541143798828 186.50164044189455 -37.09941313791275
vertex -188.60445989990234 186.43132794189455 -36.99981353807449
endloop
endfacet
facet normal -0.28309232112101335 0.7807979037125593 0.5569680163890831
outer loop
vertex -193.13691534423828 202.2482377319336 -34.079201858520506
vertex -177.8501264038086 207.6465531616211 -33.87707320976257
vertex -193.16134466552734 202.3375932006836 -34.2168835811615
endloop
endfacet
facet normal 0.0007692711800210935 0.8556168689123951 -0.5176091014022075
outer loop
vertex -188.65624822998046 189.43218243408205 -36.79377047348022
vertex -188.6500836791992 189.43689739990236 -36.7859673910141
vertex -188.60445989990234 189.36951458740236 -36.89728454875946
endloop
endfacet
facet normal 0.0 0.8554774800483473 -0.5178400149951041
outer loop
vertex -188.60445989990234 189.43689739990236 -36.7859673910141
vertex -188.60445989990234 189.36951458740236 -36.89728454875946
vertex -188.6500836791992 189.43689739990236 -36.7859673910141
endloop
endfacet
facet normal 0.8383512406604986 0.504293356403701 0.20701547760999106
outer loop
vertex -193.11634649658203 202.15752423095705 -33.941519897460935
vertex -193.13691534423828 202.2482377319336 -34.079201858520506
vertex -194.76498236083984 204.8982621459961 -33.941519897460935
endloop
endfacet
facet normal 0.0 -0.9607068212267671 -0.2775651340647104
outer loop
vertex -190.06208624267578 185.99190533447268 -36.050688069343565
vertex -189.97804083251953 186.02999127197268 -36.182510893821714
vertex -188.60445989990234 185.99190533447268 -36.050688069343565
endloop
endfacet
facet normal 0.0 -0.9623309921757623 -0.2718806015478354
outer loop
vertex -190.14779486083984 185.95383465576174 -35.915935557365415
vertex -190.06208624267578 185.99190533447268 -36.050688069343565
vertex -188.60445989990234 185.95383465576174 -35.915935557365415
endloop
endfacet
facet normal 0.0 -0.9623309921757623 -0.2718806015478354
outer loop
vertex -188.60445989990234 185.99190533447268 -36.050688069343565
vertex -188.60445989990234 185.95383465576174 -35.915935557365415
vertex -190.06208624267578 185.99190533447268 -36.050688069343565
endloop
endfacet
facet normal 0.0 -0.9781237728377683 -0.2080237606851915
outer loop
vertex -188.60445989990234 185.9245530395508 -35.778253953933714
vertex -190.14779486083984 185.95383465576174 -35.915935557365415
vertex -188.60445989990234 185.95383465576174 -35.915935557365415
endloop
endfacet
facet normal 0.8561109685650972 0.5147994091907618 0.045338480338160236
outer loop
vertex -193.26562322998046 202.6027299194336 -34.641646545410154
vertex -193.30258001708984 202.67473614501955 -34.76140467453003
vertex -194.6829663696289 204.95977032470705 -34.641646545410154
endloop
endfacet
facet normal -0.2831107686377903 0.7808610523088261 0.5568701012520535
outer loop
vertex -193.26562322998046 202.6027299194336 -34.641646545410154
vertex -177.8501264038086 207.6465531616211 -33.87707320976257
vertex -193.30258001708984 202.67473614501955 -34.76140467453003
endloop
endfacet
facet normal 0.8546860923091171 0.5139425980042659 0.07331227434745859
outer loop
vertex -194.6829663696289 204.95977032470705 -34.641646545410154
vertex -194.6917554321289 204.95391094970705 -34.4981061630249
vertex -193.26562322998046 202.6027299194336 -34.641646545410154
endloop
endfacet
facet normal -0.28310329487687635 0.7808313133177684 0.5569155991461411
outer loop
vertex -193.2252026977539 202.5150071411133 -34.4981061630249
vertex -177.8501264038086 207.6465531616211 -33.87707320976257
vertex -193.26562322998046 202.6027299194336 -34.641646545410154
endloop
endfacet
facet normal 0.8514946556915092 -0.1981861612162468 0.48546791534679823
outer loop
vertex -189.4185620727539 186.43132794189455 -36.99981353807449
vertex -193.52535833740234 166.6842423706055 -37.858127754211424
vertex -189.34541143798828 186.50164044189455 -37.09941313791275
endloop
endfacet
facet normal 0.0 -0.824702937458109 -0.5655661455108204
outer loop
vertex -188.60445989990234 186.43132794189455 -36.99981353807449
vertex -188.60445989990234 186.36101544189455 -36.89728454875946
vertex -189.4185620727539 186.43132794189455 -36.99981353807449
endloop
endfacet
facet normal 0.0 -0.8247029374581089 -0.5655661455108204
outer loop
vertex -189.4933911743164 186.36101544189455 -36.89728454875946
vertex -189.4185620727539 186.43132794189455 -36.99981353807449
vertex -188.60445989990234 186.36101544189455 -36.89728454875946
endloop
endfacet
facet normal 0.8514664410228723 -0.19818250906699966 0.4855188903758044
outer loop
vertex -189.4933911743164 186.36101544189455 -36.89728454875946
vertex -193.52535833740234 166.6842423706055 -37.858127754211424
vertex -189.4185620727539 186.43132794189455 -36.99981353807449
endloop
endfacet
facet normal 0.4436591641900904 0.8960683353642506 -0.015102462967730225
outer loop
vertex -197.30184759521484 202.95021832275393 -32.857641857147215
vertex -197.2479077758789 202.92183697509768 -32.9570118598938
vertex -197.25106634521484 202.92334759521486 -32.96017090606689
endloop
endfacet
facet normal 0.6133145180128394 -0.7898119048340131 -0.006515901867473131
outer loop
vertex -188.60445989990234 189.47177899169924 -36.719694178581236
vertex -188.6500836791992 189.43689739990236 -36.7859673910141
vertex -188.76850714111328 189.34902203369143 -37.28103594112396
endloop
endfacet
facet normal 0.0 0.8405950132079144 -0.541664124499663
outer loop
vertex -188.9830609741211 189.30214703369143 -36.99981353807449
vertex -189.02929510498046 189.30214703369143 -36.99981353807449
vertex -188.98371710205078 189.302528503418 -36.99922154474258
endloop
endfacet
facet normal -0.28304026448350256 0.7806578659343317 0.557190725906277
outer loop
vertex -193.11292852783203 202.13957989501955 -33.91462866592407
vertex -193.10856451416015 202.11435711669924 -33.87707320976257
vertex -177.8501264038086 207.6465531616211 -33.87707320976257
endloop
endfacet
facet normal 0.00013657279092066398 0.8357745512494884 -0.5490727463930338
outer loop
vertex -189.05445684814453 189.34397137451174 -36.9361566119194
vertex -188.98371710205078 189.302528503418 -36.99922154474258
vertex -189.02929510498046 189.30214703369143 -36.99981353807449
endloop
endfacet
facet normal 0.8341809516903846 0.501784802804788 0.22881029590270602
outer loop
vertex -194.76498236083984 204.8982621459961 -33.941519897460935
vertex -193.11292852783203 202.13957989501955 -33.91462866592407
vertex -193.11634649658203 202.15752423095705 -33.941519897460935
endloop
endfacet
facet normal 0.0 0.8357377978990437 -0.5491287036413752
outer loop
vertex -188.60445989990234 189.36951458740236 -36.89728454875946
vertex -188.60445989990234 189.30214703369143 -36.99981353807449
vertex -188.7380658569336 189.36951458740236 -36.89728454875946
endloop
endfacet
facet normal 0.0 0.8357377978990437 -0.5491287036413751
outer loop
vertex -188.82594122314453 189.30214703369143 -36.99981353807449
vertex -188.7380658569336 189.36951458740236 -36.89728454875946
vertex -188.60445989990234 189.30214703369143 -36.99981353807449
endloop
endfacet
facet normal 0.8482264060082653 0.5103424287497248 0.14164240031901973
outer loop
vertex -194.7064038696289 204.9422074584961 -34.35749475288391
vertex -193.18725408935546 202.41011822509768 -34.331728380203245
vertex -193.19279302978515 202.42647564697268 -34.35749475288391
endloop
endfacet
facet normal 0.8495302995829772 0.5110163961834918 0.1309981409108287
outer loop
vertex -194.7064038696289 204.9422074584961 -34.35749475288391
vertex -194.72103704833984 204.9304887084961 -34.2168835811615
vertex -193.18725408935546 202.41011822509768 -34.331728380203245
endloop
endfacet
facet normal 0.0 0.8849129740662782 -0.46575640449614264
outer loop
vertex -188.6500836791992 189.43689739990236 -36.7859673910141
vertex -188.60445989990234 189.47177899169924 -36.719694178581236
vertex -188.60445989990234 189.43689739990236 -36.7859673910141
endloop
endfacet
facet normal -0.2831168256036381 0.780881142324928 0.5568388497774149
outer loop
vertex -193.21887030029296 202.49948895263674 -34.47312466430664
vertex -177.8501264038086 207.6465531616211 -33.87707320976257
vertex -193.2252026977539 202.5150071411133 -34.4981061630249
endloop
endfacet
facet normal -0.2830956050790015 0.7808084257553606 0.556951596329869
outer loop
vertex -193.16134466552734 202.3375932006836 -34.2168835811615
vertex -177.8501264038086 207.6465531616211 -33.87707320976257
vertex -193.18725408935546 202.41011822509768 -34.331728380203245
endloop
endfacet
facet normal -0.28314938694534825 0.7809904932646601 0.5566689088701618
outer loop
vertex -193.18725408935546 202.41011822509768 -34.331728380203245
vertex -177.8501264038086 207.6465531616211 -33.87707320976257
vertex -193.19279302978515 202.42647564697268 -34.35749475288391
endloop
endfacet
facet normal 0.0 0.8554466610057557 -0.5178909249775512
outer loop
vertex -188.7380658569336 189.36951458740236 -36.89728454875946
vertex -188.65624822998046 189.43218243408205 -36.79377047348022
vertex -188.60445989990234 189.36951458740236 -36.89728454875946
endloop
endfacet
facet normal -0.2831069629154984 0.7808448353627169 0.5568947751919873
outer loop
vertex -193.3096753540039 202.6891251831055 -34.78518716621399
vertex -193.30258001708984 202.67473614501955 -34.76140467453003
vertex -177.8501264038086 207.6465531616211 -33.87707320976257
endloop
endfacet
facet normal -0.7323816429185211 -0.4404268277828081 0.519270005377877
outer loop
vertex -197.25106634521484 202.92334759521486 -32.96017090606689
vertex -197.2344800415039 202.94142926025393 -32.92144123840332
vertex -197.29012884521484 202.98830426025393 -32.96017090606689
endloop
endfacet
facet normal -0.7311152165111321 -0.44219401035873157 0.5195526897137022
outer loop
vertex -197.25106634521484 202.92334759521486 -32.96017090606689
vertex -197.2479077758789 202.92183697509768 -32.9570118598938
vertex -197.2344800415039 202.94142926025393 -32.92144123840332
endloop
endfacet
facet normal -0.28312689981327266 0.7809019430445142 0.5568045563314182
outer loop
vertex -193.13691534423828 202.2482377319336 -34.079201858520506
vertex -193.11634649658203 202.15752423095705 -33.941519897460935
vertex -177.8501264038086 207.6465531616211 -33.87707320976257
endloop
endfacet
facet normal -0.7274890310063764 -0.43760607351221803 -0.528451165379189
outer loop
vertex -189.05445684814453 189.34397137451174 -36.9361566119194
vertex -194.17664923095703 197.85845196533205 -36.935493629455564
vertex -188.98371710205078 189.302528503418 -36.99922154474258
endloop
endfacet
facet normal -0.2831057570716645 0.7808409073396757 0.5569008957955011
outer loop
vertex -193.21887030029296 202.49948895263674 -34.47312466430664
vertex -193.19279302978515 202.42647564697268 -34.35749475288391
vertex -177.8501264038086 207.6465531616211 -33.87707320976257
endloop
endfacet
facet normal 0.00018435395194038234 0.805692461780224 -0.5923340468385577
outer loop
vertex -188.9830609741211 189.30214703369143 -36.99981353807449
vertex -188.8959332885742 189.25009930419924 -37.0705817155838
vertex -189.00285162353515 189.2582169799805 -37.05957333374023
endloop
endfacet
facet normal 1.9451225117443693e-05 0.804928265949984 -0.593372131378279
outer loop
vertex -191.3504926147461 189.22890484619143 -37.09941313791275
vertex -189.00285162353515 189.2582169799805 -37.05957333374023
vertex -188.8959332885742 189.25009930419924 -37.0705817155838
endloop
endfacet
facet normal -8.288138880085277e-06 0.8056792697539403 -0.5923520188368268
outer loop
vertex -188.84077276611328 189.29074871826174 -37.01529375839233
vertex -188.60445989990234 189.22890484619143 -37.09941313791275
vertex -188.8959332885742 189.25009930419924 -37.0705817155838
endloop
endfacet
facet normal 0.0 0.8057192581366562 -0.5922976254111748
outer loop
vertex -188.8959332885742 189.25009930419924 -37.0705817155838
vertex -188.60445989990234 189.22890484619143 -37.09941313791275
vertex -191.3504926147461 189.22890484619143 -37.09941313791275
endloop
endfacet
facet normal 0.8096067843152569 0.48683011736916354 0.32792269151895526
outer loop
vertex -186.58610357666015 190.99825299072268 -33.42301623153686
vertex -186.55094732666015 191.02463543701174 -33.54898039627075
vertex -194.85287298583984 204.8308793334961 -33.54898039627075
endloop
endfacet
facet normal -0.00024008670181788346 0.805368357795408 -0.5927746204252535
outer loop
vertex -188.84077276611328 189.29074871826174 -37.01529375839233
vertex -188.82594122314453 189.30214703369143 -36.99981353807449
vertex -188.60445989990234 189.22890484619143 -37.09941313791275
endloop
endfacet
facet normal 0.0 0.8056232648665179 -0.5924281856105534
outer loop
vertex -188.60445989990234 189.30214703369143 -36.99981353807449
vertex -188.60445989990234 189.22890484619143 -37.09941313791275
vertex -188.82594122314453 189.30214703369143 -36.99981353807449
endloop
endfacet
facet normal -0.28308498975889557 0.7807831764592772 0.5569923876781148
outer loop
vertex -193.11634649658203 202.15752423095705 -33.941519897460935
vertex -193.11292852783203 202.13957989501955 -33.91462866592407
vertex -177.8501264038086 207.6465531616211 -33.87707320976257
endloop
endfacet
facet normal 0.6130263918118457 -0.7900372246333299 -0.006310834795431726
outer loop
vertex -188.82594122314453 189.30214703369143 -36.99981353807449
vertex -188.8241559448242 189.30507672119143 -37.19315395879745
vertex -188.7380658569336 189.36951458740236 -36.89728454875946
endloop
endfacet
facet normal 0.0 0.805721612186645 -0.5922944231168765
outer loop
vertex -189.02929510498046 189.30214703369143 -36.99981353807449
vertex -188.9830609741211 189.30214703369143 -36.99981353807449
vertex -189.00285162353515 189.2582169799805 -37.05957333374023
endloop
endfacet
facet normal -0.759966421074885 -0.456526591077359 0.46263863919685344
outer loop
vertex -197.24751104736328 202.91744244384768 -32.96017090606689
vertex -197.24671759033203 202.90847027587893 -32.96772114562988
vertex -197.24496282958984 202.9132005004883 -32.96017090606689
endloop
endfacet
facet normal 0.6133701173268651 -0.7897686624907417 -0.006523719645458269
outer loop
vertex -188.8241559448242 189.30507672119143 -37.19315395879745
vertex -188.76850714111328 189.34902203369143 -37.28103594112396
vertex -188.65624822998046 189.43218243408205 -36.79377047348022
endloop
endfacet
facet normal 0.7477365132762528 0.4498792979718587 0.48836331144939604
outer loop
vertex -186.7618695678711 190.86643231201174 -32.96017090606689
vertex -195.01692022705078 204.70784771728518 -33.07148854064941
vertex -195.0667096557617 204.66976177978518 -32.96017090606689
endloop
endfacet
facet normal 0.8568927680964934 0.5154946981943703 1.0836238611066807e-05
outer loop
vertex -189.05445684814453 189.34397137451174 -36.9361566119194
vertex -189.02929510498046 189.30214703369143 -36.99981353807449
vertex -194.17664923095703 197.85845196533205 -36.935493629455564
endloop
endfacet
facet normal 0.8568934651213733 0.5154934895016463 0.00022740646866776382
outer loop
vertex -189.02929510498046 189.30214703369143 -36.99981353807449
vertex -189.00285162353515 189.2582169799805 -37.05957333374023
vertex -194.17664923095703 197.85845196533205 -36.935493629455564
endloop
endfacet
facet normal 0.8568927849476005 0.5154946700560943 1.5763995596961753e-05
outer loop
vertex -197.2344800415039 202.94142926025393 -37.858127754211424
vertex -194.17664923095703 197.85845196533205 -36.935493629455564
vertex -189.00285162353515 189.2582169799805 -37.858127754211424
endloop
endfacet
facet normal -0.7099565836856364 -0.4268676008945631 -0.5601300747040276
outer loop
vertex -188.9830609741211 189.30214703369143 -36.99981353807449
vertex -188.8798657836914 189.26120770263674 -37.099412601470945
vertex -188.8959332885742 189.25009930419924 -37.0705817155838
endloop
endfacet
facet normal 0.5832536849122606 -0.8121477043551766 0.01520675333153467
outer loop
vertex -188.8798200073242 189.26113140869143 -37.09941313791275
vertex -188.84077276611328 189.29074871826174 -37.01529375839233
vertex -188.8959332885742 189.25009930419924 -37.0705817155838
endloop
endfacet
facet normal 0.7775568823088593 0.4678217271033489 0.4201763039774689
outer loop
vertex -186.6681195678711 190.93674481201174 -33.18280569839477
vertex -186.62418951416015 190.96897137451174 -33.29998127746582
vertex -194.97297491455078 204.74007427978518 -33.18280569839477
endloop
endfacet
facet normal 0.6134704515436967 -0.7896925325962096 -0.006301511291541762
outer loop
vertex -188.82594122314453 189.30214703369143 -36.99981353807449
vertex -188.84077276611328 189.29074871826174 -37.01529375839233
vertex -188.8241559448242 189.30507672119143 -37.19315395879745
endloop
endfacet
facet normal 0.6131086648944923 -0.7899730745176778 -0.006348745417839204
outer loop
vertex -188.65624822998046 189.43218243408205 -36.79377047348022
vertex -188.7380658569336 189.36951458740236 -36.89728454875946
vertex -188.8241559448242 189.30507672119143 -37.19315395879745
endloop
endfacet
facet normal 0.612995433066771 -0.7900607263902681 -0.006375551345865573
outer loop
vertex -188.8798200073242 189.26113140869143 -37.09941313791275
vertex -188.8241559448242 189.30507672119143 -37.19315395879745
vertex -188.84077276611328 189.29074871826174 -37.01529375839233
endloop
endfacet
facet normal 0.6124397106832191 -0.7904930977083687 -0.006185729842327428
outer loop
vertex -188.76850714111328 189.34902203369143 -37.28103594112396
vertex -188.6500836791992 189.43689739990236 -36.7859673910141
vertex -188.65624822998046 189.43218243408205 -36.79377047348022
endloop
endfacet
facet normal 0.0 0.7761456092256313 -0.6305537195828551
outer loop
vertex -188.60445989990234 189.22890484619143 -37.09941313791275
vertex -188.60445989990234 189.1527482299805 -37.19315395879745
vertex -191.3504926147461 189.22890484619143 -37.09941313791275
endloop
endfacet
facet normal -0.7317115386371168 -0.4395533343611457 0.52095209998358
outer loop
vertex -197.24751104736328 202.91744244384768 -32.96017090606689
vertex -197.24496282958984 202.9132005004883 -32.96017090606689
vertex -197.24751104736328 202.9174729614258 -32.96014515686035
endloop
endfacet
facet normal -0.7330169320578208 -0.4397662374447004 0.5189333615410282
outer loop
vertex -197.2344800415039 202.94142926025393 -32.92144123840332
vertex -197.2479077758789 202.92183697509768 -32.9570118598938
vertex -197.24496282958984 202.9132005004883 -32.96017090606689
endloop
endfacet
facet normal -0.732250486198583 -0.439868604380091 0.5199277222293976
outer loop
vertex -197.24751104736328 202.9174729614258 -32.96014515686035
vertex -197.24496282958984 202.9132005004883 -32.96017090606689
vertex -197.2479077758789 202.92183697509768 -32.9570118598938
endloop
endfacet
facet normal -0.0 0.8057245172484687 0.5922904712256667
outer loop
vertex -191.3504926147461 189.22890484619143 -32.75804201889038
vertex -188.60445989990234 189.22890484619143 -32.75804201889038
vertex -188.8959332885742 189.25009930419924 -32.78687397766113
endloop
endfacet
facet normal -0.000242684039750303 0.8053662766957502 0.5927774468261096
outer loop
vertex -188.84077276611328 189.29074871826174 -32.84216181564331
vertex -188.60445989990234 189.22890484619143 -32.75804201889038
vertex -188.82594122314453 189.30214703369143 -32.857641857147215
endloop
endfacet
facet normal -9.39539449145438e-06 0.8056791874223685 0.5923521308024123
outer loop
vertex -188.84077276611328 189.29074871826174 -32.84216181564331
vertex -188.8959332885742 189.25009930419924 -32.78687397766113
vertex -188.60445989990234 189.22890484619143 -32.75804201889038
endloop
endfacet
facet normal 0.0 0.8056239417047993 0.5924272651997222
outer loop
vertex -188.60445989990234 189.30214703369143 -32.857641857147215
vertex -188.82594122314453 189.30214703369143 -32.857641857147215
vertex -188.60445989990234 189.22890484619143 -32.75804201889038
endloop
endfacet
facet normal 0.6134704071024288 -0.7896925670818344 0.006301516109837858
outer loop
vertex -188.82594122314453 189.30214703369143 -32.857641857147215
vertex -188.8241559448242 189.30507672119143 -32.66430155563354
vertex -188.84077276611328 189.29074871826174 -32.84216181564331
endloop
endfacet
facet normal -0.8574929257125441 -0.5144957554275265 -0.0
outer loop
vertex -188.8798200073242 189.26113140869143 -37.09941313791275
vertex -188.8798657836914 189.26120770263674 -37.0994130783081
vertex -188.8798657836914 189.26120770263674 -37.09941313791275
endloop
endfacet
facet normal 0.0 -0.9863739371496981 0.1645188624802744
outer loop
vertex -191.1296216430664 185.8981858520508 -34.2168835811615
vertex -191.05489935302734 185.87473309326174 -34.35749475288391
vertex -188.60445989990234 185.8981858520508 -34.2168835811615
endloop
endfacet
facet normal 0.8561074170920061 0.5147855026581263 0.045562886794777935
outer loop
vertex -193.30258001708984 202.67473614501955 -34.76140467453003
vertex -194.6771069946289 204.96273052978518 -34.78518716621399
vertex -194.6829663696289 204.95977032470705 -34.641646545410154
endloop
endfacet
facet normal 0.8546826379006701 0.5139346435966191 0.0734082460107061
outer loop
vertex -193.2252026977539 202.5150071411133 -34.4981061630249
vertex -193.26562322998046 202.6027299194336 -34.641646545410154
vertex -194.6917554321289 204.95391094970705 -34.4981061630249
endloop
endfacet
facet normal 0.8494748683741009 0.5110988959119831 0.1310357454985311
outer loop
vertex -194.6917554321289 204.95391094970705 -34.4981061630249
vertex -194.7064038696289 204.9422074584961 -34.35749475288391
vertex -193.21887030029296 202.49948895263674 -34.47312466430664
endloop
endfacet
facet normal 0.8524952388362395 0.5126193247768254 0.10233912070608403
outer loop
vertex -194.6917554321289 204.95391094970705 -34.4981061630249
vertex -193.21887030029296 202.49948895263674 -34.47312466430664
vertex -193.2252026977539 202.5150071411133 -34.4981061630249
endloop
endfacet
facet normal 0.0 0.0 0.0
outer loop
vertex -188.8798657836914 189.26120770263674 -37.09941313791275
vertex -188.8798657836914 189.26120770263674 -37.0994130783081
vertex -188.8798657836914 189.26120770263674 -37.099412601470945
endloop
endfacet
facet normal -0.7121560991601072 -0.4233561389672042 -0.5600029196601042
outer loop
vertex -188.8959332885742 189.25009930419924 -37.0705817155838
vertex -188.8798657836914 189.26120770263674 -37.099412601470945
vertex -188.8798200073242 189.26113140869143 -37.09941313791275
endloop
endfacet
facet normal -0.8574929257125441 -0.5144957554275265 0.0
outer loop
vertex -188.8798657836914 189.26120770263674 -37.0994130783081
vertex -188.8798200073242 189.26113140869143 -37.09941313791275
vertex -188.8798657836914 189.26120770263674 -37.099412601470945
endloop
endfacet
facet normal -0.9090249322911302 0.34423130618158904 0.23490100109966205
outer loop
vertex -201.0877973022461 201.4711838989258 -33.87707320976257
vertex -204.21845831298828 193.2039262084961 -33.87707320976257
vertex -200.02033819580078 204.24208843994143 -33.806767623901365
endloop
endfacet
facet normal -0.6858692901485008 -0.4115215740891005 -0.6001943942510795
outer loop
vertex -188.8798200073242 189.26113140869143 -37.09941313791275
vertex -188.8798657836914 189.26120770263674 -37.09941313791275
vertex -188.8241559448242 189.30507672119143 -37.19315395879745
endloop
endfacet
facet normal 0.0 0.8554784627139053 0.5178383916171658
outer loop
vertex -188.60445989990234 189.43689739990236 -33.07148854064941
vertex -188.6500836791992 189.43689739990236 -33.07148854064941
vertex -188.60445989990234 189.36951458740236 -32.96017090606689
endloop
endfacet
facet normal -0.5653114516131553 -0.5653114516131553 0.6007045241631315
outer loop
vertex -188.8798200073242 189.26113140869143 -32.75804201889038
vertex -188.8241559448242 189.30507672119143 -32.66430155563354
vertex -188.8798657836914 189.2611771850586 -32.75804201889038
endloop
endfacet
facet normal 0.6124400251412729 -0.7904928531982148 0.006185842505495207
outer loop
vertex -188.6500836791992 189.43689739990236 -33.07148854064941
vertex -188.76850714111328 189.34902203369143 -32.57641951370239
vertex -188.65624822998046 189.43218243408205 -33.06368510055542
endloop
endfacet
facet normal 0.6131086756047781 -0.7899730661553205 0.006348751634490657
outer loop
vertex -188.65624822998046 189.43218243408205 -33.06368510055542
vertex -188.8241559448242 189.30507672119143 -32.66430155563354
vertex -188.7380658569336 189.36951458740236 -32.96017090606689
endloop
endfacet
facet normal 0.0 0.0 0.0
outer loop
vertex -197.42494024658203 203.00571453857424 -32.66430155563354
vertex -197.42494024658203 203.00571453857424 -32.664301078796385
vertex -197.42494024658203 203.00571453857424 -32.664300601959226
endloop
endfacet
facet normal 0.7204407489836981 -0.28422255004177027 0.6325999282734399
outer loop
vertex -197.48933233642578 203.03809368896486 -32.57641951370239
vertex -197.42494024658203 203.00571453857424 -32.664300601959226
vertex -197.42487921142578 203.00586712646486 -32.66430155563354
endloop
endfacet
facet normal 0.9284766908852593 -0.3713906763541037 0.0
outer loop
vertex -197.42494024658203 203.00571453857424 -32.664301078796385
vertex -197.42487921142578 203.00586712646486 -32.66430155563354
vertex -197.42494024658203 203.00571453857424 -32.664300601959226
endloop
endfacet
facet normal 0.741265552128785 -0.296506220851514 0.6021706089004683
outer loop
vertex -197.42487921142578 203.00586712646486 -32.66430155563354
vertex -197.42494024658203 203.00571453857424 -32.66430155563354
vertex -197.36044134521484 202.97658551025393 -32.75804201889038
endloop
endfacet
facet normal 0.9284766908852593 -0.3713906763541037 0.0
outer loop
vertex -197.42487921142578 203.00586712646486 -32.66430155563354
vertex -197.42494024658203 203.00571453857424 -32.664301078796385
vertex -197.42494024658203 203.00571453857424 -32.66430155563354
endloop
endfacet
facet normal 0.8429952992773104 0.5070830440594226 0.17951521334914006
outer loop
vertex -193.16134466552734 202.3375932006836 -34.2168835811615
vertex -194.72103704833984 204.9304887084961 -34.2168835811615
vertex -194.74154486083984 204.9158402709961 -34.079201858520506
endloop
endfacet
facet normal 0.0 0.7761444319138552 0.6305551687276214
outer loop
vertex -188.60445989990234 189.22890484619143 -32.75804201889038
vertex -191.3504926147461 189.22890484619143 -32.75804201889038
vertex -188.60445989990234 189.1527482299805 -32.66430155563354
endloop
endfacet
facet normal 0.010097343358651464 0.8040809520914526 0.5944340721567031
outer loop
vertex -188.9830609741211 189.30214703369143 -32.857641857147215
vertex -189.00285162353515 189.2582169799805 -32.79788224029541
vertex -188.9823590698242 189.30171978759768 -32.85707585144043
endloop
endfacet
facet normal 0.8495255114639625 0.5110111322430699 0.13104971612158797
outer loop
vertex -193.16134466552734 202.3375932006836 -34.2168835811615
vertex -193.18725408935546 202.41011822509768 -34.331728380203245
vertex -194.72103704833984 204.9304887084961 -34.2168835811615
endloop
endfacet
facet normal 0.0 0.8057207664136382 0.5922955736537455
outer loop
vertex -189.02929510498046 189.30214703369143 -32.857641857147215
vertex -189.00285162353515 189.2582169799805 -32.79788224029541
vertex -188.9830609741211 189.30214703369143 -32.857641857147215
endloop
endfacet
facet normal 1.963532083693877e-05 0.8049260511635035 0.5933751357891424
outer loop
vertex -191.3504926147461 189.22890484619143 -32.75804201889038
vertex -188.8959332885742 189.25009930419924 -32.78687397766113
vertex -189.00285162353515 189.2582169799805 -32.79788224029541
endloop
endfacet
facet normal 0.00019966917656618295 0.8057603099726811 0.5922417437203737
outer loop
vertex -188.9823590698242 189.30171978759768 -32.85707585144043
vertex -189.00285162353515 189.2582169799805 -32.79788224029541
vertex -188.8959332885742 189.25009930419924 -32.78687397766113
endloop
endfacet
facet normal -0.5951062208623416 0.8036076839191097 0.007954636202002895
outer loop
vertex -197.3270093383789 202.96091473388674 -33.265051048278806
vertex -197.32699407958984 202.96091473388674 -33.26390950012207
vertex -196.17695440673828 203.8290482788086 -34.92872778701782
endloop
endfacet
facet normal -0.6015754147949594 0.7988154020343098 0.000986806483825542
outer loop
vertex -197.32699407958984 202.96091473388674 -33.26390950012207
vertex -197.32804693603515 202.9599076538086 -33.09052340316772
vertex -196.17695440673828 203.8290482788086 -34.92872778701782
endloop
endfacet
facet normal 0.41982695880037624 0.9075704711713005 0.007820775046670033
outer loop
vertex -198.48238958740234 203.50972760009768 -34.92872778701782
vertex -197.32804693603515 202.9599076538086 -33.09052340316772
vertex -197.32699407958984 202.96091473388674 -33.26390950012207
endloop
endfacet
facet normal 0.4465306569072059 0.8946767032427976 -0.012805042624620898
outer loop
vertex -197.32804693603515 202.9599076538086 -33.09052340316772
vertex -198.48238958740234 203.50972760009768 -34.92872778701782
vertex -197.32752813720703 202.960243347168 -33.0489775352478
endloop
endfacet
facet normal 0.4358870013390095 0.8999825416152172 -0.005826392666185591
outer loop
vertex -198.48238958740234 203.50972760009768 -34.92872778701782
vertex -197.32699407958984 202.96091473388674 -33.26390950012207
vertex -197.3270093383789 202.96091473388674 -33.265051048278806
endloop
endfacet
facet normal 0.8494646640405796 0.5110874369305053 0.13114654535378373
outer loop
vertex -193.19279302978515 202.42647564697268 -34.35749475288391
vertex -193.21887030029296 202.49948895263674 -34.47312466430664
vertex -194.7064038696289 204.9422074584961 -34.35749475288391
endloop
endfacet
facet normal 0.0 0.8356492268718446 0.5492634792415095
outer loop
vertex -188.9830609741211 189.30214703369143 -32.857641857147215
vertex -189.05445684814453 189.34397137451174 -32.92127339172363
vertex -189.02929510498046 189.30214703369143 -32.857641857147215
endloop
endfacet
facet normal 0.0 0.8357379444037238 0.5491284806708157
outer loop
vertex -188.60445989990234 189.36951458740236 -32.96017090606689
vertex -188.7380658569336 189.36951458740236 -32.96017090606689
vertex -188.60445989990234 189.30214703369143 -32.857641857147215
endloop
endfacet
facet normal -0.0 0.8357379444037238 0.5491284806708157
outer loop
vertex -188.82594122314453 189.30214703369143 -32.857641857147215
vertex -188.60445989990234 189.30214703369143 -32.857641857147215
vertex -188.7380658569336 189.36951458740236 -32.96017090606689
endloop
endfacet
facet normal -0.5885991000738384 -0.5885991000738384 0.5541680239643344
outer loop
vertex -188.8798200073242 189.26113140869143 -32.75804201889038
vertex -188.8798657836914 189.2611771850586 -32.75804201889038
vertex -188.8959332885742 189.25009930419924 -32.78687397766113
endloop
endfacet
facet normal 0.85560043295762 0.5145902324109587 0.05607844354089088
outer loop
vertex -193.3096753540039 202.6891251831055 -34.78518716621399
vertex -194.6771069946289 204.96273052978518 -34.78518716621399
vertex -193.30258001708984 202.67473614501955 -34.76140467453003
endloop
endfacet
facet normal 0.6130263972441851 -0.7900372203879585 0.006310838572059144
outer loop
vertex -188.7380658569336 189.36951458740236 -32.96017090606689
vertex -188.8241559448242 189.30507672119143 -32.66430155563354
vertex -188.82594122314453 189.30214703369143 -32.857641857147215
endloop
endfacet
facet normal 0.5832538202481755 -0.8121476103701538 -0.01520658199458312
outer loop
vertex -188.8959332885742 189.25009930419924 -32.78687397766113
vertex -188.84077276611328 189.29074871826174 -32.84216181564331
vertex -188.8798200073242 189.26113140869143 -32.75804201889038
endloop
endfacet
facet normal 0.6129954661034828 -0.7900607008163864 0.006375544062618252
outer loop
vertex -188.8798200073242 189.26113140869143 -32.75804201889038
vertex -188.84077276611328 189.29074871826174 -32.84216181564331
vertex -188.8241559448242 189.30507672119143 -32.66430155563354
endloop
endfacet
facet normal 0.0007871980568880875 0.8556210921818242 0.517602093246155
outer loop
vertex -188.65624822998046 189.43218243408205 -33.06368510055542
vertex -188.60445989990234 189.36951458740236 -32.96017090606689
vertex -188.6500836791992 189.43689739990236 -33.07148854064941
endloop
endfacet
facet normal -0.0 0.8554469252342691 0.5178904885274828
outer loop
vertex -188.7380658569336 189.36951458740236 -32.96017090606689
vertex -188.60445989990234 189.36951458740236 -32.96017090606689
vertex -188.65624822998046 189.43218243408205 -33.06368510055542
endloop
endfacet
facet normal 0.000313740538848346 -0.9999999483105835 -7.032570217951157e-05
outer loop
vertex -202.0559369506836 189.0953294067383 -35.778253953933714
vertex -202.05631842041015 189.0953294067383 -35.77995578575134
vertex -202.0474683227539 189.09543621826174 -37.259285252571104
endloop
endfacet
facet normal 0.012712828605702175 -0.9999191887217485 3.857749685837266e-06
outer loop
vertex -202.08508123779296 189.0949631958008 -35.915935557365415
vertex -202.0474683227539 189.09543621826174 -37.259285252571104
vertex -202.05631842041015 189.0953294067383 -35.77995578575134
endloop
endfacet
facet normal 0.011940747871639314 -0.9999287064004532 -2.5623862863148355e-05
outer loop
vertex -202.11898626708984 189.0945512084961 -36.050688069343565
vertex -202.0474683227539 189.09543621826174 -37.259285252571104
vertex -202.0854779663086 189.09494793701174 -35.91745523738861
endloop
endfacet
facet normal 0.03593095726496319 -0.9993540605805582 0.0006541491980321593
outer loop
vertex -202.0854779663086 189.09494793701174 -35.91745523738861
vertex -202.0474683227539 189.09543621826174 -37.259285252571104
vertex -202.08508123779296 189.0949631958008 -35.915935557365415
endloop
endfacet
facet normal -0.7099446818034295 -0.4272986640266367 0.5598163989202876
outer loop
vertex -188.9823590698242 189.30171978759768 -32.85707585144043
vertex -188.8959332885742 189.25009930419924 -32.78687397766113
vertex -188.8798657836914 189.2611771850586 -32.75804201889038
endloop
endfacet
facet normal 0.6133701152932025 -0.7897686640894839 0.006523717308053783
outer loop
vertex -188.8241559448242 189.30507672119143 -32.66430155563354
vertex -188.65624822998046 189.43218243408205 -33.06368510055542
vertex -188.76850714111328 189.34902203369143 -32.57641951370239
endloop
endfacet
facet normal 0.84299450880309 0.5070822400828361 0.17952119629840366
outer loop
vertex -193.13691534423828 202.2482377319336 -34.079201858520506
vertex -193.16134466552734 202.3375932006836 -34.2168835811615
vertex -194.74154486083984 204.9158402709961 -34.079201858520506
endloop
endfacet
facet normal 0.838339106601215 0.5042818994491052 0.2070925112868142
outer loop
vertex -193.13691534423828 202.2482377319336 -34.079201858520506
vertex -194.74154486083984 204.9158402709961 -34.079201858520506
vertex -194.76498236083984 204.8982621459961 -33.941519897460935
endloop
endfacet
facet normal 0.832035691657486 0.500599344850233 0.23899143027223022
outer loop
vertex -193.11292852783203 202.13957989501955 -33.91462866592407
vertex -194.76498236083984 204.8982621459961 -33.941519897460935
vertex -194.79134954833984 204.8777543334961 -33.806767623901365
endloop
endfacet
facet normal -0.0 0.8849115928745382 0.4657590286792596
outer loop
vertex -188.6500836791992 189.43689739990236 -33.07148854064941
vertex -188.60445989990234 189.43689739990236 -33.07148854064941
vertex -188.60445989990234 189.47177899169924 -33.137761276245115
endloop
endfacet
facet normal 0.6133144443282351 -0.7898119623338772 0.00651586775943818
outer loop
vertex -188.60445989990234 189.47177899169924 -33.137761276245115
vertex -188.76850714111328 189.34902203369143 -32.57641951370239
vertex -188.6500836791992 189.43689739990236 -33.07148854064941
endloop
endfacet
facet normal 0.9335545880702658 -0.3584352536971725 0.0
outer loop
vertex -197.42494024658203 203.00571453857424 -32.664300601959226
vertex -202.7212506713867 189.21132672119143 -32.57641951370239
vertex -197.42494024658203 203.00571453857424 -32.66430155563354
endloop
endfacet
facet normal -0.7591590419324646 -0.4565297503751725 0.4639591965621169
outer loop
vertex -197.32752813720703 202.960243347168 -33.0489775352478
vertex -197.25106634521484 202.92334759521486 -32.96017090606689
vertex -197.29012884521484 202.98830426025393 -32.96017090606689
endloop
endfacet
facet normal 0.4192324600652244 0.9078571170265342 0.006292812720061371
outer loop
vertex -197.36044134521484 202.97658551025393 -32.75804201889038
vertex -197.30184759521484 202.95021832275393 -32.857641857147215
vertex -198.48238958740234 203.50972760009768 -34.92872778701782
endloop
endfacet
facet normal 0.4468594384697617 0.8945081380729919 -0.013108515235460564
outer loop
vertex -197.25106634521484 202.92334759521486 -32.96017090606689
vertex -197.32752813720703 202.960243347168 -33.0489775352478
vertex -197.30184759521484 202.95021832275393 -32.857641857147215
endloop
endfacet
facet normal -0.6016085955359546 0.7987904498859429 0.0009565292829614211
outer loop
vertex -197.29012884521484 202.98830426025393 -32.96017090606689
vertex -196.17695440673828 203.8290482788086 -34.92872778701782
vertex -197.32752813720703 202.960243347168 -33.0489775352478
endloop
endfacet
facet normal 0.4205789918408938 0.9072079268640884 0.009332151791532937
outer loop
vertex -197.32783331298828 202.9605180053711 -33.5715719871521
vertex -198.48238958740234 203.50972760009768 -34.92872778701782
vertex -197.32792486572265 202.95906842041018 -33.42652718353271
endloop
endfacet
facet normal -0.6120101915260724 0.7907407661874645 -0.013136443867418848
outer loop
vertex -197.3279096069336 202.96057904052736 -33.58420244979858
vertex -196.17695440673828 203.8290482788086 -34.92872778701782
vertex -197.32600225830078 202.9599534301758 -33.71072165298462
endloop
endfacet
facet normal 0.4275166060797362 0.9040023130638061 0.003060964121342806
outer loop
vertex -197.32716192626953 202.9601517944336 -33.968641202926634
vertex -198.48238958740234 203.50972760009768 -34.92872778701782
vertex -197.3269635620117 202.9597092895508 -33.86566011238098
endloop
endfacet
facet normal 0.44462338854373673 0.8956183713813638 -0.013333236819276575
outer loop
vertex -197.3270093383789 202.96091473388674 -33.265051048278806
vertex -197.32797064208984 202.95903790283205 -33.423177879333494
vertex -198.48238958740234 203.50972760009768 -34.92872778701782
endloop
endfacet
facet normal 0.4469463611119893 0.8944645052349467 -0.013122467891112445
outer loop
vertex -198.48238958740234 203.50972760009768 -34.92872778701782
vertex -197.30184759521484 202.95021832275393 -32.857641857147215
vertex -197.32752813720703 202.960243347168 -33.0489775352478
endloop
endfacet
facet normal -0.9353261107672399 0.3537867528753758 2.6318183417967428e-06
outer loop
vertex -219.18830694580078 203.0196915893555 -37.858127754211424
vertex -218.4873334350586 204.8728715209961 -34.69793836402893
vertex -217.7865277709961 206.7256547241211 -37.858127754211424
endloop
endfacet
facet normal -0.5627961817581423 -0.6524879920490791 0.5074641642817915
outer loop
vertex -218.4873334350586 204.8728715209961 -34.69793836402893
vertex -219.18830694580078 203.0196915893555 -37.858127754211424
vertex -216.83617987060546 204.0871049194336 -33.87707320976257
endloop
endfacet
facet normal 0.1395954880316118 0.8404029263179454 0.523675492225338
outer loop
vertex -218.4873334350586 204.8728715209961 -34.69793836402893
vertex -216.83617987060546 204.0871049194336 -33.87707320976257
vertex -217.7865277709961 206.7256547241211 -37.858127754211424
endloop
endfacet
facet normal 0.01232995286055304 -0.9999239820592134 -4.8634375442363995e-05
outer loop
vertex -202.2033521118164 189.09346783447268 -36.30945531654358
vertex -202.25086798095703 189.0928880004883 -36.43443934249878
vertex -202.0474683227539 189.09543621826174 -37.259285252571104
endloop
endfacet
facet normal 0.012407421033393281 -0.9999230245530756 -2.9528455634744763e-05
outer loop
vertex -202.30280889892578 189.09224713134768 -36.55747417736053
vertex -202.0474683227539 189.09543621826174 -37.259285252571104
vertex -202.25086798095703 189.0928880004883 -36.43443934249878
endloop
endfacet
facet normal 0.01254272703040919 -0.9999213365951095 2.4909643247894086e-05
outer loop
vertex -202.3588239135742 189.0915452270508 -36.674650114059446
vertex -202.0474683227539 189.09543621826174 -37.259285252571104
vertex -202.30309881591796 189.09224713134768 -36.5580529384613
endloop
endfacet
facet normal 0.005254654245601602 -0.9999827299232698 -0.002632197554130401
outer loop
vertex -202.0474683227539 189.09543621826174 -37.259285252571104
vertex -202.30280889892578 189.09224713134768 -36.55747417736053
vertex -202.30309881591796 189.09224713134768 -36.5580529384613
endloop
endfacet
facet normal 0.012864924824364224 -0.999917223292551 0.00020067929235966994
outer loop
vertex -202.35900701904296 189.0915452270508 -36.675005834579466
vertex -202.38435186767578 189.09120953369143 -36.722873251914976
vertex -202.0474683227539 189.09543621826174 -37.259285252571104
endloop
endfacet
facet normal 0.012545438939167921 -0.9999213028842938 0.0
outer loop
vertex -202.38435186767578 189.09120953369143 -37.858127754211424
vertex -202.0474683227539 189.09543621826174 -37.259285252571104
vertex -202.38435186767578 189.09120953369143 -36.722873251914976
endloop
endfacet
facet normal 0.0063546159131603165 -0.9999744593530883 -0.0032710087274176428
outer loop
vertex -202.3588239135742 189.0915452270508 -36.674650114059446
vertex -202.35900701904296 189.0915452270508 -36.675005834579466
vertex -202.0474683227539 189.09543621826174 -37.259285252571104
endloop
endfacet
facet normal 0.012611609537711241 -0.9999204704899627 0.0
outer loop
vertex -202.0474683227539 189.09543621826174 -35.73490468788147
vertex -202.0559369506836 189.0953294067383 -35.778253953933714
vertex -202.0474683227539 189.09543621826174 -37.259285252571104
endloop
endfacet
facet normal -0.6034555556331882 0.7973569429265918 -0.00795600038963985
outer loop
vertex -197.32560552978515 202.96082318115236 -34.818799179077146
vertex -197.32624639892578 202.96123516845705 -34.728900115966795
vertex -196.17695440673828 203.8290482788086 -34.92872778701782
endloop
endfacet
facet normal 0.4262534982177018 0.9044551238764471 0.016397687361706607
outer loop
vertex -197.32624639892578 202.96123516845705 -34.728900115966795
vertex -198.48238958740234 203.50972760009768 -34.92872778701782
vertex -197.32673468017578 202.96108258056643 -34.7077910118103
endloop
endfacet
facet normal 0.42683701157649967 0.904319392134375 0.004074623682947601
outer loop
vertex -197.32661260986328 202.96041119384768 -34.08715621757507
vertex -198.48238958740234 203.50972760009768 -34.92872778701782
vertex -197.32719244384765 202.96028912353518 -33.99932352828979
endloop
endfacet
facet normal 0.06582397176810532 -0.9978262329615639 0.0031644200742720566
outer loop
vertex -202.11938299560546 189.094520690918 -36.05205861854553
vertex -202.0474683227539 189.09543621826174 -37.259285252571104
vertex -202.11898626708984 189.0945512084961 -36.050688069343565
endloop
endfacet
facet normal 0.0028636205042479727 -0.9999953691107941 -0.0010302594693609194
outer loop
vertex -202.1613599243164 189.09400189208986 -36.18365601825714
vertex -202.0474683227539 189.09543621826174 -37.259285252571104
vertex -202.1609479370117 189.09400189208986 -36.182510893821714
endloop
endfacet
facet normal 0.012215635761036889 -0.9999253855402089 -3.994018394384921e-05
outer loop
vertex -202.2029859008789 189.0934983520508 -36.30847517776489
vertex -202.0474683227539 189.09543621826174 -37.259285252571104
vertex -202.1613599243164 189.09400189208986 -36.18365601825714
endloop
endfacet
facet normal 0.012519899794655181 -0.9999216229049486 -1.250062671253585e-05
outer loop
vertex -202.1609479370117 189.09400189208986 -36.182510893821714
vertex -202.0474683227539 189.09543621826174 -37.259285252571104
vertex -202.11938299560546 189.094520690918 -36.05205861854553
endloop
endfacet
facet normal 0.0616348854551275 -0.9980663236178243 0.008047021494528262
outer loop
vertex -202.2033521118164 189.09346783447268 -36.30945531654358
vertex -202.0474683227539 189.09543621826174 -37.259285252571104
vertex -202.2029859008789 189.0934983520508 -36.30847517776489
endloop
endfacet
facet normal 0.012407421082548468 -0.9999230245524657 2.9528447779172623e-05
outer loop
vertex -202.30280889892578 189.09224713134768 -33.29998127746582
vertex -202.25086798095703 189.0928880004883 -33.42301623153686
vertex -202.0474683227539 189.09543621826174 -32.598170440673826
endloop
endfacet
facet normal 0.012717012480718375 -0.9999191346418431 -4.207936303034318e-05
outer loop
vertex -202.25056280517578 189.0928880004883 -33.423833053588865
vertex -202.2029859008789 189.0934983520508 -33.54898039627075
vertex -202.0474683227539 189.09543621826174 -32.598170440673826
endloop
endfacet
facet normal -0.6002057862904009 0.7998313303105266 0.004780915938925792
outer loop
vertex -197.3258344116211 202.959755065918 -33.73156801986694
vertex -196.17695440673828 203.8290482788086 -34.92872778701782
vertex -197.32691778564453 202.95961773681643 -33.84460226821899
endloop
endfacet
facet normal 0.42756189096129715 0.9039810975829197 0.0030007682982606124
outer loop
vertex -197.3269635620117 202.9597092895508 -33.86566011238098
vertex -198.48238958740234 203.50972760009768 -34.92872778701782
vertex -197.32691778564453 202.95961773681643 -33.84460226821899
endloop
endfacet
facet normal 0.43386820096844264 0.9009610369515958 -0.005253007092353349
outer loop
vertex -197.32691778564453 202.95961773681643 -33.84460226821899
vertex -198.48238958740234 203.50972760009768 -34.92872778701782
vertex -197.3258344116211 202.959755065918 -33.73156801986694
endloop
endfacet
facet normal -0.5965768992004002 0.8025195167505036 0.007643858644277763
outer loop
vertex -197.32792486572265 202.95906842041018 -33.42652718353271
vertex -196.8054028930664 203.3539963989258 -34.108495872497556
vertex -197.32783331298828 202.9605180053711 -33.5715719871521
endloop
endfacet
facet normal -0.6077217227928814 0.7941293736397574 -0.005731105319090865
outer loop
vertex -197.32797064208984 202.95903790283205 -33.423177879333494
vertex -197.3270093383789 202.96091473388674 -33.265051048278806
vertex -196.8054028930664 203.3539963989258 -34.108495872497556
endloop
endfacet
facet normal -0.607886020027352 0.7940024386288634 -0.005891867846748122
outer loop
vertex -196.17695440673828 203.8290482788086 -34.92872778701782
vertex -196.8054028930664 203.3539963989258 -34.108495872497556
vertex -197.3270093383789 202.96091473388674 -33.265051048278806
endloop
endfacet
facet normal -0.0 0.0 1.0
outer loop
vertex -201.0671216430664 190.3583451538086 -30.692814987182615
vertex -202.38435186767578 189.09120953369143 -30.692814987182615
vertex -201.05785955810546 190.20859539794924 -30.692814987182615
endloop
endfacet
facet normal -0.0 0.0 1.0
outer loop
vertex -201.0798932495117 190.56165325927736 -30.692814987182615
vertex -202.38435186767578 189.09120953369143 -30.692814987182615
vertex -201.07685675048828 190.51409161376955 -30.692814987182615
endloop
endfacet
facet normal 0.0 0.0 0.9999999999999999
outer loop
vertex -201.00460638427734 189.3416215209961 -30.692814987182615
vertex -201.03927435302734 189.91463482666018 -30.692814987182615
vertex -202.38435186767578 189.09120953369143 -30.692814987182615
endloop
endfacet
facet normal 0.0049810695010812905 -0.9999858627221369 0.001860995026673687
outer loop
vertex -202.25056280517578 189.0928880004883 -33.423833053588865
vertex -202.0474683227539 189.09543621826174 -32.598170440673826
vertex -202.25086798095703 189.0928880004883 -33.42301623153686
endloop
endfacet
facet normal 0.012216112137747499 -0.9999253795269357 4.452136037689196e-05
outer loop
vertex -202.1609479370117 189.09400189208986 -33.67494456100464
vertex -202.0474683227539 189.09543621826174 -32.598170440673826
vertex -202.2026196899414 189.0934983520508 -33.549963157653806
endloop
endfacet
facet normal 0.0038010307552360785 -0.9999917729603106 0.0014163957399424105
outer loop
vertex -202.2026196899414 189.0934983520508 -33.549963157653806
vertex -202.0474683227539 189.09543621826174 -32.598170440673826
vertex -202.2029859008789 189.0934983520508 -33.54898039627075
endloop
endfacet
facet normal 0.01306666037256218 -0.9999146267080797 -4.101157974008252e-05
outer loop
vertex -202.11898626708984 189.0945512084961 -33.806767623901365
vertex -202.0474683227539 189.09543621826174 -32.598170440673826
vertex -202.16061224365234 189.09400189208986 -33.67614571380615
endloop
endfacet
facet normal 0.003461088231586393 -0.999993542587305 0.0009672910341551491
outer loop
vertex -202.1609479370117 189.09400189208986 -33.67494456100464
vertex -202.16061224365234 189.09400189208986 -33.67614571380615
vertex -202.0474683227539 189.09543621826174 -32.598170440673826
endloop
endfacet
facet normal 0.012312228422327853 -0.9999242016158518 7.360560544235257e-06
outer loop
vertex -202.08508123779296 189.0949631958008 -33.941519897460935
vertex -202.0474683227539 189.09543621826174 -32.598170440673826
vertex -202.11862005615234 189.0945512084961 -33.80817190933227
endloop
endfacet
facet normal 0.0022886317795821538 -0.9999972029743683 0.0005968316491406092
outer loop
vertex -202.11862005615234 189.0945512084961 -33.80817190933227
vertex -202.0474683227539 189.09543621826174 -32.598170440673826
vertex -202.11898626708984 189.0945512084961 -33.806767623901365
endloop
endfacet
facet normal 0.01247950065660672 -0.9999221279876104 -4.908209106166684e-06
outer loop
vertex -202.38435186767578 189.09120953369143 -30.692814987182615
vertex -197.4543286743164 189.1527482299805 -32.66430155563354
vertex -189.00285162353515 189.2582169799805 -30.692814987182615
endloop
endfacet
facet normal 0.012545438939167923 -0.9999213028842938 0.0
outer loop
vertex -202.38435186767578 189.09120953369143 -33.134576957702635
vertex -202.0474683227539 189.09543621826174 -32.598170440673826
vertex -202.38435186767578 189.09120953369143 -30.692814987182615
endloop
endfacet
facet normal 0.8568795404870577 0.5155166855601719 -1.93482809986072e-06
outer loop
vertex -177.47538580322265 210.62175762939455 -37.858127754211424
vertex -176.36234869384765 208.77170574951174 -34.698366563796995
vertex -175.2496930541992 206.92226422119143 -37.858127754211424
endloop
endfacet
facet normal -0.28309457574023605 0.7808410412054941 0.5569063920943764
outer loop
vertex -176.36234869384765 208.77170574951174 -34.698366563796995
vertex -177.47538580322265 210.62175762939455 -37.858127754211424
vertex -177.8501264038086 207.6465531616211 -33.87707320976257
endloop
endfacet
facet normal 0.4270493544564144 0.9042144786414529 0.005002546703978259
outer loop
vertex -197.32604803466796 202.9601975708008 -34.31342212486267
vertex -198.48238958740234 203.50972760009768 -34.92872778701782
vertex -197.32679571533203 202.9601975708008 -34.24959532546997
endloop
endfacet
facet normal 0.4317464329741492 0.9019853209340425 -0.004183112909145941
outer loop
vertex -197.32697882080078 202.96004498291018 -34.20227710533142
vertex -198.48238958740234 203.50972760009768 -34.92872778701782
vertex -197.32662786865234 202.96022808837893 -34.12657253074646
endloop
endfacet
facet normal 0.006525555809136811 -0.9999736521208062 0.003179966282625045
outer loop
vertex -202.3588239135742 189.0915452270508 -33.18280569839477
vertex -202.35864080810546 189.0915452270508 -33.18318144607544
vertex -202.0474683227539 189.09543621826174 -32.598170440673826
endloop
endfacet
facet normal 0.012821428663901168 -0.9999177870772382 -0.00017335967048399598
outer loop
vertex -202.3588239135742 189.0915452270508 -33.18280569839477
vertex -202.0474683227539 189.09543621826174 -32.598170440673826
vertex -202.38435186767578 189.09120953369143 -33.134576957702635
endloop
endfacet
facet normal 0.8816655375892803 -0.3336922369001779 -0.3336395822739875
outer loop
vertex -202.25086798095703 189.0928880004883 -36.43443934249878
vertex -202.2033521118164 189.09346783447268 -36.30945531654358
vertex -202.24374212646484 188.98577130126955 -36.30847517776489
endloop
endfacet
facet normal 0.8545327340873338 -0.3233651903720674 -0.4064588048361885
outer loop
vertex -202.30309881591796 189.09224713134768 -36.5580529384613
vertex -202.32870306396484 189.02385723876955 -36.55747417736053
vertex -202.3588239135742 189.0915452270508 -36.674650114059446
endloop
endfacet
facet normal 0.8426847303233491 -0.31894789172528 -0.43376801131925746
outer loop
vertex -202.3588239135742 189.0915452270508 -36.674650114059446
vertex -202.37557806396484 189.0472794799805 -36.674650114059446
vertex -202.35900701904296 189.0915452270508 -36.675005834579466
endloop
endfacet
facet normal -0.604175133269393 0.7968463515098723 -0.0028810456983583174
outer loop
vertex -197.32719244384765 202.96028912353518 -33.99932352828979
vertex -196.17695440673828 203.8290482788086 -34.92872778701782
vertex -197.32661260986328 202.96041119384768 -34.08715621757507
endloop
endfacet
facet normal 0.42725835928550404 0.9041180342442912 0.0045688701993158234
outer loop
vertex -198.48238958740234 203.50972760009768 -34.92872778701782
vertex -197.32697882080078 202.96004498291018 -34.20227710533142
vertex -197.32679571533203 202.9601975708008 -34.24959532546997
endloop
endfacet
facet normal 0.4318444562451268 0.9019375708241792 -0.00435705704914385
outer loop
vertex -197.32661260986328 202.96041119384768 -34.08715621757507
vertex -197.32662786865234 202.96022808837893 -34.12657253074646
vertex -198.48238958740234 203.50972760009768 -34.92872778701782
endloop
endfacet
facet normal 0.4309993740561811 0.9023489426566372 -0.002434183565169321
outer loop
vertex -198.48238958740234 203.50972760009768 -34.92872778701782
vertex -197.3272534790039 202.95935833740236 -34.420213382720945
vertex -197.32792486572265 202.959510925293 -34.48252574729919
endloop
endfacet
facet normal 0.43441260352669664 0.9006334571534568 -0.012044324512797336
outer loop
vertex -197.3272534790039 202.95935833740236 -34.420213382720945
vertex -198.48238958740234 203.50972760009768 -34.92872778701782
vertex -197.32621588134765 202.95957196044924 -34.366815488815305
endloop
endfacet
facet normal 0.4262209047403724 0.9044668433744356 0.01659727684236551
outer loop
vertex -198.48238958740234 203.50972760009768 -34.92872778701782
vertex -197.3275739135742 202.959999206543 -34.62720100212097
vertex -197.32673468017578 202.96108258056643 -34.7077910118103
endloop
endfacet
facet normal 0.4283139066597455 0.9036031312550369 0.006969831271945398
outer loop
vertex -197.32804693603515 202.95944989013674 -34.52532474327087
vertex -197.3276196899414 202.9597855834961 -34.59510103988647
vertex -198.48238958740234 203.50972760009768 -34.92872778701782
endloop
endfacet
facet normal 0.4283964077119428 0.9035666213798077 0.006624091468444787
outer loop
vertex -197.3275739135742 202.959999206543 -34.62720100212097
vertex -198.48238958740234 203.50972760009768 -34.92872778701782
vertex -197.3276196899414 202.9597855834961 -34.59510103988647
endloop
endfacet
facet normal 0.4310250989787547 0.9023364300145377 -0.002516171491381323
outer loop
vertex -197.32792486572265 202.959510925293 -34.48252574729919
vertex -197.32804693603515 202.95944989013674 -34.52532474327087
vertex -198.48238958740234 203.50972760009768 -34.92872778701782
endloop
endfacet
facet normal 0.8568947874466698 0.5154912904468055 -0.00022960882792112336
outer loop
vertex -189.02929510498046 189.30214703369143 -32.857641857147215
vertex -192.15775885009765 194.50252545166018 -32.92076842117309
vertex -189.00285162353515 189.2582169799805 -32.79788224029541
endloop
endfacet
facet normal -0.0 0.0 1.0
outer loop
vertex -201.05785955810546 190.20859539794924 -30.692814987182615
vertex -202.38435186767578 189.09120953369143 -30.692814987182615
vertex -201.03927435302734 189.91463482666018 -30.692814987182615
endloop
endfacet
facet normal 0.0 -0.0 1.0
outer loop
vertex -202.38435186767578 189.09120953369143 -30.692814987182615
vertex -201.1087476196289 191.02483380126955 -30.692814987182615
vertex -201.11311163330078 191.08872235107424 -30.692814987182615
endloop
endfacet
facet normal -0.998001629509457 -0.06309711833597294 -0.0033913351595796742
outer loop
vertex -201.05785955810546 190.20859539794924 -30.692814987182615
vertex -201.03927435302734 189.91463482666018 -30.692814987182615
vertex -201.00753607177734 189.39295208740236 -30.32664028930664
endloop
endfacet
facet normal -0.997997408803094 -0.06315902419916239 -0.0034798971996073645
outer loop
vertex -201.00753607177734 189.39295208740236 -30.32664028930664
vertex -201.03927435302734 189.91463482666018 -30.692814987182615
vertex -201.00460638427734 189.35779583740236 -30.528768699645994
endloop
endfacet
facet normal 0.8468845457902778 -0.3206521807688758 -0.4242272328242957
outer loop
vertex -202.30280889892578 189.09224713134768 -36.55747417736053
vertex -202.32870306396484 189.02385723876955 -36.55747417736053
vertex -202.30309881591796 189.09224713134768 -36.5580529384613
endloop
endfacet
facet normal -0.998157120115524 -0.06038966199511279 0.005954182294783088
outer loop
vertex -201.00460638427734 189.3416215209961 -30.692814987182615
vertex -201.00460638427734 189.35779583740236 -30.528768699645994
vertex -201.03927435302734 189.91463482666018 -30.692814987182615
endloop
endfacet
facet normal -0.9980973179474215 -0.06165804153972875 -0.0001726836665738508
outer loop
vertex -201.00753607177734 189.39295208740236 -30.32664028930664
vertex -201.01046575927734 189.43982708740236 -30.130370777130125
vertex -201.05785955810546 190.20859539794924 -30.692814987182615
endloop
endfacet
facet normal -0.6022460905572621 0.7982268977671334 0.011552752466502034
outer loop
vertex -196.17695440673828 203.8290482788086 -34.92872778701782
vertex -197.3257428588867 202.96086895751955 -34.82912103462219
vertex -197.32560552978515 202.96082318115236 -34.818799179077146
endloop
endfacet
facet normal 0.43436350783249394 0.9006588104301426 -0.011918483880556066
outer loop
vertex -197.32604803466796 202.9601975708008 -34.31342212486267
vertex -197.32621588134765 202.95957196044924 -34.366815488815305
vertex -198.48238958740234 203.50972760009768 -34.92872778701782
endloop
endfacet
facet normal -0.600702726773477 0.7994280273226035 0.008429897864149716
outer loop
vertex -197.3272534790039 202.95935833740236 -34.420213382720945
vertex -196.7693921508789 203.3808518676758 -34.63906781005859
vertex -197.32792486572265 202.959510925293 -34.48252574729919
endloop
endfacet
facet normal -0.602528236752092 0.7980970989702838 0.0008628624640658507
outer loop
vertex -197.32662786865234 202.96022808837893 -34.12657253074646
vertex -196.17695440673828 203.8290482788086 -34.92872778701782
vertex -197.32697882080078 202.96004498291018 -34.20227710533142
endloop
endfacet
facet normal 0.012714783266291035 -0.999919163875832 -5.900479020068548e-07
outer loop
vertex -202.08473028564453 189.0949631958008 -33.94307581710815
vertex -202.0559369506836 189.0953294067383 -34.079201858520506
vertex -202.0474683227539 189.09543621826174 -32.598170440673826
endloop
endfacet
facet normal -0.0 0.0 1.0
outer loop
vertex -192.82308782958984 189.38091290283205 -30.692814987182615
vertex -202.38435186767578 189.09120953369143 -30.692814987182615
vertex -189.00285162353515 189.2582169799805 -30.692814987182615
endloop
endfacet
facet normal 0.0013887174149864348 -0.9999989866723943 0.0003132381297670904
outer loop
vertex -202.08473028564453 189.0949631958008 -33.94307581710815
vertex -202.0474683227539 189.09543621826174 -32.598170440673826
vertex -202.08508123779296 189.0949631958008 -33.941519897460935
endloop
endfacet
facet normal 0.013082992332623009 -0.99991441399333 0.0
outer loop
vertex -202.0474683227539 189.09543621826174 -32.598170440673826
vertex -202.05563177490234 189.0953294067383 -34.08090678977966
vertex -202.0474683227539 189.09543621826174 -34.12266890335083
endloop
endfacet
facet normal 0.0003904397063596442 -0.9999999213363097 6.988712405822187e-05
outer loop
vertex -202.0474683227539 189.09543621826174 -32.598170440673826
vertex -202.0559369506836 189.0953294067383 -34.079201858520506
vertex -202.05563177490234 189.0953294067383 -34.08090678977966
endloop
endfacet
facet normal 0.012535231077015235 -0.9999214307601991 -1.6980039492026196e-05
outer loop
vertex -202.30280889892578 189.09224713134768 -33.29998127746582
vertex -202.0474683227539 189.09543621826174 -32.598170440673826
vertex -202.35864080810546 189.0915452270508 -33.18318144607544
endloop
endfacet
facet normal 0.434412584438634 0.9006334670840114 0.012044270404630167
outer loop
vertex -197.3272534790039 202.95935833740236 -35.437242191314695
vertex -197.32621588134765 202.95957196044924 -35.490640323638914
vertex -198.48238958740234 203.50972760009768 -34.92872778701782
endloop
endfacet
facet normal 0.4310251029558735 0.9023364280756506 0.0025161855167693
outer loop
vertex -198.48238958740234 203.50972760009768 -34.92872778701782
vertex -197.32804693603515 202.95944989013674 -35.33213083076477
vertex -197.32792486572265 202.959510925293 -35.37492958831787
endloop
endfacet
facet normal 0.4299184702588391 0.9026831414995447 -0.018255272740028135
outer loop
vertex -197.32862677001953 202.96022808837893 -34.92872778701782
vertex -198.48238958740234 203.50972760009768 -34.92872778701782
vertex -197.3257428588867 202.96086895751955 -34.82912103462219
endloop
endfacet
facet normal 0.4283139066597455 0.9036031312550369 -0.006969831271945398
outer loop
vertex -197.32804693603515 202.95944989013674 -35.33213083076477
vertex -198.48238958740234 203.50972760009768 -34.92872778701782
vertex -197.3276196899414 202.9597855834961 -35.26235453414917
endloop
endfacet
facet normal 0.42839639597138557 0.9035666265853866 -0.0066241406863469824
outer loop
vertex -197.3275739135742 202.959999206543 -35.23025481033325
vertex -197.3276196899414 202.9597855834961 -35.26235453414917
vertex -198.48238958740234 203.50972760009768 -34.92872778701782
endloop
endfacet
facet normal 0.4262534982177018 0.9044551238764471 -0.016397687361706607
outer loop
vertex -197.32624639892578 202.96123516845705 -35.128555458068845
vertex -197.32673468017578 202.96108258056643 -35.14966456222534
vertex -198.48238958740234 203.50972760009768 -34.92872778701782
endloop
endfacet
facet normal 0.4262209127536173 0.9044668404984803 -0.016597227785686727
outer loop
vertex -197.3275739135742 202.959999206543 -35.23025481033325
vertex -198.48238958740234 203.50972760009768 -34.92872778701782
vertex -197.32673468017578 202.96108258056643 -35.14966456222534
endloop
endfacet
facet normal 0.8389235038987767 -0.31760574204195874 -0.4419660023442711
outer loop
vertex -202.37557806396484 189.0472794799805 -36.674650114059446
vertex -202.38435186767578 189.09120953369143 -36.722873251914976
vertex -202.35900701904296 189.0915452270508 -36.675005834579466
endloop
endfacet
facet normal 0.8388076106956353 -0.3177536410387838 -0.44207964875763683
outer loop
vertex -202.37557806396484 189.0472794799805 -36.674650114059446
vertex -202.42536749267578 189.0707169799805 -36.7859673910141
vertex -202.38435186767578 189.09120953369143 -36.722873251914976
endloop
endfacet
facet normal -0.0 -0.0 1.0
outer loop
vertex -190.6322308959961 189.39144146728518 -30.692814987182615
vertex -189.00285162353515 189.2582169799805 -30.692814987182615
vertex -190.66918768310546 189.96443951416018 -30.692814987182615
endloop
endfacet
facet normal 0.8703754079721381 -0.32954642287566227 -0.3658494285456641
outer loop
vertex -202.32870306396484 189.02385723876955 -36.55747417736053
vertex -202.30280889892578 189.09224713134768 -36.55747417736053
vertex -202.28475775146484 189.0033341674805 -36.43443934249878
endloop
endfacet
facet normal 0.8545007506240273 -0.32342013932615715 -0.4064823251523037
outer loop
vertex -202.37557806396484 189.0472794799805 -36.674650114059446
vertex -202.3588239135742 189.0915452270508 -36.674650114059446
vertex -202.32870306396484 189.02385723876955 -36.55747417736053
endloop
endfacet
facet normal 0.0 0.0 1.0
outer loop
vertex -190.6322308959961 189.39144146728518 -30.692814987182615
vertex -192.82308782958984 189.38091290283205 -30.692814987182615
vertex -189.00285162353515 189.2582169799805 -30.692814987182615
endloop
endfacet
facet normal 0.0 0.0 1.0
outer loop
vertex -192.82308782958984 189.38091290283205 -30.692814987182615
vertex -201.00460638427734 189.3416215209961 -30.692814987182615
vertex -202.38435186767578 189.09120953369143 -30.692814987182615
endloop
endfacet
facet normal 0.8816897058261911 -0.33365698358152507 -0.3336109709637894
outer loop
vertex -202.28475775146484 189.0033341674805 -36.43443934249878
vertex -202.25086798095703 189.0928880004883 -36.43443934249878
vertex -202.24374212646484 188.98577130126955 -36.30847517776489
endloop
endfacet
facet normal 0.8704638503075424 -0.3294087939228236 -0.36576294480726096
outer loop
vertex -202.25086798095703 189.0928880004883 -36.43443934249878
vertex -202.28475775146484 189.0033341674805 -36.43443934249878
vertex -202.30280889892578 189.09224713134768 -36.55747417736053
endloop
endfacet
facet normal 0.004779496981324949 -0.9951618510935026 0.09813280051419515
outer loop
vertex -192.82308782958984 189.38091290283205 -30.692814987182615
vertex -190.63453497314453 189.40760052490236 -30.528768699645994
vertex -201.00460638427734 189.35779583740236 -30.528768699645994
endloop
endfacet
facet normal 0.004779227340805683 -0.9951631970883705 0.09811916299519673
outer loop
vertex -201.00460638427734 189.35779583740236 -30.528768699645994
vertex -201.00460638427734 189.3416215209961 -30.692814987182615
vertex -192.82308782958984 189.38091290283205 -30.692814987182615
endloop
endfacet
facet normal 0.9201286835196753 -0.34837703489489846 -0.17887606693514924
outer loop
vertex -202.0474683227539 189.0476762084961 -35.641887825012205
vertex -202.1207105102539 188.92424786376955 -35.778253953933714
vertex -202.0474683227539 189.09543621826174 -35.73490468788147
endloop
endfacet
facet normal 0.9201270070395675 -0.3483713115307674 -0.17889583622527586
outer loop
vertex -202.0559369506836 189.0953294067383 -35.778253953933714
vertex -202.0474683227539 189.09543621826174 -35.73490468788147
vertex -202.1207105102539 188.92424786376955 -35.778253953933714
endloop
endfacet
facet normal 0.0047315869747196065 -0.9851862802236875 0.17142230118544896
outer loop
vertex -190.63453497314453 189.40760052490236 -30.528768699645994
vertex -201.00753607177734 189.39295208740236 -30.32664028930664
vertex -201.00460638427734 189.35779583740236 -30.528768699645994
endloop
endfacet
facet normal -0.9977819465402356 -0.06634441446251804 -0.005441123781393373
outer loop
vertex -201.07685675048828 190.51409161376955 -30.692814987182615
vertex -201.07259954833984 190.4500657348633 -30.692814987182615
vertex -201.01925482177734 189.57163250732424 -29.76419560241699
endloop
endfacet
facet normal -0.9977772649905472 -0.0664096759430128 -0.0055031272134534555
outer loop
vertex -201.01339544677734 189.4984055786133 -29.942889373779295
vertex -201.01925482177734 189.57163250732424 -29.76419560241699
vertex -201.07259954833984 190.4500657348633 -30.692814987182615
endloop
endfacet
facet normal 0.9106436717617294 -0.34459103721249684 -0.2280024564629315
outer loop
vertex -202.0854779663086 189.09494793701174 -35.91745523738861
vertex -202.1441480102539 188.93889630126955 -35.915935557365415
vertex -202.11898626708984 189.0945512084961 -36.050688069343565
endloop
endfacet
facet normal -0.9982163326372604 -0.05961731216382906 0.003151086571165241
outer loop
vertex -201.07259954833984 190.4500657348633 -30.692814987182615
vertex -201.0671216430664 190.3583451538086 -30.692814987182615
vertex -201.01339544677734 189.4984055786133 -29.942889373779295
endloop
endfacet
facet normal 0.896591235851148 -0.3395356536370538 -0.28432322399721377
outer loop
vertex -202.11938299560546 189.094520690918 -36.05205861854553
vertex -202.1734448852539 188.95061505126955 -36.050688069343565
vertex -202.1609479370117 189.09400189208986 -36.182510893821714
endloop
endfacet
facet normal -0.9979713210511543 -0.06360973929443359 -0.0026539454229942377
outer loop
vertex -201.01925482177734 189.57163250732424 -29.76419560241699
vertex -201.02511419677734 189.65659344482424 -29.59721962738037
vertex -201.07685675048828 190.51409161376955 -30.692814987182615
endloop
endfacet
facet normal 0.886386194475927 -0.3355927357693238 -0.31889971768777886
outer loop
vertex -202.20858587646484 188.9681779174805 -36.182510893821714
vertex -202.1613599243164 189.09400189208986 -36.18365601825714
vertex -202.1609479370117 189.09400189208986 -36.182510893821714
endloop
endfacet
facet normal 0.8932302299695069 -0.3379578556927914 -0.2965202253542789
outer loop
vertex -202.20858587646484 188.9681779174805 -36.182510893821714
vertex -202.2029859008789 189.0934983520508 -36.30847517776489
vertex -202.1613599243164 189.09400189208986 -36.18365601825714
endloop
endfacet
facet normal 0.8932434046773874 -0.3379395373786546 -0.29650141496567883
outer loop
vertex -202.20858587646484 188.9681779174805 -36.182510893821714
vertex -202.24374212646484 188.98577130126955 -36.30847517776489
vertex -202.2029859008789 189.0934983520508 -36.30847517776489
endloop
endfacet
facet normal -0.6034809137584297 0.7973353225575474 0.008195738608737872
outer loop
vertex -197.32673468017578 202.96108258056643 -35.14966456222534
vertex -197.32624639892578 202.96123516845705 -35.128555458068845
vertex -196.17695440673828 203.8290482788086 -34.92872778701782
endloop
endfacet
facet normal -0.6019456307349533 0.7985245839471385 -0.004466147237644996
outer loop
vertex -197.32673468017578 202.96108258056643 -35.14966456222534
vertex -196.17695440673828 203.8290482788086 -34.92872778701782
vertex -197.3275739135742 202.959999206543 -35.23025481033325
endloop
endfacet
facet normal 0.9106694941215538 -0.34455416352378093 -0.22795504134548272
outer loop
vertex -202.11898626708984 189.0945512084961 -36.050688069343565
vertex -202.1441480102539 188.93889630126955 -35.915935557365415
vertex -202.1734448852539 188.95061505126955 -36.050688069343565
endloop
endfacet
facet normal 0.004111253642059648 -0.8560033023400793 0.5169540056681728
outer loop
vertex -190.65211309814453 189.7064133911133 -29.59721962738037
vertex -190.65797247314453 189.80014813232424 -29.44196144866943
vertex -201.02511419677734 189.65659344482424 -29.59721962738037
endloop
endfacet
facet normal 0.904566170004738 -0.34224495502458496 -0.2542212320857158
outer loop
vertex -202.11898626708984 189.0945512084961 -36.050688069343565
vertex -202.1734448852539 188.95061505126955 -36.050688069343565
vertex -202.11938299560546 189.094520690918 -36.05205861854553
endloop
endfacet
facet normal 0.9263374773466787 -0.35059897101803794 -0.13776516099538494
outer loop
vertex -202.0474683227539 189.04705059814455 -35.64057199287414
vertex -202.0474683227539 188.99179852294924 -35.49996082115173
vertex -202.0972730102539 188.91545880126955 -35.64057199287414
endloop
endfacet
facet normal -0.9980926956399118 -0.06173245019904488 -0.00027477750450206114
outer loop
vertex -201.0671216430664 190.3583451538086 -30.692814987182615
vertex -201.05785955810546 190.20859539794924 -30.692814987182615
vertex -201.01046575927734 189.43982708740236 -30.130370777130125
endloop
endfacet
facet normal 0.8859382345764452 -0.33517578251468627 -0.32057860086293843
outer loop
vertex -202.2029859008789 189.0934983520508 -36.30847517776489
vertex -202.24374212646484 188.98577130126955 -36.30847517776489
vertex -202.2033521118164 189.09346783447268 -36.30945531654358
endloop
endfacet
facet normal -0.9982116366713127 -0.05970088700351764 0.003054914887950183
outer loop
vertex -201.01046575927734 189.43982708740236 -30.130370777130125
vertex -201.01339544677734 189.4984055786133 -29.942889373779295
vertex -201.0671216430664 190.3583451538086 -30.692814987182615
endloop
endfacet
facet normal 0.9201279322492334 -0.3483811289494829 -0.17887195779840406
outer loop
vertex -202.0474683227539 189.0476762084961 -35.641887825012205
vertex -202.0972730102539 188.91545880126955 -35.64057199287414
vertex -202.1207105102539 188.92424786376955 -35.778253953933714
endloop
endfacet
facet normal 0.9222851453150018 -0.3490652498038226 -0.1659625322495435
outer loop
vertex -202.0474683227539 189.0476762084961 -35.641887825012205
vertex -202.0474683227539 189.04705059814455 -35.64057199287414
vertex -202.0972730102539 188.91545880126955 -35.64057199287414
endloop
endfacet
facet normal 0.9153182885205148 -0.34655067202725515 -0.20517081278128657
outer loop
vertex -202.05631842041015 189.0953294067383 -35.77995578575134
vertex -202.0559369506836 189.0953294067383 -35.778253953933714
vertex -202.1207105102539 188.92424786376955 -35.778253953933714
endloop
endfacet
facet normal 0.9176440010037221 -0.34730151817416977 -0.19316092486783643
outer loop
vertex -202.1441480102539 188.93889630126955 -35.915935557365415
vertex -202.08508123779296 189.0949631958008 -35.915935557365415
vertex -202.1207105102539 188.92424786376955 -35.778253953933714
endloop
endfacet
facet normal 0.9176412515299918 -0.34730558351885377 -0.19316667711357205
outer loop
vertex -202.05631842041015 189.0953294067383 -35.77995578575134
vertex -202.1207105102539 188.92424786376955 -35.778253953933714
vertex -202.08508123779296 189.0949631958008 -35.915935557365415
endloop
endfacet
facet normal 0.9093076978859106 -0.34414647032815404 -0.23392887279277585
outer loop
vertex -202.08508123779296 189.0949631958008 -35.915935557365415
vertex -202.1441480102539 188.93889630126955 -35.915935557365415
vertex -202.0854779663086 189.09494793701174 -35.91745523738861
endloop
endfacet
facet normal 0.8966373101537118 -0.3394738882245802 -0.2842516723855841
outer loop
vertex -202.20858587646484 188.9681779174805 -36.182510893821714
vertex -202.1609479370117 189.09400189208986 -36.182510893821714
vertex -202.1734448852539 188.95061505126955 -36.050688069343565
endloop
endfacet
facet normal 0.43099937071167765 0.9023489442793433 0.0024341742115615538
outer loop
vertex -197.3272534790039 202.95935833740236 -35.437242191314695
vertex -198.48238958740234 203.50972760009768 -34.92872778701782
vertex -197.32792486572265 202.959510925293 -35.37492958831787
endloop
endfacet
facet normal 0.4270493544564144 0.9042144786414529 -0.005002546703978259
outer loop
vertex -197.32679571533203 202.9601975708008 -35.60786024856567
vertex -198.48238958740234 203.50972760009768 -34.92872778701782
vertex -197.32604803466796 202.9601975708008 -35.54403344917297
endloop
endfacet
facet normal 0.9290857167077402 -0.352685827987083 -0.11141112039078632
outer loop
vertex -202.05627264404296 188.8949662475586 -35.215809028625486
vertex -202.0474683227539 188.91823590087893 -35.216050546646116
vertex -202.0474683227539 188.9181596069336 -35.215809028625486
endloop
endfacet
facet normal 0.932656140405439 -0.35362190080879013 -0.07144280952208025
outer loop
vertex -202.05627264404296 188.8949662475586 -35.215809028625486
vertex -202.0650464477539 188.9008256225586 -35.35934964942932
vertex -202.0474683227539 188.91823590087893 -35.216050546646116
endloop
endfacet
facet normal 0.9328306573721639 -0.353145224217132 -0.07152213139475418
outer loop
vertex -202.0474683227539 188.9472581176758 -35.35934964942932
vertex -202.0474683227539 188.91823590087893 -35.216050546646116
vertex -202.0650464477539 188.9008256225586 -35.35934964942932
endloop
endfacet
facet normal 0.9294029335940115 -0.3518370668131479 -0.11144893648288481
outer loop
vertex -202.0796948852539 188.90666973876955 -35.49996082115173
vertex -202.0474683227539 188.99179852294924 -35.49996082115173
vertex -202.0474683227539 188.9472581176758 -35.35934964942932
endloop
endfacet
facet normal 0.9293998107250869 -0.35184639564748604 -0.11144552792304153
outer loop
vertex -202.0796948852539 188.90666973876955 -35.49996082115173
vertex -202.0474683227539 188.9472581176758 -35.35934964942932
vertex -202.0650464477539 188.9008256225586 -35.35934964942932
endloop
endfacet
facet normal 0.9263176410665998 -0.3506690908644307 -0.137720065934938
outer loop
vertex -202.0796948852539 188.90666973876955 -35.49996082115173
vertex -202.0972730102539 188.91545880126955 -35.64057199287414
vertex -202.0474683227539 188.99179852294924 -35.49996082115173
endloop
endfacet
facet normal 0.9336131817882484 -0.3553991007596291 -0.04536414851476916
outer loop
vertex -202.05041326904296 188.8920365600586 -35.07226840782165
vertex -202.05627264404296 188.8949662475586 -35.215809028625486
vertex -202.0474683227539 188.8997727661133 -35.07226840782165
endloop
endfacet
facet normal 0.004280256513321037 -0.8911913565201248 0.4536073692831719
outer loop
vertex -201.02511419677734 189.65659344482424 -29.59721962738037
vertex -201.01925482177734 189.57163250732424 -29.76419560241699
vertex -190.65211309814453 189.7064133911133 -29.59721962738037
endloop
endfacet
facet normal 0.003516983153896242 -0.7327191948925635 0.6805220145340551
outer loop
vertex -201.04269232177734 189.9700394897461 -29.178315322875974
vertex -201.03683294677734 189.85579693603518 -29.301350753784178
vertex -190.66383184814453 189.9055863647461 -29.301350753784178
endloop
endfacet
facet normal -0.6006916768290884 0.7994363316853177 -0.008429766887676354
outer loop
vertex -197.32792486572265 202.959510925293 -35.37492958831787
vertex -196.17695440673828 203.8290482788086 -34.92872778701782
vertex -197.3272534790039 202.95935833740236 -35.437242191314695
endloop
endfacet
facet normal 0.004705153790601228 -0.9252556953390834 0.37931485572067436
outer loop
vertex -190.64332403564453 189.5511399536133 -29.942889373779295
vertex -201.01925482177734 189.57163250732424 -29.76419560241699
vertex -201.01339544677734 189.4984055786133 -29.942889373779295
endloop
endfacet
facet normal -0.997964482871255 -0.0637134847903047 -0.0027354676719134404
outer loop
vertex -201.0798932495117 190.56165325927736 -30.692814987182615
vertex -201.07685675048828 190.51409161376955 -30.692814987182615
vertex -201.02511419677734 189.65659344482424 -29.59721962738037
endloop
endfacet
facet normal -0.9981225869143928 -0.06124400998394888 -0.0006875553841518307
outer loop
vertex -201.0798932495117 190.56165325927736 -30.692814987182615
vertex -201.02511419677734 189.65659344482424 -29.59721962738037
vertex -201.03097357177734 189.75034344482424 -29.44196144866943
endloop
endfacet
facet normal -0.9983221692067499 -0.05788091863091662 0.0016265696329032817
outer loop
vertex -201.0839673461914 190.62966168212893 -30.692814987182615
vertex -201.0821820678711 190.5988694458008 -30.692814987182615
vertex -201.03683294677734 189.85579693603518 -29.301350753784178
endloop
endfacet
facet normal -0.998491255238337 -0.054809246713849 0.0033406118048015412
outer loop
vertex -201.04269232177734 189.9700394897461 -29.178315322875974
vertex -201.0839673461914 190.62966168212893 -30.692814987182615
vertex -201.03683294677734 189.85579693603518 -29.301350753784178
endloop
endfacet
facet normal 0.004278787598109804 -0.8911584568422288 0.45367201453833095
outer loop
vertex -190.64625372314453 189.62143719482424 -29.76419560241699
vertex -190.65211309814453 189.7064133911133 -29.59721962738037
vertex -201.01925482177734 189.57163250732424 -29.76419560241699
endloop
endfacet
facet normal 0.9201601740804545 -0.34824163219863064 0.17897770710303987
outer loop
vertex -202.05563177490234 189.0953294067383 -34.08090678977966
vertex -202.1207105102539 188.92424786376955 -34.079201858520506
vertex -202.0474683227539 189.09543621826174 -34.12266890335083
endloop
endfacet
facet normal 0.9263374773466787 -0.35059897101803794 0.13776516099538494
outer loop
vertex -202.0474683227539 189.04705059814455 -34.2168835811615
vertex -202.0972730102539 188.91545880126955 -34.2168835811615
vertex -202.0474683227539 188.99179852294924 -34.35749475288391
endloop
endfacet
facet normal 0.9263176410665998 -0.3506690908644307 0.137720065934938
outer loop
vertex -202.0796948852539 188.90666973876955 -34.35749475288391
vertex -202.0474683227539 188.99179852294924 -34.35749475288391
vertex -202.0972730102539 188.91545880126955 -34.2168835811615
endloop
endfacet
facet normal 0.9293998302976205 -0.351846403057134 0.11144534130465467
outer loop
vertex -202.0650464477539 188.9008256225586 -34.4981061630249
vertex -202.0474683227539 188.9472581176758 -34.4981061630249
vertex -202.0796948852539 188.90666973876955 -34.35749475288391
endloop
endfacet
facet normal 0.9201699002037161 -0.3482749715756736 0.17886279359622817
outer loop
vertex -202.0474683227539 189.09543621826174 -34.12266890335083
vertex -202.1207105102539 188.92424786376955 -34.079201858520506
vertex -202.0474683227539 189.04705059814455 -34.2168835811615
endloop
endfacet
facet normal 0.9344697244978241 -0.3555260437451871 0.01917201647861089
outer loop
vertex -202.0474683227539 188.8920365600586 -34.92872778701782
vertex -202.0474683227539 188.8997727661133 -34.785267513275144
vertex -202.05041326904296 188.8920365600586 -34.78518716621399
endloop
endfacet
facet normal 0.9344035604769922 -0.35569997469834225 -0.0191706590267166
outer loop
vertex -202.0474683227539 188.8920365600586 -34.92872778701782
vertex -202.05041326904296 188.8920365600586 -35.07226840782165
vertex -202.0474683227539 188.8997727661133 -35.07226840782165
endloop
endfacet
facet normal 0.9339415032450673 -0.3545291101134236 -0.04541341870557447
outer loop
vertex -202.0474683227539 188.9181596069336 -35.215809028625486
vertex -202.0474683227539 188.8997727661133 -35.07226840782165
vertex -202.05627264404296 188.8949662475586 -35.215809028625486
endloop
endfacet
facet normal 0.004730306243678597 -0.9851978664166449 0.1713557358565264
outer loop
vertex -190.63453497314453 189.40760052490236 -30.528768699645994
vertex -190.63453497314453 189.44275677490236 -30.32664028930664
vertex -201.00753607177734 189.39295208740236 -30.32664028930664
endloop
endfacet
facet normal 0.0048314549227246205 -0.9500924694437638 0.31193101248446026
outer loop
vertex -190.63746466064453 189.4896165161133 -30.130370777130125
vertex -190.64332403564453 189.5511399536133 -29.942889373779295
vertex -201.01339544677734 189.4984055786133 -29.942889373779295
endloop
endfacet
facet normal 0.004581333849770685 -0.9544632723700156 0.2982932668983299
outer loop
vertex -201.01339544677734 189.4984055786133 -29.942889373779295
vertex -201.01046575927734 189.43982708740236 -30.130370777130125
vertex -190.63746466064453 189.4896165161133 -30.130370777130125
endloop
endfacet
facet normal 0.004467905857319541 -0.9305467957521786 0.366145734281588
outer loop
vertex -190.64332403564453 189.5511399536133 -29.942889373779295
vertex -190.64625372314453 189.62143719482424 -29.76419560241699
vertex -201.01925482177734 189.57163250732424 -29.76419560241699
endloop
endfacet
facet normal 0.9294029531678082 -0.35183707422305266 0.1114487498589338
outer loop
vertex -202.0474683227539 188.99179852294924 -34.35749475288391
vertex -202.0796948852539 188.90666973876955 -34.35749475288391
vertex -202.0474683227539 188.9472581176758 -34.4981061630249
endloop
endfacet
facet normal 0.9328032782196236 -0.35320603500896836 0.07157891432514861
outer loop
vertex -202.0650464477539 188.9008256225586 -34.4981061630249
vertex -202.0474683227539 188.9181596069336 -34.641646545410154
vertex -202.0474683227539 188.94715130615236 -34.49858705329895
endloop
endfacet
facet normal 0.9325166599176363 -0.35398823208715535 0.07144935632925885
outer loop
vertex -202.0650464477539 188.9008256225586 -34.4981061630249
vertex -202.05627264404296 188.8949662475586 -34.641646545410154
vertex -202.0474683227539 188.9181596069336 -34.641646545410154
endloop
endfacet
facet normal -0.6021994829799395 0.7982509032015651 -0.012299521802857339
outer loop
vertex -197.32862677001953 202.96022808837893 -34.92872778701782
vertex -196.17695440673828 203.8290482788086 -34.92872778701782
vertex -197.3257428588867 202.96086895751955 -35.02833453941345
endloop
endfacet
facet normal 0.8704639631393674 -0.3294088366216621 0.36576263782850943
outer loop
vertex -202.25086798095703 189.0928880004883 -33.42301623153686
vertex -202.30280889892578 189.09224713134768 -33.29998127746582
vertex -202.28475775146484 189.0033341674805 -33.42301623153686
endloop
endfacet
facet normal 0.004782450941509425 -0.9951656611332221 0.09809401135782346
outer loop
vertex -192.82308782958984 189.38091290283205 -30.692814987182615
vertex -190.6322308959961 189.39144146728518 -30.692814987182615
vertex -190.63453497314453 189.40760052490236 -30.528768699645994
endloop
endfacet
facet normal 0.8931310719683943 -0.3382282010154653 0.2965106613975772
outer loop
vertex -202.24374212646484 188.98577130126955 -33.54898039627075
vertex -202.20858587646484 188.9681779174805 -33.67494456100464
vertex -202.2026196899414 189.0934983520508 -33.549963157653806
endloop
endfacet
facet normal 0.8931775022954471 -0.3381639779488705 0.2964440476903901
outer loop
vertex -202.1609479370117 189.09400189208986 -33.67494456100464
vertex -202.2026196899414 189.0934983520508 -33.549963157653806
vertex -202.20858587646484 188.9681779174805 -33.67494456100464
endloop
endfacet
facet normal 0.8831974997950374 -0.33413888412925563 0.32910998536758307
outer loop
vertex -202.2029859008789 189.0934983520508 -33.54898039627075
vertex -202.24374212646484 188.98577130126955 -33.54898039627075
vertex -202.2026196899414 189.0934983520508 -33.549963157653806
endloop
endfacet
facet normal 0.9048196610237836 -0.34257179016689937 0.2528753637795727
outer loop
vertex -202.1609479370117 189.09400189208986 -33.67494456100464
vertex -202.20858587646484 188.9681779174805 -33.67494456100464
vertex -202.16061224365234 189.09400189208986 -33.67614571380615
endloop
endfacet
facet normal 0.896746002806733 -0.3391940566200606 0.2842428511040758
outer loop
vertex -202.20858587646484 188.9681779174805 -33.67494456100464
vertex -202.1734448852539 188.95061505126955 -33.806767623901365
vertex -202.16061224365234 189.09400189208986 -33.67614571380615
endloop
endfacet
facet normal 0.8966922048284097 -0.3392658198910839 0.2843269126438716
outer loop
vertex -202.11898626708984 189.0945512084961 -33.806767623901365
vertex -202.16061224365234 189.09400189208986 -33.67614571380615
vertex -202.1734448852539 188.95061505126955 -33.806767623901365
endloop
endfacet
facet normal 0.8703755208458576 -0.3295464656125436 0.3658491215167567
outer loop
vertex -202.32870306396484 189.02385723876955 -33.29998127746582
vertex -202.28475775146484 189.0033341674805 -33.42301623153686
vertex -202.30280889892578 189.09224713134768 -33.29998127746582
endloop
endfacet
facet normal 0.8829198216480026 -0.33412249512356684 0.3298708031843092
outer loop
vertex -202.25056280517578 189.0928880004883 -33.423833053588865
vertex -202.25086798095703 189.0928880004883 -33.42301623153686
vertex -202.28475775146484 189.0033341674805 -33.42301623153686
endloop
endfacet
facet normal 0.004668477988231358 -0.9726186573060429 0.23235996379209523
outer loop
vertex -190.63746466064453 189.4896165161133 -30.130370777130125
vertex -201.01046575927734 189.43982708740236 -30.130370777130125
vertex -201.00753607177734 189.39295208740236 -30.32664028930664
endloop
endfacet
facet normal 0.9323473257977577 -0.35296224755800754 0.07839716752899721
outer loop
vertex -202.0474683227539 188.9472581176758 -34.4981061630249
vertex -202.0650464477539 188.9008256225586 -34.4981061630249
vertex -202.0474683227539 188.94715130615236 -34.49858705329895
endloop
endfacet
facet normal 0.9336131817882484 -0.3553991007596291 0.04536414851476916
outer loop
vertex -202.0474683227539 188.8997727661133 -34.78518716621399
vertex -202.05627264404296 188.8949662475586 -34.641646545410154
vertex -202.05041326904296 188.8920365600586 -34.78518716621399
endloop
endfacet
facet normal 0.9339415032450673 -0.3545291101134236 0.04541341870557447
outer loop
vertex -202.0474683227539 188.8997727661133 -34.78518716621399
vertex -202.0474683227539 188.9181596069336 -34.641646545410154
vertex -202.05627264404296 188.8949662475586 -34.641646545410154
endloop
endfacet
facet normal 0.9345753110923583 -0.35576535511010876 0.0
outer loop
vertex -202.0474683227539 188.8997727661133 -34.78518716621399
vertex -202.05041326904296 188.8920365600586 -34.78518716621399
vertex -202.0474683227539 188.8997727661133 -34.785267513275144
endloop
endfacet
facet normal 0.9201716884306872 -0.34826535146541776 0.17887232535886402
outer loop
vertex -202.0972730102539 188.91545880126955 -34.2168835811615
vertex -202.0474683227539 189.04705059814455 -34.2168835811615
vertex -202.1207105102539 188.92424786376955 -34.079201858520506
endloop
endfacet
facet normal -0.6022460905572621 0.7982268977671334 -0.011552752466502034
outer loop
vertex -197.3257428588867 202.96086895751955 -35.02833453941345
vertex -196.17695440673828 203.8290482788086 -34.92872778701782
vertex -197.32560552978515 202.96082318115236 -35.038656394958494
endloop
endfacet
facet normal 0.42877861518461313 0.9034089468645429 0.0010834599499440145
outer loop
vertex -197.32624639892578 202.96123516845705 -35.128555458068845
vertex -198.48238958740234 203.50972760009768 -34.92872778701782
vertex -197.32560552978515 202.96082318115236 -35.038656394958494
endloop
endfacet
facet normal 0.9106303458041463 -0.34464705402892554 0.22797101010831158
outer loop
vertex -202.08508123779296 189.0949631958008 -33.941519897460935
vertex -202.11862005615234 189.0945512084961 -33.80817190933227
vertex -202.1441480102539 188.93889630126955 -33.941519897460935
endloop
endfacet
facet normal 0.9106385820761231 -0.34463536197624095 0.2279557854275542
outer loop
vertex -202.1734448852539 188.95061505126955 -33.806767623901365
vertex -202.1441480102539 188.93889630126955 -33.941519897460935
vertex -202.11862005615234 189.0945512084961 -33.80817190933227
endloop
endfacet
facet normal 0.9086564326913508 -0.3437925165138801 0.23696031928928943
outer loop
vertex -202.11898626708984 189.0945512084961 -33.806767623901365
vertex -202.1734448852539 188.95061505126955 -33.806767623901365
vertex -202.11862005615234 189.0945512084961 -33.80817190933227
endloop
endfacet
facet normal 0.8817025290700646 -0.33362357832149964 0.3336104887730751
outer loop
vertex -202.28475775146484 189.0033341674805 -33.42301623153686
vertex -202.24374212646484 188.98577130126955 -33.54898039627075
vertex -202.25056280517578 189.0928880004883 -33.423833053588865
endloop
endfacet
facet normal 0.8817299798213916 -0.33358367933469363 0.333577834344095
outer loop
vertex -202.2029859008789 189.0934983520508 -33.54898039627075
vertex -202.25056280517578 189.0928880004883 -33.423833053588865
vertex -202.24374212646484 188.98577130126955 -33.54898039627075
endloop
endfacet
facet normal 0.003839587101156445 -0.799929668802224 0.6000814799182332
outer loop
vertex -190.66383184814453 189.9055863647461 -29.301350753784178
vertex -201.03683294677734 189.85579693603518 -29.301350753784178
vertex -201.03097357177734 189.75034344482424 -29.44196144866943
endloop
endfacet
facet normal 0.8389917425251344 -0.3175501321243011 0.44187641888029905
outer loop
vertex -202.3588239135742 189.0915452270508 -33.18280569839477
vertex -202.38435186767578 189.09120953369143 -33.134576957702635
vertex -202.37557806396484 189.0472794799805 -33.18280569839477
endloop
endfacet
facet normal 0.8510328547686307 -0.322107574814187 0.41471651805984033
outer loop
vertex -202.3588239135742 189.0915452270508 -33.18280569839477
vertex -202.37557806396484 189.0472794799805 -33.18280569839477
vertex -202.35864080810546 189.0915452270508 -33.18318144607544
endloop
endfacet
facet normal 0.854471241318419 -0.32349305475406304 0.40648633591505257
outer loop
vertex -202.37557806396484 189.0472794799805 -33.18280569839477
vertex -202.32870306396484 189.02385723876955 -33.29998127746582
vertex -202.35864080810546 189.0915452270508 -33.18318144607544
endloop
endfacet
facet normal 0.8544561251243837 -0.3235189746399106 0.4064974825080278
outer loop
vertex -202.30280889892578 189.09224713134768 -33.29998127746582
vertex -202.35864080810546 189.0915452270508 -33.18318144607544
vertex -202.32870306396484 189.02385723876955 -33.29998127746582
endloop
endfacet
facet normal 0.9175976163061512 -0.3474216164672526 0.1931653047535982
outer loop
vertex -202.1441480102539 188.93889630126955 -33.941519897460935
vertex -202.1207105102539 188.92424786376955 -34.079201858520506
vertex -202.08473028564453 189.0949631958008 -33.94307581710815
endloop
endfacet
facet normal 0.9176019249483718 -0.3474152846419763 0.19315622518618816
outer loop
vertex -202.0559369506836 189.0953294067383 -34.079201858520506
vertex -202.08473028564453 189.0949631958008 -33.94307581710815
vertex -202.1207105102539 188.92424786376955 -34.079201858520506
endloop
endfacet
facet normal 0.9151167913035257 -0.34634504293468404 0.20641310401452495
outer loop
vertex -202.08508123779296 189.0949631958008 -33.941519897460935
vertex -202.1441480102539 188.93889630126955 -33.941519897460935
vertex -202.08473028564453 189.0949631958008 -33.94307581710815
endloop
endfacet
facet normal 0.9223794215538775 -0.3492241031480744 0.1651021758619722
outer loop
vertex -202.0559369506836 189.0953294067383 -34.079201858520506
vertex -202.1207105102539 188.92424786376955 -34.079201858520506
vertex -202.05563177490234 189.0953294067383 -34.08090678977966
endloop
endfacet
facet normal 0.998338377022619 0.057281710157035516 -0.006268225054084977
outer loop
vertex -190.7061597290039 190.56389630126955 -30.692814987182615
vertex -190.64625372314453 189.62143719482424 -29.76419560241699
vertex -190.70252813720703 190.5006028442383 -30.692814987182615
endloop
endfacet
facet normal 0.9975831110998373 0.06895538657342289 0.008549333943606791
outer loop
vertex -190.63746466064453 189.4896165161133 -30.130370777130125
vertex -190.69613470458984 190.40813458251955 -30.692814987182615
vertex -190.64332403564453 189.5511399536133 -29.942889373779295
endloop
endfacet
facet normal 0.9980365701302737 0.06263313996305656 -0.0003073450296590174
outer loop
vertex -190.7116071166992 190.64865887451174 -30.692814987182615
vertex -190.65797247314453 189.80014813232424 -29.44196144866943
vertex -190.70927252197265 190.61145794677736 -30.692814987182615
endloop
endfacet
facet normal 0.9983344829725259 0.057357344324986875 -0.006196382812940071
outer loop
vertex -190.64332403564453 189.5511399536133 -29.942889373779295
vertex -190.70252813720703 190.5006028442383 -30.692814987182615
vertex -190.64625372314453 189.62143719482424 -29.76419560241699
endloop
endfacet
facet normal 0.9978689695553402 0.06522420226014317 0.0018229202097255327
outer loop
vertex -190.64625372314453 189.62143719482424 -29.76419560241699
vertex -190.7061597290039 190.56389630126955 -30.692814987182615
vertex -190.65211309814453 189.7064133911133 -29.59721962738037
endloop
endfacet
facet normal 0.9978633856583538 0.06530770955223104 0.0018885538088592058
outer loop
vertex -190.70927252197265 190.61145794677736 -30.692814987182615
vertex -190.65211309814453 189.7064133911133 -29.59721962738037
vertex -190.7061597290039 190.56389630126955 -30.692814987182615
endloop
endfacet
facet normal 0.997977031953696 0.06357487073183618 -0.0002819651080654544
outer loop
vertex -190.63453497314453 189.44275677490236 -30.32664028930664
vertex -190.68659796142578 190.25840008544924 -30.692814987182615
vertex -190.63746466064453 189.4896165161133 -30.130370777130125
endloop
endfacet
facet normal 0.9981996770182723 0.05909122271321359 -0.010277752617871005
outer loop
vertex -190.63453497314453 189.40760052490236 -30.528768699645994
vertex -190.66918768310546 189.96443951416018 -30.692814987182615
vertex -190.63453497314453 189.44275677490236 -30.32664028930664
endloop
endfacet
facet normal 0.004109815826834185 -0.8559660993140359 0.5170156150823528
outer loop
vertex -201.03097357177734 189.75034344482424 -29.44196144866943
vertex -201.02511419677734 189.65659344482424 -29.59721962738037
vertex -190.65797247314453 189.80014813232424 -29.44196144866943
endloop
endfacet
facet normal 0.8190481575621451 -0.3099217560356917 0.48281323586849695
outer loop
vertex -199.13484014892578 197.8305131225586 -33.03061692047119
vertex -202.48103155517578 189.0970841674805 -32.96017090606689
vertex -200.5002728881836 194.15833294677736 -33.07148854064941
endloop
endfacet
facet normal 0.003840963746252758 -0.7999713111278665 0.6000259564134393
outer loop
vertex -190.65797247314453 189.80014813232424 -29.44196144866943
vertex -190.66383184814453 189.9055863647461 -29.301350753784178
vertex -201.03097357177734 189.75034344482424 -29.44196144866943
endloop
endfacet
facet normal 0.8387819294111123 -0.3178179202323072 0.4420821693673953
outer loop
vertex -202.37557806396484 189.0472794799805 -33.18280569839477
vertex -202.38435186767578 189.09120953369143 -33.134576957702635
vertex -202.42536749267578 189.0707169799805 -33.07148854064941
endloop
endfacet
facet normal 0.9981984011936257 0.05911987416360897 -0.010236812656714849
outer loop
vertex -190.68659796142578 190.25840008544924 -30.692814987182615
vertex -190.63453497314453 189.44275677490236 -30.32664028930664
vertex -190.66918768310546 189.96443951416018 -30.692814987182615
endloop
endfacet
facet normal 0.9978971211190756 0.0643616006431189 0.007675938047999767
outer loop
vertex -190.63453497314453 189.40760052490236 -30.528768699645994
vertex -190.6322308959961 189.39144146728518 -30.692814987182615
vertex -190.66918768310546 189.96443951416018 -30.692814987182615
endloop
endfacet
facet normal -0.6034555556331882 0.7973569429265918 0.00795600038963985
outer loop
vertex -197.32624639892578 202.96123516845705 -35.128555458068845
vertex -197.32560552978515 202.96082318115236 -35.038656394958494
vertex -196.17695440673828 203.8290482788086 -34.92872778701782
endloop
endfacet
facet normal -0.6021994829799395 0.7982509032015651 0.012299521802857339
outer loop
vertex -197.32862677001953 202.96022808837893 -34.92872778701782
vertex -197.3257428588867 202.96086895751955 -34.82912103462219
vertex -196.17695440673828 203.8290482788086 -34.92872778701782
endloop
endfacet
facet normal 0.4278534381666498 0.9038463670700948 -0.0017833068070450743
outer loop
vertex -197.32783331298828 202.9605180053711 -36.28588370609283
vertex -198.48238958740234 203.50972760009768 -34.92872778701782
vertex -197.3279096069336 202.96057904052736 -36.27325336265564
endloop
endfacet
facet normal 0.42057899104836877 0.9072079272314681 -0.009332151794704304
outer loop
vertex -197.32783331298828 202.9605180053711 -36.28588370609283
vertex -197.32792486572265 202.95906842041018 -36.43092850971222
vertex -198.48238958740234 203.50972760009768 -34.92872778701782
endloop
endfacet
facet normal 0.41560923274470235 0.9094360088154758 -0.013968232785061315
outer loop
vertex -197.32797064208984 202.95903790283205 -36.43427745628357
vertex -198.48238958740234 203.50972760009768 -34.92872778701782
vertex -197.32792486572265 202.95906842041018 -36.43092850971222
endloop
endfacet
facet normal -0.2829091959084234 0.7805280519366977 0.5574390971311154
outer loop
vertex -193.8908063354492 203.38100445556643 -36.050688069343565
vertex -193.88233770751953 203.373573425293 -36.03598515319824
vertex -177.47538580322265 210.62175762939455 -37.858127754211424
endloop
endfacet
facet normal -0.9373033042178379 0.34851472838651093 0.0
outer loop
vertex -197.2344800415039 202.94142926025393 -36.93600330877304
vertex -197.2344800415039 202.94142926025393 -37.858127754211424
vertex -200.5002728881836 194.15833294677736 -36.7859673910141
endloop
endfacet
facet normal -0.9373036270042241 0.348513860182331 -8.09550017105794e-06
outer loop
vertex -202.38435186767578 189.09120953369143 -37.858127754211424
vertex -200.5002728881836 194.15833294677736 -36.7859673910141
vertex -197.2344800415039 202.94142926025393 -37.858127754211424
endloop
endfacet
facet normal -0.9372050482313309 0.3486153927883181 0.01067733490884763
outer loop
vertex -197.24496282958984 202.9132005004883 -36.89728454875946
vertex -197.2448102416992 202.91362774658205 -36.89784071969986
vertex -200.5002728881836 194.15833294677736 -36.7859673910141
endloop
endfacet
facet normal -0.9373022964276954 0.3485173933223112 0.00017794153586422987
outer loop
vertex -197.2448102416992 202.91362774658205 -36.89784071969986
vertex -197.2344800415039 202.94142926025393 -36.93600330877304
vertex -200.5002728881836 194.15833294677736 -36.7859673910141
endloop
endfacet
facet normal 0.8319406613365024 0.5005216742034707 0.23948442468673764
outer loop
vertex -194.79134954833984 204.8777543334961 -33.806767623901365
vertex -193.10856451416015 202.11435711669924 -33.87707320976257
vertex -193.11292852783203 202.13957989501955 -33.91462866592407
endloop
endfacet
facet normal 0.9980286472511738 0.06275960998154367 -0.00022499101446408272
outer loop
vertex -190.65211309814453 189.7064133911133 -29.59721962738037
vertex -190.70927252197265 190.61145794677736 -30.692814987182615
vertex -190.65797247314453 189.80014813232424 -29.44196144866943
endloop
endfacet
facet normal 0.9982486066126847 0.05909605585629775 -0.002715801550748736
outer loop
vertex -190.65797247314453 189.80014813232424 -29.44196144866943
vertex -190.7116071166992 190.64865887451174 -30.692814987182615
vertex -190.66383184814453 189.9055863647461 -29.301350753784178
endloop
endfacet
facet normal 0.9979778321982037 0.06356222817934142 -0.00029931563832628026
outer loop
vertex -190.69613470458984 190.40813458251955 -30.692814987182615
vertex -190.63746466064453 189.4896165161133 -30.130370777130125
vertex -190.68659796142578 190.25840008544924 -30.692814987182615
endloop
endfacet
facet normal 0.9975815855741931 0.0689747003887107 0.008571512676667578
outer loop
vertex -190.70252813720703 190.5006028442383 -30.692814987182615
vertex -190.64332403564453 189.5511399536133 -29.942889373779295
vertex -190.69613470458984 190.40813458251955 -30.692814987182615
endloop
endfacet
facet normal 0.004669990704690636 -0.9726357325374443 0.23228844779318464
outer loop
vertex -190.63453497314453 189.44275677490236 -30.32664028930664
vertex -190.63746466064453 189.4896165161133 -30.130370777130125
vertex -201.00753607177734 189.39295208740236 -30.32664028930664
endloop
endfacet
facet normal -0.6055174357842997 0.7958004285292177 0.007093159657014012
outer loop
vertex -197.32679571533203 202.9601975708008 -35.60786024856567
vertex -197.32604803466796 202.9601975708008 -35.54403344917297
vertex -196.17695440673828 203.8290482788086 -34.92872778701782
endloop
endfacet
facet normal -0.6056269549437223 0.7957141077636526 0.007419578929351337
outer loop
vertex -196.17695440673828 203.8290482788086 -34.92872778701782
vertex -197.32604803466796 202.9601975708008 -35.54403344917297
vertex -197.32621588134765 202.95957196044924 -35.490640323638914
endloop
endfacet
facet normal 0.42756192967351203 0.9039810794426543 -0.003000717173702256
outer loop
vertex -197.32691778564453 202.95961773681643 -36.01285354423523
vertex -198.48238958740234 203.50972760009768 -34.92872778701782
vertex -197.3269635620117 202.9597092895508 -35.99179534244537
endloop
endfacet
facet normal 0.4271350563975211 0.904180581475715 -0.003622109678658879
outer loop
vertex -197.32716192626953 202.9601517944336 -35.888814490318296
vertex -198.48238958740234 203.50972760009768 -34.92872778701782
vertex -197.32719244384765 202.96028912353518 -35.85813204574585
endloop
endfacet
facet normal -0.5967280872016909 0.8024086288605607 -0.007482130360125806
outer loop
vertex -197.3279096069336 202.96057904052736 -36.27325336265564
vertex -196.17695440673828 203.8290482788086 -34.92872778701782
vertex -197.32783331298828 202.9605180053711 -36.28588370609283
endloop
endfacet
facet normal -0.7591586032114613 -0.45652948654482994 -0.46396017402912626
outer loop
vertex -197.29012884521484 202.98830426025393 -36.89728454875946
vertex -197.25106634521484 202.92334759521486 -36.89728454875946
vertex -197.32752813720703 202.960243347168 -36.80847815799713
endloop
endfacet
facet normal 0.803499921682653 -0.3042709337964617 -0.5116708655987748
outer loop
vertex -197.24751104736328 202.91744244384768 -36.89728454875946
vertex -202.48103155517578 189.0970841674805 -36.89728454875946
vertex -197.24757208251953 202.9181596069336 -36.897806864261625
endloop
endfacet
facet normal 0.7863052594283201 -0.29769677897012115 -0.5413877231579759
outer loop
vertex -202.53669561767578 189.12343609619143 -36.99981353807449
vertex -197.36044134521484 202.97658551025393 -37.09941313791275
vertex -197.30184759521484 202.95021832275393 -36.99981353807449
endloop
endfacet
facet normal -0.9373036270251373 0.34851386019010705 -4.5730630772647004e-06
outer loop
vertex -202.38435186767578 189.09120953369143 -30.692814987182615
vertex -197.2344800415039 202.94142926025393 -30.692814987182615
vertex -199.13484014892578 197.8305131225586 -33.03061692047119
endloop
endfacet
facet normal -0.9373019566615796 0.3485183522096543 1.4541040589940043e-05
outer loop
vertex -199.13484014892578 197.8305131225586 -33.03061692047119
vertex -200.5002728881836 194.15833294677736 -33.07148854064941
vertex -202.38435186767578 189.09120953369143 -30.692814987182615
endloop
endfacet
facet normal -0.9373005945495199 0.34852164264913665 0.0005099630026515808
outer loop
vertex -197.24671759033203 202.90847027587893 -36.88974015045166
vertex -197.24496282958984 202.9132005004883 -36.89728454875946
vertex -200.5002728881836 194.15833294677736 -36.7859673910141
endloop
endfacet
facet normal -0.9373035806056637 0.34851398503960584 3.9516814583922864e-06
outer loop
vertex -200.5002728881836 194.15833294677736 -33.07148854064941
vertex -201.2524243774414 192.13547528076174 -33.09620920944214
vertex -202.38435186767578 189.09120953369143 -30.692814987182615
endloop
endfacet
facet normal -0.28311055578961286 0.7808449666109927 0.5568927646493301
outer loop
vertex -193.4592114868164 202.9269486694336 -35.19466511535644
vertex -193.41078009033203 202.857216003418 -35.07226840782165
vertex -177.47538580322265 210.62175762939455 -37.858127754211424
endloop
endfacet
facet normal -0.9373043103416299 0.34851202248272806 0.0
outer loop
vertex -197.2344800415039 202.94142926025393 -30.692814987182615
vertex -197.2344800415039 202.94142926025393 -32.92144123840332
vertex -199.13484014892578 197.8305131225586 -33.03061692047119
endloop
endfacet
facet normal -0.9373010828599039 0.3485203313462022 -0.0005086334488998007
outer loop
vertex -197.24671759033203 202.90847027587893 -32.96772114562988
vertex -199.13484014892578 197.8305131225586 -33.03061692047119
vertex -197.24496282958984 202.9132005004883 -32.96017090606689
endloop
endfacet
facet normal -0.937301972269486 0.34851815633740074 -0.0003278458644424455
outer loop
vertex -197.24496282958984 202.9132005004883 -32.96017090606689
vertex -199.13484014892578 197.8305131225586 -33.03061692047119
vertex -197.2344800415039 202.94142926025393 -32.92144123840332
endloop
endfacet
facet normal 0.4317464262393314 0.9019853242189505 0.004183099711914344
outer loop
vertex -197.32697882080078 202.96004498291018 -35.65517846870422
vertex -197.32662786865234 202.96022808837893 -35.73088328170776
vertex -198.48238958740234 203.50972760009768 -34.92872778701782
endloop
endfacet
facet normal 0.4276685972013293 0.9039334378875873 -0.0019775835190485947
outer loop
vertex -197.32600225830078 202.9599534301758 -36.146733801841734
vertex -197.3279096069336 202.96057904052736 -36.27325336265564
vertex -198.48238958740234 203.50972760009768 -34.92872778701782
endloop
endfacet
facet normal 0.42725835928550404 0.9041180342442912 -0.0045688701993158234
outer loop
vertex -197.32697882080078 202.96004498291018 -35.65517846870422
vertex -198.48238958740234 203.50972760009768 -34.92872778701782
vertex -197.32679571533203 202.9601975708008 -35.60786024856567
endloop
endfacet
facet normal 0.41982696011820286 0.9075704705616575 -0.007820775051131308
outer loop
vertex -197.32804693603515 202.9599076538086 -36.76693193244934
vertex -198.48238958740234 203.50972760009768 -34.92872778701782
vertex -197.32699407958984 202.96091473388674 -36.59354583549499
endloop
endfacet
facet normal 0.4192324497124022 0.907857121753763 -0.006292820441669356
outer loop
vertex -197.30184759521484 202.95021832275393 -36.99981353807449
vertex -197.36044134521484 202.97658551025393 -37.09941313791275
vertex -198.48238958740234 203.50972760009768 -34.92872778701782
endloop
endfacet
facet normal -0.6576356492531279 -0.39505450872400133 -0.6414415701903446
outer loop
vertex -197.24751104736328 202.91744244384768 -36.89728454875946
vertex -197.24496282958984 202.9132005004883 -36.89728454875946
vertex -197.24751104736328 202.9173966674805 -36.89725635576248
endloop
endfacet
facet normal -0.7587847465290799 -0.45767552909985315 -0.4634423572548901
outer loop
vertex -197.24751104736328 202.9173966674805 -36.89725635576248
vertex -197.24496282958984 202.9132005004883 -36.89728454875946
vertex -197.24671759033203 202.90847027587893 -36.88974015045166
endloop
endfacet
facet normal 0.4465305120115437 0.8946767771547427 0.012804931187300386
outer loop
vertex -197.32752813720703 202.960243347168 -36.80847815799713
vertex -198.48238958740234 203.50972760009768 -34.92872778701782
vertex -197.32804693603515 202.9599076538086 -36.76693193244934
endloop
endfacet
facet normal 0.43588627792178775 0.8999828959872073 0.0058257746239938225
outer loop
vertex -197.32699407958984 202.96091473388674 -36.59354583549499
vertex -198.48238958740234 203.50972760009768 -34.92872778701782
vertex -197.3270093383789 202.96091473388674 -36.592404168128965
endloop
endfacet
facet normal 0.4446233968584137 0.8956183671039628 0.013333246870776673
outer loop
vertex -197.3270093383789 202.96091473388674 -36.592404168128965
vertex -198.48238958740234 203.50972760009768 -34.92872778701782
vertex -197.32797064208984 202.95903790283205 -36.43427745628357
endloop
endfacet
facet normal -0.6015754149266606 0.7988154019351295 -0.000986806482449739
outer loop
vertex -196.17695440673828 203.8290482788086 -34.92872778701782
vertex -197.32804693603515 202.9599076538086 -36.76693193244934
vertex -197.32699407958984 202.96091473388674 -36.59354583549499
endloop
endfacet
facet normal -0.601608593911764 0.7987904511074073 -0.0009565307809996973
outer loop
vertex -197.29012884521484 202.98830426025393 -36.89728454875946
vertex -197.32752813720703 202.960243347168 -36.80847815799713
vertex -196.17695440673828 203.8290482788086 -34.92872778701782
endloop
endfacet
facet normal -0.6015046291711926 0.798868615812199 -0.0010562934852900963
outer loop
vertex -197.32804693603515 202.9599076538086 -36.76693193244934
vertex -196.17695440673828 203.8290482788086 -34.92872778701782
vertex -197.32752813720703 202.960243347168 -36.80847815799713
endloop
endfacet
facet normal 0.44694639640941874 0.8944644872142945 0.013122494012338849
outer loop
vertex -197.30184759521484 202.95021832275393 -36.99981353807449
vertex -198.48238958740234 203.50972760009768 -34.92872778701782
vertex -197.32752813720703 202.960243347168 -36.80847815799713
endloop
endfacet
facet normal 0.4468594220964815 0.8945081459914815 0.013108533040762472
outer loop
vertex -197.32752813720703 202.960243347168 -36.80847815799713
vertex -197.25106634521484 202.92334759521486 -36.89728454875946
vertex -197.30184759521484 202.95021832275393 -36.99981353807449
endloop
endfacet
facet normal -0.6077389528571111 0.7941161895822657 0.005730848408846268
outer loop
vertex -197.3270093383789 202.96091473388674 -36.592404168128965
vertex -197.32797064208984 202.95903790283205 -36.43427745628357
vertex -196.17695440673828 203.8290482788086 -34.92872778701782
endloop
endfacet
facet normal -0.6038122374671864 0.7971259641109874 0.0009895579815251767
outer loop
vertex -197.32797064208984 202.95903790283205 -36.43427745628357
vertex -197.32792486572265 202.95906842041018 -36.43092850971222
vertex -196.17695440673828 203.8290482788086 -34.92872778701782
endloop
endfacet
facet normal -0.5951069875845947 0.8036071242475316 -0.007953815851605735
outer loop
vertex -197.3270093383789 202.96091473388674 -36.592404168128965
vertex -196.17695440673828 203.8290482788086 -34.92872778701782
vertex -197.32699407958984 202.96091473388674 -36.59354583549499
endloop
endfacet
facet normal 1.0 0.0 0.0
outer loop
vertex -188.60445989990234 187.09043133544924 -37.635493364214895
vertex -188.60445989990234 187.18123638916018 -37.6882225536108
vertex -188.60445989990234 188.35886395263674 -37.770245756983755
endloop
endfacet
facet normal 1.0 0.0 -0.0
outer loop
vertex -188.60445989990234 188.35886395263674 -37.770245756983755
vertex -188.60445989990234 188.45554364013674 -37.73216354477405
vertex -188.60445989990234 187.09043133544924 -37.635493364214895
endloop
endfacet
facet normal 0.0 0.0 0.9999999999999999
outer loop
vertex -201.0877973022461 201.4711838989258 -33.87707320976257
vertex -216.83617987060546 204.0871049194336 -33.87707320976257
vertex -204.21845831298828 193.2039262084961 -33.87707320976257
endloop
endfacet
facet normal -0.8704217816121018 0.32942787720825895 0.36584586346339193
outer loop
vertex -199.86800970458984 204.16884625244143 -33.29998127746582
vertex -205.1438580932617 190.365516784668 -33.42301623153686
vertex -205.0999127807617 190.34499371337893 -33.29998127746582
endloop
endfacet
facet normal 1.0 0.0 -0.0
outer loop
vertex -188.60445989990234 188.45554364013674 -37.73216354477405
vertex -188.60445989990234 188.54927838134768 -37.6882225536108
vertex -188.60445989990234 187.09043133544924 -37.635493364214895
endloop
endfacet
facet normal 1.0 0.0 -0.0
outer loop
vertex -188.60445989990234 188.54927838134768 -37.6882225536108
vertex -188.60445989990234 188.6430131225586 -37.635493364214895
vertex -188.60445989990234 187.09043133544924 -37.635493364214895
endloop
endfacet
facet normal 1.0 -0.0 0.0
outer loop
vertex -188.60445989990234 186.9996262817383 -37.576905351161955
vertex -188.60445989990234 187.09043133544924 -37.635493364214895
vertex -188.60445989990234 188.6430131225586 -37.635493364214895
endloop
endfacet
facet normal 1.0 0.0 -0.0
outer loop
vertex -188.60445989990234 188.6430131225586 -37.635493364214895
vertex -188.60445989990234 188.73384869384768 -37.576905351161955
vertex -188.60445989990234 186.9996262817383 -37.576905351161955
endloop
endfacet
facet normal 1.0 -0.0 0.0
outer loop
vertex -188.60445989990234 186.90882122802736 -37.5124585442543
vertex -188.60445989990234 186.9996262817383 -37.576905351161955
vertex -188.60445989990234 188.73384869384768 -37.576905351161955
endloop
endfacet
facet normal 1.0 0.0 0.0
outer loop
vertex -188.60445989990234 186.82387554931643 -37.442152958393095
vertex -188.60445989990234 186.90882122802736 -37.5124585442543
vertex -188.60445989990234 188.73384869384768 -37.576905351161955
endloop
endfacet
facet normal 1.0 -0.0 0.0
outer loop
vertex -188.60445989990234 187.37166607666018 -37.770245756983755
vertex -188.60445989990234 187.47127545166018 -37.80246915671229
vertex -188.60445989990234 188.35886395263674 -37.770245756983755
endloop
endfacet
facet normal 1.0 0.0 -0.0
outer loop
vertex -188.60445989990234 187.667518737793 -37.84348075467348
vertex -188.60445989990234 188.35886395263674 -37.770245756983755
vertex -188.60445989990234 187.5679398803711 -37.82590435448289
endloop
endfacet
facet normal 1.0 0.0 -0.0
outer loop
vertex -188.60445989990234 187.5679398803711 -37.82590435448289
vertex -188.60445989990234 188.35886395263674 -37.770245756983755
vertex -188.60445989990234 187.47127545166018 -37.80246915671229
endloop
endfacet
facet normal 1.0 -0.0 0.0
outer loop
vertex -188.60445989990234 186.6568986206055 -37.28103594112396
vertex -188.60445989990234 186.7389298706055 -37.36305917429924
vertex -188.60445989990234 188.9945451049805 -37.36305917429924
endloop
endfacet
facet normal 1.0 0.0 -0.0
outer loop
vertex -188.60445989990234 188.73384869384768 -37.576905351161955
vertex -188.60445989990234 188.8246537475586 -37.5124585442543
vertex -188.60445989990234 186.82387554931643 -37.442152958393095
endloop
endfacet
facet normal 1.0 -0.0 0.0
outer loop
vertex -188.60445989990234 186.7389298706055 -37.36305917429924
vertex -188.60445989990234 186.82387554931643 -37.442152958393095
vertex -188.60445989990234 188.90959942626955 -37.442152958393095
endloop
endfacet
facet normal 1.0 0.0 -0.0
outer loop
vertex -188.60445989990234 188.2621995239258 -37.80246915671229
vertex -188.60445989990234 188.35886395263674 -37.770245756983755
vertex -188.60445989990234 188.16553509521486 -37.82590435448289
endloop
endfacet
facet normal 1.0 0.0 0.0
outer loop
vertex -188.60445989990234 187.86672222900393 -37.858127754211424
vertex -188.60445989990234 187.96633160400393 -37.85519835402444
vertex -188.60445989990234 188.35886395263674 -37.770245756983755
endloop
endfacet
facet normal 1.0 -0.0 0.0
outer loop
vertex -188.60445989990234 187.667518737793 -37.84348075467348
vertex -188.60445989990234 187.76714337158205 -37.85519835402444
vertex -188.60445989990234 188.35886395263674 -37.770245756983755
endloop
endfacet
facet normal 1.0 0.0 -0.0
outer loop
vertex -188.60445989990234 187.86672222900393 -37.858127754211424
vertex -188.60445989990234 188.35886395263674 -37.770245756983755
vertex -188.60445989990234 187.76714337158205 -37.85519835402444
endloop
endfacet
facet normal 1.0 -0.0 0.0
outer loop
vertex -188.60445989990234 185.87473309326174 -35.49996082115173
vertex -188.60445989990234 185.8981858520508 -35.64057199287414
vertex -188.60445989990234 189.47164166259768 -35.286798160552976
endloop
endfacet
facet normal 1.0 0.0 0.0
outer loop
vertex -188.60445989990234 189.47234356689455 -35.36127654838562
vertex -188.60445989990234 189.47164166259768 -35.286798160552976
vertex -188.60445989990234 185.8981858520508 -35.64057199287414
endloop
endfacet
facet normal 1.0 0.0 0.0
outer loop
vertex -188.60445989990234 189.47164166259768 -35.286798160552976
vertex -188.60445989990234 189.47097027587893 -35.212640684127805
vertex -188.60445989990234 185.87473309326174 -35.49996082115173
endloop
endfacet
facet normal 1.0 0.0 -0.0
outer loop
vertex -188.60445989990234 185.9245530395508 -35.778253953933714
vertex -188.60445989990234 189.47226727294924 -35.439705055236814
vertex -188.60445989990234 185.8981858520508 -35.64057199287414
endloop
endfacet
facet normal 1.0 -0.0 0.0
outer loop
vertex -188.60445989990234 185.8571702270508 -35.35934964942932
vertex -188.60445989990234 185.87473309326174 -35.49996082115173
vertex -188.60445989990234 189.47097027587893 -35.212640684127805
endloop
endfacet
facet normal 1.0 0.0 -0.0
outer loop
vertex -188.60445989990234 185.95383465576174 -35.915935557365415
vertex -188.60445989990234 189.47258770751955 -35.52047888565063
vertex -188.60445989990234 185.9245530395508 -35.778253953933714
endloop
endfacet
facet normal 0.9999999999999999 0.0 -0.0
outer loop
vertex -188.60445989990234 189.0765763549805 -37.28103594112396
vertex -188.60445989990234 189.1527482299805 -37.19315395879745
vertex -188.60445989990234 186.6568986206055 -37.28103594112396
endloop
endfacet
facet normal 1.0 0.0 -0.0
outer loop
vertex -188.60445989990234 189.47042095947268 -35.88456491756439
vertex -188.60445989990234 189.47144329833986 -35.784245889663694
vertex -188.60445989990234 186.17940533447268 -36.55747417736053
endloop
endfacet

endsolid
